date,aqi,pm25,pm10,fire_count,frp_sum,tmax,tmin,precip,wind_speed,wind_dir
2015-01-01,472.0,313.22,607.98,31.0,132.12,21.3,12.0,0.0,8.9,66
2015-01-02,454.0,186.18,269.55,19.0,97.53,17.2,14.2,4.2,11.2,73
2015-01-03,143.0,87.18,131.9,7.0,51.15,17.9,14.0,0.1,9.0,312
2015-01-04,319.0,151.84,241.84,16.0,82.58,19.1,10.9,0.0,13.5,317
2015-01-05,325.0,146.6,219.13,23.0,72.04,20.7,9.6,0.0,27.0,302
2015-01-06,318.0,149.58,252.1,16.0,47.45,20.6,10.5,0.0,21.7,303
2015-01-07,353.0,217.87,376.51,5.0,14.42,18.1,10.0,0.0,11.3,342
2015-01-08,383.0,229.9,360.95,9.0,60.05,19.6,6.9,0.0,9.4,322
2015-01-09,375.0,201.66,397.43,16.0,102.12,18.7,6.3,0.0,9.4,335
2015-01-10,376.0,221.02,361.74,67.0,223.4,18.1,7.4,0.0,13.8,302
2015-01-11,379.0,205.41,393.2,28.0,64.27,18.1,6.9,0.0,11.8,331
2015-01-12,375.0,212.41,345.63,21.0,67.51,17.7,6.0,0.0,9.7,84
2015-01-13,366.0,197.61,301.04,9.0,33.1,17.6,6.6,0.0,12.2,130
2015-01-14,353.0,164.39,227.38,3.0,3.19,16.8,10.1,4.1,19.7,120
2015-01-15,340.0,166.19,283.93,24.0,55.1,18.3,7.7,0.0,8.3,329
2015-01-16,356.0,174.98,309.99,47.0,145.58,19.5,7.7,0.0,9.3,314
2015-01-17,360.0,196.46,356.2,33.0,120.45,20.3,8.1,0.0,9.9,310
2015-01-18,370.0,201.51,359.75,34.0,105.21,20.4,7.7,0.0,8.7,317
2015-01-19,362.0,183.35,305.13,45.0,132.63,19.7,6.2,0.0,8.3,339
2015-01-20,340.0,165.63,257.04,18.0,74.06,19.2,6.3,0.0,12.4,120
2015-01-21,338.0,159.54,235.27,8.0,18.74,16.3,9.9,3.8,17.0,104
2015-01-22,332.0,143.68,183.89,0.0,0.0,15.6,11.2,17.0,14.1,101
2015-01-23,254.0,128.73,136.07,7.0,4.31,17.9,11.1,0.0,9.6,353
2015-01-24,324.0,164.98,200.02,0.0,0.0,17.4,10.9,0.0,11.8,297
2015-01-25,333.0,148.59,203.81,9.0,28.53,17.5,9.2,0.0,9.2,308
2015-01-26,292.0,129.34,137.86,18.0,51.43,18.1,8.1,0.0,9.0,348
2015-01-27,318.0,154.2,217.2,32.0,85.11,17.7,8.9,0.0,15.1,319
2015-01-28,295.0,134.6,156.9,21.0,88.07,17.2,6.9,0.0,15.1,305
2015-01-29,327.0,173.13,277.0,37.0,123.74,17.8,4.8,0.0,16.8,305
2015-01-30,345.0,178.04,272.61,40.0,147.03,18.7,5.4,0.0,18.7,302
2015-01-31,334.0,158.59,207.06,59.0,206.2,19.9,7.7,0.0,16.0,298
2015-02-01,358.0,211.59,371.05,72.0,268.78,20.7,7.0,0.0,9.9,106
2015-02-02,349.0,163.64,219.84,12.0,69.83,21.7,11.0,1.2,21.0,111
2015-02-03,334.0,157.71,194.09,9.0,21.95,21.9,13.3,13.2,19.5,97
2015-02-04,313.0,137.26,147.08,8.0,7.7,19.9,10.0,0.0,14.6,304
2015-02-05,262.0,131.76,127.42,34.0,93.95,20.5,9.2,0.0,13.5,302
2015-02-06,303.0,151.6,330.99,59.0,189.62,20.7,7.1,0.0,9.2,349
2015-02-07,329.0,160.75,210.52,52.0,191.87,22.1,7.8,0.0,8.7,41
2015-02-08,323.0,145.34,215.69,34.0,151.2,22.3,9.8,2.1,9.0,344
2015-02-09,266.0,134.67,109.86,46.0,173.98,23.1,10.0,0.0,14.1,324
2015-02-10,319.0,153.07,218.23,38.0,210.8,22.1,9.5,0.0,14.5,314
2015-02-11,334.0,116.91,316.14,61.0,260.6,22.0,7.9,0.0,9.4,311
2015-02-12,342.0,177.98,394.97,95.0,349.87,22.1,8.6,0.0,13.3,317
2015-02-13,341.0,167.01,328.43,50.0,252.11,24.3,9.7,0.0,16.6,296
2015-02-14,377.0,193.96,412.46,79.0,310.97,26.5,11.4,0.0,9.4,9
2015-02-15,391.0,184.06,497.37,43.0,195.64,25.4,11.2,0.0,7.9,23
2015-02-16,358.0,152.62,310.74,9.0,29.33,26.2,13.9,0.0,21.9,121
2015-02-17,327.0,161.27,195.78,67.0,240.57,26.5,15.8,1.6,15.7,101
2015-02-18,365.0,188.2,253.53,29.0,95.67,26.1,15.6,12.0,21.3,91
2015-02-19,352.0,159.97,193.78,14.0,66.77,26.7,14.4,1.6,25.1,104
2015-02-20,317.0,144.12,162.2,12.0,38.69,27.0,17.0,0.0,18.7,100
2015-02-21,320.0,155.38,191.03,29.0,86.14,26.5,15.0,0.0,17.8,319
2015-02-22,279.0,124.1,107.61,28.0,126.71,27.1,15.4,0.0,21.5,303
2015-02-23,281.0,141.39,157.01,24.0,122.98,26.4,13.5,0.0,9.5,341
2015-02-24,354.0,170.16,238.33,2.0,5.8,27.2,14.3,0.1,12.2,116
2015-02-25,340.0,148.19,169.57,7.0,16.87,27.2,16.8,5.2,14.3,102
2015-02-26,323.0,140.78,171.64,20.0,45.74,24.5,13.7,0.0,11.3,328
2015-02-27,315.0,130.42,163.67,63.0,204.35,23.6,12.1,0.0,12.6,356
2015-02-28,310.0,105.86,169.28,5.0,18.39,25.4,11.4,0.2,13.5,25
2015-03-01,324.0,71.83,98.89,0.0,0.0,19.3,16.1,22.9,30.8,119
2015-03-02,226.0,53.71,60.15,2.0,1.39,19.5,14.4,22.8,28.8,133
2015-03-03,266.0,83.49,112.1,7.0,8.84,19.6,12.6,1.0,9.4,326
2015-03-04,200.0,91.07,139.15,17.0,40.61,21.6,9.7,0.0,15.9,311
2015-03-05,275.0,106.57,196.19,14.0,31.04,23.7,9.0,0.0,9.4,7
2015-03-06,322.0,101.75,163.14,15.0,58.99,24.9,12.6,0.0,10.8,346
2015-03-07,216.0,77.57,90.54,6.0,26.96,25.5,11.7,10.5,11.3,48
2015-03-08,108.0,63.24,80.2,3.0,6.23,24.0,14.2,0.9,18.8,112
2015-03-09,197.0,76.62,117.38,20.0,38.54,22.4,11.8,3.9,16.1,338
2015-03-10,238.0,86.7,150.92,43.0,121.65,23.1,9.6,0.0,13.8,313
2015-03-11,274.0,104.29,176.2,40.0,197.94,24.7,10.6,0.0,11.5,312
2015-03-12,315.0,115.93,203.75,21.0,88.84,26.5,10.1,0.0,10.0,330
2015-03-13,307.0,108.66,173.89,33.0,147.0,25.9,13.9,2.9,10.2,22
2015-03-14,208.0,67.94,105.29,2.0,12.25,26.1,14.3,4.1,13.0,168
2015-03-15,165.0,38.89,46.68,11.0,55.5,22.5,16.0,20.6,19.0,131
2015-03-16,188.0,45.39,74.14,19.0,41.99,22.7,15.2,6.7,19.6,121
2015-03-17,217.0,55.55,104.33,14.0,55.22,25.1,14.2,0.0,17.7,315
2015-03-18,191.0,50.59,95.56,33.0,227.75,24.7,13.6,0.0,18.6,298
2015-03-19,240.0,69.51,136.67,17.0,94.29,26.3,12.2,0.0,11.2,311
2015-03-20,229.0,96.62,168.0,38.0,129.21,27.8,12.4,0.0,11.0,322
2015-03-21,248.0,96.28,172.91,59.0,206.04,29.2,14.8,0.0,10.3,331
2015-03-22,204.0,72.2,122.12,46.0,194.1,30.2,16.8,0.0,18.3,306
2015-03-23,271.0,78.47,131.42,29.0,191.03,31.1,17.6,0.0,14.9,314
2015-03-24,290.0,91.87,179.36,24.0,79.01,32.2,15.6,0.0,10.9,341
2015-03-25,340.0,107.26,201.08,17.0,86.4,32.5,17.2,0.0,10.0,66
2015-03-26,358.0,109.78,217.9,15.0,54.37,33.6,20.2,0.0,8.9,351
2015-03-27,287.0,62.27,117.81,22.0,97.93,33.8,21.8,0.0,11.6,338
2015-03-28,323.0,102.22,212.96,7.0,46.96,34.1,16.4,0.0,8.9,3
2015-03-29,360.0,104.36,202.01,4.0,22.87,32.2,20.7,0.4,20.1,119
2015-03-30,268.0,44.19,57.0,8.0,10.74,27.1,19.5,5.1,24.5,110
2015-03-31,283.0,55.66,78.64,14.0,38.73,28.0,17.4,0.1,14.2,99
2015-04-01,309.0,112.86,167.6,3.0,3.68,30.8,17.9,0.6,15.4,80
2015-04-02,249.0,78.51,112.78,16.0,79.89,33.3,19.2,0.0,14.9,124
2015-04-03,245.0,66.52,76.05,2.0,8.98,30.1,19.1,10.8,15.2,150
2015-04-04,229.0,62.56,86.11,10.0,24.58,25.1,18.6,17.8,13.0,120
2015-04-05,234.0,78.61,145.1,19.0,46.44,28.5,15.5,0.0,8.9,30
2015-04-06,343.0,119.7,195.47,8.0,13.72,30.0,16.2,0.0,9.9,337
2015-04-07,262.0,66.09,95.81,5.0,10.22,27.7,16.9,5.5,10.9,36
2015-04-08,308.0,95.34,120.2,14.0,29.9,30.0,16.6,0.3,9.7,345
2015-04-09,293.0,63.57,148.17,21.0,59.58,31.0,17.0,0.0,14.9,311
2015-04-10,290.0,96.56,203.67,10.0,27.56,33.0,17.7,0.0,14.1,313
2015-04-11,375.0,131.39,234.65,13.0,44.26,34.1,18.2,0.1,9.4,333
2015-04-12,293.0,75.35,91.73,6.0,23.0,29.2,20.2,0.0,15.8,136
2015-04-13,247.0,86.49,116.62,10.0,25.27,29.2,18.9,7.1,17.1,95
2015-04-14,232.0,77.07,132.68,20.0,102.86,29.7,19.1,0.6,13.7,98
2015-04-15,316.0,98.79,161.43,11.0,61.11,31.6,19.3,0.0,16.5,107
2015-04-16,295.0,81.81,164.56,12.0,15.19,31.4,20.5,0.0,11.9,57
2015-04-17,246.0,65.78,180.67,6.0,10.63,34.9,19.7,0.0,18.5,310
2015-04-18,378.0,119.82,268.65,15.0,51.29,37.1,21.0,0.0,12.4,311
2015-04-19,406.0,125.53,308.82,9.0,47.57,39.4,21.2,0.0,12.1,184
2015-04-20,392.0,121.51,336.63,30.0,822.57,38.7,24.6,0.1,16.1,116
2015-04-21,391.0,114.5,327.81,23.0,112.76,38.6,22.4,0.0,19.3,317
2015-04-22,368.0,101.83,279.41,18.0,84.4,38.2,22.1,0.0,18.1,304
2015-04-23,365.0,118.57,273.68,24.0,145.9,38.7,21.6,0.0,10.7,344
2015-04-24,383.0,143.22,313.53,71.0,494.55,39.3,22.4,0.0,10.2,57
2015-04-25,367.0,106.76,318.88,51.0,221.38,37.0,23.5,0.3,25.6,112
2015-04-26,334.0,65.36,160.3,32.0,109.06,34.4,23.2,0.0,24.4,108
2015-04-27,258.0,67.08,174.5,48.0,165.63,36.5,23.8,0.9,21.1,115
2015-04-28,234.0,81.37,141.25,50.0,364.62,37.2,24.1,3.9,18.8,98
2015-04-29,257.0,63.76,131.56,143.0,712.87,36.6,23.2,0.0,14.9,100
2015-04-30,259.0,60.56,171.42,144.0,717.77,38.1,22.8,1.1,27.3,116
2015-05-01,279.0,76.1,192.81,256.0,1424.86,36.5,24.1,0.0,21.4,43
2015-05-02,312.0,72.66,206.1,294.0,2339.74,37.3,22.0,0.0,18.0,337
2015-05-03,372.0,121.94,334.02,195.0,1933.61,38.0,21.0,0.0,11.3,352
2015-05-04,387.0,108.98,326.71,601.0,5652.35,38.9,20.9,0.0,11.1,301
2015-05-05,408.0,145.99,366.85,1405.0,8881.64,40.0,20.9,0.0,16.3,317
2015-05-06,398.0,171.33,346.98,933.0,8870.17,42.5,22.4,0.0,17.4,292
2015-05-07,403.0,117.76,343.12,934.0,8814.86,42.7,24.1,0.0,21.6,291
2015-05-08,361.0,90.66,305.38,185.0,1503.47,42.1,26.7,0.0,14.4,292
2015-05-09,378.0,106.4,285.38,1641.0,13559.24,40.8,26.8,0.0,11.6,275
2015-05-10,381.0,101.21,283.47,2143.0,9450.13,41.7,25.1,0.0,14.7,250
2015-05-11,388.0,97.57,336.82,660.0,3611.92,39.6,25.4,0.8,13.7,336
2015-05-12,346.0,96.34,293.26,544.0,3397.17,36.3,25.8,1.3,24.4,352
2015-05-13,328.0,83.42,174.52,259.0,1342.28,35.7,26.1,5.8,11.0,40
2015-05-14,291.0,78.06,196.08,517.0,2853.77,35.8,24.3,1.3,10.2,312
2015-05-15,396.0,97.87,240.34,496.0,2364.64,36.6,24.4,3.5,16.6,327
2015-05-16,297.0,77.52,186.28,855.0,3810.33,35.9,23.3,0.0,7.4,45
2015-05-17,345.0,97.16,188.39,679.0,3351.77,37.9,24.7,0.0,9.5,126
2015-05-18,296.0,66.85,172.35,635.0,3224.28,41.2,27.6,0.3,11.3,114
2015-05-19,319.0,89.85,240.31,54.0,420.73,41.5,26.8,1.4,23.7,327
2015-05-20,282.0,67.41,176.25,276.0,2259.46,40.3,26.3,0.0,16.4,301
2015-05-21,352.0,75.54,335.13,490.0,3188.98,41.7,24.6,0.0,18.4,301
2015-05-22,338.0,67.91,235.99,233.0,2110.89,42.6,26.2,0.0,16.4,304
2015-05-23,321.0,69.02,313.73,125.0,922.6,43.2,25.5,0.0,15.1,264
2015-05-24,295.0,79.1,251.52,62.0,330.77,42.8,27.1,0.0,15.2,248
2015-05-25,344.0,117.27,340.66,104.0,621.32,44.1,26.2,0.0,13.6,248
2015-05-26,337.0,96.09,311.08,133.0,738.76,44.0,27.7,0.0,15.1,276
2015-05-27,355.0,84.71,231.35,91.0,584.79,41.8,26.1,0.0,16.0,322
2015-05-28,371.0,182.76,436.17,141.0,406.93,41.2,25.1,0.0,10.5,314
2015-05-29,414.0,106.61,275.6,74.0,238.31,41.7,27.0,0.0,12.6,320
2015-05-30,366.0,92.68,239.12,69.0,441.67,41.5,27.7,0.0,14.6,304
2015-05-31,346.0,73.62,236.8,87.0,458.02,41.5,26.9,0.1,20.5,316
2015-06-01,289.0,49.42,175.39,54.0,241.92,39.8,25.9,0.2,11.3,136
2015-06-02,297.0,52.51,117.86,33.0,259.0,37.8,27.2,0.3,11.2,98
2015-06-03,268.0,65.28,137.7,1.0,3.99,37.9,25.4,0.5,16.2,10
2015-06-04,259.0,85.45,170.55,2.0,3.45,37.5,24.4,0.0,15.3,328
2015-06-05,327.0,83.02,241.67,47.0,201.28,37.9,27.2,0.1,13.0,319
2015-06-06,384.0,44.54,119.29,102.0,406.05,39.0,26.6,0.0,17.1,308
2015-06-07,299.0,85.03,186.2,53.0,244.61,40.4,26.2,0.0,14.5,306
2015-06-08,282.0,137.7,269.3,76.0,510.5,42.5,27.0,0.0,15.5,325
2015-06-09,442.0,136.05,393.7,76.0,343.04,42.6,29.5,0.0,29.3,287
2015-06-10,309.0,63.77,166.31,30.0,152.07,41.4,30.8,0.5,24.9,290
2015-06-11,270.0,115.57,259.73,66.0,279.86,40.2,30.8,0.1,21.3,283
2015-06-12,239.0,83.29,180.06,64.0,226.08,40.6,29.9,0.0,17.9,284
2015-06-13,214.0,73.7,158.24,21.0,67.66,40.1,30.2,2.4,15.9,223
2015-06-14,166.0,74.56,121.44,15.0,85.39,32.9,25.6,3.7,9.9,102
2015-06-15,234.0,106.11,206.42,15.0,65.24,33.9,23.8,5.6,12.4,173
2015-06-16,331.0,132.21,282.05,66.0,167.36,36.5,27.1,0.0,10.4,290
2015-06-17,327.0,123.56,271.79,74.0,336.05,37.6,27.8,0.4,8.4,340
2015-06-18,313.0,132.21,268.84,45.0,184.3,39.1,28.6,0.0,8.4,166
2015-06-19,284.0,110.65,216.46,54.0,288.15,39.2,29.4,0.1,15.0,130
2015-06-20,239.0,80.31,160.22,12.0,32.49,37.2,28.8,1.1,22.3,97
2015-06-21,149.0,59.73,82.7,9.0,27.18,36.4,28.9,1.7,16.6,81
2015-06-22,172.0,85.4,139.2,28.0,115.2,36.9,26.7,0.6,20.5,79
2015-06-23,226.0,101.99,152.18,4.0,12.16,38.2,28.6,0.0,15.7,86
2015-06-24,261.0,126.07,214.45,1.0,0.41,36.4,26.6,16.8,13.9,96
2015-06-25,188.0,37.59,62.38,7.0,7.48,27.2,25.2,32.6,13.5,20
2015-06-26,192.0,76.0,182.48,14.0,55.08,34.7,24.6,0.0,16.4,275
2015-06-27,207.0,69.46,195.2,19.0,50.72,35.9,27.6,0.0,17.4,288
2015-06-28,219.0,79.84,214.78,27.0,128.78,37.2,28.1,0.4,15.2,280
2015-06-29,193.0,48.5,96.78,24.0,98.82,33.8,27.0,0.0,19.0,123
2015-06-30,170.0,53.79,109.92,5.0,9.6,32.9,25.8,0.4,13.1,114
2015-07-01,185.0,57.99,135.43,6.0,18.32,34.8,25.6,0.8,8.3,206
2015-07-02,220.0,67.12,175.9,9.0,40.17,36.0,26.7,0.6,11.9,274
2015-07-03,225.0,65.25,219.31,13.0,47.77,37.2,28.1,0.3,18.9,277
2015-07-04,250.0,88.75,212.16,15.0,53.06,35.8,27.1,0.6,18.6,278
2015-07-05,282.0,135.92,435.2,4.0,10.29,37.3,27.5,12.3,23.8,255
2015-07-06,298.0,60.27,143.86,0.0,0.0,32.6,25.9,6.3,13.1,131
2015-07-07,175.0,52.2,78.64,0.0,0.0,31.5,24.9,14.6,10.6,92
2015-07-08,217.0,67.92,127.38,0.0,0.0,31.9,25.4,16.5,9.7,141
2015-07-09,234.0,65.95,128.93,2.0,1.2,31.8,25.7,18.7,7.8,221
2015-07-10,188.0,47.68,95.1,5.0,16.85,28.2,25.6,61.6,13.7,99
2015-07-11,253.0,29.08,41.31,0.0,0.0,28.0,23.9,44.1,15.8,37
2015-07-12,198.0,32.29,34.16,0.0,0.0,26.9,24.1,6.4,20.0,82
2015-07-13,148.0,36.68,54.36,6.0,6.67,32.0,24.0,1.6,11.4,236
2015-07-14,141.0,44.48,112.83,1.0,6.4,32.9,26.2,0.8,19.1,280
2015-07-15,218.0,63.79,243.97,11.0,29.51,34.8,27.4,0.0,23.6,273
2015-07-16,268.0,77.2,244.69,0.0,0.0,34.3,26.5,2.3,15.9,244
2015-07-17,232.0,77.99,148.95,0.0,0.0,31.3,26.2,35.2,14.2,116
2015-07-18,204.0,71.11,148.87,0.0,0.0,32.7,26.4,5.3,9.3,112
2015-07-19,220.0,67.39,144.11,2.0,2.75,32.3,26.3,12.5,8.8,85
2015-07-20,223.0,49.58,83.22,2.0,3.5,30.8,25.5,17.4,9.8,84
2015-07-21,218.0,40.97,78.76,3.0,4.85,32.1,26.0,3.4,15.6,104
2015-07-22,165.0,38.97,85.89,1.0,0.73,31.9,26.9,1.8,12.9,102
2015-07-23,155.0,34.02,81.25,1.0,4.74,32.1,27.2,0.3,18.0,102
2015-07-24,154.0,46.13,94.49,0.0,0.0,31.5,26.8,5.6,15.5,122
2015-07-25,184.0,46.01,97.0,1.0,3.95,32.1,26.1,3.2,16.2,102
2015-07-26,150.0,29.81,86.01,2.0,3.26,31.0,26.4,1.6,30.8,113
2015-07-27,125.0,22.82,53.28,4.0,11.82,30.7,24.3,0.0,19.9,144
2015-07-28,160.0,24.69,51.98,1.0,1.41,31.1,24.7,0.2,16.9,158
2015-07-29,142.0,29.04,56.7,1.0,3.86,29.6,24.9,0.0,23.4,145
2015-07-30,181.0,25.76,47.91,0.0,0.0,30.2,25.2,2.1,16.3,184
2015-07-31,196.0,37.85,122.18,0.0,0.0,30.4,25.7,0.5,17.3,216
2015-08-01,181.0,41.32,126.33,2.0,1.63,29.4,25.4,5.5,10.8,198
2015-08-02,213.0,47.81,123.24,2.0,2.16,31.2,25.5,2.3,6.2,171
2015-08-03,175.0,56.02,154.28,0.0,0.0,33.0,25.7,0.7,11.1,295
2015-08-04,184.0,54.46,136.88,0.0,0.0,33.0,25.7,1.3,10.2,318
2015-08-05,228.0,59.13,117.08,0.0,0.0,32.3,25.7,7.2,9.4,95
2015-08-06,214.0,65.47,126.56,3.0,3.3,32.0,26.1,10.8,8.6,161
2015-08-07,254.0,64.58,154.92,0.0,0.0,32.2,25.9,8.4,8.4,183
2015-08-08,258.0,70.05,149.92,0.0,0.0,27.5,24.7,29.1,12.8,96
2015-08-09,244.0,55.51,105.17,0.0,0.0,28.4,24.4,53.0,13.1,293
2015-08-10,209.0,82.27,140.54,2.0,3.2,31.2,25.5,6.8,7.9,306
2015-08-11,283.0,77.04,137.74,1.0,2.72,29.4,25.6,11.1,14.9,100
2015-08-12,223.0,52.45,87.66,2.0,6.24,31.7,25.8,0.5,13.1,123
2015-08-13,205.0,61.66,116.55,1.0,9.45,33.1,26.2,0.5,8.7,117
2015-08-14,252.0,65.67,159.75,0.0,0.0,32.0,26.0,6.4,9.7,126
2015-08-15,198.0,51.4,91.81,0.0,0.0,30.4,26.3,11.1,11.8,95
2015-08-16,197.0,55.71,93.33,0.0,0.0,29.9,25.4,6.5,5.6,129
2015-08-17,184.0,61.84,134.2,3.0,6.9,32.7,25.1,0.3,6.6,277
2015-08-18,197.0,60.65,126.2,1.0,2.26,33.6,26.0,3.2,13.6,276
2015-08-19,140.0,34.42,124.17,0.0,0.0,33.0,25.8,1.8,19.1,276
2015-08-20,232.0,40.83,210.86,0.0,0.0,32.0,26.7,0.0,20.9,266
2015-08-21,271.0,50.97,214.05,3.0,4.52,31.8,25.7,0.3,16.4,265
2015-08-22,207.0,46.74,149.06,5.0,10.99,31.3,25.2,2.6,12.1,280
2015-08-23,127.0,44.67,138.12,1.0,0.51,32.5,24.5,5.1,10.5,276
2015-08-24,123.0,37.39,108.4,2.0,3.19,32.9,25.4,0.4,15.0,286
2015-08-25,175.0,52.06,222.39,2.0,1.69,33.7,26.4,0.0,19.2,286
2015-08-26,245.0,57.52,236.94,6.0,25.81,33.9,26.6,0.0,15.4,289
2015-08-27,248.0,61.47,237.68,8.0,39.12,33.3,26.3,1.6,8.7,298
2015-08-28,247.0,77.76,206.22,1.0,1.91,33.4,25.1,0.7,13.1,67
2015-08-29,292.0,68.53,260.48,2.0,3.18,33.9,26.5,0.0,12.2,310
2015-08-30,266.0,57.85,230.76,2.0,14.05,34.3,26.1,0.2,13.9,293
2015-08-31,288.0,51.67,220.14,5.0,22.38,34.3,26.4,0.0,18.3,292
2015-09-01,210.0,73.78,230.34,7.0,12.02,34.5,25.6,0.0,19.3,286
2015-09-02,298.0,97.63,318.24,3.0,7.35,33.8,25.5,0.0,19.2,276
2015-09-03,315.0,99.5,278.36,1.0,6.38,34.4,25.2,0.0,16.6,293
2015-09-04,368.0,97.31,284.54,4.0,14.06,34.8,24.0,0.0,14.6,299
2015-09-05,266.0,76.43,201.89,12.0,50.28,34.8,23.2,0.0,19.4,293
2015-09-06,174.0,61.69,168.63,13.0,62.34,34.8,23.3,0.0,16.6,286
2015-09-07,199.0,55.19,179.42,21.0,60.59,34.7,24.2,0.0,16.1,295
2015-09-08,217.0,63.79,219.51,8.0,35.54,35.1,23.0,0.0,19.5,294
2015-09-09,238.0,58.48,195.05,16.0,136.69,35.4,23.8,0.0,19.1,311
2015-09-10,230.0,60.29,184.78,11.0,41.53,35.9,22.1,0.0,15.9,318
2015-09-11,218.0,67.35,181.99,20.0,65.6,35.4,21.9,0.0,15.2,343
2015-09-12,226.0,87.55,178.57,31.0,121.0,34.9,22.6,0.3,8.4,88
2015-09-13,202.0,84.57,171.76,26.0,103.97,35.4,25.1,0.0,8.1,87
2015-09-14,274.0,111.58,236.34,11.0,71.41,36.3,24.1,0.0,12.4,24
2015-09-15,289.0,108.78,217.16,20.0,64.4,35.5,24.5,0.0,9.4,93
2015-09-16,235.0,91.18,190.99,14.0,53.01,35.0,25.7,0.0,10.7,97
2015-09-17,285.0,104.85,250.21,41.0,174.83,34.4,24.7,0.4,9.5,88
2015-09-18,209.0,56.19,129.11,40.0,158.25,33.4,26.7,1.6,17.4,85
2015-09-19,132.0,67.62,125.24,4.0,7.73,32.5,24.6,24.3,10.4,76
2015-09-20,179.0,64.38,141.89,0.0,0.0,33.7,26.1,5.0,10.0,97
2015-09-21,136.0,45.65,109.7,6.0,24.97,32.0,25.3,9.5,10.4,120
2015-09-22,104.0,35.75,70.38,1.0,0.81,32.1,25.2,2.0,18.9,140
2015-09-23,95.0,34.89,101.42,2.0,3.49,30.5,24.0,0.3,18.6,302
2015-09-24,175.0,63.06,187.9,4.0,4.85,31.2,23.9,0.0,20.9,287
2015-09-25,290.0,82.39,222.71,1.0,0.65,31.3,22.4,0.0,16.0,288
2015-09-26,282.0,88.08,254.8,11.0,28.83,32.5,22.3,0.0,10.5,286
2015-09-27,298.0,89.75,252.06,14.0,72.41,33.2,22.4,0.0,11.4,311
2015-09-28,240.0,69.57,190.18,34.0,147.25,32.5,21.5,0.0,10.8,329
2015-09-29,188.0,68.34,172.35,92.0,352.59,33.0,19.9,0.0,14.7,332
2015-09-30,187.0,61.08,155.26,70.0,314.7,33.2,20.4,0.0,13.1,325
2015-10-01,230.0,85.7,205.18,96.0,422.42,33.2,19.6,0.0,9.5,326
2015-10-02,286.0,97.62,220.56,158.0,818.47,34.1,18.4,0.0,13.8,318
2015-10-03,266.0,103.58,293.23,263.0,1376.85,35.0,19.7,0.0,12.2,311
2015-10-04,369.0,145.97,335.82,464.0,1950.89,35.5,20.2,0.0,8.3,129
2015-10-05,375.0,180.52,347.95,272.0,1416.25,35.3,20.5,0.0,8.9,215
2015-10-06,411.0,151.57,355.56,164.0,858.2,34.9,20.6,0.0,12.2,321
2015-10-07,383.0,144.04,305.35,263.0,1152.08,34.5,22.1,0.0,12.2,345
2015-10-08,388.0,148.44,291.66,449.0,2542.43,34.9,22.3,0.0,15.2,327
2015-10-09,351.0,130.22,284.27,617.0,3013.1,35.6,21.0,0.0,19.4,295
2015-10-10,320.0,147.71,287.93,580.0,2982.85,36.3,21.3,0.0,17.9,277
2015-10-11,296.0,111.34,246.3,363.0,2377.61,35.5,22.1,0.0,12.7,301
2015-10-12,312.0,100.7,232.58,279.0,1614.1,34.0,21.2,0.0,14.3,121
2015-10-13,260.0,97.67,189.31,317.0,2151.29,32.7,23.6,0.4,16.3,106
2015-10-14,204.0,75.81,155.25,300.0,1579.29,32.9,22.3,7.3,14.5,94
2015-10-15,218.0,95.24,199.77,637.0,3756.68,32.1,21.3,0.0,11.3,91
2015-10-16,356.0,148.29,301.61,527.0,2926.18,32.9,21.8,0.0,9.5,97
2015-10-17,388.0,90.66,137.89,600.0,3127.39,33.4,21.5,0.0,10.0,297
2015-10-18,298.0,156.71,263.15,783.0,4896.21,33.1,22.4,0.0,7.9,121
2015-10-19,392.0,170.28,312.88,442.0,2533.78,34.1,21.9,1.1,8.6,269
2015-10-20,428.0,198.1,336.47,1277.0,6822.47,34.0,21.3,0.3,13.8,320
2015-10-21,384.0,158.04,265.39,842.0,5821.98,32.6,20.3,0.0,10.3,333
2015-10-22,292.0,116.98,213.49,1125.0,7440.86,31.8,18.3,0.0,14.1,323
2015-10-23,343.0,143.73,289.01,1289.0,7335.52,31.6,17.0,0.0,12.6,308
2015-10-24,383.0,169.22,341.7,1656.0,10955.44,31.5,18.8,0.0,8.0,12
2015-10-25,374.0,147.65,281.8,904.0,5720.59,32.0,19.9,0.0,15.8,117
2015-10-26,263.0,101.61,214.37,115.0,639.22,30.8,19.4,1.5,14.4,74
2015-10-27,334.0,113.2,260.46,626.0,4142.92,29.9,18.2,0.0,8.2,337
2015-10-28,333.0,112.89,254.24,1069.0,6359.57,27.4,17.0,5.5,17.7,357
2015-10-29,262.0,95.72,183.08,1798.0,14083.46,26.5,14.9,0.0,10.2,59
2015-10-30,236.0,108.4,156.58,3342.0,23333.47,27.6,15.5,0.0,9.2,75
2015-10-31,340.0,245.97,274.06,4047.0,27102.53,28.2,16.2,0.0,7.8,98
2015-11-01,415.0,277.53,379.38,2995.0,21406.58,29.2,18.1,0.0,9.2,82
2015-11-02,420.0,232.4,361.0,1870.0,11474.75,29.2,17.0,0.0,7.6,34
2015-11-03,407.0,244.78,385.66,5006.0,32623.8,28.4,17.9,0.0,10.0,345
2015-11-04,454.0,293.49,401.49,4636.0,38310.08,28.8,17.6,0.0,7.4,80
2015-11-05,388.0,161.78,234.94,2320.0,16229.88,27.7,19.6,0.2,16.2,105
2015-11-06,276.0,153.33,260.04,2258.0,16331.8,27.7,19.3,0.0,8.0,116
2015-11-07,483.0,353.86,496.61,1636.0,10858.69,27.9,17.3,0.0,7.2,64
2015-11-08,451.0,217.55,356.92,3359.0,18032.92,28.4,18.3,0.0,10.0,71
2015-11-09,378.0,201.44,364.2,2609.0,16305.39,28.5,17.6,0.0,8.2,46
2015-11-10,439.0,249.95,452.96,5320.0,37371.09,28.9,17.6,0.6,10.8,2
2015-11-11,431.0,219.68,408.52,3820.0,27814.66,28.5,17.0,0.0,16.3,317
2015-11-12,421.0,258.48,398.16,2096.0,16918.78,28.7,16.9,0.0,13.6,305
2015-11-13,454.0,291.66,469.38,1574.0,10208.34,29.6,16.4,0.0,14.3,301
2015-11-14,450.0,221.68,377.4,1908.0,14896.5,29.7,17.9,0.0,13.2,301
2015-11-15,367.0,214.24,342.13,1747.0,11576.17,29.5,16.1,0.0,7.7,326
2015-11-16,383.0,184.02,323.56,1670.0,9766.44,28.7,18.2,1.0,12.8,328
2015-11-17,347.0,136.22,280.47,865.0,6021.93,27.5,14.6,0.0,14.7,311
2015-11-18,369.0,188.09,367.46,663.0,4554.59,26.9,11.3,0.0,10.9,307
2015-11-19,392.0,238.69,397.16,582.0,4023.59,26.7,12.1,0.0,9.9,339
2015-11-20,455.0,271.42,470.08,579.0,3699.22,26.6,12.2,0.0,8.6,342
2015-11-21,450.0,293.73,467.32,691.0,3159.28,26.5,12.2,0.0,8.2,320
2015-11-22,478.0,247.27,450.96,343.0,2091.59,26.5,12.2,0.0,8.7,320
2015-11-23,431.0,266.95,419.98,84.0,378.35,26.6,11.4,0.0,8.4,333
2015-11-24,440.0,241.61,424.09,188.0,1041.07,27.3,12.5,0.0,12.5,323
2015-11-25,376.0,149.14,312.85,158.0,994.79,27.6,14.2,0.0,16.7,307
2015-11-26,347.0,182.5,317.46,166.0,761.33,27.1,12.6,0.0,9.0,156
2015-11-27,343.0,193.58,343.26,106.0,496.69,24.6,13.7,0.0,11.4,358
2015-11-28,362.0,172.89,294.29,24.0,77.18,24.8,16.4,0.0,15.2,82
2015-11-29,319.0,190.46,342.59,27.0,98.78,26.1,13.5,0.0,7.3,90
2015-11-30,425.0,282.76,419.33,46.0,193.3,27.0,16.1,0.0,7.9,1
2015-12-01,400.0,183.28,371.83,45.0,127.45,26.8,15.5,0.0,8.8,355
2015-12-02,386.0,170.74,399.64,44.0,127.19,25.1,15.7,0.0,9.5,331
2015-12-03,385.0,190.14,412.29,44.0,206.56,24.6,12.4,0.0,14.1,306
2015-12-04,392.0,186.64,352.14,31.0,134.56,25.5,13.1,0.0,12.1,292
2015-12-05,428.0,282.01,433.03,25.0,84.85,25.2,11.0,0.0,8.5,329
2015-12-06,394.0,218.22,439.01,39.0,120.63,25.1,12.3,0.0,10.3,94
2015-12-07,440.0,249.8,421.49,33.0,96.96,24.7,12.0,0.0,10.0,126
2015-12-08,437.0,283.59,478.19,19.0,69.56,25.3,13.9,0.0,9.5,274
2015-12-09,431.0,250.69,411.48,8.0,11.71,23.9,12.8,0.0,16.4,123
2015-12-10,383.0,211.95,386.66,15.0,54.74,25.4,14.2,0.2,11.6,116
2015-12-11,377.0,198.38,410.6,21.0,58.99,23.1,13.2,0.0,11.7,290
2015-12-12,379.0,184.12,385.05,40.0,103.52,19.8,10.0,0.0,12.5,302
2015-12-13,333.0,135.42,338.3,65.0,178.89,19.8,9.2,0.0,9.9,299
2015-12-14,314.0,118.6,380.24,32.0,105.03,20.2,8.4,0.0,14.5,304
2015-12-15,174.0,88.3,381.7,39.0,157.87,21.0,8.1,0.0,14.8,296
2015-12-16,244.0,111.45,383.16,63.0,249.52,20.2,5.4,0.0,10.5,223
2015-12-17,308.0,152.24,384.61,68.0,248.4,20.0,6.3,0.0,9.4,90
2015-12-18,320.0,136.75,,97.0,303.47,20.5,7.3,0.0,14.4,306
2015-12-19,270.0,114.35,387.53,64.0,228.73,20.5,7.5,0.0,10.6,299
2015-12-20,320.0,181.67,388.98,67.0,214.74,20.0,7.4,0.0,9.8,338
2015-12-21,313.0,135.78,390.44,59.0,170.66,19.6,6.3,0.0,7.6,335
2015-12-22,326.0,204.72,391.9,67.0,216.9,19.8,7.3,0.0,7.2,62
2015-12-23,459.0,321.52,589.93,85.0,312.08,19.5,6.2,0.0,11.0,319
2015-12-24,314.0,129.08,486.66,60.0,206.58,19.0,8.1,0.0,16.6,310
2015-12-25,304.0,132.56,294.13,39.0,133.04,19.3,6.1,0.0,14.4,297
2015-12-26,310.0,158.69,331.93,36.0,126.12,21.1,7.8,0.0,15.7,295
2015-12-27,370.0,187.01,375.13,55.0,192.14,22.2,9.3,0.0,16.5,297
2015-12-28,328.0,148.77,332.68,56.0,231.7,23.7,12.2,0.0,16.9,301
2015-12-29,331.0,159.67,325.05,61.0,189.88,23.4,12.2,0.0,18.4,297
2015-12-30,412.0,233.97,391.19,29.0,41.32,23.9,10.0,0.0,9.8,315
2015-12-31,433.0,240.97,389.18,54.0,234.29,23.1,8.7,0.0,10.2,334
2016-01-01,463.0,295.71,476.09,38.0,123.04,22.3,9.3,0.0,9.7,327
2016-01-02,465.0,239.21,395.29,99.0,339.89,22.0,7.3,0.0,10.7,328
2016-01-03,426.0,270.1,484.82,138.0,486.24,22.6,8.7,0.0,13.9,295
2016-01-04,496.0,339.8,586.2,26.0,118.11,22.9,8.4,0.0,10.0,79
2016-01-05,528.0,318.1,535.3,39.0,170.3,24.5,12.5,0.0,8.8,108
2016-01-06,538.0,305.51,524.01,13.0,46.82,24.2,13.0,0.5,10.4,85
2016-01-07,535.0,391.54,587.23,14.0,43.21,24.1,11.8,0.0,8.6,29
2016-01-08,603.0,339.87,540.86,71.0,225.95,23.1,12.2,0.0,16.1,309
2016-01-09,408.0,158.43,324.64,29.0,163.43,21.8,10.7,0.0,19.0,291
2016-01-10,368.0,183.24,345.68,31.0,105.27,22.5,9.1,0.0,10.3,306
2016-01-11,404.0,227.13,411.6,38.0,163.53,23.0,9.9,0.0,9.2,55
2016-01-12,444.0,195.21,381.19,41.0,178.75,23.9,10.2,0.0,14.0,124
2016-01-13,356.0,248.59,399.59,50.0,158.72,21.8,10.9,0.0,9.2,28
2016-01-14,397.0,196.87,339.06,4.0,14.17,19.3,9.6,0.0,8.7,313
2016-01-15,371.0,178.8,259.53,14.0,39.17,18.8,8.5,0.0,13.7,315
2016-01-16,311.0,138.86,220.21,24.0,90.63,18.7,8.8,0.0,16.1,295
2016-01-17,321.0,179.48,268.5,47.0,256.47,18.4,7.6,0.0,8.8,346
2016-01-18,424.0,269.05,451.43,47.0,197.08,18.5,7.1,0.0,7.6,352
2016-01-19,435.0,278.2,430.74,18.0,54.4,18.6,7.1,0.0,9.6,343
2016-01-20,455.0,272.1,415.38,13.0,85.86,17.5,7.2,0.0,9.8,318
2016-01-21,398.0,196.83,318.08,26.0,147.04,17.8,6.0,0.0,13.2,307
2016-01-22,399.0,290.66,418.92,62.0,451.18,18.2,4.8,0.0,8.9,331
2016-01-23,469.0,294.3,480.0,61.0,286.74,19.4,5.9,0.0,8.6,20
2016-01-24,488.0,303.5,446.28,52.0,180.2,18.7,6.5,0.0,8.4,350
2016-01-25,401.0,217.05,362.08,37.0,175.21,17.1,5.0,0.0,8.7,338
2016-01-26,446.0,308.75,462.91,20.0,82.67,19.6,7.2,0.0,8.6,70
2016-01-27,456.0,255.94,424.11,42.0,211.51,22.2,10.3,0.0,8.3,62
2016-01-28,451.0,283.03,463.03,34.0,262.82,22.6,9.4,0.0,11.3,309
2016-01-29,501.0,311.08,498.38,34.0,151.23,24.0,11.4,0.2,8.2,27
2016-01-30,505.0,285.83,450.72,44.0,160.13,25.5,13.7,0.5,8.4,77
2016-01-31,437.0,242.05,291.16,11.0,79.84,22.1,12.8,0.0,14.0,321
2016-02-01,305.0,121.4,193.5,34.0,145.19,22.1,9.7,0.0,12.5,325
2016-02-02,292.0,135.31,242.87,32.0,119.53,20.9,7.4,0.0,15.3,307
2016-02-03,306.0,136.87,273.78,78.0,301.4,21.5,8.3,0.0,20.6,305
2016-02-04,300.0,130.76,269.21,124.0,487.3,22.3,8.3,0.0,13.8,301
2016-02-05,371.0,206.72,383.25,90.0,346.89,22.8,6.9,0.0,10.8,306
2016-02-06,408.0,224.94,348.14,71.0,405.01,23.1,7.1,0.0,12.2,102
2016-02-07,343.0,170.45,249.91,35.0,185.73,19.6,12.1,4.0,13.7,37
2016-02-08,301.0,119.57,186.86,44.0,159.53,21.7,8.6,0.0,11.0,325
2016-02-09,322.0,181.76,261.7,73.0,232.92,22.9,9.5,0.0,10.1,307
2016-02-10,368.0,216.55,341.38,66.0,295.82,23.4,9.1,0.0,9.7,12
2016-02-11,349.0,150.0,270.49,20.0,135.92,24.7,12.2,0.0,16.1,153
2016-02-12,334.0,146.03,296.27,23.0,73.27,24.2,9.4,0.0,11.2,30
2016-02-13,333.0,110.89,228.81,30.0,104.55,22.0,11.8,0.7,15.1,18
2016-02-14,257.0,103.57,177.49,75.0,246.17,23.6,9.3,0.0,11.1,321
2016-02-15,265.0,115.7,219.52,33.0,132.25,22.3,9.4,0.0,9.3,333
2016-02-16,297.0,123.22,216.09,71.0,288.69,23.3,8.9,0.0,9.7,342
2016-02-17,289.0,135.38,236.15,60.0,296.13,25.6,11.0,0.2,11.8,347
2016-02-18,310.0,148.75,217.16,35.0,407.45,27.0,14.7,1.4,11.5,346
2016-02-19,366.0,207.1,307.38,5.0,7.4,28.8,17.0,0.0,8.4,325
2016-02-20,345.0,150.89,225.66,22.0,59.32,25.9,18.1,14.4,12.3,276
2016-02-21,228.0,76.12,137.44,22.0,95.98,25.4,14.6,0.0,19.7,301
2016-02-22,213.0,88.73,137.44,76.0,388.75,26.1,13.0,0.0,22.8,296
2016-02-23,208.0,86.17,194.61,69.0,290.07,26.9,12.4,0.0,15.8,286
2016-02-24,319.0,177.64,309.47,68.0,228.92,26.7,11.3,0.0,9.0,184
2016-02-25,315.0,131.69,232.45,61.0,211.41,27.3,11.4,0.0,10.3,126
2016-02-26,293.0,129.66,236.27,50.0,244.43,27.4,13.7,0.0,10.3,103
2016-02-27,342.0,144.98,245.96,40.0,173.88,27.3,12.1,0.0,9.8,91
2016-02-28,338.0,163.92,263.73,52.0,202.1,28.0,14.9,0.0,9.2,122
2016-02-29,344.0,170.12,255.34,32.0,99.33,28.0,15.0,0.0,9.8,114
2016-03-01,370.0,213.62,299.88,54.0,229.54,28.6,16.1,0.0,10.0,102
2016-03-02,365.0,175.63,244.58,44.0,147.53,30.5,15.6,0.0,9.5,40
2016-03-03,348.0,165.22,264.31,34.0,128.24,31.4,15.9,0.2,9.4,15
2016-03-04,312.0,115.55,201.71,24.0,89.68,31.9,16.2,0.0,10.6,320
2016-03-05,214.0,53.0,129.37,12.0,47.7,29.8,17.0,12.2,18.5,11
2016-03-06,165.0,47.43,60.61,21.0,82.37,25.9,16.0,2.6,17.1,77
2016-03-07,218.0,98.61,167.78,30.0,128.64,27.7,15.0,0.0,11.4,350
2016-03-08,230.0,84.42,134.81,44.0,223.03,27.6,16.3,0.0,11.2,303
2016-03-09,248.0,109.16,164.84,30.0,136.87,28.0,14.9,0.0,13.1,300
2016-03-10,276.0,129.9,240.67,23.0,68.61,29.7,15.1,0.0,13.5,312
2016-03-11,213.0,85.76,204.96,7.0,13.89,30.9,18.0,2.2,13.5,135
2016-03-12,127.0,60.17,163.02,3.0,2.48,28.4,17.5,22.2,16.7,93
2016-03-13,112.0,58.95,121.08,3.0,7.14,27.2,16.3,0.0,20.7,113
2016-03-14,111.0,51.82,79.14,11.0,45.98,25.1,16.2,0.9,10.6,56
2016-03-15,193.0,81.32,162.38,6.0,18.27,27.3,14.4,0.0,12.8,332
2016-03-16,123.0,67.63,152.46,12.0,27.92,27.6,14.0,0.0,16.9,308
2016-03-17,194.0,70.86,137.98,4.0,2.55,29.8,16.3,0.1,15.5,120
2016-03-18,186.0,72.47,133.3,17.0,48.96,29.3,18.6,0.0,16.1,113
2016-03-19,242.0,103.73,194.95,21.0,111.15,30.7,17.7,0.5,10.2,93
2016-03-20,267.0,95.52,167.64,25.0,86.64,31.4,18.1,0.0,13.8,27
2016-03-21,207.0,58.4,129.21,32.0,148.37,30.5,17.5,0.0,24.2,326
2016-03-22,176.0,47.43,139.62,32.0,222.03,29.8,16.2,0.0,26.7,301
2016-03-23,189.0,80.01,148.1,28.0,110.0,31.9,16.2,0.0,17.7,300
2016-03-24,341.0,156.01,228.19,24.0,98.39,33.4,16.3,0.0,10.9,99
2016-03-25,325.0,137.99,217.03,6.0,22.62,34.7,17.1,0.0,10.4,121
2016-03-26,259.0,72.44,122.24,13.0,24.56,32.3,18.7,0.0,19.1,323
2016-03-27,178.0,61.75,54.0,14.0,40.01,31.7,18.4,0.0,15.2,313
2016-03-28,219.0,81.46,110.31,32.0,121.09,31.7,16.6,0.0,15.9,314
2016-03-29,206.0,89.75,156.89,11.0,62.4,32.0,18.1,0.0,13.6,303
2016-03-30,221.0,88.68,163.7,23.0,166.36,34.4,17.9,0.0,11.2,292
2016-03-31,298.0,127.86,218.3,9.0,33.08,36.3,19.2,0.0,10.8,312
2016-04-01,316.0,130.7,218.15,3.0,5.43,36.5,21.9,0.0,13.9,304
2016-04-02,294.0,118.44,217.99,16.0,65.3,37.6,21.4,0.0,11.6,324
2016-04-03,314.0,148.22,217.84,5.0,71.44,38.5,24.3,1.8,10.2,299
2016-04-04,334.0,132.86,377.61,17.0,56.59,37.1,23.3,0.0,15.5,269
2016-04-05,261.0,97.83,174.11,5.0,12.61,35.9,21.5,0.0,17.2,323
2016-04-06,208.0,91.82,202.91,12.0,12.93,35.1,22.5,0.0,10.9,334
2016-04-07,289.0,129.61,329.68,30.0,80.8,34.8,19.8,0.0,17.6,295
2016-04-08,216.0,89.78,193.14,13.0,60.81,34.8,17.8,0.0,9.7,343
2016-04-09,314.0,166.76,272.67,7.0,47.37,36.3,20.2,0.0,14.3,356
2016-04-10,262.0,107.81,154.18,9.0,11.0,36.3,24.0,0.0,11.5,342
2016-04-11,257.0,81.12,246.86,23.0,46.27,34.9,21.2,0.0,20.4,319
2016-04-12,235.0,74.03,201.81,49.0,209.02,34.5,21.2,0.0,22.7,299
2016-04-13,239.0,74.9,247.61,86.0,328.82,36.7,22.7,0.0,26.2,298
2016-04-14,239.0,94.81,220.48,80.0,308.33,38.5,22.7,0.0,20.1,304
2016-04-15,302.0,137.48,285.18,46.0,335.76,39.8,22.4,0.0,18.9,308
2016-04-16,296.0,124.13,284.1,66.0,499.81,41.0,24.5,0.0,14.8,291
2016-04-17,247.0,102.86,283.02,30.0,116.43,39.7,26.5,0.0,14.1,268
2016-04-18,265.0,102.9,219.17,41.0,104.71,38.5,26.3,0.0,10.0,311
2016-04-19,301.0,129.06,311.93,26.0,123.69,37.8,25.7,0.1,12.3,78
2016-04-20,322.0,124.8,283.05,106.0,841.3,38.8,23.7,0.0,19.9,301
2016-04-21,291.0,92.74,265.56,185.0,1684.24,38.9,24.9,0.0,24.5,301
2016-04-22,292.0,113.75,208.42,133.0,1057.56,38.6,24.3,0.0,11.7,323
2016-04-23,258.0,89.52,171.92,203.0,1027.03,36.7,22.6,0.0,17.2,319
2016-04-24,282.0,123.59,219.3,245.0,1366.28,37.1,19.2,0.0,17.9,335
2016-04-25,271.0,104.5,213.36,391.0,2221.83,38.1,21.0,0.0,13.1,334
2016-04-26,314.0,139.37,306.08,1071.0,6193.35,38.5,21.5,0.2,10.7,349
2016-04-27,377.0,162.54,379.7,1286.0,8317.22,39.7,22.0,0.0,16.9,296
2016-04-28,390.0,161.23,354.17,966.0,6585.38,39.6,22.1,0.0,17.1,319
2016-04-29,392.0,181.49,383.05,761.0,5863.16,39.4,22.3,0.0,18.6,309
2016-04-30,342.0,142.64,358.42,569.0,5748.23,39.9,21.0,0.0,12.5,306
2016-05-01,297.0,124.21,333.8,2150.0,20276.42,41.2,23.3,0.0,18.3,294
2016-05-02,275.0,119.47,309.18,2208.0,20202.49,42.5,24.9,0.4,12.2,295
2016-05-03,281.0,125.36,284.55,351.0,2591.16,38.0,27.5,1.6,16.4,89
2016-05-04,309.0,103.08,297.94,403.0,2062.24,38.9,24.8,1.0,20.6,120
2016-05-05,262.0,65.02,173.86,191.0,1198.81,34.6,24.8,0.1,20.6,102
2016-05-06,194.0,54.34,136.92,1274.0,8274.91,34.1,23.6,0.0,9.4,146
2016-05-07,229.0,77.89,193.14,2226.0,11293.05,36.0,24.6,0.0,11.4,149
2016-05-08,246.0,90.19,208.75,1076.0,7981.74,37.2,25.4,0.0,14.6,102
2016-05-09,225.0,77.34,168.66,749.0,3979.45,38.8,26.2,0.5,21.7,115
2016-05-10,221.0,73.55,174.94,209.0,1397.72,38.0,26.6,1.0,23.4,109
2016-05-11,185.0,66.49,112.6,577.0,3084.29,37.0,26.6,0.2,17.9,91
2016-05-12,218.0,100.09,207.98,733.0,2968.65,39.0,25.4,0.0,14.7,341
2016-05-13,310.0,99.88,250.51,618.0,3788.0,41.0,27.9,0.0,16.8,15
2016-05-14,307.0,105.51,292.64,226.0,1875.57,41.2,27.4,0.0,9.4,68
2016-05-15,325.0,128.85,379.8,134.0,919.75,42.3,26.6,0.0,12.5,322
2016-05-16,316.0,94.89,247.95,240.0,1913.64,42.7,26.6,0.0,17.6,311
2016-05-17,302.0,92.95,249.27,390.0,2988.09,42.7,26.3,0.0,18.9,310
2016-05-18,318.0,117.64,266.72,325.0,2503.42,43.1,25.6,0.0,13.5,317
2016-05-19,300.0,94.22,219.01,165.0,1078.55,41.6,27.7,0.3,22.6,120
2016-05-20,246.0,70.86,186.97,121.0,615.81,40.2,29.4,0.3,24.6,111
2016-05-21,255.0,78.02,233.72,45.0,485.81,41.1,27.3,0.0,21.5,117
2016-05-22,218.0,66.3,149.31,108.0,436.63,42.1,28.2,1.8,19.3,102
2016-05-23,252.0,87.31,163.9,19.0,73.26,40.9,26.1,4.5,19.1,108
2016-05-24,190.0,57.35,103.26,5.0,18.37,38.0,26.5,1.8,17.7,115
2016-05-25,256.0,105.02,240.52,58.0,357.3,39.4,25.2,0.6,17.5,239
2016-05-26,311.0,111.22,293.73,21.0,54.0,39.8,25.4,0.0,13.8,259
2016-05-27,381.0,180.71,379.29,86.0,623.43,40.9,28.5,2.0,20.1,289
2016-05-28,409.0,109.82,314.0,41.0,152.93,40.4,28.9,2.3,22.1,278
2016-05-29,269.0,42.67,169.36,35.0,148.98,36.2,26.9,6.9,18.9,130
2016-05-30,187.0,56.87,101.24,19.0,47.79,33.0,24.0,3.4,16.4,108
2016-05-31,225.0,101.54,214.14,26.0,73.2,38.1,25.1,0.2,13.2,261
2016-06-01,283.0,76.56,251.87,34.0,226.33,40.2,27.0,0.0,14.8,304
2016-06-02,316.0,81.4,298.5,109.0,501.59,41.0,28.1,0.0,16.8,300
2016-06-03,361.0,138.97,296.64,69.0,228.31,41.8,26.5,0.5,15.8,24
2016-06-04,330.0,137.81,274.63,151.0,692.59,42.4,27.7,0.0,14.3,97
2016-06-05,256.0,77.72,166.28,55.0,281.58,40.8,29.0,3.3,21.5,110
2016-06-06,237.0,84.61,208.17,9.0,98.04,40.0,29.3,2.6,19.3,106
2016-06-07,246.0,66.72,152.18,45.0,239.33,39.6,29.2,1.1,18.0,104
2016-06-08,202.0,64.08,143.88,51.0,188.12,40.5,28.9,0.7,14.2,109
2016-06-09,209.0,64.95,187.69,35.0,147.96,40.2,28.7,0.2,15.4,121
2016-06-10,262.0,75.75,239.74,58.0,385.17,41.6,29.2,2.6,21.7,174
2016-06-11,280.0,69.25,225.52,11.0,13.19,39.4,28.9,0.1,16.6,292
2016-06-12,279.0,70.71,272.34,54.0,198.96,38.9,27.0,3.6,14.7,281
2016-06-13,357.0,96.72,332.91,21.0,71.03,40.2,29.3,0.7,22.0,272
2016-06-14,266.0,59.02,197.51,30.0,108.56,37.5,26.9,1.8,16.2,270
2016-06-15,330.0,102.42,330.36,62.0,249.18,36.7,28.5,1.5,15.2,129
2016-06-16,248.0,62.37,109.42,1.0,5.62,36.8,28.0,0.0,20.6,108
2016-06-17,172.0,67.76,120.06,40.0,160.48,37.5,27.1,0.2,17.1,111
2016-06-18,234.0,79.17,142.57,38.0,132.82,36.4,26.4,14.8,15.3,114
2016-06-19,201.0,101.31,101.54,57.0,182.84,36.3,28.9,0.3,15.5,110
2016-06-20,206.0,83.1,84.18,42.0,236.05,36.5,29.2,0.0,18.2,114
2016-06-21,159.0,72.33,54.85,13.0,45.21,36.2,27.7,1.8,15.9,123
2016-06-22,187.0,75.14,99.89,0.0,0.0,35.2,26.7,1.4,12.3,129
2016-06-23,228.0,91.63,98.88,2.0,7.65,37.7,27.8,0.0,10.5,170
2016-06-24,284.0,100.02,331.1,29.0,135.94,38.8,28.6,0.6,12.8,318
2016-06-25,310.0,67.12,175.26,32.0,140.22,38.9,29.9,0.0,17.3,108
2016-06-26,158.0,48.0,86.63,46.0,176.92,36.5,27.3,3.1,15.8,110
2016-06-27,154.0,76.76,112.46,0.0,0.0,37.0,27.0,3.3,14.6,112
2016-06-28,187.0,80.89,96.05,4.0,9.27,34.2,26.2,10.4,14.5,96
2016-06-29,180.0,60.67,68.43,9.0,27.81,36.1,27.1,10.5,13.4,91
2016-06-30,190.0,69.65,103.25,15.0,55.16,37.8,27.9,0.4,14.1,101
2016-07-01,164.0,58.21,113.1,19.0,100.64,36.0,27.2,23.3,16.4,148
2016-07-02,148.0,57.24,96.62,0.0,0.0,30.7,26.0,67.9,13.7,115
2016-07-03,154.0,67.6,95.26,3.0,9.99,30.2,25.4,15.1,13.1,98
2016-07-04,160.0,57.1,75.83,9.0,28.88,32.7,25.3,1.2,6.6,67
2016-07-05,165.0,68.71,162.2,0.0,0.0,34.7,26.9,0.3,9.5,266
2016-07-06,210.0,77.71,143.29,2.0,2.02,33.4,27.1,2.6,12.0,166
2016-07-07,158.0,54.5,80.82,3.0,6.15,33.5,26.6,1.5,13.7,147
2016-07-08,172.0,54.96,98.86,1.0,17.8,34.4,27.1,2.5,10.1,157
2016-07-09,151.0,52.95,87.81,1.0,2.73,34.5,27.4,1.3,11.1,116
2016-07-10,143.0,59.13,86.18,0.0,0.0,34.4,27.6,0.0,8.7,144
2016-07-11,156.0,60.92,74.51,4.0,8.57,33.0,26.8,4.3,13.5,127
2016-07-12,108.0,39.32,57.16,8.0,20.23,32.0,26.0,15.6,15.5,109
2016-07-13,163.0,71.53,79.1,0.0,0.0,33.0,26.9,3.9,13.3,105
2016-07-14,247.0,73.51,56.29,0.0,0.0,32.7,27.1,22.2,6.7,144
2016-07-15,123.0,52.88,88.23,1.0,6.88,32.1,25.6,31.3,14.1,235
2016-07-16,106.0,50.99,44.48,1.0,0.97,27.4,25.8,75.4,8.2,20
2016-07-17,202.0,75.93,38.59,0.0,0.0,26.8,25.4,50.8,14.0,322
2016-07-18,120.0,44.08,77.07,1.0,2.19,32.8,25.0,5.7,16.0,276
2016-07-19,135.0,42.14,166.27,0.0,0.0,34.1,25.8,1.9,18.8,281
2016-07-20,245.0,56.86,203.09,1.0,3.14,34.8,27.4,0.0,17.4,276
2016-07-21,280.0,45.64,240.86,1.0,3.97,35.3,28.4,0.5,14.4,249
2016-07-22,269.0,48.36,157.41,2.0,2.1,34.6,26.9,0.6,12.8,205
2016-07-23,163.0,42.09,80.14,3.0,4.39,32.0,26.9,5.0,12.7,110
2016-07-24,179.0,59.4,124.47,2.0,5.79,32.3,25.7,3.1,10.2,117
2016-07-25,195.0,76.29,163.57,1.0,1.88,33.1,25.5,7.4,8.6,145
2016-07-26,163.0,54.5,95.08,0.0,0.0,31.3,26.0,4.2,15.5,124
2016-07-27,108.0,40.55,58.09,2.0,10.46,29.5,25.7,6.5,20.3,109
2016-07-28,134.0,46.44,68.69,0.0,0.0,30.0,24.9,18.9,12.2,89
2016-07-29,155.0,56.16,76.89,1.0,0.79,27.0,24.7,18.7,8.7,102
2016-07-30,116.0,42.7,50.0,0.0,0.0,29.6,24.8,8.3,11.2,100
2016-07-31,136.0,48.03,70.62,0.0,0.0,29.0,24.7,7.6,8.7,73
2016-08-01,150.0,43.47,53.42,0.0,0.0,29.2,25.1,12.5,16.4,95
2016-08-02,121.0,43.55,55.33,0.0,0.0,31.9,24.7,10.6,13.3,102
2016-08-03,149.0,50.86,67.92,2.0,1.79,32.9,25.7,0.0,15.6,96
2016-08-04,178.0,49.04,87.48,3.0,5.35,33.6,27.2,4.8,13.5,97
2016-08-05,120.0,39.3,78.77,0.0,0.0,33.7,27.3,1.1,10.3,106
2016-08-06,140.0,43.86,76.69,1.0,2.45,31.3,27.1,1.0,17.4,78
2016-08-07,142.0,42.84,75.19,1.0,0.58,33.0,26.0,2.7,14.2,83
2016-08-08,141.0,44.04,82.26,1.0,0.78,32.5,26.8,4.7,17.6,83
2016-08-09,125.0,41.29,64.76,0.0,0.0,30.5,25.9,6.3,18.4,98
2016-08-10,127.0,39.28,54.92,0.0,0.0,30.4,25.8,10.5,14.7,93
2016-08-11,119.0,30.66,32.79,0.0,0.0,30.4,25.2,14.1,10.3,108
2016-08-12,111.0,42.15,84.46,1.0,0.55,30.7,25.1,11.9,8.6,41
2016-08-13,132.0,56.45,92.71,0.0,0.0,31.8,25.3,11.4,5.8,289
2016-08-14,149.0,40.81,80.14,1.0,6.32,30.9,25.3,13.9,12.5,273
2016-08-15,166.0,39.51,185.99,0.0,0.0,33.1,25.9,2.6,15.8,276
2016-08-16,274.0,49.04,245.72,5.0,8.51,33.4,26.0,0.8,17.4,280
2016-08-17,295.0,62.19,247.59,0.0,0.0,29.8,26.4,0.2,17.7,300
2016-08-18,219.0,55.55,132.65,1.0,1.47,30.1,25.8,7.1,7.6,8
2016-08-19,169.0,59.03,153.16,1.0,1.8,32.3,25.9,1.3,10.5,9
2016-08-20,174.0,48.57,90.68,1.0,2.88,31.6,26.3,2.9,22.1,96
2016-08-21,111.0,28.01,65.58,1.0,2.71,30.6,25.4,0.0,16.7,118
2016-08-22,93.0,28.6,78.83,1.0,2.23,31.6,24.2,0.0,16.1,110
2016-08-23,107.0,38.99,85.48,0.0,0.0,31.0,25.8,0.1,11.3,100
2016-08-24,127.0,43.35,73.22,0.0,0.0,29.7,26.1,12.8,19.1,95
2016-08-25,93.0,45.88,118.92,1.0,3.25,32.3,25.5,1.3,11.0,127
2016-08-26,142.0,54.13,125.44,1.0,4.38,32.9,26.1,1.5,11.7,160
2016-08-27,93.0,56.56,147.82,3.0,4.2,32.5,25.0,6.5,14.5,82
2016-08-28,224.0,57.09,170.2,2.0,1.26,32.9,26.3,6.3,12.3,106
2016-08-29,169.0,54.73,189.12,1.0,1.39,31.7,25.5,13.7,12.2,325
2016-08-30,110.0,48.93,89.57,1.0,1.05,31.4,24.4,24.3,7.5,244
2016-08-31,100.0,37.1,60.16,4.0,9.0,30.0,25.0,18.5,9.4,128
2016-09-01,109.0,28.06,47.47,0.0,0.0,31.3,24.5,7.3,8.8,157
2016-09-02,154.0,44.31,111.18,4.0,4.37,31.7,25.1,0.4,17.3,296
2016-09-03,216.0,46.77,208.01,6.0,13.49,31.3,25.6,0.2,21.4,284
2016-09-04,262.0,57.64,269.42,8.0,21.68,32.0,24.7,0.0,16.3,272
2016-09-05,260.0,45.37,246.81,4.0,12.69,31.6,24.4,0.1,17.8,274
2016-09-06,329.0,50.42,282.23,7.0,21.7,31.6,25.3,0.0,21.5,275
2016-09-07,291.0,50.73,233.83,4.0,9.08,32.1,24.9,0.0,16.6,277
2016-09-08,300.0,71.72,260.6,20.0,66.22,32.1,25.2,0.1,16.3,284
2016-09-09,335.0,87.99,277.61,18.0,44.56,33.0,25.1,0.0,16.0,277
2016-09-10,240.0,45.7,190.45,15.0,62.15,33.1,25.5,0.0,17.1,273
2016-09-11,177.0,45.89,164.1,7.0,33.48,32.9,25.4,0.0,15.6,273
2016-09-12,178.0,49.7,178.47,4.0,5.86,32.5,25.5,0.0,16.2,277
2016-09-13,193.0,57.08,184.5,10.0,38.56,33.0,25.1,0.0,9.2,317
2016-09-14,150.0,47.36,109.64,14.0,37.57,31.9,24.2,0.1,9.2,65
2016-09-15,215.0,79.99,198.81,17.0,56.25,33.1,25.0,0.0,8.8,28
2016-09-16,233.0,67.11,185.86,13.0,84.31,33.6,25.2,0.0,11.6,20
2016-09-17,220.0,81.9,207.91,6.0,25.49,32.7,24.0,0.0,7.4,72
2016-09-18,266.0,86.16,185.57,24.0,109.75,33.0,24.5,0.0,11.2,110
2016-09-19,192.0,75.02,143.48,41.0,186.95,33.2,24.4,0.0,6.9,140
2016-09-20,264.0,94.23,141.3,49.0,190.71,34.6,25.3,0.0,7.6,143
2016-09-21,284.0,89.62,131.06,25.0,121.04,34.4,26.1,0.0,15.9,105
2016-09-22,150.0,32.73,67.29,16.0,66.32,30.2,23.9,2.0,19.2,108
2016-09-23,134.0,55.64,125.31,37.0,129.93,31.9,22.9,0.0,9.0,100
2016-09-24,197.0,56.46,112.36,81.0,375.17,31.8,24.5,0.2,9.4,108
2016-09-25,175.0,56.64,137.48,108.0,421.69,31.7,23.6,0.0,9.0,97
2016-09-26,236.0,89.09,194.71,64.0,271.11,32.5,24.3,0.2,10.2,108
2016-09-27,185.0,52.49,109.5,16.0,76.51,32.8,24.4,0.0,10.7,122
2016-09-28,103.0,105.43,260.01,38.0,151.05,33.7,24.2,0.0,9.8,114
2016-09-29,289.0,101.84,189.62,52.0,250.27,33.2,24.9,0.1,9.0,116
2016-09-30,224.0,84.33,179.81,143.0,601.53,33.5,24.4,0.0,8.2,126
2016-10-01,312.0,117.28,232.03,177.0,783.05,33.7,25.6,0.0,10.7,131
2016-10-02,234.0,81.87,199.61,90.0,488.25,33.8,26.3,0.3,9.3,99
2016-10-03,282.0,103.12,210.04,61.0,242.31,33.1,25.4,1.7,12.2,94
2016-10-04,351.0,159.8,272.34,57.0,295.45,33.0,25.5,1.7,7.6,61
2016-10-05,232.0,81.71,150.37,151.0,715.33,31.4,24.7,7.7,8.5,37
2016-10-06,280.0,117.86,229.25,277.0,1181.01,31.8,24.3,0.0,7.1,72
2016-10-07,311.0,114.06,274.97,303.0,1662.93,33.6,24.2,0.0,11.7,321
2016-10-08,408.0,132.11,317.62,163.0,946.62,33.9,23.1,0.0,15.6,332
2016-10-09,416.0,144.47,317.13,412.0,1880.52,34.0,21.7,0.0,10.0,257
2016-10-10,387.0,125.8,290.85,588.0,3307.89,32.6,22.7,0.0,10.7,309
2016-10-11,408.0,134.84,327.75,913.0,4660.6,33.4,19.7,0.0,14.3,303
2016-10-12,405.0,114.3,309.88,744.0,4073.05,33.7,19.3,0.0,15.3,297
2016-10-13,371.0,86.93,295.1,661.0,4110.15,34.0,18.3,0.0,14.8,290
2016-10-14,375.0,94.83,303.27,960.0,5504.07,33.3,17.3,0.0,11.3,300
2016-10-15,400.0,144.98,368.81,1102.0,7672.39,32.9,17.5,0.0,11.8,308
2016-10-16,430.0,132.01,316.53,1471.0,9447.85,33.1,17.9,0.0,10.2,312
2016-10-17,425.0,149.35,346.31,1618.0,8864.83,33.1,18.4,0.0,12.2,296
2016-10-18,438.0,161.49,352.64,1170.0,7488.51,32.6,17.2,0.0,11.5,303
2016-10-19,428.0,140.57,339.79,1362.0,8037.88,32.9,17.1,0.0,10.2,282
2016-10-20,425.0,135.9,361.08,1250.0,7478.03,33.6,18.7,0.0,14.2,276
2016-10-21,496.0,161.11,477.65,1627.0,10941.94,33.3,19.7,0.0,15.8,288
2016-10-22,472.0,140.92,442.68,2521.0,13761.36,33.6,19.8,0.0,17.4,292
2016-10-23,470.0,182.14,372.09,1936.0,13144.76,32.7,18.8,0.0,20.6,296
2016-10-24,454.0,164.51,367.17,1278.0,8771.4,32.6,18.4,0.0,17.6,287
2016-10-25,396.0,115.76,290.42,2016.0,11322.81,32.8,19.4,0.0,16.6,298
2016-10-26,413.0,209.27,413.49,2560.0,19092.05,32.7,17.3,0.0,13.0,325
2016-10-27,558.0,296.27,535.53,2986.0,19887.88,31.7,16.2,0.0,13.1,324
2016-10-28,570.0,318.57,503.0,2698.0,19182.84,30.9,16.7,0.0,11.9,293
2016-10-29,554.0,350.39,516.59,2136.0,16812.46,30.9,17.9,0.0,8.9,110
2016-10-30,522.0,355.77,528.41,1537.0,9088.57,30.2,16.4,0.0,9.4,80
2016-10-31,520.0,434.92,521.21,5639.0,48856.72,29.6,18.8,0.0,9.6,39
2016-11-01,550.0,394.59,537.51,5488.0,40684.02,29.3,15.8,0.0,9.6,328
2016-11-02,593.0,537.96,693.21,3414.0,18793.6,29.7,16.2,0.0,9.4,334
2016-11-03,625.0,482.4,483.99,3967.0,26425.7,29.7,15.5,0.0,8.2,340
2016-11-04,480.0,342.45,475.1,3343.0,21282.0,29.8,15.4,0.0,10.9,304
2016-11-05,603.0,588.39,763.58,4395.0,28041.28,29.5,15.7,0.0,15.0,305
2016-11-06,676.0,685.36,708.8,6390.0,47662.19,29.5,15.0,0.0,10.8,327
2016-11-07,716.0,488.57,527.64,8536.0,58841.83,29.5,15.6,0.0,16.3,306
2016-11-08,542.0,338.38,471.47,3857.0,31843.75,29.3,17.1,0.0,17.7,295
2016-11-09,455.0,307.08,415.79,3717.0,30717.78,29.5,15.1,0.0,13.9,299
2016-11-10,471.0,291.71,464.27,3001.0,16762.4,29.3,13.3,0.0,10.0,323
2016-11-11,514.0,295.88,491.38,4048.0,30935.74,28.9,13.7,0.0,9.5,111
2016-11-12,491.0,277.67,437.21,2022.0,13445.43,29.3,14.7,0.0,10.0,134
2016-11-13,469.0,228.16,388.97,1100.0,6915.46,28.5,15.6,0.0,8.7,134
2016-11-14,404.0,194.2,266.97,728.0,4972.68,27.7,17.0,0.0,8.0,11
2016-11-15,379.0,236.09,399.5,965.0,6014.72,27.2,16.9,0.0,9.4,335
2016-11-16,428.0,291.98,391.88,1097.0,7558.64,27.1,14.0,0.0,12.5,312
2016-11-17,504.0,351.47,412.95,1254.0,7383.41,27.5,14.0,0.0,18.4,297
2016-11-18,512.0,237.21,409.98,820.0,4236.16,27.1,14.4,0.0,14.1,292
2016-11-19,494.0,285.71,412.35,379.0,2021.39,26.9,13.1,0.0,9.5,291
2016-11-20,438.0,323.74,350.18,402.0,2399.8,27.6,13.2,0.0,10.1,134
2016-11-21,474.0,340.61,439.26,239.0,1551.72,28.7,13.0,0.0,10.8,269
2016-11-22,471.0,281.76,399.82,305.0,1674.69,28.8,13.2,0.0,14.9,290
2016-11-23,432.0,174.56,443.12,242.0,900.13,28.1,14.8,0.0,12.2,295
2016-11-24,397.0,216.1,478.72,107.0,460.92,27.8,13.0,0.0,15.5,307
2016-11-25,375.0,136.21,399.13,169.0,707.58,28.7,15.3,0.0,23.1,302
2016-11-26,330.0,113.3,325.47,83.0,355.96,29.4,16.9,0.0,22.4,300
2016-11-27,347.0,128.7,336.16,162.0,763.27,29.2,15.7,0.0,20.8,299
2016-11-28,274.0,127.5,312.58,158.0,539.1,28.1,16.1,0.0,16.0,299
2016-11-29,360.0,236.58,489.62,113.0,363.98,26.5,11.2,0.0,9.7,10
2016-11-30,441.0,246.25,437.91,63.0,245.67,26.3,12.2,0.0,9.6,112
2016-12-01,418.0,263.61,473.72,74.0,542.94,26.0,14.2,0.0,9.2,73
2016-12-02,474.0,263.25,422.11,90.0,445.6,25.3,13.7,0.0,9.2,309
2016-12-03,419.0,196.6,432.38,173.0,848.1,25.6,11.5,0.0,8.0,291
2016-12-04,379.0,223.3,426.63,201.0,968.13,25.2,10.8,0.0,9.7,292
2016-12-05,389.0,204.6,417.29,114.0,420.02,25.3,11.3,0.0,10.6,291
2016-12-06,402.0,293.91,497.31,76.0,279.13,25.2,11.4,0.0,9.1,346
2016-12-07,472.0,283.61,414.27,68.0,276.91,24.7,11.0,0.0,6.6,350
2016-12-08,422.0,238.21,374.88,129.0,558.63,24.4,10.9,0.0,7.0,141
2016-12-09,443.0,295.62,502.98,158.0,632.2,25.2,11.4,0.0,8.8,225
2016-12-10,413.0,189.09,249.35,6.0,15.17,25.6,11.8,0.0,9.4,160
2016-12-11,351.0,199.12,294.81,43.0,133.09,25.7,12.7,0.0,9.6,269
2016-12-12,418.0,210.28,365.65,26.0,78.63,25.4,12.4,0.0,9.5,312
2016-12-13,413.0,209.91,438.88,60.0,287.86,24.4,12.2,0.0,12.1,316
2016-12-14,379.0,154.55,336.29,93.0,288.58,23.8,12.5,0.0,12.0,316
2016-12-15,359.0,167.64,345.07,75.0,215.44,23.3,10.9,0.0,18.0,293
2016-12-16,390.0,200.78,443.63,96.0,388.08,22.6,8.4,0.0,9.9,316
2016-12-17,437.0,229.35,450.31,122.0,986.27,22.3,9.1,0.0,11.0,313
2016-12-18,411.0,232.33,433.94,157.0,664.82,22.1,9.0,0.0,10.5,308
2016-12-19,443.0,236.24,445.54,207.0,1065.04,23.1,8.7,0.0,15.1,298
2016-12-20,377.0,161.92,324.2,130.0,720.15,24.3,12.1,0.0,21.1,296
2016-12-21,317.0,131.95,291.75,299.0,1454.41,24.9,11.7,0.0,18.2,292
2016-12-22,349.0,187.3,399.43,163.0,598.81,23.1,9.9,0.0,11.8,317
2016-12-23,470.0,364.15,616.99,115.0,437.99,23.8,10.3,0.0,5.7,320
2016-12-24,576.0,411.8,605.65,112.0,633.52,23.8,9.5,0.0,12.7,125
2016-12-25,412.0,232.41,346.57,76.0,256.85,21.6,11.9,0.0,13.4,218
2016-12-26,338.0,154.26,307.64,58.0,271.52,22.6,11.4,0.0,13.5,309
2016-12-27,319.0,213.2,395.37,49.0,191.94,22.9,9.7,0.0,12.7,300
2016-12-28,455.0,273.82,515.41,30.0,252.79,23.4,8.4,0.0,9.2,292
2016-12-29,524.0,339.96,535.68,47.0,204.85,23.0,9.6,0.0,10.5,122
2016-12-30,381.0,231.1,368.9,86.0,293.87,22.1,11.2,0.0,11.9,118
2016-12-31,338.0,211.16,353.61,56.0,220.53,21.5,10.6,0.0,13.2,125
2017-01-01,332.0,191.5,402.31,37.0,171.23,22.0,11.3,0.0,13.0,99
2017-01-02,384.0,247.79,440.18,47.0,191.58,21.7,10.7,0.0,10.8,22
2017-01-03,373.0,255.33,390.67,33.0,96.54,22.5,10.4,0.0,9.4,303
2017-01-04,439.0,248.01,341.15,75.0,303.03,23.0,10.3,0.0,9.7,178
2017-01-05,318.0,215.42,352.83,89.0,297.93,23.4,10.9,0.0,9.6,201
2017-01-06,390.0,194.12,278.62,17.0,74.56,23.0,12.4,1.8,18.1,143
2017-01-07,332.0,154.52,170.19,0.0,0.0,19.4,11.4,5.4,16.0,118
2017-01-08,283.0,136.98,218.67,5.0,15.08,18.4,10.6,0.0,11.4,44
2017-01-09,300.0,141.88,266.86,21.0,67.63,19.2,8.4,0.0,12.4,339
2017-01-10,305.0,108.26,239.51,44.0,133.97,16.7,6.4,0.0,17.6,303
2017-01-11,337.0,146.04,314.69,45.0,213.55,16.0,4.6,0.0,17.1,292
2017-01-12,417.0,216.73,423.24,17.0,49.7,16.9,4.2,0.0,11.8,307
2017-01-13,426.0,232.37,426.02,41.0,141.03,17.9,5.0,0.0,12.0,320
2017-01-14,439.0,309.28,318.52,14.0,62.98,18.5,4.4,0.0,10.7,316
2017-01-15,382.0,222.66,281.83,45.0,160.05,20.3,8.3,0.0,10.5,176
2017-01-16,397.0,188.08,284.88,25.0,75.02,19.6,10.5,0.2,15.5,285
2017-01-17,330.0,177.67,206.63,3.0,10.52,16.6,6.0,0.0,12.3,301
2017-01-18,358.0,218.63,268.67,12.0,41.75,19.1,5.2,0.0,11.1,332
2017-01-19,376.0,227.68,225.03,27.0,102.92,20.8,7.1,0.0,16.4,320
2017-01-20,334.0,217.55,207.03,34.0,102.06,19.3,6.5,0.0,14.7,297
2017-01-21,387.0,349.98,226.74,21.0,76.04,19.8,7.3,0.1,12.1,294
2017-01-22,446.0,286.6,360.04,53.0,230.06,22.9,9.7,0.0,9.7,328
2017-01-23,379.0,189.45,277.25,6.0,20.21,23.5,10.6,0.0,12.8,313
2017-01-24,375.0,230.94,386.49,16.0,63.71,24.9,10.4,0.0,10.2,345
2017-01-25,450.0,241.78,370.37,1.0,11.64,25.2,13.7,12.8,22.0,124
2017-01-26,340.0,135.87,166.57,1.0,0.68,19.0,13.7,33.3,19.1,122
2017-01-27,203.0,74.92,80.21,1.0,0.41,17.9,12.4,1.8,19.4,282
2017-01-28,236.0,109.13,144.49,1.0,5.72,19.7,10.1,0.0,13.6,305
2017-01-29,252.0,132.35,171.91,2.0,3.66,21.0,11.0,0.0,16.9,290
2017-01-30,302.0,166.71,276.2,5.0,11.45,20.8,10.1,0.0,8.7,285
2017-01-31,358.0,214.23,316.16,24.0,82.94,21.2,11.1,0.0,12.5,327
2017-02-01,317.0,136.02,251.31,18.0,38.2,20.6,9.8,0.0,11.7,299
2017-02-02,387.0,198.24,410.79,11.0,29.8,21.4,9.2,0.0,11.0,326
2017-02-03,438.0,194.99,427.02,12.0,57.74,22.2,9.3,0.0,10.1,335
2017-02-04,407.0,186.65,324.14,1.0,1.88,22.6,11.7,0.0,22.2,126
2017-02-05,312.0,146.49,286.46,27.0,118.98,21.8,14.6,3.2,23.5,117
2017-02-06,367.0,176.04,414.89,31.0,170.54,21.8,11.8,0.1,16.8,310
2017-02-07,263.0,77.85,218.27,28.0,167.45,20.0,9.7,0.0,16.8,301
2017-02-08,287.0,129.1,325.78,52.0,199.76,21.4,9.2,0.0,10.8,297
2017-02-09,346.0,133.12,303.04,73.0,299.07,20.7,9.5,0.0,17.7,323
2017-02-10,314.0,120.43,272.12,104.0,534.81,21.1,9.9,0.0,18.9,303
2017-02-11,314.0,129.09,275.18,128.0,490.12,21.4,8.0,0.0,11.2,311
2017-02-12,314.0,166.55,250.37,87.0,362.34,22.1,8.4,0.0,10.8,354
2017-02-13,298.0,130.62,268.92,64.0,311.73,23.0,9.9,0.0,12.7,316
2017-02-14,319.0,168.96,358.24,13.0,33.14,24.0,10.2,0.0,14.5,295
2017-02-15,382.0,183.98,386.01,38.0,210.6,25.1,11.1,0.0,13.2,292
2017-02-16,352.0,163.86,335.5,55.0,185.78,27.4,13.3,0.0,18.3,301
2017-02-17,309.0,112.02,330.9,38.0,126.24,27.2,15.0,0.0,16.4,299
2017-02-18,301.0,107.13,352.54,24.0,87.99,28.5,14.2,0.0,15.6,304
2017-02-19,274.0,109.38,364.83,39.0,179.3,28.6,15.1,0.0,16.0,308
2017-02-20,313.0,126.74,406.49,33.0,100.89,29.4,16.4,0.0,15.5,161
2017-02-21,310.0,106.92,303.47,56.0,201.06,25.4,14.7,0.0,18.1,276
2017-02-22,258.0,93.03,270.3,72.0,270.17,25.5,12.9,0.0,11.8,320
2017-02-23,238.0,182.29,158.96,48.0,240.03,24.7,11.4,0.0,22.7,310
2017-02-24,449.0,451.25,104.82,52.0,161.08,25.2,12.4,0.0,27.3,303
2017-02-25,516.0,425.22,103.74,45.0,232.0,26.8,13.1,0.0,24.5,295
2017-02-26,520.0,328.23,198.09,57.0,255.98,26.4,12.9,0.0,20.7,297
2017-02-27,363.0,178.5,255.65,68.0,289.0,27.4,12.2,0.0,16.2,302
2017-02-28,362.0,149.73,382.34,19.0,121.4,29.2,15.3,0.0,9.8,4
2017-03-01,397.0,127.9,359.47,46.0,262.83,28.0,18.4,2.9,11.8,357
2017-03-02,280.0,114.68,300.55,43.0,204.7,27.6,14.5,1.3,14.0,341
2017-03-03,206.0,67.83,181.19,29.0,74.84,26.4,13.5,0.0,16.9,329
2017-03-04,190.0,82.32,196.84,56.0,187.97,25.1,12.2,0.0,17.3,306
2017-03-05,210.0,90.6,229.62,44.0,199.8,26.7,12.0,0.0,20.9,301
2017-03-06,201.0,91.6,242.14,54.0,243.56,26.9,12.5,0.0,19.2,297
2017-03-07,243.0,112.41,307.78,8.0,46.15,27.5,13.5,0.0,14.7,351
2017-03-08,267.0,134.4,224.36,14.0,55.36,25.9,16.5,1.2,21.3,55
2017-03-09,245.0,106.45,142.78,14.0,26.71,25.9,14.1,0.3,14.6,68
2017-03-10,165.0,68.88,106.39,17.0,56.98,22.6,13.3,12.1,17.5,131
2017-03-11,102.0,37.49,110.65,5.0,19.31,21.7,12.0,1.3,19.2,75
2017-03-12,159.0,64.42,169.87,30.0,97.73,21.6,10.3,0.0,17.3,327
2017-03-13,174.0,74.58,182.79,30.0,79.84,22.8,10.3,0.0,17.8,314
2017-03-14,270.0,102.46,284.27,45.0,169.31,24.5,9.7,0.0,12.5,334
2017-03-15,397.0,112.71,319.97,24.0,73.06,26.9,11.3,0.0,15.3,313
2017-03-16,371.0,125.8,348.95,8.0,66.24,27.2,13.6,0.0,15.2,318
2017-03-17,328.0,114.07,288.64,45.0,203.53,26.4,13.8,0.0,21.1,315
2017-03-18,254.0,96.39,267.96,19.0,72.2,27.9,13.7,0.0,11.3,313
2017-03-19,342.0,120.43,350.42,30.0,117.64,29.4,15.9,1.3,19.2,296
2017-03-20,367.0,121.21,332.73,29.0,128.44,29.5,15.2,0.0,19.3,287
2017-03-21,400.0,128.51,365.67,23.0,116.47,32.1,16.0,0.0,16.8,290
2017-03-22,390.0,120.88,405.64,12.0,53.59,33.9,18.0,0.0,18.0,290
2017-03-23,417.0,151.17,342.53,24.0,84.96,34.6,17.8,0.2,23.2,279
2017-03-24,359.0,149.42,282.88,27.0,103.11,33.4,19.4,0.0,16.9,319
2017-03-25,309.0,168.23,254.71,32.0,100.4,32.7,17.6,0.0,20.7,307
2017-03-26,292.0,118.34,247.77,30.0,140.4,34.0,19.7,0.0,23.0,296
2017-03-27,278.0,156.38,218.98,28.0,149.1,36.0,21.7,0.0,26.5,304
2017-03-28,320.0,152.66,289.95,17.0,52.95,36.8,21.3,0.0,19.6,309
2017-03-29,350.0,113.62,311.56,38.0,112.1,37.4,22.7,0.0,20.4,297
2017-03-30,234.0,69.44,204.22,30.0,95.38,37.3,22.8,0.0,20.2,299
2017-03-31,233.0,91.19,285.69,40.0,148.82,37.3,22.9,0.0,12.4,294
2017-04-01,341.0,105.71,291.02,43.0,154.44,37.7,22.4,0.0,25.1,302
2017-04-02,259.0,83.36,210.86,33.0,108.79,37.0,22.2,0.0,20.2,300
2017-04-03,204.0,70.62,192.27,31.0,170.29,37.5,21.3,0.0,20.1,300
2017-04-04,220.0,84.4,234.82,9.0,25.66,36.5,21.2,0.0,16.6,15
2017-04-05,255.0,47.67,207.72,7.0,44.5,34.6,23.2,1.1,30.5,112
2017-04-06,211.0,62.44,252.48,5.0,14.18,36.4,21.0,0.0,23.7,165
2017-04-07,428.0,150.76,543.0,11.0,32.63,33.2,19.2,0.0,18.4,8
2017-04-08,497.0,151.25,410.15,12.0,40.01,32.8,17.4,0.0,14.5,305
2017-04-09,289.0,68.88,190.42,41.0,92.61,31.8,19.6,0.0,24.2,316
2017-04-10,285.0,129.15,237.88,46.0,219.51,33.3,18.9,0.0,31.8,303
2017-04-11,368.0,146.59,253.07,45.0,166.82,36.4,20.1,0.0,29.9,299
2017-04-12,304.0,107.69,309.37,44.0,181.75,38.4,21.4,0.0,25.5,306
2017-04-13,377.0,163.97,375.82,24.0,70.66,38.5,20.7,0.0,12.6,322
2017-04-14,418.0,184.69,371.87,79.0,408.6,39.1,23.6,0.0,11.9,160
2017-04-15,355.0,176.54,343.62,81.0,408.34,39.9,22.2,0.0,18.8,296
2017-04-16,416.0,175.23,409.95,52.0,210.16,39.7,23.2,0.0,15.1,340
2017-04-17,403.0,145.22,389.03,23.0,116.42,40.6,24.6,0.0,16.0,107
2017-04-18,415.0,152.84,400.78,110.0,1220.31,41.4,23.6,0.0,16.7,279
2017-04-19,412.0,136.35,356.47,118.0,1003.11,41.6,25.7,0.0,15.8,287
2017-04-20,394.0,152.99,324.19,77.0,400.49,41.5,24.3,0.0,22.9,278
2017-04-21,357.0,130.13,409.7,56.0,315.89,40.9,25.9,0.0,18.7,145
2017-04-22,291.0,110.54,263.66,13.0,235.54,40.5,27.1,2.0,21.4,18
2017-04-23,244.0,103.42,260.82,54.0,417.35,38.8,24.7,0.0,21.3,298
2017-04-24,287.0,99.09,266.24,137.0,556.31,37.0,24.1,2.1,27.2,300
2017-04-25,254.0,96.07,287.92,147.0,1058.99,37.1,23.4,0.0,22.7,301
2017-04-26,242.0,72.31,189.5,139.0,1198.09,37.5,22.3,0.0,24.7,277
2017-04-27,223.0,93.14,271.06,91.0,499.22,38.4,22.9,0.0,16.5,309
2017-04-28,243.0,109.36,271.94,161.0,841.24,38.3,22.7,0.3,18.3,287
2017-04-29,237.0,126.74,303.75,336.0,1982.98,38.2,23.9,0.0,13.6,183
2017-04-30,275.0,80.81,234.05,309.0,1973.13,37.1,23.4,0.1,25.5,110
2017-05-01,183.0,85.8,211.83,369.0,3547.51,36.9,22.0,0.0,13.4,25
2017-05-02,370.0,198.2,313.23,376.0,2673.03,38.4,24.8,0.0,10.8,255
2017-05-03,419.0,145.74,367.73,196.0,1195.75,38.2,26.4,0.0,15.9,225
2017-05-04,317.0,109.91,302.02,1198.0,7738.65,38.5,25.8,0.0,25.5,284
2017-05-05,455.0,207.4,429.32,1996.0,15263.22,39.1,23.2,0.0,17.7,310
2017-05-06,435.0,204.56,363.53,1465.0,12010.56,40.7,24.7,0.0,17.7,313
2017-05-07,468.0,220.77,376.33,1225.0,9698.85,42.1,25.2,0.0,21.4,306
2017-05-08,442.0,183.82,392.34,712.0,7165.53,42.1,26.0,0.0,16.4,319
2017-05-09,400.0,109.76,334.65,1555.0,11185.8,42.1,25.6,0.0,21.5,107
2017-05-10,223.0,74.42,242.54,1310.0,7059.42,39.8,26.9,1.8,21.5,117
2017-05-11,220.0,94.28,263.87,961.0,6686.66,39.9,27.1,0.0,18.8,100
2017-05-12,474.0,216.96,500.59,843.0,6930.8,40.4,26.4,1.4,24.0,38
2017-05-13,479.0,198.09,356.85,313.0,1666.41,40.3,26.1,0.1,20.0,320
2017-05-14,373.0,121.76,334.51,1048.0,7950.11,42.6,26.8,0.0,19.4,300
2017-05-15,354.0,135.54,381.35,595.0,2956.5,42.6,27.3,0.0,16.8,269
2017-05-16,349.0,123.21,375.15,289.0,1520.46,40.6,27.3,0.7,22.1,314
2017-05-17,264.0,78.18,287.99,192.0,943.39,35.9,25.4,1.0,14.7,295
2017-05-18,188.0,126.04,279.92,288.0,2273.48,38.5,25.7,0.4,18.8,179
2017-05-19,294.0,139.1,329.12,328.0,2516.76,40.8,26.3,0.0,23.5,229
2017-05-20,334.0,233.82,352.76,214.0,1166.71,39.9,25.9,0.0,16.2,266
2017-05-21,505.0,178.44,505.07,18.0,56.03,39.4,25.8,0.0,16.9,291
2017-05-22,349.0,110.1,386.67,152.0,805.15,37.7,24.3,0.9,17.3,285
2017-05-23,421.0,118.43,326.02,206.0,1668.23,37.8,25.1,0.1,17.0,288
2017-05-24,238.0,107.37,252.35,87.0,703.16,39.6,25.9,0.2,16.0,133
2017-05-25,204.0,113.9,222.88,146.0,1103.46,40.7,27.5,0.0,16.1,97
2017-05-26,289.0,103.75,301.57,183.0,1089.25,42.6,27.8,0.0,19.8,115
2017-05-27,236.0,69.88,317.07,115.0,832.82,40.8,28.3,0.2,21.6,121
2017-05-28,148.0,40.33,150.34,153.0,958.69,38.0,27.9,0.3,24.5,122
2017-05-29,94.0,48.95,150.23,29.0,202.97,35.5,25.4,2.4,21.3,124
2017-05-30,130.0,63.27,174.62,138.0,768.27,35.3,24.6,0.5,15.8,101
2017-05-31,123.0,56.38,137.62,26.0,79.31,37.2,26.2,0.2,18.9,132
2017-06-01,192.0,95.23,257.16,65.0,404.44,37.8,26.8,0.0,18.4,304
2017-06-02,324.0,123.44,354.35,75.0,528.97,39.4,24.9,0.0,15.6,273
2017-06-03,357.0,122.2,362.94,48.0,215.41,42.0,27.2,0.0,19.5,292
2017-06-04,393.0,121.1,436.35,88.0,461.8,44.1,29.7,0.0,23.8,275
2017-06-05,302.0,71.89,320.91,51.0,327.93,42.9,34.0,0.0,28.1,271
2017-06-06,239.0,80.37,348.79,13.0,75.27,40.8,32.1,0.3,29.8,276
2017-06-07,210.0,40.87,233.62,9.0,40.07,36.5,26.9,0.6,25.1,102
2017-06-08,77.0,41.83,264.59,9.0,84.89,35.7,27.0,3.8,19.7,146
2017-06-09,89.0,66.73,295.56,11.0,49.7,36.7,26.4,0.3,15.0,230
2017-06-10,143.0,64.63,252.46,32.0,157.46,38.9,26.1,0.6,14.9,288
2017-06-11,80.0,43.02,209.35,35.0,136.89,38.1,25.8,0.2,13.7,314
2017-06-12,92.0,57.4,166.25,52.0,282.0,38.9,25.7,0.0,21.2,303
2017-06-13,112.0,48.6,244.14,92.0,401.69,40.9,27.0,0.1,19.4,267
2017-06-14,117.0,62.0,310.73,23.0,180.35,41.0,27.1,0.4,19.1,264
2017-06-15,101.0,80.14,205.5,47.0,187.23,39.1,27.4,2.2,15.9,285
2017-06-16,106.0,51.6,124.35,18.0,58.73,36.6,24.2,0.4,11.8,136
2017-06-17,88.0,41.96,87.16,6.0,24.37,37.0,24.7,7.0,18.1,203
2017-06-18,94.0,65.19,218.93,66.0,272.26,36.5,25.2,3.1,21.1,262
2017-06-19,150.0,60.9,228.2,4.0,9.57,35.6,26.9,5.5,19.8,266
2017-06-20,97.0,35.1,88.82,3.0,18.59,34.9,25.0,10.2,12.8,64
2017-06-21,109.0,58.27,87.74,2.0,5.15,33.0,24.0,2.4,18.3,272
2017-06-22,124.0,61.93,124.6,3.0,2.91,34.2,25.0,0.0,16.2,271
2017-06-23,117.5,44.08,160.22,25.0,97.04,33.1,25.4,5.5,17.1,281
2017-06-24,111.0,63.62,245.23,57.0,185.51,35.8,26.2,0.0,8.6,247
2017-06-25,148.0,76.1,325.29,22.0,111.92,36.8,29.2,0.2,12.3,107
2017-06-26,108.0,51.52,359.19,12.0,90.52,37.0,29.0,2.3,15.6,102
2017-06-27,73.0,36.62,286.38,10.0,45.23,36.7,28.1,1.1,18.6,114
2017-06-28,58.0,29.83,128.18,0.0,0.0,33.5,26.8,24.1,19.1,90
2017-06-29,58.0,22.98,103.8,0.0,0.0,31.1,25.7,3.6,21.4,120
2017-06-30,46.0,25.83,90.41,2.0,2.18,30.4,25.9,15.1,14.3,140
2017-07-01,84.0,43.35,224.62,5.0,8.55,31.1,26.4,10.5,10.0,116
2017-07-02,54.0,20.52,223.56,1.0,1.86,30.3,25.6,12.4,15.6,116
2017-07-03,49.0,46.71,246.98,6.0,13.14,32.9,26.0,3.5,12.8,157
2017-07-04,149.0,116.12,243.81,15.0,53.1,34.6,27.6,3.8,24.8,271
2017-07-05,212.0,50.81,240.65,2.0,6.54,34.5,27.6,0.4,18.8,256
2017-07-06,85.0,47.17,237.48,5.0,19.15,34.4,27.0,1.0,15.9,250
2017-07-07,77.0,41.42,,3.0,5.14,34.5,25.7,1.7,12.7,165
2017-07-08,65.0,45.31,,7.0,23.99,34.6,26.7,0.1,15.3,286
2017-07-09,108.0,58.46,,19.0,66.87,36.4,28.3,0.0,22.0,275
2017-07-10,78.0,41.92,,26.0,72.7,36.3,29.0,0.4,21.7,254
2017-07-11,59.0,33.04,,0.0,0.0,34.7,27.5,1.4,13.7,204
2017-07-12,47.0,22.35,,3.0,3.48,30.8,26.0,1.1,16.1,135
2017-07-13,39.0,22.44,,5.0,11.12,32.4,26.0,0.6,21.0,95
2017-07-14,40.0,30.35,,5.0,12.1,32.9,27.1,0.6,18.1,92
2017-07-15,56.0,32.02,,18.0,99.76,32.5,27.1,9.6,16.2,106
2017-07-16,65.0,38.77,,2.0,3.15,32.8,27.1,5.1,15.1,109
2017-07-17,71.0,33.56,,1.0,0.59,33.2,27.5,5.8,19.2,97
2017-07-18,97.0,37.67,,2.0,7.68,33.8,27.0,4.3,11.7,117
2017-07-19,118.0,55.96,,11.0,44.76,35.2,27.7,2.0,11.8,48
2017-07-20,116.0,28.88,,4.0,3.97,32.3,25.5,14.0,16.6,104
2017-07-21,53.0,23.12,,9.0,16.89,32.7,27.8,5.7,19.1,92
2017-07-22,30.0,18.54,,10.0,46.21,31.2,26.6,1.8,23.4,98
2017-07-23,37.0,22.65,,4.0,13.04,32.2,25.6,5.3,23.2,100
2017-07-24,35.0,17.52,,4.0,8.64,30.5,25.1,6.3,21.4,109
2017-07-25,37.0,22.17,,9.0,21.66,31.3,25.2,5.6,19.6,105
2017-07-26,32.0,20.17,,10.0,24.47,31.8,25.4,0.7,17.2,112
2017-07-27,41.0,24.42,,1.0,3.21,32.8,26.3,1.9,19.8,103
2017-07-28,42.0,25.71,,3.0,5.62,32.1,27.0,0.9,22.4,94
2017-07-29,47.0,27.25,,3.0,4.5,31.7,26.6,1.8,24.9,115
2017-07-30,30.0,10.88,,1.0,0.32,31.4,26.3,2.3,13.8,157
2017-07-31,29.0,17.1,,0.0,0.0,31.0,25.7,17.6,12.0,233
2017-08-01,44.0,17.24,,1.0,1.25,28.7,25.5,4.8,18.0,256
2017-08-02,40.0,27.56,,0.0,0.0,31.6,26.1,2.6,15.5,277
2017-08-03,49.0,27.29,,1.0,1.04,31.6,26.2,1.0,21.9,274
2017-08-04,50.0,42.65,,6.0,7.06,32.0,26.7,0.7,16.9,258
2017-08-05,88.0,53.69,,5.0,8.07,33.4,27.1,3.8,15.0,261
2017-08-06,99.0,61.44,,4.0,20.35,32.6,27.5,1.3,10.0,284
2017-08-07,110.0,57.42,,0.0,0.0,31.5,25.8,17.7,11.4,170
2017-08-08,68.0,36.58,,4.0,9.49,32.5,25.9,12.5,8.8,125
2017-08-09,73.0,50.42,,4.0,6.37,30.4,25.7,17.3,9.7,188
2017-08-10,95.0,48.6,,8.0,18.76,32.6,25.7,10.2,20.5,266
2017-08-11,58.0,21.83,,7.0,17.47,34.1,27.5,0.2,23.0,268
2017-08-12,45.0,23.4,,5.0,14.99,33.2,27.6,0.3,31.3,262
2017-08-13,49.67,24.97,,1.0,3.21,33.1,26.8,0.5,20.2,249
2017-08-14,54.33,26.54,,2.0,2.36,33.2,26.5,0.2,13.2,247
2017-08-15,59.0,30.12,,6.0,8.61,32.8,27.1,0.6,15.6,270
2017-08-16,53.0,35.23,,8.0,11.89,34.6,27.2,0.0,18.8,280
2017-08-17,66.0,39.6,,1.0,0.91,35.8,27.7,0.0,20.2,274
2017-08-18,70.0,46.25,,1.0,2.47,35.6,27.5,0.0,14.9,310
2017-08-19,70.0,35.48,,2.0,4.01,30.4,27.0,6.3,16.5,109
2017-08-20,63.0,22.15,,4.0,4.83,33.2,26.1,0.4,17.4,103
2017-08-21,42.0,25.5,,6.0,19.69,32.7,26.7,6.2,19.3,103
2017-08-22,47.33,46.0,,9.0,19.57,32.2,26.6,6.0,12.6,104
2017-08-23,52.67,36.54,,1.0,0.4,31.3,26.5,3.8,15.6,114
2017-08-24,58.0,47.79,,0.0,0.0,32.2,25.6,1.7,8.7,137
2017-08-25,104.0,51.33,,2.0,2.03,30.8,26.2,6.7,11.7,117
2017-08-26,97.8,62.33,,8.0,12.66,31.8,25.3,26.7,7.9,67
2017-08-27,91.6,34.3,,6.0,23.43,32.6,25.4,1.8,12.9,78
2017-08-28,85.4,23.82,69.65,1.0,2.27,29.0,25.9,2.0,22.0,87
2017-08-29,79.2,15.23,66.48,4.0,7.85,31.2,25.8,8.0,19.4,87
2017-08-30,73.0,20.5,63.32,2.0,1.73,30.8,26.4,4.4,21.0,100
2017-08-31,94.0,41.62,60.15,0.0,0.0,28.8,24.7,24.2,14.6,124
2017-09-01,91.0,25.58,41.64,3.0,10.04,30.2,24.9,33.7,17.6,225
2017-09-02,88.0,20.06,45.86,4.0,7.28,28.1,25.0,24.7,16.2,253
2017-09-03,88.0,38.19,79.78,7.0,6.31,31.4,24.4,0.5,10.5,273
2017-09-04,89.0,47.89,84.29,3.0,3.89,32.8,25.3,0.0,16.7,279
2017-09-05,88.0,35.61,75.82,6.0,50.16,32.2,25.3,0.1,13.5,277
2017-09-06,88.0,39.41,85.23,3.0,10.56,32.5,25.9,1.5,12.6,261
2017-09-07,88.0,40.34,67.06,8.0,13.84,31.0,24.1,0.4,12.2,295
2017-09-08,106.0,51.7,101.89,9.0,27.62,32.2,24.9,0.3,11.6,314
2017-09-09,96.0,54.83,111.65,20.0,69.9,32.9,24.7,0.0,13.5,297
2017-09-10,118.0,60.46,119.5,9.0,15.48,34.4,25.6,0.0,13.0,180
2017-09-11,119.0,63.97,120.06,16.0,55.05,34.6,26.0,0.0,16.5,329
2017-09-12,106.0,46.65,103.84,18.0,64.08,33.8,25.7,0.0,14.4,292
2017-09-13,115.0,54.77,143.16,16.0,54.63,34.0,25.9,0.0,11.4,283
2017-09-14,142.0,80.47,186.11,13.0,50.62,33.7,26.0,0.0,9.5,342
2017-09-15,169.0,64.37,127.68,9.0,19.13,34.2,25.0,0.0,13.2,329
2017-09-16,110.0,51.56,82.26,23.0,87.92,33.7,25.3,0.0,14.3,333
2017-09-17,106.0,53.05,85.65,49.0,275.15,33.4,25.8,0.0,17.4,320
2017-09-18,99.0,60.83,102.29,26.0,110.28,34.8,24.1,0.0,17.1,327
2017-09-19,109.0,55.55,112.21,43.0,201.56,33.8,24.8,0.1,9.5,82
2017-09-20,137.0,70.81,111.9,47.0,223.49,35.7,25.2,0.0,11.2,39
2017-09-21,144.0,55.93,76.81,27.0,142.0,33.7,25.1,0.0,15.8,109
2017-09-22,92.0,11.81,18.59,41.0,203.31,27.2,23.9,12.4,19.8,43
2017-09-23,83.0,17.76,43.57,26.0,86.81,26.4,22.8,18.0,19.9,331
2017-09-24,84.0,35.5,81.42,23.0,85.64,30.8,21.0,0.0,17.9,315
2017-09-25,104.0,50.09,100.02,19.0,95.8,33.1,22.5,0.0,16.1,310
2017-09-26,131.0,66.12,114.15,44.0,232.93,33.2,23.7,0.0,12.7,300
2017-09-27,165.0,80.94,125.39,69.0,376.71,34.1,23.6,0.0,9.7,202
2017-09-28,176.0,75.4,102.91,120.0,558.9,33.8,23.8,0.0,10.2,271
2017-09-29,172.0,89.38,140.94,59.0,274.33,33.5,24.1,0.0,14.1,340
2017-09-30,137.0,74.2,125.73,82.0,424.77,34.8,23.4,0.0,13.9,321
2017-10-01,131.0,68.47,120.56,92.0,427.58,35.5,21.8,0.0,11.9,256
2017-10-02,132.0,63.41,128.15,103.0,534.53,35.4,22.5,0.0,10.3,273
2017-10-03,115.0,69.45,127.48,147.0,672.66,34.6,21.7,0.0,15.3,350
2017-10-04,151.0,76.81,138.81,189.0,883.24,34.4,22.0,0.0,14.1,348
2017-10-05,180.0,75.73,125.31,213.0,1157.08,34.4,22.5,0.0,13.8,11
2017-10-06,183.0,79.81,111.43,203.0,1075.36,34.7,22.8,0.0,13.4,343
2017-10-07,193.0,70.98,151.15,244.0,1303.97,33.9,20.9,0.0,13.4,321
2017-10-08,224.0,102.2,155.03,445.0,2536.88,34.6,21.5,0.0,8.9,33
2017-10-09,268.0,107.63,173.87,415.0,1740.78,35.0,22.4,0.0,13.0,93
2017-10-10,253.0,105.88,158.68,378.0,2013.94,34.9,21.9,0.0,10.7,74
2017-10-11,208.0,104.45,122.3,211.0,1288.93,34.6,22.3,0.0,13.0,81
2017-10-12,211.0,106.85,186.91,532.0,2666.21,34.2,22.4,0.0,11.0,335
2017-10-13,246.0,137.42,207.87,480.0,3020.2,34.5,22.2,0.0,11.9,296
2017-10-14,319.0,147.07,208.87,838.0,4613.49,35.7,21.6,0.0,13.0,322
2017-10-15,317.0,147.83,195.47,967.0,5721.39,35.3,21.1,0.0,10.2,348
2017-10-16,310.0,152.61,213.98,561.0,3592.46,35.3,20.9,0.0,11.3,351
2017-10-17,313.0,121.7,212.35,934.0,5325.23,33.6,19.8,0.0,14.7,325
2017-10-18,310.0,152.16,204.03,972.0,6905.63,33.5,20.1,0.0,16.1,339
2017-10-19,336.0,176.17,259.0,1682.0,11098.69,34.5,20.6,0.0,11.6,39
2017-10-20,497.0,426.52,387.13,2089.0,11032.28,34.7,21.6,0.0,11.3,27
2017-10-21,404.0,213.12,317.52,1251.0,7879.99,34.8,20.4,0.0,14.6,335
2017-10-22,338.0,146.01,201.91,1071.0,6044.12,35.1,19.8,0.0,14.1,161
2017-10-23,327.0,163.35,242.73,1127.0,6990.14,33.5,19.2,0.0,13.7,28
2017-10-24,366.0,188.24,331.64,1665.0,11356.83,33.2,19.5,0.0,16.3,310
2017-10-25,357.0,203.03,326.46,1963.0,10785.22,32.0,17.9,0.0,10.0,303
2017-10-26,328.0,178.91,290.41,1679.0,11916.63,32.0,18.0,0.0,12.2,132
2017-10-27,345.0,167.54,293.68,1424.0,9866.42,30.9,17.9,0.0,10.4,130
2017-10-28,379.0,198.37,329.05,2716.0,16358.37,31.4,19.0,0.0,10.0,83
2017-10-29,362.0,187.82,300.92,3359.0,23187.63,30.8,17.5,0.0,9.4,80
2017-10-30,340.0,196.37,308.22,3585.0,22288.08,29.8,17.4,0.0,9.6,16
2017-10-31,366.0,211.64,323.45,3451.0,22583.42,30.2,17.9,0.0,8.7,78
2017-11-01,344.0,179.17,265.9,2699.0,19468.76,30.6,19.7,0.0,10.3,130
2017-11-02,305.0,160.69,227.41,1401.0,7456.44,30.4,18.3,0.0,10.5,76
2017-11-03,310.0,168.16,239.73,1999.0,12731.6,29.4,18.2,0.0,9.5,69
2017-11-04,345.0,190.33,292.7,5248.0,31486.0,29.3,17.8,0.0,9.6,82
2017-11-05,370.0,209.61,334.64,2616.0,12115.3,29.2,18.5,0.0,8.3,69
2017-11-06,377.0,216.53,330.27,219.0,908.8,29.3,17.9,0.0,9.2,314
2017-11-07,532.0,517.93,654.68,482.0,2808.15,28.6,17.3,0.0,9.4,342
2017-11-08,675.0,639.19,796.88,2476.0,12644.45,29.2,16.3,0.0,10.3,330
2017-11-09,677.0,495.9,652.21,1018.0,5907.78,29.1,16.6,0.0,11.6,354
2017-11-10,597.0,370.73,496.48,1972.0,8853.76,28.8,15.9,0.0,11.5,2
2017-11-11,471.0,363.77,511.44,155.0,627.38,27.7,15.2,0.0,10.8,353
2017-11-12,613.0,465.08,622.4,31.0,144.0,27.5,14.9,0.0,11.5,322
2017-11-13,561.0,354.56,498.63,270.0,804.52,27.6,16.4,0.0,8.8,105
2017-11-14,444.0,254.36,365.91,1023.0,5352.8,27.5,15.9,0.0,17.6,121
2017-11-15,378.0,192.04,279.26,83.0,270.48,26.2,16.6,0.0,11.1,97
2017-11-16,357.0,191.57,278.95,51.0,226.0,25.7,15.5,0.2,13.0,30
2017-11-17,330.0,150.79,220.08,208.0,1369.75,25.3,15.4,0.1,13.6,339
2017-11-18,309.0,143.51,202.59,2318.0,13649.29,25.4,16.4,0.1,13.7,320
2017-11-19,297.0,128.65,190.51,2404.0,17135.04,24.6,15.4,0.0,15.8,318
2017-11-20,329.0,171.34,249.28,2642.0,16265.69,22.8,12.0,0.0,15.8,304
2017-11-21,341.0,178.08,253.38,2304.0,13619.11,23.3,11.2,0.0,16.6,285
2017-11-22,348.0,177.41,258.11,1053.0,6404.13,24.1,10.8,0.0,18.2,287
2017-11-23,340.0,175.56,251.23,1051.0,7326.39,24.0,11.1,0.0,14.1,293
2017-11-24,348.0,187.97,256.92,745.0,5579.06,24.7,10.2,0.0,12.7,286
2017-11-25,347.0,185.31,268.09,856.0,5707.46,24.9,11.4,0.0,11.9,283
2017-11-26,368.0,224.37,338.82,846.0,3952.85,24.9,10.1,0.0,11.3,330
2017-11-27,382.0,198.34,328.09,435.0,2422.47,25.1,11.4,0.0,16.9,284
2017-11-28,360.0,167.74,290.47,208.0,1394.02,25.6,10.8,0.0,11.5,273
2017-11-29,359.0,215.17,327.64,249.0,1285.95,25.8,11.5,0.0,10.4,110
2017-11-30,388.0,219.84,344.17,262.0,1263.26,25.3,11.6,0.0,11.7,319
2017-12-01,377.0,190.45,309.07,300.0,1124.29,23.9,9.4,0.0,9.1,309
2017-12-02,356.0,208.87,324.46,166.0,602.14,23.8,11.1,0.0,10.1,53
2017-12-03,384.0,240.87,359.22,52.0,187.37,22.9,11.2,0.0,7.6,321
2017-12-04,415.0,261.82,390.1,24.0,73.83,22.7,9.4,0.0,9.3,309
2017-12-05,404.0,230.56,358.86,45.0,285.89,22.8,13.9,0.0,10.2,307
2017-12-06,330.0,120.91,210.21,96.0,471.0,20.9,14.1,0.0,13.4,290
2017-12-07,215.0,88.95,170.12,186.0,661.15,22.7,14.3,0.1,14.3,303
2017-12-08,220.0,115.08,204.38,112.0,412.35,23.9,11.2,0.0,16.1,288
2017-12-09,312.0,165.76,268.35,82.0,317.78,23.7,10.3,0.0,11.2,300
2017-12-10,389.0,230.34,341.87,56.0,193.43,23.9,10.5,0.0,10.0,351
2017-12-11,406.0,218.87,338.45,3.0,5.75,23.4,11.4,2.1,11.3,169
2017-12-12,280.0,109.18,152.76,4.0,2.47,20.8,13.4,5.6,10.9,32
2017-12-13,263.0,134.99,203.48,0.0,0.0,19.7,11.4,0.0,8.7,323
2017-12-14,276.0,126.67,189.9,3.0,5.04,20.4,9.6,0.0,11.7,320
2017-12-15,292.0,127.57,194.15,3.0,6.68,20.2,7.9,0.0,17.4,312
2017-12-16,228.0,100.72,152.72,42.0,133.84,19.5,7.6,0.0,19.9,296
2017-12-17,195.0,95.58,163.65,96.0,325.73,21.0,8.3,0.0,20.5,290
2017-12-18,223.0,115.19,189.64,103.0,254.74,23.5,10.1,0.0,20.8,290
2017-12-19,291.0,168.33,257.19,30.0,112.74,22.5,9.4,0.0,14.3,302
2017-12-20,378.0,283.24,410.74,16.0,37.73,21.8,10.5,0.0,9.8,316
2017-12-21,467.0,293.14,435.23,56.0,180.62,22.9,11.8,0.0,12.1,319
2017-12-22,370.0,157.72,241.38,67.0,203.82,23.3,11.1,0.0,20.1,294
2017-12-23,253.0,117.72,181.59,85.0,311.95,22.5,10.9,0.0,18.5,288
2017-12-24,309.0,203.18,301.71,39.0,147.76,22.3,10.0,0.0,10.3,339
2017-12-25,398.0,259.0,368.35,71.0,264.2,22.1,9.1,0.0,14.2,300
2017-12-26,372.0,224.42,326.11,26.0,90.3,22.3,8.9,0.0,12.0,289
2017-12-27,379.0,224.27,317.87,40.0,98.75,22.5,8.4,0.0,10.1,284
2017-12-28,398.0,249.17,362.39,95.0,295.48,22.6,8.5,0.0,10.9,325
2017-12-29,399.0,227.28,347.63,67.0,212.26,21.6,8.1,0.0,10.9,335
2017-12-30,421.0,273.56,401.15,27.0,96.96,21.1,8.1,0.0,10.9,314
2017-12-31,451.0,306.17,445.58,30.0,107.41,20.2,7.3,0.0,11.7,322
2018-01-01,462.0,303.41,415.09,23.0,70.58,20.1,6.8,0.0,10.3,295
2018-01-02,439.0,277.48,422.59,36.0,113.18,19.8,6.5,0.0,9.6,297
2018-01-03,405.0,217.01,336.87,41.0,147.41,19.8,6.9,0.0,10.7,290
2018-01-04,394.0,248.54,377.61,11.0,29.9,20.3,5.9,0.0,10.0,277
2018-01-05,398.0,240.42,360.99,25.0,108.03,20.3,6.6,0.0,10.7,117
2018-01-06,403.0,252.57,378.9,58.0,352.49,19.5,5.5,0.0,10.9,306
2018-01-07,384.0,191.66,292.74,56.0,235.92,18.8,6.1,0.0,17.2,282
2018-01-08,314.0,152.98,259.13,75.0,233.19,19.6,6.8,0.0,13.0,283
2018-01-09,373.0,233.1,355.21,53.0,180.78,19.8,5.8,0.0,13.0,287
2018-01-10,366.0,186.26,294.24,46.0,179.26,20.8,7.3,0.0,18.7,285
2018-01-11,318.0,154.64,243.95,23.0,248.31,21.2,8.3,0.0,18.9,283
2018-01-12,306.0,168.87,281.06,75.0,165.88,21.9,8.9,0.0,15.1,279
2018-01-13,370.0,230.5,355.43,123.0,432.25,21.6,6.5,0.0,11.4,308
2018-01-14,365.0,191.47,308.74,88.0,325.04,21.9,7.3,0.0,11.6,285
2018-01-15,352.0,177.71,309.85,73.0,235.92,21.8,7.2,0.0,17.1,293
2018-01-16,278.0,133.56,231.04,93.0,391.77,22.1,9.0,0.0,17.2,283
2018-01-17,350.0,235.06,353.55,48.0,222.04,21.3,7.8,0.0,13.0,124
2018-01-18,411.0,276.25,428.08,125.0,458.85,23.8,8.9,0.0,11.4,307
2018-01-19,451.0,253.7,398.16,158.0,639.96,23.4,9.7,0.0,12.1,300
2018-01-20,351.0,152.33,252.92,100.0,317.87,22.1,8.7,0.0,16.2,285
2018-01-21,310.0,153.61,274.5,157.0,788.6,21.4,7.1,0.0,10.6,259
2018-01-22,362.0,202.11,352.68,132.0,538.0,21.7,7.1,0.0,10.4,133
2018-01-23,343.0,160.79,248.48,10.0,16.43,16.1,10.7,6.0,15.9,125
2018-01-24,286.0,130.16,192.19,10.0,31.68,18.7,8.3,0.8,13.7,298
2018-01-25,267.0,111.75,167.31,3.0,6.01,19.5,8.6,0.0,16.6,291
2018-01-26,263.0,128.45,207.66,7.0,17.57,19.9,7.6,0.0,13.2,310
2018-01-27,284.0,155.2,271.1,21.0,70.05,19.9,7.2,0.0,11.5,307
2018-01-28,334.0,150.96,248.26,36.0,213.59,21.2,6.8,0.0,12.6,305
2018-01-29,332.0,162.48,272.45,74.0,219.7,21.9,7.5,0.0,13.9,296
2018-01-30,300.0,126.84,212.59,40.0,130.01,24.3,10.0,0.0,22.6,293
2018-01-31,271.0,123.48,205.56,13.0,29.99,24.2,12.8,0.0,23.3,293
2018-02-01,293.0,157.33,298.58,63.0,224.03,25.4,11.2,0.0,13.3,299
2018-02-02,318.0,140.35,282.16,72.0,328.91,24.4,11.0,0.0,10.0,313
2018-02-03,277.0,115.05,239.61,90.0,345.42,23.1,10.9,0.0,13.0,332
2018-02-04,284.0,133.8,252.13,54.0,247.65,22.0,8.6,0.0,14.5,304
2018-02-05,313.0,163.6,308.37,24.0,429.71,22.0,6.9,0.0,10.0,318
2018-02-06,324.0,143.29,274.72,40.0,201.41,22.1,11.6,0.0,17.1,317
2018-02-07,287.0,131.49,246.92,50.0,205.17,22.3,8.7,0.0,16.3,307
2018-02-08,334.0,186.19,338.61,57.0,203.82,22.0,6.8,0.0,11.6,317
2018-02-09,375.0,203.33,348.94,83.0,350.45,22.9,7.7,0.0,13.1,320
2018-02-10,378.0,209.7,373.06,53.0,478.52,23.8,8.7,0.0,11.3,40
2018-02-11,350.0,148.13,300.96,8.0,40.75,23.8,9.2,1.6,17.9,112
2018-02-12,218.0,72.36,153.11,13.0,57.17,21.8,12.8,2.9,22.0,105
2018-02-13,189.0,103.93,170.12,27.0,58.71,21.5,10.1,0.0,14.8,1
2018-02-14,217.0,76.92,149.43,19.0,44.35,21.7,10.0,0.0,22.9,306
2018-02-15,189.0,94.49,173.59,11.0,34.48,23.1,11.9,0.0,21.4,300
2018-02-16,248.0,123.19,219.11,12.0,42.63,24.5,11.7,0.0,17.7,296
2018-02-17,277.0,127.8,244.27,37.0,151.79,25.0,12.7,0.0,16.7,299
2018-02-18,284.0,127.27,234.67,39.0,173.89,25.0,11.9,0.0,12.3,316
2018-02-19,321.0,172.55,315.75,78.0,268.51,25.4,10.0,0.0,9.3,304
2018-02-20,335.0,167.16,317.53,89.0,432.08,26.8,11.8,0.0,11.8,314
2018-02-21,347.0,172.99,346.46,47.0,181.02,29.5,15.2,0.0,12.3,297
2018-02-22,333.0,159.67,313.47,18.0,44.94,29.9,14.1,0.0,10.9,323
2018-02-23,331.0,163.75,333.99,10.0,97.43,29.6,15.8,0.0,10.0,28
2018-02-24,347.0,164.2,349.29,20.0,69.77,28.6,17.0,1.9,12.1,95
2018-02-25,317.0,106.26,222.46,52.0,139.53,27.8,16.3,0.3,17.1,334
2018-02-26,170.0,67.27,156.72,26.0,137.24,26.9,15.3,0.0,23.4,297
2018-02-27,167.0,85.53,178.51,30.0,137.33,28.8,15.7,0.0,17.1,305
2018-02-28,274.0,143.25,279.26,19.0,65.81,29.3,15.1,0.0,14.5,315
2018-03-01,293.0,120.71,256.86,26.0,58.34,29.8,15.3,0.0,13.8,326
2018-03-02,300.0,139.18,253.32,45.0,145.4,30.7,17.0,0.0,13.0,324
2018-03-03,244.0,98.25,205.92,3.0,10.08,30.8,16.6,0.0,11.5,300
2018-03-04,205.0,79.83,182.26,13.0,53.22,28.1,17.1,1.2,17.6,320
2018-03-05,180.0,76.96,164.74,54.0,250.71,27.1,14.6,0.0,17.4,317
2018-03-06,170.0,75.45,163.52,32.0,107.43,27.5,14.4,0.0,20.1,302
2018-03-07,192.0,87.62,178.53,66.0,254.9,28.4,14.3,0.0,18.2,304
2018-03-08,262.0,139.88,283.57,47.0,228.51,29.5,16.1,0.0,9.9,11
2018-03-09,316.0,134.76,274.89,51.0,185.33,30.9,15.9,1.1,12.5,322
2018-03-10,207.0,75.67,171.69,35.0,140.65,31.1,16.5,0.0,17.8,307
2018-03-11,179.0,88.3,183.74,46.0,207.94,30.8,17.2,0.0,13.9,307
2018-03-12,236.0,105.29,223.67,45.0,223.06,32.1,16.5,0.0,15.9,299
2018-03-13,241.0,109.22,245.66,53.0,195.57,34.0,17.2,0.0,14.1,264
2018-03-14,287.0,116.62,328.98,33.0,124.58,32.6,20.3,0.0,13.6,174
2018-03-15,314.0,108.98,314.72,36.0,150.84,31.4,18.7,0.0,18.2,280
2018-03-16,269.0,111.67,256.67,26.0,74.46,29.7,16.5,0.0,20.9,326
2018-03-17,218.0,81.57,170.16,51.0,211.64,29.1,15.7,0.0,19.6,310
2018-03-18,177.0,82.15,173.07,62.0,196.37,30.8,16.4,0.0,17.0,316
2018-03-19,177.0,81.93,197.13,50.0,202.15,32.8,14.8,0.0,13.7,304
2018-03-20,224.0,109.99,249.2,17.0,67.71,32.9,16.1,0.2,10.3,317
2018-03-21,302.0,133.53,280.94,8.0,23.23,30.7,18.2,1.6,22.4,356
2018-03-22,226.0,83.4,176.02,29.0,89.08,29.6,17.1,0.3,13.6,351
2018-03-23,171.0,64.2,151.45,39.0,170.77,29.0,17.1,0.0,13.1,305
2018-03-24,183.0,78.4,186.62,28.0,101.54,31.1,17.4,0.0,15.9,317
2018-03-25,202.0,85.34,190.95,29.0,120.38,32.6,18.5,0.0,21.1,307
2018-03-26,203.0,85.9,198.67,36.0,125.02,33.9,18.8,0.0,20.6,301
2018-03-27,246.0,111.26,256.4,45.0,159.76,35.3,18.4,0.0,13.7,304
2018-03-28,293.0,117.78,280.25,75.0,334.43,35.5,20.6,0.0,15.3,303
2018-03-29,238.0,95.98,217.49,62.0,188.94,35.4,19.6,0.0,23.7,303
2018-03-30,234.0,96.45,241.13,54.0,246.33,34.3,20.7,0.0,23.0,294
2018-03-31,269.0,101.59,292.49,63.0,350.54,33.5,18.6,0.0,15.9,110
2018-04-01,217.0,75.14,199.8,43.0,177.01,33.1,20.8,0.0,15.5,110
2018-04-02,217.0,96.38,241.96,25.0,66.99,35.0,20.7,0.0,13.7,126
2018-04-03,239.0,101.18,252.21,29.0,173.77,36.0,22.2,1.7,24.7,127
2018-04-04,244.0,111.82,262.69,27.0,108.21,37.2,21.7,0.0,15.0,72
2018-04-05,329.0,152.56,337.64,10.0,31.66,36.6,21.9,2.1,16.8,24
2018-04-06,271.0,100.5,231.2,18.0,115.73,34.9,22.0,1.1,12.6,109
2018-04-07,170.0,48.46,132.97,30.0,94.87,33.5,20.9,3.4,16.6,114
2018-04-08,142.0,50.27,137.52,26.0,92.19,33.4,21.4,1.3,18.4,114
2018-04-09,133.0,49.56,123.41,2.0,4.24,33.3,21.9,3.5,17.0,94
2018-04-10,205.0,93.89,251.98,11.0,43.99,33.8,21.3,3.1,20.8,145
2018-04-11,179.0,48.61,125.53,8.0,25.62,31.9,21.5,2.5,22.8,75
2018-04-12,135.0,46.21,109.03,15.0,37.06,31.6,19.8,0.2,12.4,347
2018-04-13,201.0,83.96,196.02,22.0,45.59,33.0,19.0,0.0,12.8,327
2018-04-14,233.0,97.16,235.01,34.0,117.05,34.9,19.2,0.0,16.1,322
2018-04-15,240.0,107.36,258.52,23.0,71.26,36.5,20.8,0.0,13.8,323
2018-04-16,296.0,119.75,334.05,37.0,362.66,37.0,23.2,5.4,17.7,134
2018-04-17,266.0,81.97,260.67,45.0,126.37,36.7,22.4,1.3,14.8,354
2018-04-18,216.0,73.44,256.18,71.0,690.81,36.5,22.2,0.0,25.8,311
2018-04-19,242.0,89.49,282.24,34.0,142.54,37.3,23.3,0.0,18.9,315
2018-04-20,271.0,100.01,385.04,25.0,381.24,39.0,21.7,1.1,26.9,192
2018-04-21,444.0,119.24,480.07,74.0,745.24,34.0,19.5,0.0,16.9,311
2018-04-22,302.0,62.06,208.53,75.0,409.95,34.3,20.9,0.0,21.7,314
2018-04-23,197.0,76.11,219.94,119.0,984.77,35.6,20.9,0.0,20.7,303
2018-04-24,242.0,108.64,274.05,102.0,677.5,37.9,21.6,0.0,19.7,291
2018-04-25,287.0,117.56,313.41,111.0,565.47,40.3,22.9,0.0,15.4,265
2018-04-26,329.0,142.82,397.1,154.0,1066.84,41.2,23.8,0.0,13.7,278
2018-04-27,351.0,107.47,336.49,166.0,872.41,38.6,25.7,1.2,19.2,114
2018-04-28,288.0,84.13,316.52,191.0,994.15,38.6,25.4,0.9,21.5,115
2018-04-29,259.0,89.1,259.12,269.0,2002.47,38.6,23.4,0.4,26.7,84
2018-04-30,221.0,79.3,214.51,174.0,1412.95,38.9,24.2,0.7,18.1,124
2018-05-01,173.0,54.88,165.91,402.0,2390.08,37.5,24.4,10.5,25.9,111
2018-05-02,161.0,66.74,189.28,69.0,379.64,36.7,23.4,5.9,28.7,113
2018-05-03,167.0,47.25,153.75,312.0,2500.18,34.8,23.4,0.0,23.3,116
2018-05-04,146.0,49.09,123.82,701.0,4588.51,34.6,24.4,0.0,24.1,102
2018-05-05,174.0,74.82,196.76,716.0,6892.72,37.0,24.3,0.0,16.1,32
2018-05-06,280.0,110.48,290.63,571.0,3860.72,38.2,25.5,0.0,19.3,4
2018-05-07,243.0,111.95,302.1,1520.0,8265.48,37.2,23.5,0.0,20.5,354
2018-05-08,252.0,61.0,177.71,1856.0,9642.36,33.8,22.9,3.5,18.1,308
2018-05-09,168.0,71.99,177.76,1780.0,14578.84,35.4,20.8,2.2,21.7,359
2018-05-10,218.0,93.45,215.34,1672.0,14950.66,37.6,22.0,0.0,14.8,304
2018-05-11,292.0,132.39,315.8,703.0,6862.87,40.1,24.3,0.0,15.5,320
2018-05-12,330.0,144.33,353.5,1463.0,10391.16,40.1,27.1,1.1,30.2,112
2018-05-13,285.0,80.64,236.35,1390.0,6570.45,36.6,24.9,3.8,29.4,81
2018-05-14,174.0,49.22,137.39,307.0,1335.4,36.8,22.7,0.0,13.1,102
2018-05-15,173.0,67.23,177.03,678.0,3398.14,37.5,24.7,0.0,14.4,103
2018-05-16,194.0,78.74,221.21,163.0,893.21,38.9,25.0,0.4,20.5,287
2018-05-17,240.0,105.99,288.92,208.0,1367.26,40.4,25.4,0.0,18.6,314
2018-05-18,254.0,96.96,241.99,1321.0,6181.03,39.5,26.5,0.0,9.7,40
2018-05-19,270.0,103.98,284.44,613.0,3768.45,39.2,25.6,1.5,16.1,238
2018-05-20,231.0,83.66,228.61,649.0,3509.75,40.0,25.7,0.0,14.7,318
2018-05-21,208.0,71.25,209.67,544.0,2203.96,40.8,26.1,0.0,16.2,336
2018-05-22,207.0,91.16,243.14,570.0,2833.06,42.7,28.0,0.0,15.9,324
2018-05-23,306.0,129.23,324.0,817.0,4753.28,42.1,28.3,0.1,22.9,48
2018-05-24,303.0,114.13,298.07,1106.0,8556.56,41.6,27.6,0.0,14.6,16
2018-05-25,260.0,83.88,249.82,890.0,5535.06,42.1,25.9,0.0,16.9,294
2018-05-26,244.0,103.02,263.49,539.0,3583.63,42.9,27.0,0.0,13.4,304
2018-05-27,268.0,97.37,314.96,362.0,1464.34,43.0,26.9,0.0,16.6,237
2018-05-28,276.0,117.56,290.96,584.0,2724.44,41.9,27.0,0.0,14.1,104
2018-05-29,303.0,112.6,312.18,543.0,3807.61,41.7,27.5,0.0,19.8,125
2018-05-30,272.0,65.76,295.94,218.0,1209.71,40.4,27.1,0.7,27.2,121
2018-05-31,223.0,71.99,235.22,154.0,789.54,41.5,27.2,0.0,18.4,121
2018-06-01,196.0,79.98,233.97,22.0,92.04,41.2,29.1,4.8,27.9,108
2018-06-02,183.0,52.6,154.66,63.0,317.94,39.3,27.0,0.0,20.5,108
2018-06-03,154.0,59.52,140.21,107.0,439.7,37.3,28.2,0.0,18.5,103
2018-06-04,170.0,64.42,179.31,60.0,327.97,40.5,29.6,0.0,21.8,116
2018-06-05,160.0,61.72,152.57,75.0,415.24,39.7,30.9,0.7,24.6,109
2018-06-06,146.0,57.68,159.45,10.0,25.27,38.3,29.1,0.8,21.3,100
2018-06-07,166.0,73.77,165.33,46.0,189.68,39.5,28.4,0.0,17.1,104
2018-06-08,180.0,76.78,196.34,75.0,294.4,39.9,30.8,0.0,22.7,115
2018-06-09,153.0,52.79,136.75,0.0,0.0,37.2,27.3,15.2,22.0,119
2018-06-10,153.0,67.02,141.09,50.0,192.31,36.1,26.4,1.9,11.4,291
2018-06-11,186.0,73.22,218.14,28.0,157.61,39.3,28.0,0.0,19.2,296
2018-06-12,285.0,141.28,497.9,9.0,62.53,41.9,28.6,0.0,23.4,279
2018-06-13,453.0,261.77,743.98,31.0,329.8,40.5,31.8,0.0,25.8,267
2018-06-14,522.0,225.49,761.91,6.0,18.86,40.3,31.2,0.0,27.3,259
2018-06-15,593.0,153.28,613.34,2.0,3.77,38.9,32.1,0.0,28.7,263
2018-06-16,531.0,127.32,516.85,3.0,4.42,39.3,31.2,0.0,21.1,267
2018-06-17,384.0,84.47,289.18,2.0,2.37,35.7,28.5,0.2,18.1,12
2018-06-18,179.0,61.06,166.71,3.0,8.88,35.9,26.8,0.6,16.1,310
2018-06-19,146.0,52.76,152.06,18.0,43.34,38.6,26.3,0.0,16.6,316
2018-06-20,175.0,67.55,201.22,40.0,156.69,40.1,28.9,0.0,12.9,356
2018-06-21,221.0,76.98,273.16,75.0,393.87,40.7,29.8,0.0,14.1,330
2018-06-22,249.0,83.98,247.55,18.0,48.08,41.7,31.9,0.0,17.3,30
2018-06-23,228.0,81.33,242.29,13.0,40.24,40.7,30.8,0.0,21.3,341
2018-06-24,194.0,54.15,163.89,66.0,276.36,40.5,30.6,0.0,15.7,293
2018-06-25,168.0,46.9,155.61,71.0,249.08,40.8,31.1,0.0,18.2,288
2018-06-26,128.0,29.98,92.12,80.0,345.29,36.2,29.3,1.8,18.1,267
2018-06-27,126.0,52.48,111.4,4.0,15.52,34.3,25.5,29.8,14.8,86
2018-06-28,99.0,30.07,71.42,1.0,0.44,33.4,25.6,12.6,23.4,99
2018-06-29,90.0,37.11,84.12,4.0,8.36,33.2,25.8,4.3,26.0,111
2018-06-30,113.0,41.41,103.75,1.0,0.79,33.0,26.6,4.9,15.9,138
2018-07-01,102.0,34.18,97.81,2.0,7.85,34.0,27.7,4.7,17.6,268
2018-07-02,111.0,34.24,122.23,23.0,62.59,35.0,25.4,15.2,20.5,260
2018-07-03,122.0,44.55,109.65,2.0,11.48,33.7,28.4,0.7,13.1,224
2018-07-04,128.0,45.76,113.75,0.0,0.0,32.5,27.1,4.8,16.6,255
2018-07-05,130.0,50.41,133.6,1.0,0.89,34.9,26.7,0.0,11.8,275
2018-07-06,147.0,57.12,163.19,6.0,16.31,34.9,26.9,0.0,14.3,300
2018-07-07,155.0,61.93,158.13,17.0,45.59,36.1,27.3,0.0,13.2,307
2018-07-08,176.0,68.2,179.05,17.0,49.02,37.3,27.9,0.0,11.0,329
2018-07-09,168.0,70.48,169.96,30.0,110.5,36.9,29.0,0.1,19.0,112
2018-07-10,140.0,47.48,112.45,5.0,25.76,37.1,28.8,0.3,16.9,118
2018-07-11,111.0,39.78,102.39,2.0,1.54,36.3,28.4,4.5,16.8,123
2018-07-12,130.0,46.53,127.08,4.0,15.37,33.5,26.1,25.5,15.5,111
2018-07-13,109.0,28.44,61.6,1.0,1.54,32.2,26.5,6.6,15.5,110
2018-07-14,96.0,33.82,70.35,5.0,5.21,31.8,25.7,6.4,14.3,105
2018-07-15,92.0,37.76,78.42,3.0,10.9,33.2,26.2,7.4,13.8,111
2018-07-16,95.0,37.32,83.03,1.0,2.04,32.1,27.2,10.9,14.8,95
2018-07-17,105.0,34.26,84.78,5.0,9.06,33.2,27.5,3.5,16.1,100
2018-07-18,114.0,37.76,97.11,7.0,21.63,33.3,28.3,12.2,16.5,90
2018-07-19,106.0,35.04,83.54,0.0,0.0,32.9,27.4,13.3,18.0,94
2018-07-20,90.0,37.26,80.33,0.0,0.0,32.5,27.2,8.3,8.3,79
2018-07-21,114.0,50.21,95.93,0.0,0.0,30.8,26.4,20.9,11.7,123
2018-07-22,87.0,25.81,47.63,0.0,0.0,29.6,25.4,30.6,10.5,137
2018-07-23,80.0,32.39,69.73,6.0,9.07,32.4,26.1,5.1,12.5,87
2018-07-24,101.0,39.3,94.8,2.0,1.34,32.9,26.9,1.5,10.7,131
2018-07-25,90.0,34.7,80.13,1.0,2.2,32.2,27.0,8.2,9.8,238
2018-07-26,90.0,32.22,57.98,0.0,0.0,29.4,25.7,16.3,14.8,347
2018-07-27,68.0,21.75,35.79,0.0,0.0,29.1,25.1,14.2,13.7,7
2018-07-28,71.0,37.69,67.2,1.0,0.41,31.7,24.9,2.8,22.0,264
2018-07-29,100.0,44.03,116.89,1.0,2.58,32.5,25.5,2.4,15.5,273
2018-07-30,122.0,39.89,122.86,1.0,1.96,33.3,26.4,2.4,16.4,267
2018-07-31,135.0,50.59,165.4,0.0,0.0,33.5,26.8,2.5,16.9,269
2018-08-01,155.0,55.77,195.09,3.0,2.12,34.2,26.1,0.4,19.1,258
2018-08-02,215.0,71.5,268.29,1.0,1.87,34.2,27.5,0.2,18.5,260
2018-08-03,228.0,65.46,248.8,5.0,7.23,34.4,27.8,0.0,20.3,260
2018-08-04,215.0,69.75,264.97,0.0,0.0,34.0,27.7,0.0,17.8,245
2018-08-05,234.0,63.57,246.89,2.0,8.23,32.8,27.0,1.3,13.9,217
2018-08-06,166.0,50.64,131.76,0.0,0.0,28.5,25.6,4.6,12.1,141
2018-08-07,123.0,44.54,110.19,0.0,0.0,29.1,25.1,19.4,8.9,74
2018-08-08,108.0,36.7,76.04,5.0,8.32,31.5,25.0,9.4,13.6,99
2018-08-09,102.0,36.84,91.15,10.0,20.57,32.6,26.4,2.9,14.1,103
2018-08-10,111.0,46.24,115.63,2.0,6.11,32.8,26.2,2.9,11.7,253
2018-08-11,106.0,32.72,98.26,0.0,0.0,33.6,26.0,2.7,20.4,269
2018-08-12,92.0,25.7,83.58,5.0,35.77,30.4,27.1,2.1,13.6,250
2018-08-13,102.0,32.75,106.03,0.0,0.0,32.5,26.6,2.5,9.3,145
2018-08-14,122.0,46.85,126.7,5.0,8.26,32.8,26.4,1.0,10.5,179
2018-08-15,128.0,43.0,117.21,0.0,0.0,33.1,26.2,7.4,13.6,120
2018-08-16,109.0,36.49,88.06,2.0,2.88,32.4,26.5,3.4,9.5,76
2018-08-17,109.0,32.98,80.82,1.0,0.96,31.9,26.9,3.4,14.2,99
2018-08-18,90.0,32.11,77.4,3.0,2.74,32.4,26.9,6.4,12.3,104
2018-08-19,100.0,47.01,96.0,3.0,5.08,31.2,26.8,4.9,10.7,257
2018-08-20,138.0,61.1,125.39,2.0,5.58,32.8,26.7,3.6,13.8,112
2018-08-21,105.0,30.98,77.56,3.0,15.85,33.1,26.0,2.5,9.9,107
2018-08-22,91.0,29.75,74.91,0.0,0.0,33.1,26.8,10.1,10.7,123
2018-08-23,86.0,31.19,73.3,1.0,1.22,31.8,26.2,12.4,13.0,267
2018-08-24,89.0,23.71,88.0,6.0,18.44,32.7,25.5,9.1,15.8,256
2018-08-25,100.0,21.96,82.69,2.0,3.84,32.8,26.3,1.8,20.5,260
2018-08-26,85.0,23.96,77.21,0.0,0.0,32.5,25.9,1.7,14.9,290
2018-08-27,82.0,24.78,56.62,0.0,0.0,30.6,25.9,6.0,10.0,14
2018-08-28,81.0,29.26,58.76,0.0,0.0,31.0,25.6,14.0,13.7,85
2018-08-29,88.0,36.06,65.58,1.0,1.16,30.8,25.8,4.6,12.1,106
2018-08-30,97.0,41.26,95.47,9.0,24.78,32.5,25.7,3.5,10.0,208
2018-08-31,127.0,47.53,152.29,3.0,6.94,33.8,26.4,1.2,12.0,210
2018-09-01,132.0,45.19,110.35,2.0,11.11,31.8,26.2,1.3,10.8,161
2018-09-02,116.0,40.9,80.4,0.0,0.0,29.4,24.5,32.7,9.3,49
2018-09-03,89.0,42.06,72.38,3.0,8.31,30.4,24.8,8.2,6.6,120
2018-09-04,118.0,55.72,105.56,8.0,21.29,28.9,25.2,9.0,11.5,297
2018-09-05,108.0,39.77,101.8,1.0,1.44,31.4,25.2,0.9,15.6,281
2018-09-06,137.0,49.44,138.52,5.0,48.21,31.6,25.3,7.9,14.4,276
2018-09-07,117.0,42.11,87.03,3.0,3.07,30.9,25.9,8.6,13.6,98
2018-09-08,105.0,35.45,72.63,6.0,34.19,31.2,25.2,8.0,23.5,87
2018-09-09,86.0,29.1,56.92,3.0,4.84,29.7,24.4,0.2,22.3,114
2018-09-10,92.0,36.99,83.98,3.0,7.35,31.3,24.2,2.4,9.8,160
2018-09-11,91.0,28.33,78.11,4.0,11.46,30.8,25.2,3.0,11.2,244
2018-09-12,96.0,28.55,103.27,10.0,28.45,32.7,25.9,0.4,18.4,264
2018-09-13,108.0,27.49,115.88,11.0,23.63,32.2,25.6,0.0,19.4,257
2018-09-14,113.0,31.38,113.92,13.0,34.11,31.6,24.3,0.0,14.4,264
2018-09-15,126.0,37.48,125.81,27.0,111.58,32.3,23.8,0.0,12.4,271
2018-09-16,124.0,43.09,131.43,10.0,22.4,32.4,23.4,0.0,16.5,281
2018-09-17,135.0,55.86,157.59,13.0,85.28,32.1,24.0,0.0,14.3,302
2018-09-18,154.0,54.94,165.11,19.0,75.69,33.1,22.9,0.0,16.3,308
2018-09-19,157.0,58.63,175.12,22.0,111.92,33.4,22.5,0.0,15.1,318
2018-09-20,173.0,73.3,185.23,58.0,260.99,33.3,22.7,0.0,10.0,46
2018-09-21,155.0,46.73,112.51,76.0,340.37,31.4,23.9,6.2,18.2,98
2018-09-22,76.0,24.29,46.36,2.0,10.94,28.1,22.6,50.6,27.8,91
2018-09-23,69.0,30.71,54.77,0.0,0.0,29.0,23.6,15.6,27.2,107
2018-09-24,63.0,21.46,35.84,8.0,24.66,26.5,23.2,12.8,24.9,146
2018-09-25,63.0,21.45,49.41,15.0,56.27,29.1,22.6,0.3,19.7,297
2018-09-26,99.0,42.83,108.67,28.0,98.27,30.7,22.1,0.0,11.0,291
2018-09-27,151.0,71.44,171.42,30.0,104.97,31.6,22.0,0.0,8.4,316
2018-09-28,200.0,83.78,214.66,22.0,81.11,32.2,22.6,0.6,9.5,264
2018-09-29,229.0,92.46,230.62,30.0,92.64,32.6,22.2,0.0,8.5,292
2018-09-30,176.0,69.49,155.26,47.0,217.11,31.8,22.2,0.0,14.9,301
2018-10-01,148.0,65.78,177.08,105.0,334.51,32.5,22.0,0.0,10.3,295
2018-10-02,186.0,76.03,185.21,85.0,338.8,33.3,21.7,0.0,11.8,284
2018-10-03,160.0,63.37,177.17,30.0,136.08,32.8,21.7,0.0,9.2,269
2018-10-04,206.0,97.4,235.14,86.0,377.09,32.6,22.0,1.0,9.7,326
2018-10-05,268.0,121.12,270.61,124.0,639.56,32.7,21.0,0.0,8.5,329
2018-10-06,237.0,78.87,199.37,256.0,1189.52,32.2,20.3,0.0,12.0,303
2018-10-07,189.0,81.14,221.03,415.0,1613.35,31.8,20.0,0.0,10.8,332
2018-10-08,253.0,118.6,279.23,126.0,580.48,32.4,20.0,0.0,8.7,104
2018-10-09,269.0,103.26,263.89,117.0,492.05,31.9,21.7,0.0,15.3,123
2018-10-10,263.0,93.36,256.14,91.0,552.43,31.7,21.9,0.2,15.9,104
2018-10-11,219.0,70.42,208.39,224.0,1013.83,28.5,20.4,1.3,20.6,92
2018-10-12,163.0,67.93,172.04,372.0,1340.52,29.9,18.3,0.0,11.3,30
2018-10-13,264.0,132.93,264.13,321.0,1617.65,29.1,18.4,0.0,12.3,329
2018-10-14,237.0,91.88,217.12,272.0,1433.33,30.2,17.0,0.0,16.0,297
2018-10-15,253.0,115.96,280.24,253.0,1098.53,31.6,17.7,0.0,10.1,337
2018-10-16,309.0,139.18,342.5,340.0,1627.37,30.8,18.9,0.0,10.1,117
2018-10-17,332.0,137.29,323.31,677.0,3083.28,32.5,19.1,0.0,10.2,119
2018-10-18,330.0,143.2,337.98,634.0,3387.63,31.4,19.2,0.4,21.0,106
2018-10-19,300.0,137.73,313.84,520.0,3139.5,31.7,18.5,0.0,11.3,329
2018-10-20,344.0,168.87,328.13,741.0,4298.1,31.3,18.4,0.0,9.7,357
2018-10-21,325.0,141.15,294.36,933.0,6387.26,30.1,18.4,0.0,12.0,349
2018-10-22,296.0,121.65,274.68,903.0,5143.52,29.7,16.1,0.0,14.3,294
2018-10-23,274.0,119.4,302.16,1114.0,6161.33,30.1,16.4,0.0,12.0,296
2018-10-24,354.0,174.04,384.46,1018.0,6591.86,30.1,17.6,0.0,11.4,94
2018-10-25,356.0,168.82,368.33,1176.0,7156.17,30.2,16.1,0.0,10.6,67
2018-10-26,394.0,203.12,396.01,1509.0,10862.65,30.2,16.6,0.0,10.5,12
2018-10-27,396.0,206.05,408.94,2205.0,16585.05,29.7,18.0,0.0,11.6,345
2018-10-28,403.0,205.0,375.23,3233.0,19989.11,29.9,16.2,0.0,13.0,328
2018-10-29,397.0,231.83,427.06,1477.0,10214.13,29.5,16.0,0.0,11.2,308
2018-10-30,456.0,263.39,459.45,1512.0,10216.37,29.2,18.2,0.0,8.4,50
2018-10-31,422.0,225.17,405.94,3045.0,17371.94,29.3,18.2,0.0,9.5,76
2018-11-01,433.0,236.67,416.97,3834.0,29402.12,29.0,18.1,0.0,8.9,119
2018-11-02,391.0,205.44,373.61,3952.0,27438.28,30.0,17.5,0.1,10.9,126
2018-11-03,353.0,159.56,298.85,1255.0,8308.22,28.3,19.8,0.0,20.5,101
2018-11-04,238.0,97.27,179.85,1049.0,6879.7,27.4,17.3,0.0,15.5,11
2018-11-05,424.0,361.98,500.01,3320.0,21974.02,25.5,15.0,0.0,12.3,294
2018-11-06,411.0,177.88,312.87,3508.0,29886.62,26.1,15.3,0.0,17.5,292
2018-11-07,317.0,175.43,300.54,4365.0,32103.41,26.1,12.6,0.0,11.5,277
2018-11-08,452.0,420.3,509.73,4835.0,29515.47,26.4,13.5,0.0,9.3,345
2018-11-09,487.0,300.91,440.76,2281.0,13646.04,26.7,12.8,0.0,9.2,328
2018-11-10,430.0,288.86,447.4,1852.0,10098.74,27.5,14.0,0.0,9.8,59
2018-11-11,454.0,256.68,425.12,1628.0,9935.44,28.0,14.4,0.0,9.4,96
2018-11-12,437.0,271.7,464.28,1474.0,10574.8,27.9,14.9,0.0,9.6,83
2018-11-13,454.0,265.06,441.43,1790.0,10833.42,28.1,17.1,0.1,9.5,104
2018-11-14,361.0,136.2,225.77,980.0,6741.35,26.0,17.9,1.1,18.7,86
2018-11-15,251.0,98.53,175.95,1755.0,11756.64,26.7,16.3,0.6,19.2,346
2018-11-16,302.0,138.49,230.56,1710.0,9839.57,25.3,14.4,0.0,20.4,291
2018-11-17,292.0,135.21,255.42,1256.0,8872.72,25.1,14.0,0.0,12.8,286
2018-11-18,330.0,166.43,313.67,1871.0,11195.3,26.8,14.3,0.0,10.0,148
2018-11-19,340.0,179.79,319.12,1035.0,6440.12,26.6,16.8,0.0,13.8,124
2018-11-20,367.0,224.1,374.77,514.0,3357.9,27.2,15.6,0.0,12.2,328
2018-11-21,396.0,209.96,349.54,726.0,4120.17,26.7,14.6,0.0,14.8,281
2018-11-22,317.0,139.02,292.92,477.0,3523.16,26.6,12.5,0.0,9.2,301
2018-11-23,356.0,187.85,331.22,673.0,3969.17,26.3,12.8,0.0,19.6,301
2018-11-24,296.0,107.73,223.33,416.0,2179.61,26.0,14.4,0.0,21.3,287
2018-11-25,266.0,133.62,268.83,235.0,1143.56,25.2,12.0,0.0,10.9,311
2018-11-26,349.0,200.69,362.41,118.0,641.93,25.6,11.0,0.0,14.1,324
2018-11-27,396.0,205.53,378.23,8.0,28.25,25.3,11.8,0.0,10.2,116
2018-11-28,363.0,193.1,356.12,150.0,616.85,25.2,14.6,0.0,8.1,127
2018-11-29,384.0,205.17,363.12,117.0,511.05,25.5,13.5,0.0,11.2,290
2018-11-30,365.0,190.36,340.56,86.0,378.48,25.8,12.6,0.0,14.6,290
2018-12-01,335.0,147.48,297.66,46.0,181.53,24.8,12.2,0.0,13.0,278
2018-12-02,329.0,164.63,331.5,58.0,209.26,24.3,11.1,0.0,9.4,353
2018-12-03,356.0,178.87,356.2,52.0,182.42,23.9,10.3,0.0,8.9,308
2018-12-04,394.0,211.57,393.74,66.0,210.61,23.4,12.7,0.0,10.3,332
2018-12-05,374.0,181.62,345.32,65.0,179.04,22.9,9.9,0.0,9.8,314
2018-12-06,385.0,218.06,395.33,47.0,135.98,23.0,12.4,0.0,10.5,337
2018-12-07,376.0,193.81,353.86,38.0,134.64,22.9,10.7,0.0,14.1,313
2018-12-08,366.0,202.83,358.72,40.0,118.14,23.0,9.5,0.0,11.0,336
2018-12-09,389.0,226.35,388.23,63.0,272.21,22.5,11.1,0.0,11.2,6
2018-12-10,431.0,264.63,453.77,47.0,127.68,22.2,10.0,0.1,11.3,116
2018-12-11,464.0,274.97,461.98,27.0,110.65,21.6,9.4,0.0,9.6,109
2018-12-12,443.0,209.63,327.23,8.0,16.08,18.3,11.5,0.8,15.3,81
2018-12-13,264.0,94.29,162.44,20.0,35.92,19.6,10.2,0.1,9.7,342
2018-12-14,248.0,113.42,196.85,52.0,146.98,20.2,9.4,0.0,11.2,307
2018-12-15,274.0,122.69,211.8,91.0,258.66,20.8,8.7,0.0,14.8,298
2018-12-16,295.0,150.28,252.01,73.0,253.37,20.8,8.0,0.0,10.7,309
2018-12-17,338.0,182.78,322.5,38.0,98.36,20.7,7.4,0.0,12.9,312
2018-12-18,370.0,204.08,339.38,36.0,111.94,20.4,7.1,0.0,14.0,301
2018-12-19,370.0,205.22,351.7,56.0,210.77,20.3,6.8,0.0,11.3,281
2018-12-20,423.0,258.1,429.33,113.0,392.88,20.3,5.9,0.0,10.8,288
2018-12-21,422.0,252.2,403.18,63.0,198.29,20.0,6.2,0.0,10.5,280
2018-12-22,468.0,326.79,502.83,63.0,225.9,19.6,5.9,0.0,11.1,198
2018-12-23,557.0,401.58,560.68,37.0,145.16,19.8,6.1,0.0,10.8,125
2018-12-24,577.0,378.68,546.59,52.0,163.95,20.4,6.1,0.0,10.6,307
2018-12-25,475.0,268.2,399.37,54.0,202.11,19.6,6.1,0.0,15.8,296
2018-12-26,405.0,241.0,366.1,91.0,297.21,19.0,5.6,0.0,10.4,280
2018-12-27,458.0,290.1,453.45,59.0,195.46,18.8,5.2,0.0,11.4,289
2018-12-28,413.0,249.23,387.84,26.0,88.35,18.3,6.2,0.0,19.1,291
2018-12-29,420.0,248.12,399.14,49.0,150.19,19.2,5.0,0.0,13.8,283
2018-12-30,484.0,336.42,503.99,52.0,164.1,19.6,4.8,0.0,7.3,320
2018-12-31,509.0,319.69,494.51,104.0,384.54,20.7,5.4,0.0,12.3,297
2019-01-01,475.0,287.34,461.02,27.0,84.09,20.2,5.9,0.0,10.2,285
2019-01-02,501.0,331.2,515.72,20.0,88.08,21.1,7.6,0.0,10.5,114
2019-01-03,537.0,355.4,519.34,19.0,59.99,20.7,7.5,0.0,14.9,303
2019-01-04,432.0,246.46,388.79,10.0,35.08,18.8,7.1,0.0,12.4,284
2019-01-05,440.0,262.53,411.49,15.0,32.01,20.5,7.9,0.0,18.1,113
2019-01-06,371.0,174.26,254.66,14.0,45.65,18.2,9.2,2.3,16.6,36
2019-01-07,331.0,181.74,283.88,10.0,29.31,19.0,7.7,0.0,10.5,317
2019-01-08,340.0,156.26,242.02,12.0,22.21,18.3,7.5,0.0,14.6,291
2019-01-09,321.0,143.66,238.94,19.0,67.74,19.3,8.0,0.0,18.0,292
2019-01-10,317.0,165.95,278.87,28.0,72.24,19.4,6.1,0.0,11.4,294
2019-01-11,401.0,278.95,432.2,63.0,185.01,19.4,6.2,0.0,10.8,110
2019-01-12,482.0,311.03,465.89,17.0,64.42,19.8,8.5,0.0,10.2,148
2019-01-13,464.0,272.45,403.32,19.0,45.44,20.9,9.4,0.0,13.2,357
2019-01-14,320.0,94.44,173.94,30.0,128.44,18.1,8.0,0.0,20.9,302
2019-01-15,248.0,134.57,229.1,14.0,22.01,18.7,6.5,0.0,17.1,291
2019-01-16,383.0,271.96,424.07,22.0,50.43,18.9,6.5,0.0,9.4,155
2019-01-17,515.0,358.91,519.49,49.0,162.43,20.0,7.6,0.0,9.7,332
2019-01-18,437.0,237.22,364.61,9.0,38.32,20.3,5.7,0.0,10.8,301
2019-01-19,411.0,262.68,402.21,8.0,26.17,22.7,7.1,0.0,9.7,288
2019-01-20,480.0,314.59,478.43,8.0,41.35,24.8,11.8,0.0,9.0,166
2019-01-21,413.0,175.49,289.4,4.0,52.89,20.8,13.0,6.5,23.2,123
2019-01-22,174.0,53.25,72.61,1.0,0.92,19.5,11.7,16.9,24.8,136
2019-01-23,186.0,135.68,211.71,0.0,0.0,18.5,8.4,0.1,9.2,23
2019-01-24,328.0,130.59,218.93,3.0,4.41,19.6,9.7,0.3,13.0,338
2019-01-25,188.0,81.2,136.43,13.0,37.12,17.0,8.8,0.1,11.4,328
2019-01-26,231.0,101.61,169.32,30.0,77.66,17.2,7.0,0.0,12.9,317
2019-01-27,275.0,136.47,217.45,37.0,128.62,16.2,5.3,0.0,17.6,305
2019-01-28,301.0,126.48,212.42,22.0,104.18,17.1,6.0,0.0,17.8,306
2019-01-29,297.0,142.0,235.85,29.0,89.82,18.2,5.8,0.0,15.6,300
2019-01-30,342.0,206.14,334.21,2.0,3.42,18.5,6.2,0.0,11.4,317
2019-01-31,397.0,204.25,335.07,9.0,25.48,18.6,7.4,0.6,17.9,121
2019-02-01,329.0,178.68,265.65,14.0,37.05,19.3,10.8,0.2,18.0,93
2019-02-02,338.0,177.32,266.3,28.0,96.6,19.4,7.8,0.0,12.5,296
2019-02-03,323.0,131.1,209.41,19.0,57.77,19.9,7.6,0.0,11.9,280
2019-02-04,301.0,144.62,248.49,15.0,45.62,20.8,7.5,0.0,9.0,282
2019-02-05,398.0,256.33,408.32,20.0,83.55,22.0,9.7,0.0,11.0,118
2019-02-06,380.0,177.25,270.92,57.0,206.15,23.1,13.6,9.1,19.6,135
2019-02-07,233.0,65.65,107.83,2.0,2.66,20.1,12.1,12.7,27.2,141
2019-02-08,136.0,72.29,156.6,5.0,6.78,18.6,7.9,0.0,14.3,314
2019-02-09,169.0,82.5,165.94,12.0,32.85,18.8,8.1,0.0,17.1,295
2019-02-10,277.0,143.31,255.47,10.0,55.84,18.3,6.7,0.5,10.2,304
2019-02-11,332.0,173.61,304.98,12.0,50.99,19.3,7.6,0.0,10.2,311
2019-02-12,357.0,208.64,357.36,12.0,45.46,21.3,10.5,0.0,9.3,352
2019-02-13,372.0,198.26,336.99,3.0,14.23,23.5,10.3,0.4,10.3,132
2019-02-14,350.0,153.73,237.08,4.0,7.07,20.4,13.6,4.0,22.9,132
2019-02-15,275.0,123.46,194.76,6.0,4.3,20.7,12.7,4.5,14.2,82
2019-02-16,288.0,112.34,181.64,17.0,61.51,19.3,10.4,0.1,15.3,309
2019-02-17,247.0,99.27,180.93,15.0,31.05,20.7,10.6,0.0,16.3,302
2019-02-18,278.0,109.11,215.05,11.0,29.71,22.5,9.8,0.1,20.7,123
2019-02-19,232.0,126.12,229.75,6.0,26.53,22.1,12.4,0.0,12.6,50
2019-02-20,305.0,102.3,185.4,0.0,0.0,20.5,14.8,2.6,18.4,99
2019-02-21,158.0,73.33,178.07,11.0,14.43,25.4,14.1,0.0,17.6,121
2019-02-22,191.0,73.9,147.86,27.0,64.48,22.7,13.2,0.4,20.1,314
2019-02-23,116.0,56.51,115.07,31.0,110.51,21.5,10.5,0.0,20.2,308
2019-02-24,169.0,89.34,161.89,58.0,212.68,22.0,10.8,0.2,12.3,319
2019-02-25,221.0,92.36,172.59,53.0,215.16,22.3,10.0,0.0,11.9,89
2019-02-26,144.0,59.97,120.3,17.0,62.07,21.4,11.9,2.8,17.1,121
2019-02-27,112.0,47.18,91.52,29.0,120.08,17.6,9.8,11.2,12.2,358
2019-02-28,198.0,96.38,180.46,60.0,211.17,19.3,7.3,0.0,16.8,312
2019-03-01,222.0,93.83,181.26,38.0,142.95,21.1,7.2,0.0,12.0,319
2019-03-02,227.0,109.6,182.54,0.0,0.0,20.9,11.4,6.8,12.6,79
2019-03-03,172.0,62.92,105.16,7.0,5.81,21.6,11.1,4.1,13.8,100
2019-03-04,217.0,105.93,180.84,31.0,44.4,22.5,11.8,0.2,12.9,326
2019-03-05,173.0,68.86,135.4,54.0,239.88,21.9,11.7,0.0,14.3,303
2019-03-06,189.0,83.45,168.32,56.0,247.71,23.3,10.9,0.0,19.7,299
2019-03-07,228.0,104.61,212.7,28.0,166.84,23.9,10.3,0.0,11.3,321
2019-03-08,220.0,92.07,199.28,11.0,73.25,24.2,11.8,0.0,13.4,357
2019-03-09,194.0,73.31,162.18,51.0,253.87,25.2,12.6,0.0,17.9,338
2019-03-10,157.0,73.98,163.8,64.0,230.9,24.7,11.3,0.0,12.0,319
2019-03-11,190.0,82.17,205.43,6.0,10.8,26.4,14.5,1.7,24.2,120
2019-03-12,149.0,57.28,129.4,16.0,46.41,26.6,13.0,0.0,16.4,359
2019-03-13,168.0,89.17,231.19,2.0,1.14,23.2,13.2,0.0,10.1,352
2019-03-14,281.0,111.2,217.74,15.0,16.7,24.2,12.1,0.3,23.7,345
2019-03-15,183.0,74.88,144.35,55.0,163.38,25.1,11.8,0.0,15.5,330
2019-03-16,143.0,68.64,140.6,22.0,91.28,25.3,12.2,0.0,12.5,312
2019-03-17,198.0,93.61,184.01,36.0,137.12,26.6,12.9,0.0,13.0,297
2019-03-18,221.0,100.32,202.01,24.0,78.86,27.2,12.3,0.0,12.1,296
2019-03-19,239.0,103.77,227.07,33.0,118.24,29.5,13.9,0.0,12.7,283
2019-03-20,234.0,89.82,237.61,28.0,81.61,30.7,18.3,0.0,20.4,122
2019-03-21,272.0,112.29,197.17,30.0,105.75,30.3,15.2,0.0,15.5,9
2019-03-22,141.0,38.43,119.87,34.0,148.55,29.1,16.0,0.0,21.0,316
2019-03-23,131.0,55.62,138.56,15.0,30.39,30.0,15.7,0.0,23.9,311
2019-03-24,126.0,53.28,133.47,4.0,12.44,31.3,18.4,0.0,17.0,323
2019-03-25,136.0,65.0,150.34,18.0,35.62,28.4,17.3,0.5,17.2,332
2019-03-26,162.0,75.82,169.16,34.0,54.37,29.9,15.4,0.0,17.9,300
2019-03-27,177.0,78.37,186.49,28.0,111.81,31.1,15.3,0.0,13.5,299
2019-03-28,245.0,116.55,260.26,14.0,58.7,33.8,18.4,0.0,12.1,306
2019-03-29,273.0,112.67,257.27,13.0,48.2,35.8,19.0,0.0,12.8,325
2019-03-30,252.0,102.27,238.99,15.0,24.49,35.9,20.2,0.0,19.6,350
2019-03-31,198.0,58.96,177.53,30.0,117.58,34.4,19.4,0.0,22.5,312
2019-04-01,153.0,59.08,170.14,23.0,69.33,33.5,18.4,0.0,21.3,302
2019-04-02,194.0,90.1,211.47,37.0,234.47,33.5,18.4,0.0,13.6,332
2019-04-03,208.0,85.02,206.04,16.0,63.35,35.0,18.1,0.0,13.0,308
2019-04-04,260.0,119.71,270.77,19.0,86.43,36.4,18.8,0.0,11.2,79
2019-04-05,284.0,125.44,281.53,15.0,71.76,37.8,21.6,0.0,20.2,278
2019-04-06,269.0,96.6,303.71,11.0,29.18,37.7,21.3,0.0,31.2,47
2019-04-07,315.0,152.91,355.22,6.0,23.51,35.1,21.7,0.0,15.4,110
2019-04-08,284.0,81.3,280.23,6.0,22.97,35.3,21.3,0.2,22.9,107
2019-04-09,240.0,87.74,225.5,15.0,85.26,36.7,20.2,0.0,14.2,65
2019-04-10,263.0,101.94,247.53,25.0,106.13,37.5,21.6,0.0,17.2,356
2019-04-11,196.0,70.25,204.19,9.0,17.66,37.9,23.8,0.0,12.5,350
2019-04-12,202.0,61.34,217.0,10.0,41.03,37.3,22.5,0.0,17.7,345
2019-04-13,175.0,55.93,175.93,7.0,11.48,36.8,22.6,0.0,18.3,341
2019-04-14,150.0,51.51,168.11,11.0,13.88,37.6,23.9,0.0,19.6,336
2019-04-15,163.0,54.84,187.59,6.0,35.61,38.6,24.0,0.0,16.8,320
2019-04-16,206.0,59.08,186.75,0.0,0.0,31.1,22.4,0.5,19.5,159
2019-04-17,102.0,22.14,62.49,1.0,0.46,25.9,18.9,4.6,19.8,150
2019-04-18,104.0,38.92,91.55,12.0,19.12,27.9,16.4,0.1,9.4,7
2019-04-19,151.0,71.62,155.39,13.0,25.32,29.9,18.5,0.1,12.3,291
2019-04-20,199.0,90.55,193.76,18.0,66.54,32.8,19.6,0.0,12.8,282
2019-04-21,225.0,95.24,219.06,19.0,60.36,35.4,20.0,0.0,18.4,291
2019-04-22,246.0,110.16,255.31,17.0,63.05,37.3,21.8,0.0,16.4,335
2019-04-23,257.0,104.17,277.28,16.0,47.13,39.1,23.9,0.0,18.5,334
2019-04-24,232.0,85.7,262.58,20.0,297.6,40.2,25.3,0.0,18.6,98
2019-04-25,251.0,86.41,274.39,28.0,161.68,39.3,27.0,0.0,18.4,92
2019-04-26,223.0,82.37,244.21,58.0,534.35,40.0,25.2,0.0,19.6,325
2019-04-27,248.0,73.06,301.82,225.0,5691.96,40.2,26.8,0.0,29.4,321
2019-04-28,269.0,76.44,285.73,67.0,926.55,40.8,26.2,0.0,24.9,316
2019-04-29,256.0,84.04,274.83,104.0,828.92,40.7,25.8,0.0,14.7,314
2019-04-30,257.0,95.72,284.13,218.0,1780.56,41.6,25.5,0.0,22.9,147
2019-05-01,285.0,111.57,323.97,146.0,801.25,40.7,24.5,0.0,12.4,85
2019-05-02,275.0,77.72,282.83,132.0,1053.7,37.7,26.7,0.5,21.7,45
2019-05-03,202.0,52.16,149.1,114.0,603.64,37.5,24.7,0.0,18.1,62
2019-05-04,182.0,77.96,196.87,464.0,4975.16,38.0,24.1,0.0,22.5,319
2019-05-05,231.0,101.25,249.97,956.0,8734.05,38.7,23.1,0.0,24.2,301
2019-05-06,267.0,118.9,295.84,962.0,9946.44,40.1,23.5,0.0,21.4,299
2019-05-07,310.0,128.78,378.89,654.0,5678.34,40.0,23.3,0.0,22.1,284
2019-05-08,389.0,143.34,415.23,779.0,6435.72,41.6,26.0,0.0,23.8,276
2019-05-09,390.0,137.2,414.7,1008.0,8294.64,41.1,27.0,0.0,23.9,272
2019-05-10,333.0,95.07,320.44,1811.0,13139.55,40.3,29.5,0.0,24.8,287
2019-05-11,266.0,101.83,289.05,705.0,3974.34,38.6,24.9,0.0,24.9,322
2019-05-12,352.0,178.22,503.28,2043.0,15030.63,38.5,24.9,0.0,17.7,292
2019-05-13,376.0,170.81,351.28,1354.0,11885.39,38.5,24.7,0.0,25.5,290
2019-05-14,217.0,58.22,124.28,426.0,2956.92,35.6,24.3,0.0,14.0,319
2019-05-15,194.0,84.81,191.04,579.0,3444.2,36.9,24.8,0.1,18.7,122
2019-05-16,192.0,75.45,218.38,918.0,4786.03,36.7,24.9,0.0,19.0,324
2019-05-17,257.0,92.53,316.4,198.0,1419.58,34.9,24.4,2.7,13.8,310
2019-05-18,176.0,44.28,106.51,1578.0,9976.42,33.4,21.3,0.2,18.4,300
2019-05-19,168.0,81.99,162.83,446.0,3309.76,36.5,23.6,0.0,15.0,293
2019-05-20,216.0,93.97,218.72,2087.0,14950.77,38.7,24.0,0.0,16.1,289
2019-05-21,206.0,77.78,194.58,1979.0,12903.08,39.3,25.6,0.0,15.2,282
2019-05-22,167.0,64.24,201.27,742.0,5352.77,39.2,27.1,0.0,18.9,265
2019-05-23,228.0,92.4,230.0,419.0,3512.47,39.2,26.4,0.0,19.9,288
2019-05-24,151.0,43.86,117.66,163.0,803.6,35.3,26.4,0.0,22.3,343
2019-05-25,125.0,43.66,118.65,575.0,4132.85,36.5,25.1,0.0,23.7,307
2019-05-26,135.0,55.13,136.58,816.0,5431.85,38.2,24.7,0.0,17.0,302
2019-05-27,163.0,64.66,172.68,587.0,5002.35,40.7,26.2,0.0,18.4,303
2019-05-28,175.0,65.82,183.77,208.0,1520.15,40.7,26.0,0.0,18.9,301
2019-05-29,191.0,74.8,202.75,166.0,1095.24,41.9,26.4,0.0,15.1,300
2019-05-30,226.0,85.21,246.05,112.0,673.66,43.4,27.1,0.0,16.3,292
2019-05-31,266.0,88.57,337.77,160.0,1294.02,44.1,28.3,0.0,15.7,295
2019-06-01,300.0,95.4,298.35,273.0,2071.23,43.6,28.9,0.0,18.7,105
2019-06-02,222.0,73.36,219.79,104.0,663.44,42.8,29.0,0.0,22.3,109
2019-06-03,232.0,66.94,300.7,87.0,520.12,41.4,29.9,0.0,23.8,120
2019-06-04,212.0,54.95,171.58,34.0,211.85,41.7,29.6,0.0,20.4,120
2019-06-05,190.0,73.35,208.72,86.0,469.16,41.5,28.6,0.3,15.5,133
2019-06-06,209.0,70.61,236.45,232.0,1274.62,42.8,30.2,0.5,24.2,95
2019-06-07,192.0,54.81,152.39,139.0,897.24,41.4,27.0,0.0,14.0,75
2019-06-08,184.0,69.75,187.62,149.0,666.99,41.7,27.9,0.0,15.3,283
2019-06-09,237.0,101.05,265.12,135.0,612.72,43.5,28.1,0.0,15.4,336
2019-06-10,230.0,74.48,233.49,132.0,803.0,44.0,28.2,0.0,14.3,270
2019-06-11,315.0,118.38,487.77,67.0,449.29,43.7,29.7,0.0,15.2,283
2019-06-12,280.0,59.86,240.88,17.0,43.75,39.7,30.1,2.2,18.2,130
2019-06-13,189.0,52.66,189.69,44.0,222.12,41.1,29.2,0.0,17.0,233
2019-06-14,167.0,53.79,188.21,66.0,230.33,42.1,30.6,0.0,19.3,288
2019-06-15,217.0,81.86,274.68,48.0,149.97,42.4,29.7,0.0,20.2,281
2019-06-16,205.0,42.06,160.96,83.0,341.5,38.8,28.9,0.0,25.9,279
2019-06-17,126.0,40.18,137.08,49.0,240.13,38.8,28.7,0.0,29.2,278
2019-06-18,119.0,30.39,84.53,22.0,41.65,36.1,24.7,0.5,16.2,289
2019-06-19,173.0,79.96,223.08,82.0,356.29,36.6,26.0,0.0,17.9,204
2019-06-20,175.0,42.76,130.88,5.0,13.27,37.7,24.7,0.0,13.9,198
2019-06-21,178.0,71.15,188.16,74.0,245.48,38.9,27.7,1.2,10.9,204
2019-06-22,185.0,68.27,177.16,102.0,435.48,40.3,28.1,0.0,21.1,356
2019-06-23,153.0,42.06,126.12,71.0,322.02,38.8,29.1,0.0,23.7,115
2019-06-24,118.0,26.29,85.68,6.0,17.73,37.0,27.0,0.6,18.4,108
2019-06-25,131.0,53.65,119.98,17.0,59.12,36.2,27.8,4.8,9.8,53
2019-06-26,161.0,67.36,155.9,53.0,268.88,39.7,29.5,0.6,17.9,334
2019-06-27,169.0,65.3,230.98,57.0,258.74,40.3,28.9,0.0,20.7,301
2019-06-28,207.0,61.21,239.15,82.0,287.17,42.1,28.7,0.0,21.8,286
2019-06-29,223.0,58.08,271.27,74.0,336.13,41.6,30.6,0.0,19.9,283
2019-06-30,234.0,65.24,270.03,71.0,309.36,42.9,30.6,0.0,18.9,303
2019-07-01,195.0,57.27,189.32,25.0,88.78,41.5,30.0,0.0,11.8,14
2019-07-02,202.0,71.68,233.25,71.0,305.04,40.2,31.1,0.0,16.8,90
2019-07-03,162.0,39.99,113.92,30.0,157.79,36.7,30.3,1.6,16.3,123
2019-07-04,111.0,36.82,87.8,39.0,151.63,39.1,29.6,6.6,16.9,134
2019-07-05,113.0,48.6,99.98,58.0,192.75,34.9,27.9,3.7,10.5,125
2019-07-06,99.0,34.25,87.5,2.0,1.94,34.9,27.3,0.3,14.0,111
2019-07-07,101.0,38.81,91.79,31.0,119.15,35.8,26.7,2.1,11.0,105
2019-07-08,129.0,49.12,148.79,6.0,24.23,36.4,28.3,4.0,13.4,223
2019-07-09,131.0,42.56,128.6,5.0,12.62,35.0,27.0,4.9,11.9,216
2019-07-10,150.0,69.21,278.71,5.0,16.08,34.9,27.0,7.1,15.0,237
2019-07-11,300.0,76.99,352.26,2.0,4.86,38.4,29.1,0.0,26.6,248
2019-07-12,294.0,76.35,363.7,3.0,11.2,38.2,29.9,0.5,18.8,263
2019-07-13,312.0,63.18,294.27,0.0,0.0,38.5,29.7,0.0,28.9,263
2019-07-14,243.0,63.16,280.99,0.0,0.0,36.8,29.3,0.0,27.4,261
2019-07-15,180.0,42.04,137.67,1.0,1.07,36.8,25.7,4.4,16.7,203
2019-07-16,117.0,31.51,79.22,2.0,2.39,29.1,24.6,20.6,13.8,101
2019-07-17,92.0,32.06,67.73,1.0,1.47,30.8,24.7,14.8,11.0,116
2019-07-18,98.0,32.92,78.08,2.0,5.51,32.2,24.7,12.8,8.5,187
2019-07-19,142.0,63.02,158.3,1.0,2.73,33.3,25.3,6.7,8.0,156
2019-07-20,137.0,46.43,117.84,6.0,6.72,33.9,25.9,12.5,12.3,113
2019-07-21,123.0,50.57,105.55,19.0,54.67,33.1,27.2,11.1,13.0,120
2019-07-22,124.0,60.38,119.66,1.0,2.75,34.2,27.5,6.1,11.2,108
2019-07-23,156.0,73.08,153.96,11.0,59.28,35.5,28.0,4.6,11.0,184
2019-07-24,165.0,63.26,156.93,0.0,0.0,36.7,28.0,6.8,17.8,263
2019-07-25,98.0,22.79,63.51,0.0,0.0,29.9,26.0,10.9,10.8,230
2019-07-26,94.0,30.63,61.26,1.0,2.58,29.9,25.5,26.9,19.3,81
2019-07-27,85.0,26.16,45.04,0.0,0.0,30.1,25.2,6.0,18.2,107
2019-07-28,83.0,21.13,46.35,0.0,0.0,31.8,25.5,7.3,18.5,107
2019-07-29,82.0,24.45,64.17,0.0,0.0,33.0,26.1,1.3,19.6,104
2019-07-30,90.0,30.1,82.81,0.0,0.0,32.1,26.2,0.8,18.1,102
2019-07-31,90.0,30.22,76.67,1.0,1.2,31.8,27.0,0.5,14.3,95
2019-08-01,98.0,34.26,85.89,0.0,0.0,32.2,26.8,2.1,13.6,120
2019-08-02,95.0,35.06,83.66,0.0,0.0,31.5,26.1,12.9,10.5,111
2019-08-03,104.0,38.54,80.35,1.0,1.28,30.8,26.4,6.8,12.8,98
2019-08-04,101.0,46.69,88.15,5.0,6.99,32.6,26.2,4.2,7.3,97
2019-08-05,108.0,52.2,104.96,1.0,4.01,32.9,26.5,18.5,9.7,139
2019-08-06,99.0,30.04,57.31,5.0,16.47,31.0,26.0,20.7,12.4,121
2019-08-07,104.0,32.63,72.98,0.0,0.0,30.9,25.7,7.0,12.4,84
2019-08-08,99.0,27.69,80.22,1.0,3.94,33.8,27.2,0.5,14.4,96
2019-08-09,89.0,14.59,61.47,2.0,2.74,31.4,27.6,0.8,28.5,95
2019-08-10,75.0,16.73,47.75,2.0,4.1,32.2,26.0,1.7,24.5,117
2019-08-11,83.0,25.53,67.15,4.0,11.42,32.8,26.4,0.3,11.3,158
2019-08-12,80.0,20.53,51.91,1.0,1.03,32.2,26.9,7.6,13.3,280
2019-08-13,85.0,21.68,56.18,0.0,0.0,33.2,26.9,20.1,19.2,296
2019-08-14,93.0,33.21,58.36,0.0,0.0,31.6,25.5,2.8,8.6,95
2019-08-15,93.0,28.78,56.28,0.0,0.0,31.9,27.0,11.2,22.0,78
2019-08-16,73.0,15.52,37.1,0.0,0.0,30.9,26.1,9.4,23.6,89
2019-08-17,67.0,10.24,19.51,1.0,0.52,27.7,25.3,8.4,28.3,126
2019-08-18,66.0,15.51,30.45,2.0,2.19,30.7,24.4,31.0,15.8,234
2019-08-19,99.0,38.55,86.13,0.0,0.0,31.7,24.2,1.3,8.9,295
2019-08-20,103.0,41.74,95.71,3.0,9.44,32.7,25.2,0.8,16.6,324
2019-08-21,107.0,46.69,129.46,10.0,38.99,33.9,24.6,0.0,15.8,306
2019-08-22,125.0,44.16,130.49,8.0,18.74,32.1,25.5,0.8,9.7,8
2019-08-23,130.0,50.49,142.76,5.0,22.07,32.9,25.6,4.0,5.5,235
2019-08-24,149.0,60.71,149.82,4.0,18.45,33.6,26.2,3.9,14.0,126
2019-08-25,107.0,33.49,67.82,10.0,44.32,30.4,26.1,12.9,13.0,104
2019-08-26,77.0,25.06,68.59,2.0,2.27,32.3,25.6,0.6,17.0,96
2019-08-27,114.0,40.68,107.99,5.0,14.23,33.4,26.1,0.1,9.7,103
2019-08-28,119.0,42.04,103.01,6.0,19.7,34.0,26.9,0.4,12.9,99
2019-08-29,103.0,33.92,90.29,5.0,25.98,33.6,27.3,1.0,12.7,125
2019-08-30,110.0,43.5,105.68,6.0,18.51,33.5,26.5,0.9,9.8,155
2019-08-31,123.0,57.16,123.23,1.0,0.71,33.0,26.8,6.4,10.7,131
2019-09-01,123.0,35.13,81.44,4.0,4.81,31.6,26.4,4.7,13.8,105
2019-09-02,105.0,46.15,101.79,10.0,24.93,33.2,25.8,1.3,9.4,99
2019-09-03,131.0,70.64,143.56,4.0,20.83,33.5,26.7,5.5,10.4,263
2019-09-04,165.0,73.33,150.39,2.0,7.9,32.2,25.5,7.8,12.6,119
2019-09-05,118.0,33.9,90.44,8.0,34.25,32.6,26.6,0.6,11.9,114
2019-09-06,96.0,35.81,89.47,9.0,35.39,32.9,26.9,0.4,12.1,116
2019-09-07,95.0,34.98,83.26,11.0,34.96,32.0,26.5,2.1,13.7,120
2019-09-08,99.0,32.83,77.01,4.0,13.63,33.2,26.1,0.2,12.6,96
2019-09-09,107.0,56.31,126.43,11.0,59.39,34.2,25.7,0.1,9.0,29
2019-09-10,139.0,64.48,144.47,12.0,81.13,35.2,26.6,0.0,9.4,72
2019-09-11,166.0,79.6,174.33,8.0,47.0,35.7,26.5,0.4,10.2,145
2019-09-12,158.0,57.83,132.61,10.0,49.24,33.8,27.5,0.6,18.4,124
2019-09-13,103.0,33.59,83.22,22.0,70.14,33.6,26.4,0.6,16.1,115
2019-09-14,85.0,26.65,69.36,16.0,75.2,32.2,26.0,0.7,15.9,97
2019-09-15,83.0,35.52,72.61,20.0,138.87,31.6,25.5,5.2,12.3,98
2019-09-16,111.0,56.6,129.47,11.0,45.84,33.3,25.2,0.4,10.4,89
2019-09-17,143.0,59.14,135.84,50.0,268.0,32.1,26.0,2.0,13.0,145
2019-09-18,117.0,35.41,97.32,59.0,257.48,31.9,25.9,3.0,19.3,116
2019-09-19,80.0,21.74,62.19,4.0,8.2,30.3,24.7,1.0,16.6,109
2019-09-20,96.0,40.33,106.47,11.0,73.14,30.9,23.1,7.7,15.9,112
2019-09-21,112.0,39.23,96.29,54.0,248.59,31.6,24.6,0.7,11.9,134
2019-09-22,86.0,26.51,65.65,72.0,462.09,29.9,25.1,13.9,15.9,125
2019-09-23,89.0,34.46,83.33,99.0,398.16,31.1,23.5,2.0,12.8,103
2019-09-24,103.0,35.88,96.22,119.0,635.09,31.6,23.4,2.9,17.8,110
2019-09-25,100.0,30.52,86.31,50.0,255.41,31.1,24.1,3.6,19.2,102
2019-09-26,87.0,22.9,69.49,25.0,115.42,30.5,25.1,1.9,20.2,99
2019-09-27,78.0,15.66,56.71,18.0,68.69,30.3,24.3,0.5,19.5,80
2019-09-28,78.0,22.52,66.98,34.0,160.86,29.3,22.8,4.6,22.3,81
2019-09-29,68.0,16.91,51.03,9.0,18.69,27.3,23.1,2.0,14.7,98
2019-09-30,75.0,29.42,81.97,9.0,34.76,29.7,22.6,6.0,11.4,122
2019-10-01,98.0,33.92,92.41,7.0,16.01,28.7,22.3,4.5,12.6,106
2019-10-02,105.0,40.16,96.13,40.0,141.25,30.9,22.2,0.2,7.9,94
2019-10-03,140.0,57.99,143.97,52.0,189.93,32.4,22.9,0.0,11.5,153
2019-10-04,113.0,43.07,94.9,45.0,144.52,29.7,23.1,4.9,17.3,321
2019-10-05,108.0,39.48,108.22,61.0,232.16,31.9,21.9,0.0,16.7,319
2019-10-06,127.0,58.75,140.15,32.0,102.13,32.2,21.1,0.0,13.2,328
2019-10-07,133.0,55.88,137.81,56.0,253.94,31.5,22.1,0.0,17.4,308
2019-10-08,123.0,44.85,116.56,167.0,904.63,31.7,21.0,0.0,9.8,300
2019-10-09,165.0,77.02,182.89,248.0,1025.91,30.0,20.3,0.0,9.6,173
2019-10-10,208.0,100.82,215.18,332.0,1410.53,31.0,20.7,0.0,9.7,109
2019-10-11,243.0,98.07,203.36,233.0,1163.09,32.1,20.5,0.0,10.7,324
2019-10-12,235.0,103.45,209.42,198.0,851.39,33.2,22.1,0.0,10.7,5
2019-10-13,282.0,132.57,255.42,303.0,1409.3,33.4,22.9,0.0,13.7,329
2019-10-14,285.0,116.33,239.47,351.0,1884.04,33.5,20.7,0.0,13.2,12
2019-10-15,291.0,133.35,285.26,564.0,2402.95,33.3,21.2,0.0,9.7,72
2019-10-16,320.0,146.37,279.78,375.0,2044.78,33.3,21.6,0.0,10.2,122
2019-10-17,300.0,121.68,245.2,266.0,1378.24,32.1,22.1,0.0,10.2,154
2019-10-18,265.0,90.41,203.39,159.0,755.13,31.5,22.6,2.7,12.3,137
2019-10-19,170.0,76.77,174.84,591.0,3210.72,30.8,21.1,2.5,10.1,240
2019-10-20,242.0,98.05,203.14,992.0,5168.68,32.6,20.3,0.0,13.8,314
2019-10-21,254.0,115.16,235.0,1043.0,6145.24,31.8,18.9,0.0,20.5,313
2019-10-22,243.0,93.51,213.26,729.0,4845.24,31.5,19.1,0.0,19.1,293
2019-10-23,248.0,122.12,268.58,968.0,5575.78,31.6,17.7,0.0,12.5,311
2019-10-24,335.0,173.56,346.51,1171.0,8293.34,30.9,18.0,0.0,9.4,65
2019-10-25,331.0,129.9,270.87,1840.0,11603.85,29.9,19.7,0.0,9.9,120
2019-10-26,315.0,148.73,290.6,2562.0,14701.65,30.1,18.9,0.0,8.9,154
2019-10-27,354.0,198.81,321.68,2470.0,16941.15,31.5,18.5,0.0,13.2,311
2019-10-28,417.0,301.39,420.35,2392.0,15832.65,30.4,18.3,0.0,9.5,296
2019-10-29,419.0,287.56,440.77,1570.0,12118.9,29.4,19.5,0.0,7.1,293
2019-10-30,452.0,279.32,454.35,3163.0,26144.44,31.0,21.3,0.0,13.8,297
2019-10-31,460.0,314.32,500.04,7.0,10.98,30.9,18.3,0.0,12.7,310
2019-11-01,591.0,388.45,584.15,380.0,2201.47,31.2,18.9,0.0,11.4,341
2019-11-02,473.0,320.26,467.74,16.0,52.48,30.4,19.8,0.2,18.9,332
2019-11-03,659.0,582.28,706.58,2910.0,15362.06,28.8,19.2,0.0,13.1,301
2019-11-04,532.0,272.3,386.16,5127.0,39166.73,29.0,19.1,0.0,19.7,302
2019-11-05,385.0,190.41,296.98,5086.0,34218.68,29.2,18.2,0.0,19.4,287
2019-11-06,265.0,101.09,207.19,4353.0,34508.12,29.8,16.9,0.0,11.2,183
2019-11-07,296.0,182.47,292.56,156.0,1210.31,26.0,19.4,1.4,15.2,94
2019-11-08,346.0,154.14,253.44,468.0,3006.17,26.8,17.2,0.8,11.4,17
2019-11-09,321.0,140.8,230.5,1860.0,16108.48,28.5,17.1,0.0,15.8,317
2019-11-10,339.0,192.35,296.44,2505.0,18225.85,27.5,15.5,0.0,13.4,319
2019-11-11,376.0,252.48,380.54,775.0,4789.7,26.8,15.3,0.0,13.8,317
2019-11-12,475.0,384.34,529.59,635.0,3634.19,27.4,12.8,0.0,11.9,318
2019-11-13,532.0,383.36,541.19,20.0,83.82,27.2,14.6,0.0,8.6,343
2019-11-14,537.0,371.42,545.66,3.0,3.7,27.6,17.3,0.0,12.4,355
2019-11-15,595.0,423.52,576.12,145.0,756.29,27.0,16.8,0.0,12.1,327
2019-11-16,438.0,174.03,293.0,94.0,464.65,28.6,16.9,0.0,21.4,313
2019-11-17,273.0,96.34,165.5,548.0,3284.56,27.9,17.4,0.0,23.7,300
2019-11-18,245.0,108.4,181.67,688.0,4728.43,25.8,15.3,0.0,16.9,283
2019-11-19,251.0,126.92,218.13,1548.0,10147.64,25.9,14.1,0.0,11.5,283
2019-11-20,315.0,175.19,295.47,883.0,7876.17,25.9,13.0,0.0,10.6,10
2019-11-21,375.0,217.7,363.77,206.0,964.4,26.2,13.5,0.0,10.1,55
2019-11-22,377.0,201.17,332.6,29.0,162.38,27.0,14.3,0.0,9.8,337
2019-11-23,334.0,130.41,224.14,277.0,2266.09,26.0,15.9,0.0,17.6,301
2019-11-24,264.0,107.86,178.21,496.0,3372.71,26.0,16.0,0.0,13.6,308
2019-11-25,269.0,122.37,213.67,363.0,2391.33,25.5,14.7,0.0,9.2,1
2019-11-26,284.0,114.27,225.78,37.0,122.68,25.0,16.1,0.9,17.6,30
2019-11-27,166.0,65.7,128.1,27.0,114.52,25.2,15.2,0.0,12.0,47
2019-11-28,106.0,31.03,58.6,10.0,43.28,22.7,16.2,22.1,18.5,85
2019-11-29,89.0,53.79,100.29,46.0,228.65,22.9,13.2,0.0,8.3,356
2019-11-30,175.0,96.96,159.36,96.0,608.3,22.2,13.3,0.0,12.0,304
2019-12-01,257.0,123.66,192.47,198.0,1012.55,21.8,11.5,0.0,11.3,287
2019-12-02,299.0,141.12,229.08,228.0,857.33,21.9,11.1,0.0,14.3,288
2019-12-03,302.0,140.07,241.56,122.0,679.45,22.4,10.2,0.0,14.3,283
2019-12-04,313.0,163.24,277.92,61.0,316.47,21.8,9.5,0.0,9.3,317
2019-12-05,389.0,271.99,416.79,62.0,314.91,21.3,10.4,0.0,9.9,19
2019-12-06,423.0,241.69,362.1,176.0,704.88,21.8,10.1,0.0,9.2,324
2019-12-07,382.0,233.79,348.44,216.0,702.65,22.4,10.0,0.0,8.9,329
2019-12-08,404.0,239.98,355.16,197.0,784.97,22.5,10.1,0.0,10.2,346
2019-12-09,371.0,200.33,311.58,21.0,66.17,21.8,9.2,0.0,11.2,322
2019-12-10,377.0,236.4,363.3,49.0,223.6,21.4,8.5,0.0,10.8,313
2019-12-11,430.0,299.85,452.65,1.0,4.82,21.4,8.9,0.0,9.2,92
2019-12-12,471.0,284.18,412.59,0.0,0.0,18.4,13.5,5.9,23.7,113
2019-12-13,322.0,94.62,124.26,3.0,3.13,19.5,11.4,3.7,20.3,156
2019-12-14,179.0,78.59,128.36,4.0,3.8,17.7,9.8,0.0,8.6,8
2019-12-15,205.0,94.67,151.57,5.0,9.41,18.5,9.3,0.0,10.5,311
2019-12-16,202.0,88.05,133.11,2.0,3.52,18.3,9.1,0.0,13.0,300
2019-12-17,178.0,93.07,140.23,5.0,15.21,18.2,8.1,0.0,13.3,293
2019-12-18,273.0,144.0,214.88,18.0,51.06,18.0,7.9,0.0,14.0,287
2019-12-19,354.0,261.16,385.13,1.0,4.41,17.2,5.8,0.0,8.8,352
2019-12-20,452.0,316.09,449.06,7.0,23.1,18.0,8.5,0.0,7.5,338
2019-12-21,441.0,249.87,353.94,12.0,28.5,16.2,10.3,0.2,8.9,306
2019-12-22,351.0,146.81,202.05,3.0,8.3,18.5,8.2,0.0,13.3,310
2019-12-23,321.0,171.47,240.19,14.0,32.63,18.6,8.2,0.0,14.4,297
2019-12-24,376.0,262.69,401.03,46.0,155.8,15.3,5.8,0.0,9.4,21
2019-12-25,384.0,166.71,258.28,0.0,0.0,15.3,5.2,0.0,12.4,309
2019-12-26,340.0,196.97,299.85,6.0,20.56,14.9,4.3,0.0,14.8,305
2019-12-27,372.0,240.07,371.45,13.0,26.11,13.6,3.3,0.0,9.7,308
2019-12-28,425.0,275.6,426.12,11.0,39.74,13.1,3.0,0.0,8.6,345
2019-12-29,455.0,326.79,500.15,54.0,152.41,13.1,3.8,0.0,10.2,342
2019-12-30,506.0,333.43,486.35,0.0,0.0,12.8,3.3,0.0,10.2,95
2019-12-31,417.0,245.53,338.18,15.0,37.02,12.9,2.0,0.0,10.2,126
2020-01-01,492.0,372.14,483.87,6.0,12.31,17.7,2.9,0.0,12.0,70
2020-01-02,485.0,327.04,439.31,19.0,58.03,19.5,6.8,0.0,12.4,79
2020-01-03,426.0,228.9,337.04,52.0,164.29,19.0,8.3,0.1,9.8,49
2020-01-04,366.0,220.6,327.22,39.0,133.0,18.9,8.8,0.5,9.7,18
2020-01-05,354.0,170.21,257.94,6.0,24.31,19.8,7.9,0.0,12.9,309
2020-01-06,335.0,159.64,247.47,0.0,0.0,17.1,10.3,0.0,11.6,25
2020-01-07,285.0,120.31,176.22,1.0,0.61,17.8,11.1,2.1,13.0,109
2020-01-08,281.0,117.98,145.85,7.0,6.4,15.3,10.3,17.5,14.5,17
2020-01-09,231.0,89.26,132.06,2.0,5.52,16.0,7.1,0.0,16.1,314
2020-01-10,255.0,130.82,203.54,8.0,16.7,16.6,5.8,0.0,16.1,306
2020-01-11,309.0,151.1,245.62,14.0,42.13,16.9,5.5,0.0,11.3,303
2020-01-12,352.0,207.23,325.36,13.0,50.46,19.7,6.0,0.0,10.9,310
2020-01-13,381.0,218.98,329.77,4.0,1.29,20.6,9.2,16.6,19.3,138
2020-01-14,314.0,115.62,163.67,5.0,7.33,18.3,10.5,0.3,11.7,326
2020-01-15,241.0,111.57,179.08,6.0,33.12,18.6,7.4,0.0,12.2,333
2020-01-16,286.0,139.06,197.9,0.0,0.0,15.8,9.4,11.1,10.0,351
2020-01-17,287.0,107.65,152.98,1.0,2.42,17.9,10.2,0.6,11.0,344
2020-01-18,262.0,125.3,198.24,9.0,25.1,17.2,8.9,0.2,10.9,356
2020-01-19,290.0,125.04,187.93,29.0,95.72,17.6,7.8,0.0,12.7,299
2020-01-20,282.0,142.18,225.67,21.0,105.02,17.5,7.2,0.0,12.5,296
2020-01-21,359.0,222.81,348.45,6.0,15.93,18.2,9.3,0.0,9.5,79
2020-01-22,378.0,198.88,296.98,33.0,125.55,18.8,7.4,0.0,15.1,307
2020-01-23,273.0,74.45,137.61,40.0,109.59,17.8,8.5,0.0,23.2,298
2020-01-24,155.0,79.83,151.81,69.0,244.22,19.2,8.4,0.0,22.6,290
2020-01-25,251.0,136.72,240.57,41.0,153.23,18.2,5.3,0.0,9.8,309
2020-01-26,349.0,201.2,309.09,40.0,177.46,20.2,7.1,0.0,10.5,318
2020-01-27,365.0,209.97,330.91,1.0,2.67,20.0,8.6,0.4,16.7,59
2020-01-28,302.0,104.45,149.12,5.0,6.13,19.3,11.0,16.0,20.7,102
2020-01-29,218.0,77.95,134.17,17.0,183.12,18.5,10.3,0.5,10.2,349
2020-01-30,195.0,91.56,168.43,30.0,105.25,18.2,8.5,0.0,17.8,312
2020-01-31,203.0,92.04,170.33,7.0,18.36,17.5,7.4,0.0,12.7,308
2020-02-01,244.0,112.13,201.19,19.0,52.81,18.3,7.6,0.0,12.5,342
2020-02-02,254.0,120.86,200.9,46.0,125.41,18.1,6.8,0.0,14.4,299
2020-02-03,297.0,138.5,243.43,59.0,173.15,18.8,6.5,0.0,11.8,304
2020-02-04,336.0,188.42,340.56,36.0,86.44,19.6,7.2,0.0,10.4,103
2020-02-05,344.0,150.08,255.41,34.0,132.1,19.0,8.3,0.0,16.0,321
2020-02-06,277.0,118.57,205.43,36.0,143.56,17.5,6.9,0.0,11.2,311
2020-02-07,307.0,150.15,253.82,35.0,123.38,18.3,8.1,0.1,12.0,347
2020-02-08,315.0,149.67,238.17,51.0,172.15,19.1,7.0,0.0,10.7,300
2020-02-09,310.0,151.43,247.62,88.0,289.4,19.8,7.0,0.0,10.2,311
2020-02-10,328.0,174.4,292.44,63.0,334.14,20.1,7.4,0.0,11.1,314
2020-02-11,347.0,176.57,306.12,22.0,66.05,20.6,7.2,0.0,11.2,325
2020-02-12,343.0,172.12,295.05,43.0,155.15,23.8,9.1,0.0,19.5,292
2020-02-13,279.0,95.72,179.78,42.0,229.59,26.6,13.0,0.0,20.6,291
2020-02-14,186.0,73.84,172.28,60.0,208.27,24.0,13.8,0.0,29.0,301
2020-02-15,174.0,83.07,174.78,76.0,277.47,24.7,12.2,0.0,21.3,290
2020-02-16,254.0,132.63,237.81,51.0,221.75,25.0,11.0,0.0,12.2,307
2020-02-17,323.0,158.69,282.84,63.0,220.52,25.5,9.1,0.0,17.7,291
2020-02-18,292.0,125.53,238.91,59.0,183.79,25.4,10.3,0.0,20.2,284
2020-02-19,300.0,138.46,286.39,26.0,75.47,25.2,10.0,0.0,21.5,122
2020-02-20,253.0,98.84,223.69,42.0,144.92,26.3,15.0,2.1,25.4,118
2020-02-21,170.0,53.11,85.49,6.0,5.3,18.9,13.6,13.4,25.2,78
2020-02-22,104.0,63.62,123.44,22.0,125.37,21.5,13.9,0.7,11.9,66
2020-02-23,221.0,105.71,182.2,40.0,186.13,23.2,13.2,2.6,17.8,5
2020-02-24,169.0,70.59,145.05,48.0,172.36,23.5,12.3,0.1,11.8,320
2020-02-25,244.0,127.75,224.02,66.0,223.18,24.4,13.1,0.0,16.3,315
2020-02-26,303.0,141.81,258.62,67.0,237.03,25.0,12.7,0.0,11.2,347
2020-02-27,270.0,107.28,203.77,23.0,103.62,25.4,13.4,0.0,12.1,108
2020-02-28,214.0,83.48,161.36,13.0,23.65,25.6,16.0,0.0,19.3,119
2020-02-29,144.0,60.01,115.82,7.0,24.25,21.9,16.1,9.1,22.3,126
2020-03-01,105.0,42.83,91.88,14.0,25.5,24.9,15.1,0.0,14.8,102
2020-03-02,192.0,99.34,203.51,53.0,220.07,25.4,14.8,0.2,9.4,0
2020-03-03,226.0,86.26,188.73,36.0,163.65,26.0,13.6,0.0,10.5,352
2020-03-04,200.0,82.9,193.79,42.0,171.82,24.9,13.9,1.0,17.2,123
2020-03-05,112.0,31.43,67.5,6.0,20.89,24.5,14.5,13.0,27.8,103
2020-03-06,82.0,21.32,38.5,1.0,0.67,21.3,13.7,23.3,30.4,127
2020-03-07,77.0,40.96,85.45,6.0,4.2,20.4,12.8,1.7,18.9,134
2020-03-08,156.0,72.1,140.22,16.0,22.91,22.7,11.6,0.0,16.4,312
2020-03-09,138.0,58.04,133.75,20.0,86.83,23.6,11.8,0.0,20.3,304
2020-03-10,186.0,84.35,160.91,37.0,122.12,23.7,10.1,0.0,11.0,283
2020-03-11,128.0,55.19,112.57,3.0,5.71,23.9,14.9,2.6,20.9,119
2020-03-12,125.0,56.92,155.18,4.0,10.32,25.7,14.3,0.0,21.1,121
2020-03-13,170.0,68.72,209.02,5.0,12.61,24.7,13.7,10.0,23.2,321
2020-03-14,131.0,39.41,85.26,5.0,6.01,20.7,13.5,4.2,20.4,21
2020-03-15,124.0,60.99,124.24,12.0,37.72,21.3,11.2,0.1,10.7,355
2020-03-16,148.0,61.61,144.37,17.0,39.96,23.9,12.8,0.0,12.0,323
2020-03-17,164.0,69.7,160.15,30.0,89.79,25.6,13.5,0.0,14.1,320
2020-03-18,162.0,68.93,162.56,55.0,173.17,27.1,14.3,0.0,14.8,313
2020-03-19,191.0,90.62,195.15,25.0,131.27,27.4,15.2,0.2,12.5,331
2020-03-20,209.0,90.31,200.79,28.0,83.48,29.0,16.0,0.4,16.7,109
2020-03-21,205.0,82.39,184.81,9.0,9.53,28.4,15.2,1.6,9.2,56
2020-03-22,198.0,78.61,134.46,24.0,170.65,28.6,15.5,0.0,13.8,347
2020-03-23,127.0,54.26,100.55,25.0,76.56,29.2,16.2,0.0,9.4,8
2020-03-24,124.0,55.85,103.62,8.0,34.14,30.2,18.2,0.7,10.8,139
2020-03-25,92.0,37.87,68.03,0.0,0.0,30.3,17.8,0.0,21.8,339
2020-03-26,93.0,45.69,75.81,0.0,0.0,29.7,18.8,0.0,19.6,307
2020-03-27,76.0,26.89,45.48,0.0,0.0,25.2,19.2,6.0,16.2,214
2020-03-28,51.0,21.23,34.15,3.0,7.54,27.3,16.1,0.1,17.3,321
2020-03-29,64.0,27.59,55.75,15.0,58.76,28.2,16.4,0.0,22.5,316
2020-03-30,74.0,35.08,64.66,6.0,17.83,28.8,15.8,0.0,19.2,311
2020-03-31,81.0,35.31,67.01,3.0,11.21,30.1,16.1,0.1,20.1,327
2020-04-01,80.0,32.88,65.84,11.0,53.0,31.1,17.6,0.0,13.0,357
2020-04-02,78.0,28.51,61.06,17.0,50.59,29.5,17.8,0.0,20.9,318
2020-04-03,84.0,31.36,62.69,14.0,61.47,29.4,16.1,0.0,19.1,311
2020-04-04,90.0,40.79,77.64,12.0,37.65,31.0,15.5,0.0,17.2,322
2020-04-05,103.0,51.79,96.88,18.0,57.22,31.6,17.0,0.0,15.5,345
2020-04-06,134.0,59.91,114.88,7.0,39.68,33.4,18.4,0.0,18.0,348
2020-04-07,100.0,33.12,94.02,4.0,1.47,32.8,18.4,0.4,19.6,330
2020-04-08,91.0,29.7,79.04,11.0,59.91,31.5,18.7,0.0,16.7,331
2020-04-09,89.0,36.13,76.32,1.0,2.25,31.5,17.5,0.0,15.8,317
2020-04-10,111.0,57.67,112.93,12.0,39.82,34.0,18.0,0.0,17.2,335
2020-04-11,126.0,53.03,118.1,7.0,21.95,35.1,19.2,0.0,13.8,348
2020-04-12,102.0,38.57,92.7,3.0,1.97,34.9,20.8,0.0,15.0,311
2020-04-13,119.0,60.6,136.77,12.0,18.99,37.0,20.8,0.0,20.6,309
2020-04-14,134.0,58.22,144.7,3.0,9.23,37.9,22.8,0.0,22.0,80
2020-04-15,152.0,58.31,190.98,7.0,16.28,37.6,25.1,0.0,20.6,121
2020-04-16,172.0,69.8,191.17,1.0,1.52,37.8,23.1,0.0,16.9,323
2020-04-17,123.0,26.93,89.58,4.0,25.81,34.7,25.2,0.0,20.4,14
2020-04-18,102.0,29.09,102.53,6.0,9.73,35.5,23.5,0.0,25.1,59
2020-04-19,95.0,35.49,73.86,8.0,17.61,33.9,22.3,0.0,14.4,330
2020-04-20,115.0,52.86,113.25,4.0,17.9,33.9,21.6,0.4,14.5,290
2020-04-21,102.0,37.17,87.27,11.0,42.94,32.2,19.6,0.0,14.8,14
2020-04-22,122.0,58.25,130.99,13.0,54.87,34.1,20.0,0.0,13.8,349
2020-04-23,129.0,54.71,127.82,7.0,14.53,35.5,24.3,0.0,20.2,219
2020-04-24,143.0,65.91,138.46,19.0,84.21,35.4,21.7,0.0,11.4,76
2020-04-25,121.0,33.09,85.83,11.0,80.44,33.7,23.6,0.5,17.1,141
2020-04-26,119.0,40.24,117.1,27.0,117.2,31.8,23.4,1.0,29.5,120
2020-04-27,98.0,27.18,53.02,44.0,174.48,30.4,20.8,2.8,21.1,110
2020-04-28,105.0,41.75,80.36,54.0,263.77,32.3,21.6,0.2,14.8,92
2020-04-29,123.0,55.18,114.91,91.0,516.38,34.7,21.1,0.0,12.6,150
2020-04-30,128.0,49.96,115.63,22.0,191.11,36.1,24.1,0.2,23.2,106
2020-05-01,140.0,61.04,143.11,101.0,670.19,38.4,22.4,0.0,17.3,83
2020-05-02,127.0,34.67,107.36,67.0,326.29,36.6,24.3,0.9,29.5,111
2020-05-03,110.0,32.56,83.02,43.0,205.37,34.7,23.5,21.8,25.5,107
2020-05-04,92.0,26.63,60.59,86.0,391.27,32.9,21.0,0.0,14.6,54
2020-05-05,117.0,56.24,115.91,67.0,366.19,34.4,23.1,0.0,25.6,342
2020-05-06,139.0,58.44,169.61,154.0,701.71,35.2,21.7,0.0,18.8,123
2020-05-07,140.0,36.02,88.35,986.0,5328.13,35.8,22.1,0.0,17.7,76
2020-05-08,138.0,51.09,120.82,1002.0,6306.42,38.1,23.1,0.0,13.7,132
2020-05-09,142.0,54.18,126.9,633.0,5302.78,39.5,25.2,0.0,14.7,119
2020-05-10,127.0,44.3,110.39,271.0,1534.84,36.3,24.5,0.8,17.7,117
2020-05-11,113.0,43.26,93.49,542.0,3660.61,35.8,22.8,0.3,15.3,125
2020-05-12,122.0,43.19,94.4,1400.0,6889.96,35.5,23.1,0.0,17.0,91
2020-05-13,132.0,68.8,159.2,1072.0,4425.86,35.5,25.8,0.3,14.9,354
2020-05-14,154.0,56.17,126.53,732.0,4660.95,36.8,24.1,0.0,13.2,63
2020-05-15,125.0,47.44,101.93,656.0,4685.14,38.2,24.7,0.0,20.4,323
2020-05-16,175.0,81.87,151.8,500.0,4643.64,38.1,24.6,0.0,18.4,314
2020-05-17,202.0,98.63,187.24,1238.0,10809.58,38.7,24.1,0.0,16.0,310
2020-05-18,222.0,101.02,192.68,2387.0,16762.46,38.7,23.8,0.0,17.2,338
2020-05-19,238.0,106.63,208.65,949.0,8648.64,38.6,24.7,0.0,14.3,347
2020-05-20,196.0,67.8,155.41,389.0,3970.58,37.7,23.3,0.0,21.2,318
2020-05-21,149.0,55.92,163.77,161.0,1312.08,40.2,24.0,0.0,22.7,303
2020-05-22,199.0,94.37,213.47,304.0,2875.84,42.1,25.3,0.0,11.8,325
2020-05-23,202.0,74.92,209.49,702.0,4550.49,41.7,27.7,0.0,18.1,99
2020-05-24,174.0,55.37,179.3,389.0,2693.2,42.3,27.7,0.0,23.7,314
2020-05-25,157.0,61.46,162.41,125.0,1296.61,43.2,27.8,0.0,23.1,303
2020-05-26,153.0,55.38,190.11,89.0,611.4,44.2,29.6,0.0,19.7,298
2020-05-27,156.0,43.22,161.76,73.0,578.63,43.7,28.9,0.0,17.1,347
2020-05-28,174.0,39.07,229.55,78.0,394.25,38.2,28.6,0.1,29.8,114
2020-05-29,129.0,24.62,66.66,4.0,11.67,35.1,25.9,4.2,27.5,115
2020-05-30,84.0,23.09,53.19,22.0,88.66,32.7,23.5,5.4,20.0,129
2020-05-31,80.0,21.51,40.43,16.0,62.63,32.6,22.9,0.2,16.2,114
2020-06-01,100.0,41.05,80.47,14.0,51.3,33.3,21.6,0.0,9.6,33
2020-06-02,123.0,45.9,98.32,26.0,120.45,34.4,24.0,0.0,14.1,274
2020-06-03,123.0,50.62,114.01,33.0,144.26,35.8,24.2,0.0,11.3,7
2020-06-04,144.0,68.24,143.79,46.0,285.96,34.4,24.9,0.0,11.8,133
2020-06-05,126.0,42.43,87.05,66.0,352.59,34.4,24.8,0.0,12.2,160
2020-06-06,102.0,35.14,80.49,6.0,11.84,34.4,24.4,0.0,13.1,132
2020-06-07,104.0,39.99,91.17,9.0,31.33,36.2,26.7,1.2,15.0,144
2020-06-08,112.0,46.9,103.27,24.0,82.85,35.5,25.6,0.1,13.2,353
2020-06-09,138.0,64.77,148.67,11.0,32.89,37.9,26.7,0.0,12.3,315
2020-06-10,154.0,58.9,156.29,24.0,72.36,38.4,28.3,0.0,19.4,325
2020-06-11,142.0,54.69,134.36,14.0,32.28,37.6,27.7,0.0,11.6,60
2020-06-12,152.0,64.0,152.7,20.0,63.92,38.5,28.9,0.0,16.6,115
2020-06-13,132.0,52.36,129.33,37.0,151.49,38.5,29.6,0.0,15.3,103
2020-06-14,147.0,71.08,150.28,46.0,152.32,38.5,29.2,0.0,12.1,84
2020-06-15,130.0,48.69,120.23,29.0,111.38,40.1,29.2,0.0,18.2,313
2020-06-16,126.0,39.87,107.99,34.0,138.55,39.2,28.5,0.1,14.3,146
2020-06-17,110.0,34.35,92.58,21.0,116.31,39.9,29.0,0.0,17.6,113
2020-06-18,107.0,36.84,100.62,47.0,193.83,41.2,28.1,0.0,18.4,113
2020-06-19,132.0,57.6,205.56,32.0,123.26,40.3,30.0,0.0,19.3,120
2020-06-20,158.0,35.96,108.73,53.0,210.04,39.2,29.5,1.2,19.9,139
2020-06-21,105.0,39.7,95.63,98.0,366.97,38.6,28.7,0.0,13.8,105
2020-06-22,104.0,39.47,77.48,2.0,3.68,36.5,27.6,1.0,10.9,84
2020-06-23,85.0,29.02,64.12,84.0,410.9,35.1,28.4,2.0,21.0,106
2020-06-24,71.0,30.91,62.61,26.0,94.07,33.1,28.3,3.1,15.1,108
2020-06-25,86.0,38.37,77.76,5.0,4.32,37.1,26.7,0.0,10.2,311
2020-06-26,104.0,50.01,112.08,12.0,36.52,36.4,27.9,1.4,18.8,282
2020-06-27,112.0,39.8,155.94,8.0,13.73,38.3,29.5,0.1,29.5,277
2020-06-28,196.0,59.52,308.65,35.0,211.29,38.9,30.3,0.2,26.2,270
2020-06-29,233.0,44.86,184.12,0.0,0.0,39.7,29.7,0.5,24.6,75
2020-06-30,114.0,39.8,91.98,26.0,90.84,36.4,27.2,0.0,17.1,111
2020-07-01,101.0,54.01,128.66,35.0,128.18,38.2,28.6,0.0,14.2,111
