tree
version=v4
num_class=1
num_tree_per_iteration=1
label_index=0
max_feature_idx=29
objective=regression_l1
feature_names=aqi_lag0 aqi_lag1 aqi_lag2 aqi_lag3 aqi_lag4 aqi_lag5 aqi_lag6 aqi_roll3 aqi_roll7 pm25_lag0 pm10_lag0 fire_lag0 fire_lag1 fire_lag2 fire_lag3 fire_3d fire_7d frp_3d wind_speed_0 wind_nw_0 tmin_0 tmax_0 precip_0 wind_speed_h wind_nw_h tmin_h tmax_h precip_h doy_sin_h doy_cos_h
feature_infos=[29:716] [29:716] [29:716] [29:716] [29:716] [29:716] [29:716] [34:665] [36.285714285714285:606.14285714285711] [10.880000000000001:685.36000000000001] [18.59:796.88] [0:8536] [0:8536] [0:8536] [0:8536] [0:19321] [2:35533] [0:138347.77000000002] [5.5999999999999996:31.800000000000001] [-1:1] [4.2000000000000002:34] [15.6:44.100000000000001] [0:75.400000000000006] [5.5999999999999996:31.800000000000001] [-1:1] [4.2000000000000002:34] [15.6:44.100000000000001] [0:75.400000000000006] [-0.9999994220246925:0.99998555065071859] [-0.99997919295908233:0.9999907524084426]
tree_sizes=2535 2677 2712 2683 2691 2693 2702 2705 2715 2694 2700 2697 2717 2705 2732 2723 2696 2725 2712 2696 2704 2710 2722 2690 2710 2718 2721 2704 2723 2717 2738 2719 2705 2724 2714 2723 2735 2730 2734 2720 2714 2741 2738 2745 2712 2738 2754 2696 2733 2714 2735 2758 2739 2734 2763 2736 2749 2728 2750 2742 2755 2757 2772 2740 2751 2744 2736 2752 2740 2727 2764 2694 2780 2757 2733 2754 2751 2750 2764 2756 2740 2768 2774 2759 2722 2753 2748 2765 2736 2772 2774 2751 2790 2771 2772 2742 2780 2762 2773 2788 2762 2768 2772 2766 2772 2780 2760 2761 2765 2770 2789 2784 2769 2818 2744 2775 2774 2793 2784 2798 2784 2766 2781 2759 2765 2768 2781 2790 2791 2813 2808 2787 2784 2783 2773 2750 2789 2770 2771 2775 2792 2773 2755 2794 2761 2764 2772 2783 2765 2767 2787 2783 2763 2767 2774 2783 2765 2772 2756 2770 2739 2782 2741 2776 2774 2769 2787 2754 2757 2761 2724 2746 2771 2792 2782 2784 2775 2785 2771 2777 2778 2773 2773 2750 2780 2760 2791 2774 2759 2785 2768 2730 2775 2770 2787 2780 2786 2772 2797 2764 2769 2779 2777 2774 2790 2766 2769 2801 2797 2793 2773 2765 2773 2756 2763 2759 2744 2792 2782 2781 2801 2768 2762 2800 2749 2796 2768 2789 2768 2779 2790 2782 2771 2769 2767 2800 2793 2779 2752 2791 2766 2794 2770 2782 2792 2795 2790 2764 2782 2767 2795 2767 2761 2778 2777 2801 2787 2763 2772 2770 2777

Tree=0
num_leaves=31
num_cat=0
split_feature=7 9 22 0 8 23 23 25 26 11 3 1 25 9 27 4 19 7 19 0 0 6 9 0 27 16 19 21 23 23
split_gain=542.981 74.1431 48.7145 20.2485 19.6968 17.9937 17.0514 16.0232 19.1941 11.5919 10.0219 9.46642 7.99206 7.37291 5.40502 5.41346 5.40311 5.79059 4.64496 4.13188 3.24083 2.59421 2.18893 1.51452 1.34795 1.17058 1.16908 0.904762 0.885455 0.693262
threshold=290.33333333333343 83.920000000000002 1.0000000180025095e-35 254.50000000000003 214.28571428571431 13.050000000000002 15.950000000000001 22.450000000000003 40.250000000000007 213.50000000000003 368.50000000000006 230.50000000000003 22.850000000000005 127.88000000000001 0.15000000000000005 239.50000000000003 -0.034899496702500851 251.00000000000003 0.8869770585236475 345.50000000000006 301.50000000000006 240.50000000000003 73.585000000000022 351.50000000000006 1.4500000000000002 6.5000000000000009 -0.81408451933196946 26.450000000000003 22.150000000000002 15.950000000000001
decision_type=10 2 2 2 8 2 2 2 2 2 8 10 2 2 2 10 2 10 2 2 2 10 2 2 2 10 2 2 2 2
left_child=1 3 7 11 12 18 19 13 23 16 -8 21 -3 20 15 -13 -7 -18 -6 -4 -2 25 29 -9 -15 -1 -16 -20 -27 -23
right_child=2 4 6 -5 5 9 10 8 -10 -11 -12 14 -14 24 26 -17 17 -19 27 -21 -22 22 -24 -25 -26 28 -28 -29 -30 -31
leaf_value=268.20999999999998 272.33499999999998 269.07999999999998 271.26999999999998 270.85000000000002 271.26999999999998 269.44 270.02499999999998 270.14499999999998 273.29500000000002 271.95999999999998 271.435 269.23000000000002 270.61000000000001 274.20999999999998 268.75 271.08999999999997 271.16500000000002 269.63499999999999 272.51499999999999 272.56 272.755 269.31999999999999 269.66500000000002 272.21499999999997 273.06999999999999 266.68000000000001 269.60500000000002 272.13999999999999 267.38499999999999 267.97000000000003
leaf_weight=21 24 35 26 39 23 25 30 20 34 27 20 23 20 377 22 25 30 30 20 29 32 23 20 20 24 288 22 21 20 23
leaf_count=21 24 35 26 39 23 25 30 20 34 27 20 23 20 377 22 25 30 30 20 29 32 23 20 20 24 288 22 21 20 23
internal_value=271 270.983 271.021 270.977 270.997 271.002 271.002 271.024 271.011 270.995 270.989 270.975 270.982 271.026 270.984 270.991 270.99 270.995 271.015 271.013 271.016 270.973 270.979 270.997 271.028 270.972 270.977 271.021 270.971 270.976
internal_weight=1393 757 636 526 231 176 105 531 74 112 50 487 55 457 92 48 85 60 64 55 56 395 66 40 401 329 44 41 308 46
internal_count=1393 757 636 526 231 176 105 531 74 112 50 487 55 457 92 48 85 60 64 55 56 395 66 40 401 329 44 41 308 46
is_linear=0
shrinkage=1


Tree=1
num_leaves=31
num_cat=0
split_feature=9 0 22 19 4 9 28 26 23 8 5 29 6 1 24 7 19 10 26 24 28 23 0 24 5 13 7 9 10 9
split_gain=527.197 90.5173 39.045 27.8585 36.8026 23.2051 17.8919 14.2649 14.4365 13.9308 13.3305 12.6092 10.055 8.48485 7.87523 6.58234 5.11388 5.10961 4.8652 4.17843 3.71753 3.26158 2.77516 3.37758 4.48069 2.00635 1.95451 1.27048 0.937453 0.235565
threshold=113.52000000000002 223.50000000000003 0.65000000000000002 -0.55191596924288666 215.50000000000003 70.665000000000006 0.87397152483179585 38.750000000000007 14.950000000000001 283.4285714285715 293.50000000000006 -0.61236746317008228 314.50000000000006 327.50000000000006 -0.5806808443217597 258.83333333333343 0.87032255546191728 211.16500000000005 34.350000000000001 0.38266886095259278 0.59868201182722736 18.450000000000003 134.50000000000003 0.31729257441605202 240.50000000000003 66.500000000000014 171.16666666666671 90.865000000000009 181.81500000000003 127.05500000000002
decision_type=2 2 2 2 10 2 2 2 2 10 8 2 8 10 2 10 2 10 2 2 2 2 2 2 10 10 10 2 10 2
left_child=1 5 6 14 17 22 11 8 19 -8 16 -2 -4 -10 27 -13 28 -5 -18 -6 -19 29 -1 -24 26 -23 -25 -3 -7 -17
right_child=2 3 12 4 7 10 9 -9 13 -11 -12 15 -14 -15 -16 21 18 20 -20 -21 -22 25 23 24 -26 -27 -28 -29 -30 -31
leaf_value=-4.8503999999999996 0.86114999999999953 -1.5225 -1.96305 -1.9109999999999996 0.73319999999999985 -2.2554000000000003 -0.44572499999999959 1.8428249999999993 -0.90382499999999988 2.0336250000000007 0.22184999999999944 0.83580000000000043 1.2131999999999998 1.8892500000000005 -0.36809999999999943 2.0245500000000005 -1.2713999999999999 -0.14550000000000068 -0.041549999999999726 0.70995000000000064 -1.2287999999999994 1.2537000000000005 -3.0591000000000008 -1.5962999999999994 -1.2026999999999992 2.4837000000000007 -1.8715499999999996 -1.5398249999999996 -2.6426999999999992 3.1437000000000004
leaf_weight=197 31 29 23 22 21 22 24 42 32 36 31 21 23 21 35 26 26 27 28 28 21 24 87 21 25 20 39 20 27 387
leaf_count=197 31 29 23 22 21 22 24 42 32 36 31 21 23 21 35 26 26 27 28 28 21 24 87 21 25 20 39 20 27 387
internal_value=0.000508116 -0.0155237 0.0213799 -0.00240803 0.00334884 -0.0232738 0.0235263 0.012 0.00582524 0.00786885 -0.0124444 0.0253529 -0.00510638 -0.005 -0.0169412 0.0265553 -0.0175962 -0.0143662 -0.0109091 0.0174 -0.00857143 0.0273144 -0.0271622 -0.0239306 -0.019186 0.0186667 -0.0236066 -0.0246 -0.0246 0.0281884
internal_weight=1416 801 615 298 214 503 569 144 102 60 134 509 46 53 84 478 103 70 54 49 48 457 369 172 85 44 60 49 49 413
internal_count=1416 801 615 298 214 503 569 144 102 60 134 509 46 53 84 478 103 70 54 49 48 457 369 172 85 44 60 49 49 413
is_linear=0
shrinkage=0.03


Tree=2
num_leaves=31
num_cat=0
split_feature=7 9 22 29 9 19 3 3 19 5 14 9 0 15 23 27 16 4 28 23 15 18 11 9 25 11 9 28 0 2
split_gain=529.831 77.9196 45.6797 26.4114 14.9958 13.3677 13.1915 11.8407 11.5674 11.8427 15.0388 10.6784 8.96761 6.01357 5.83748 8.02588 4.31048 3.60239 3.35354 3.09769 3.04149 2.82035 2.78084 2.7025 2.4768 2.43632 2.24161 1.83362 1.28854 1.01233
threshold=290.33333333333343 71.860000000000014 1.0000000180025095e-35 0.50370931781787065 135.82500000000002 0.78257835753184646 177.50000000000003 370.50000000000006 -0.84335933205092484 181.50000000000003 57.500000000000007 143.01000000000002 243.50000000000003 59.500000000000007 17.450000000000003 0.15000000000000005 335.50000000000006 259.50000000000006 0.3261394409934788 15.550000000000002 85.500000000000014 14.550000000000002 62.500000000000007 117.74000000000002 22.750000000000004 29.500000000000004 103.34000000000002 -0.99467753128998015 332.50000000000006 300.50000000000006
decision_type=10 2 2 2 2 2 10 8 2 10 10 2 2 10 2 2 8 10 2 2 10 2 2 2 2 2 2 2 2 10
left_child=1 12 4 6 5 -2 26 11 17 -10 14 -4 18 -5 15 25 -9 -8 27 28 -20 -12 -22 -21 29 -11 -3 -1 -7 -6
right_child=2 3 7 13 24 19 8 16 9 10 21 -13 -14 -15 -16 -17 -18 -19 20 23 22 -23 -24 -25 -26 -27 -28 -29 -30 -31
leaf_value=-2.4095700000000004 -0.27228449999999954 -2.3105849999999997 -0.73459312499999974 0.16839449999999884 2.3448390000000003 1.8366135000000008 -1.0823651250000006 0.14233312500000012 -1.5511634999999995 0.78993524999999998 1.2766890000000006 1.2861540000000011 -1.2098250000000013 1.4326919999999994 -0.78648525000000058 -1.3011330000000003 0.88055400000000073 -1.4448052499999995 -2.2007535000000003 1.8858652499999993 -0.72531525000000019 0.62064037500000035 -2.5235189999999998 1.3841651250000007 2.9322772499999994 -0.086997000000000074 -0.83082825000000016 -4.2488130000000002 2.706341249999999 3.0943889999999996
leaf_weight=21 27 43 38 25 40 35 26 20 30 20 23 22 33 25 32 24 29 20 41 31 20 32 23 20 24 22 21 284 21 320
leaf_count=21 27 43 38 25 40 35 26 20 30 20 23 22 33 25 32 24 29 20 41 31 20 32 23 20 24 22 21 284 21 320
internal_value=0.000258435 -0.0164883 0.0206847 -0.00584302 0.0243931 0.0155556 -0.00928571 0.003 -0.00586957 -0.00244565 0.000974026 -0.00590164 -0.0251064 0.0141176 -0.00606061 -0.000895522 0.0138 -0.0191489 -0.0263846 0.0202778 -0.0204706 0.0133929 -0.0143182 0.0144231 0.0274286 0.00697674 -0.0212308 -0.0279412 0.0252632 0.0280886
internal_weight=1392 765 627 343 518 134 293 109 229 183 153 60 422 50 98 66 49 46 389 107 84 55 43 51 384 42 64 305 56 360
internal_count=1392 765 627 343 518 134 293 109 229 183 153 60 422 50 98 66 49 46 389 107 84 55 43 51 384 42 64 305 56 360
is_linear=0
shrinkage=0.03


Tree=3
num_leaves=31
num_cat=0
split_feature=7 9 22 29 23 0 8 26 3 19 19 10 28 6 28 29 0 20 25 3 24 23 18 12 26 23 13 9 6 6
split_gain=496.466 78.2871 60.8243 20.2683 19.2087 18.9722 18.7255 16.0483 12.7187 12.5565 7.59342 7.56157 7.21756 11.5215 7.19876 6.68093 6.33212 5.95503 5.64838 4.55964 4.51072 3.81365 3.47117 6.75977 5.30606 2.49273 1.82975 1.45268 0.940893 1.09196
threshold=280.83333333333343 84.445000000000007 1.0000000180025095e-35 0.097680735332368748 15.850000000000003 243.50000000000003 214.28571428571431 37.750000000000007 365.50000000000006 0.86159635224327558 -0.53727914962411594 211.16500000000005 0.87397152483179585 289.50000000000006 0.77788564761185042 -0.54219087765047058 134.50000000000003 23.150000000000002 23.150000000000002 247.50000000000003 -0.55191596924288666 18.350000000000005 15.050000000000002 9.5000000000000018 38.95000000000001 12.15 85.500000000000014 119.32000000000001 298.50000000000006 261.50000000000006
decision_type=8 2 2 2 2 2 8 2 8 2 2 10 2 10 2 2 2 2 2 10 2 2 2 10 2 2 10 2 8 10
left_child=1 5 3 7 10 16 18 17 -6 11 -4 -8 25 -14 27 -7 -1 -2 -3 -13 26 -9 -22 -24 -25 -11 -18 -5 29 -29
right_child=2 6 4 14 8 15 9 21 -10 12 -12 19 13 -15 -16 -17 20 -19 -20 -21 22 -23 23 24 -26 -27 -28 28 -30 -31
leaf_value=-4.5474236100000009 0.40047330750000071 -1.6891027200000002 0.25038738000000021 2.0564095387500005 -0.96399695624999937 -1.6220302500000001 -1.64106201 2.8840337849999997 0.54672812999999965 1.5634847400000003 0.97247237999999869 -0.60856244249999913 0.73157924624999959 -0.87019742250000032 1.6720574325000004 0.31189603875000044 -2.7916238100000004 -1.36539153375 -0.30211845000000093 0.94240267312500003 -1.9500386606250006 1.3173471824999985 -0.20504661000000113 -1.9474963949999993 -0.3977727112500008 0.70699523999999991 -2.1870204299999996 2.4414573300000009 3.1365573300000005 2.4977005800000009
leaf_weight=189 22 34 33 22 39 26 21 41 21 22 35 31 20 20 36 23 86 20 21 20 64 26 28 45 21 27 20 22 323 32
leaf_count=189 22 34 33 22 39 26 21 41 21 22 35 31 20 20 36 23 86 20 21 20 64 26 28 45 21 27 20 22 323 32
internal_value=0.000560748 -0.0167733 0.0190788 0.0234495 0.000465116 -0.0232604 -0.00165899 0.0117273 -0.0118033 0.00351852 0.0113043 -0.00575342 0.011 0.00146341 0.0263532 -0.0054 -0.0251762 -0.0027907 -0.0166071 0.000576923 -0.0219623 0.0207353 -0.0184906 -0.0145263 -0.0197015 0.0186 -0.0269159 0.027525 0.0280159 0.0229091
internal_weight=1390 718 672 544 128 502 216 109 60 161 68 72 89 40 435 49 453 42 55 51 264 67 158 94 66 49 106 399 377 54
internal_count=1390 718 672 544 128 502 216 109 60 161 68 72 89 40 435 49 453 42 55 51 264 67 158 94 66 49 106 399 377 54
is_linear=0
shrinkage=0.03


Tree=4
num_leaves=31
num_cat=0
split_feature=0 22 9 29 5 4 24 8 0 27 29 20 4 8 24 8 28 18 28 21 10 2 28 28 26 10 10 25 18 5
split_gain=508.208 64.3102 54.5021 29.7428 22.368 20.0273 16.6448 14.1644 13.7937 13.7158 9.75208 9.15581 8.83635 8.58109 8.80411 6.62051 6.09524 5.94864 5.57739 5.43787 3.84917 3.62527 6.20664 2.28315 2.57201 2.40606 2.24237 2.05264 1.43199 1.27868
threshold=259.50000000000006 0.15000000000000005 83.920000000000002 0.42763731121559989 191.50000000000003 206.50000000000003 -0.034899496702500851 146.78571428571431 349.50000000000006 0.55000000000000016 0.56191161272202661 24.050000000000004 134.50000000000003 292.4285714285715 0.95368063612909459 274.07142857142861 0.92273069556937592 15.050000000000002 0.75580964594513067 33.050000000000004 97.460000000000022 197.50000000000003 0.90162119223771331 -0.97509794945709805 38.95000000000001 131.66000000000003 260.54000000000008 18.350000000000005 17.650000000000002 261.50000000000006
decision_type=2 2 2 2 8 8 2 10 2 2 2 2 10 10 2 10 2 2 2 2 10 10 2 2 2 10 10 2 2 10
left_child=2 3 7 6 -4 -3 9 -1 17 11 21 -2 -9 14 26 20 -16 -7 29 -17 -14 -6 -23 -22 25 -25 -8 -27 -15 -5
right_child=1 5 4 18 10 8 13 12 -10 -11 -12 -13 15 28 16 19 -18 -19 -20 -21 23 22 -24 24 -26 27 -28 -29 -30 -31
leaf_value=-4.5685638957000005 1.6925587332750001 -2.5999220096437492 -1.1270500133999997 1.3624606101000001 -0.7342229221499994 0.31705182922499997 1.1302415119874991 -0.018895211700000799 1.3519567648500006 -1.405404219225 1.1875064532000004 -0.45654707366250019 -2.7542073987000011 3.0081539989500001 1.1950586423625003 0.16409382481875126 -0.4762152218437492 -0.47709489448124881 1.4482958120250002 -1.0162031138249994 -1.5059744164312505 0.89261743154999917 -0.47284946148749896 -1.6113101567249999 -1.4275338649124985 -1.5798060031500001 1.2801416976374995 -2.0455580563406239 2.2558755289500008 2.8624606100999999
leaf_weight=201 21 22 31 21 26 28 22 23 32 23 24 23 60 61 20 21 20 32 33 28 22 25 25 41 33 25 24 72 23 354
leaf_count=201 21 22 31 21 26 28 22 23 32 23 24 23 60 61 20 21 20 32 33 28 22 25 25 41 33 25 24 72 23 354
internal_value=0.000381087 0.0170921 -0.018921 0.0207585 -0.00159091 -0.00365217 0.0122269 -0.0232258 0.00258065 -0.000441176 0.00534653 0.00933333 -0.0192331 0.017193 0.0103448 -0.0205941 0 -0.00590164 0.0256724 -0.0102 -0.0225591 0 0.00470588 -0.0202577 -0.0214535 -0.0233094 0.0191489 -0.0260204 0.024 0.0267287
internal_weight=1416 759 657 645 131 114 237 526 92 67 100 44 325 170 86 302 40 60 408 49 253 76 50 193 171 138 46 97 84 375
internal_count=1416 759 657 645 131 114 237 526 92 67 100 44 325 170 86 302 40 60 408 49 253 76 50 193 171 138 46 97 84 375
is_linear=0
shrinkage=0.03


Tree=5
num_leaves=31
num_cat=0
split_feature=9 0 22 19 9 4 23 14 29 7 12 8 19 24 0 19 21 23 19 29 11 15 17 5 24 16 11 27 9 6
split_gain=516.036 78.406 35.2429 25.9703 21.3722 15.1127 12.6923 14.2966 12.4171 11.9013 9.48664 9.34729 9.17333 6.43394 5.95883 6.62577 7.58135 5.91472 5.62248 5.18654 4.34848 3.70068 3.20091 2.73603 3.61861 2.70353 1.68157 1.3775 1.20536 1.06447
threshold=115.94500000000001 230.50000000000003 0.65000000000000002 -0.50751903745502724 62.230000000000011 216.50000000000003 15.15 106.50000000000001 -0.61236746317008228 298.16666666666669 28.500000000000004 276.07142857142861 0.79332313182700742 -0.29237170472273682 173.50000000000003 0.91702515554752073 33.150000000000013 18.450000000000003 0.9681107762825325 -0.54219087765047058 74.500000000000014 40.500000000000007 347.13000000000181 223.50000000000003 0.31729257441605202 306.50000000000006 193.50000000000003 0.35000000000000003 93.530000000000015 247.50000000000003
decision_type=2 2 2 2 2 10 2 10 2 10 10 8 2 2 2 2 2 2 2 2 2 10 10 10 2 10 2 2 2 10
left_child=1 4 8 13 23 19 22 18 -2 12 -4 14 -10 28 -6 21 -17 27 -8 -5 -19 -16 -7 -1 -25 -14 -24 -11 -3 -23
right_child=2 3 10 5 11 6 7 -9 9 17 -12 -13 25 -15 15 16 -18 20 -20 -21 -22 29 26 24 -26 -27 -28 -29 -30 -31
leaf_value=-3.9589439848290007 0.33941756747324969 -1.4304856632854994 -1.3814997672524054 -1.6172874700097815 -2.5154025949578744 0.12598699053449991 -0.79950186074109353 1.7632711532711254 -0.15540956137237458 2.9565867917969997 0.97109871929446845 -0.21038273478525182 1.1352727981469999 -0.32635950514649892 -0.69070472441939157 -1.0005860076883124 0.32222936351399878 1.0126960831544989 0.14846944359993813 -0.41035205508674888 2.2963678605159372 -1.8778623733102491 1.5210038057086872 -2.3646665596084233 -1.264435196512125 1.6800356359252506 1.3304394429178128 1.6557867917969991 -1.5198352926653429 -1.6552471540097826
leaf_weight=252 27 27 20 25 60 21 30 20 24 373 20 35 30 31 20 35 20 31 20 39 22 27 26 28 34 20 24 22 20 21
leaf_count=252 27 27 20 25 60 21 30 20 24 373 20 35 30 31 20 35 20 31 20 39 22 27 26 28 34 20 24 22 20 21
internal_value=-0.000170819 -0.015625 0.0212034 -0.00285211 -0.0224015 0.00276699 0.00823944 -0.00084507 0.0231818 0.0242065 -0.00585366 -0.0150685 0.0128 -0.0174684 -0.0177717 -0.0137903 -0.00589286 0.0260579 -0.00941176 -0.00923077 0.0161111 -0.02 0.0170833 -0.0274286 -0.0209524 0.02 0.0211765 0.0273485 -0.024375 -0.0244898
internal_weight=1404 815 589 283 532 205 141 70 549 522 40 218 74 78 183 123 55 448 50 64 53 68 71 314 62 50 50 395 47 48
internal_count=1404 815 589 283 532 205 141 70 549 522 40 218 74 78 183 123 55 448 50 64 53 68 71 314 62 50 50 395 47 48
is_linear=0
shrinkage=0.03


Tree=6
num_leaves=31
num_cat=0
split_feature=9 0 22 9 4 11 8 23 25 27 25 29 24 23 3 6 23 21 29 14 10 0 4 23 0 5 6 10 10 5
split_gain=474.009 91.3131 33.163 19.8936 15.2724 14.8558 14.6318 11.7862 8.99904 7.36414 7.09887 7.51783 6.81814 7.32981 6.72682 5.69558 5.63433 5.37198 4.90803 7.61184 4.68672 4.74457 4.57031 4.5639 3.559 3.19272 3.9373 2.46552 2.20773 1.09432
threshold=114.21500000000002 230.50000000000003 0.65000000000000002 62.230000000000011 216.50000000000003 225.50000000000003 305.21428571428578 14.750000000000002 21.050000000000004 0.35000000000000003 27.150000000000002 -0.6523320455745395 -0.0087262032186418287 17.950000000000003 236.50000000000003 314.50000000000006 12.950000000000001 23.750000000000004 -0.54219087765047058 16.500000000000004 308.78000000000003 298.50000000000006 228.50000000000003 16.850000000000005 284.50000000000006 223.50000000000003 225.50000000000003 219.30500000000004 256.76500000000004 150.50000000000003
decision_type=2 2 2 2 10 2 10 2 2 2 2 2 2 2 10 8 2 2 2 10 10 2 10 2 2 10 10 10 10 10
left_child=1 3 6 25 18 7 16 24 -9 27 11 -5 -10 -14 22 -4 28 -11 -3 -20 21 -18 29 -16 -6 -1 -27 -8 -2 -13
right_child=2 4 15 10 5 -7 9 8 12 17 -12 14 13 -15 23 -17 20 -19 19 -21 -22 -23 -24 -25 -26 26 -28 -29 -30 -31
leaf_value=-3.8176756652841304 1.4806444895147775 -1.6906279373353947 -2.1891933410841773 -2.2927169493995136 0.11119066928784008 1.480487969466592 1.6512719498561659 0.33632101460737712 -1.3275497794143416 1.6811131880430883 -0.9512276835033262 -2.2032209327673513 -0.34301708814018467 0.32886874833630142 0.17715727375801832 0.86948022470201125 0.68831102699484004 1.2835960392930885 0.50917288152991569 -1.0012215290995528 1.222903239187048 -0.27195307572851701 -0.56266981793106818 -1.6302925257900693 2.4147160930816152 -1.3590345805325825 -2.0877194769991991 2.7478891880430893 1.2385691584767147 -1.8138183652961026
leaf_weight=262 22 33 21 37 28 39 30 31 22 22 32 25 21 21 32 25 23 22 20 26 33 22 21 22 21 20 43 335 24 34
leaf_count=262 22 33 21 37 28 39 30 31 22 22 32 25 21 21 32 25 23 22 20 26 33 22 21 22 21 20 43 335 24 34
internal_value=-6.56934e-05 -0.0151707 0.0205345 -0.022344 -0.000684411 0.00407609 0.0226404 -0.000413793 -0.0065625 0.0253902 -0.0148529 -0.0172674 -0.0129231 -0.0055814 -0.0137778 -0.00382979 0.01344 0.0133333 -0.011625 -0.00510638 0.00835443 0.00195652 -0.0192593 -0.00545455 0.0114 -0.0269632 -0.0201563 0.0268033 0.0217021 -0.0235
internal_weight=1369 790 579 528 262 183 533 144 95 409 203 171 64 42 134 46 124 44 79 46 78 45 80 54 49 325 63 365 46 59
internal_count=1369 790 579 528 262 183 533 144 95 409 203 171 64 42 134 46 124 44 79 46 78 45 80 54 49 325 63 365 46 59
is_linear=0
shrinkage=0.03


Tree=7
num_leaves=31
num_cat=0
split_feature=9 0 22 19 4 9 2 14 11 28 19 27 23 9 26 6 18 3 26 4 24 29 24 28 27 10 29 19 0 16
split_gain=471.985 83.157 28.7238 27.1874 22.2102 20.8755 19.6378 17.7924 14.2875 12.2545 11.6817 10.7705 9.60625 8.7025 7.0011 7.31796 6.55017 5.30837 4.2215 3.97268 3.77421 5.37803 3.59556 3.55376 3.54865 3.39141 3.28128 3.14015 2.76625 1.79179
threshold=114.21500000000002 230.50000000000003 1.0000000180025095e-35 -0.55191596924288666 216.50000000000003 69.815000000000012 301.50000000000006 18.500000000000004 11.500000000000002 0.92602006027323147 0.91702515554752073 0.25000000000000006 15.450000000000001 109.04500000000002 35.45000000000001 240.50000000000003 17.850000000000005 192.50000000000003 39.350000000000001 326.50000000000006 0.93038214053199464 -0.52765736634565841 -0.81408451933196946 0.66527693225344786 0.15000000000000005 197.00000000000003 -0.10837475778693638 0.79332313182700742 148.50000000000003 7.5000000000000009
decision_type=2 2 2 2 10 2 10 10 2 2 2 2 2 2 2 10 2 10 2 8 2 2 2 2 2 10 2 2 2 10
left_child=1 5 6 22 20 18 9 25 -4 19 17 -8 -10 16 15 -12 -9 -7 26 -2 21 -5 -3 -24 -19 -6 29 -13 -28 -1
right_child=2 3 8 4 7 10 11 13 12 -11 14 27 -14 -15 -16 -17 -18 24 -20 -21 -22 -23 23 -25 -26 -27 28 -29 -30 -31
leaf_value=-2.7965453953256056 1.5782568030164792 -1.4179452042700476 -0.48329155918915034 -1.58275841753227 0.078247528483429099 -2.2502851445075729 2.6387210049209866 1.6590197163503053 1.3204019223346086 -0.29671948345666177 -1.168882889148156 1.181771009364295 0.085038878992099845 0.044626375274154098 0.31402810653949159 0.16788393781412905 0.64927366493006844 -0.54578972339313625 -1.4588198794483935 1.1393582286565476 -1.4137009050440985 0.074635240540088146 -1.5616781533675521 -0.098883485899850146 -1.3339806316511131 -0.70757581577429163 -2.1950463587488445 1.6296389102626843 -1.2007491814276585 -3.8306453953256066
leaf_weight=29 62 30 25 23 20 33 352 52 23 27 26 23 31 20 20 26 27 31 25 38 27 21 20 22 20 20 24 20 31 273
leaf_count=29 62 30 25 23 20 33 352 52 23 27 26 23 31 20 20 26 27 31 25 38 27 21 20 22 20 20 24 20 31 273
internal_value=0.000105485 -0.0146894 0.0202824 -0.0014841 0.00398104 -0.0215955 0.0228298 0.0109286 0.003375 0.0124219 -0.0122293 0.0261364 0.012 0.0177 -0.00328767 -0.0090566 0.022125 -0.0197647 -0.0253786 0.0172277 -0.00958333 -0.004 -0.0172603 -0.0111628 -0.0132692 -0.00585366 -0.0262291 0.0115909 -0.01875 -0.0275248
internal_weight=1421 820 601 282 210 538 522 139 79 127 156 395 54 99 72 52 79 84 382 100 71 44 72 42 51 40 357 43 55 302
internal_count=1421 820 601 282 210 538 522 139 79 127 156 395 54 99 72 52 79 84 382 100 71 44 72 42 51 40 357 43 55 302
is_linear=0
shrinkage=0.03


Tree=8
num_leaves=31
num_cat=0
split_feature=9 0 8 22 19 4 9 20 14 19 1 16 1 7 24 7 8 15 20 13 19 12 14 9 24 25 23 12 26 11
split_gain=448.087 83.9036 33.4253 23.5624 19.8129 20.5908 19.2135 14.3229 12.3079 16.323 10.2924 9.80629 9.11597 8.03897 7.46417 5.95503 5.61791 5.57375 5.48161 5.26824 4.39803 7.17156 4.36201 4.25796 3.54941 3.24125 2.68667 2.40589 2.10594 1.75599
threshold=114.21500000000002 220.50000000000003 240.92857142857147 0.65000000000000002 -0.55191596924288666 208.50000000000003 84.445000000000007 24.650000000000002 56.500000000000007 0.97625883275952063 232.50000000000003 363.50000000000006 283.50000000000006 298.16666666666669 -0.29237170472273682 212.16666666666671 288.07142857142861 94.500000000000014 8.3500000000000032 26.500000000000004 0.68832836526074803 1.5000000000000002 17.500000000000004 103.34000000000002 0.8869770585236475 22.450000000000003 17.050000000000004 28.500000000000004 38.150000000000013 32.500000000000007
decision_type=2 2 8 2 2 10 2 2 10 2 10 10 8 10 2 10 8 10 2 10 2 10 10 2 2 2 2 10 2 2
left_child=1 6 -2 7 14 22 10 11 9 12 20 13 -7 16 19 -8 -4 -12 -15 -3 28 -22 -6 -10 -24 27 29 -23 -1 -20
right_child=2 4 3 -5 5 8 15 -9 23 -11 17 -13 -14 18 -16 -17 -18 -19 26 -21 21 25 24 -25 -26 -27 -28 -29 -30 -31
leaf_value=-3.7608754079650697 -0.89053039717783344 -1.0002344242997201 0.81812806622601042 -0.10268154504935324 -0.39696633440906037 0.37356373709548762 -0.64047492659714378 0.59238711715668613 1.5054402938088589 0.6297954549821656 -1.8527059730002036 2.7206340384198913 -1.2713056662903404 2.4752401408269717 -0.11483228460246493 0.78159747614976427 -0.079350559233998294 -0.068376803290197324 1.8753318278111737 -1.491488693026817 -0.95264777305622905 -1.0526703203566901 -0.20935445429767582 0.69030011172973638 -1.5093690236042676 -2.6657260334658384 0.74261431976344505 -1.0142531361899059 -2.1043796263657799 1.8362908822541679
leaf_weight=224 24 23 22 38 32 28 20 35 39 35 35 298 30 68 33 22 24 22 34 36 22 22 21 22 24 75 33 20 21 27
leaf_count=224 24 23 22 38 32 28 20 35 39 35 35 298 30 68 33 22 24 22 34 36 22 22 21 22 24 75 33 20 21 27
internal_value=0.000276596 -0.0143494 0.0198179 0.0212586 -0.0025 0.00219828 -0.0222521 0.0228598 0.00851613 0.00159574 -0.024095 0.024142 -0.00813559 0.0189474 -0.0141935 -0.0027907 0.00765957 -0.0118966 0.0220859 -0.0205 -0.0258701 -0.0212143 -0.0103846 0.018871 -0.0163043 -0.0241525 0.0170526 -0.0167442 -0.0284146 0.0208065
internal_weight=1409 806 603 579 323 231 483 541 154 93 441 506 58 208 92 42 46 57 162 59 384 139 77 61 45 117 94 42 245 61
internal_count=1409 806 603 579 323 231 483 541 154 93 441 506 58 208 92 42 46 57 162 59 384 139 77 61 45 117 94 42 245 61
is_linear=0
shrinkage=0.03


Tree=9
num_leaves=31
num_cat=0
split_feature=0 9 9 22 4 6 28 23 23 24 2 25 24 6 9 0 22 24 11 10 24 23 3 9 21 21 17 18 0 27
split_gain=444.543 64.0493 52.7635 25.1082 21.1084 16.9608 14.9622 13.797 11.0012 10.3876 10.7453 9.30158 8.74593 7.65126 8.56 6.98482 6.59123 5.98717 9.02524 5.7674 5.43475 8.07329 6.13037 5.05423 4.80956 4.524 8.99915 2.09074 1.98314 1.84939
threshold=259.50000000000006 141.21500000000003 81.13000000000001 0.15000000000000005 216.50000000000003 169.50000000000003 0.35846314187849709 12.950000000000001 11.15 0.33379414889141285 305.50000000000006 23.650000000000002 -0.87878364999916125 232.50000000000003 102.09500000000001 218.50000000000003 1.0500000000000003 0.97625883275952063 44.500000000000007 254.45000000000002 0.49240481012316878 16.850000000000005 244.50000000000003 69.445000000000007 34.850000000000001 21.650000000000002 528.80500000000018 16.250000000000004 183.50000000000003 1.0000000180025095e-35
decision_type=2 2 2 2 10 10 2 2 2 2 10 2 2 10 2 2 2 2 2 10 2 2 10 2 2 2 10 2 2 2
left_child=2 3 5 7 24 -1 29 19 -6 12 11 -11 -9 -5 -15 20 25 18 -10 -2 28 22 -22 -17 -4 -8 -27 -12 -7 -3
right_child=1 6 4 13 8 15 16 9 17 10 27 -13 -14 14 -16 23 -18 -19 -20 -21 21 -23 -24 -25 -26 26 -28 -29 -30 -31
leaf_value=-3.8128997712268862 1.3804665400007967 2.8646718611015705 -1.5009491996045585 -2.2044287888979306 1.1334733021836296 -2.6357419217665115 1.8763341040864929 0.50151109679057293 -1.1684299351451988 -0.78769375778464679 1.1022429726261549 0.91676295474576819 -1.3051035332982397 0.36420464283106468 -0.64192978889793206 0.1136111698206335 -0.0036496293049657425 0.38142246448832962 0.087753502652678311 0.99674754624430895 -1.5293270571268152 -1.4494037695803401 0.24397208848686316 -0.97022739157072857 -0.76416073059533574 0.0096424360470524564 1.5318605020131206 1.2788733211600225 -0.96203198452905947 2.6920336780293579
leaf_weight=242 47 274 35 23 22 60 33 21 31 33 28 24 24 24 25 26 22 22 29 38 36 45 22 27 23 31 56 28 31 27
leaf_count=242 47 274 35 23 22 60 33 21 31 33 28 24 24 24 25 26 22 22 29 38 36 45 22 27 23 31 56 28 31 27
internal_value=0.000361702 0.0159684 -0.0178067 0.00560127 -0.00294479 -0.0227143 0.0233108 0.0102049 0.00514286 0.00490566 0.00973684 0.000517241 -0.00717391 -0.00986301 -0.003 -0.0170565 0.0151049 0 -0.00491803 0.0198837 -0.0196923 -0.0147115 -0.00711864 -0.00722222 -0.0172881 0.0178512 0.0139773 0.0189474 -0.0251087 0.0271192
internal_weight=1409 758 651 315 162 489 443 243 104 158 113 57 45 72 49 247 142 82 60 85 194 103 58 53 58 120 87 56 91 301
internal_count=1409 758 651 315 162 489 443 243 104 158 113 57 45 72 49 247 142 82 60 85 194 103 58 53 58 120 87 56 91 301
is_linear=0
shrinkage=0.03


Tree=10
num_leaves=31
num_cat=0
split_feature=9 0 22 29 11 25 11 3 0 19 19 17 29 18 8 17 17 15 20 27 20 15 0 24 20 27 0 1 28 17
split_gain=420.69 83.8845 35.2363 22.4248 18.3013 15.4851 12.0329 11.2725 10.0622 10.3574 9.32143 8.96323 9.83414 9.25642 8.93544 9.56208 6.76527 6.56095 5.64612 5.26621 4.93069 4.75738 4.49064 4.23567 3.65206 3.52338 4.3584 4.24079 2.9155 4.59476
threshold=114.21500000000002 181.50000000000003 0.75000000000000011 0.11478523713130605 213.50000000000003 10.750000000000002 8.5000000000000018 218.50000000000003 225.50000000000003 -0.82409480842201666 0.68832836526074803 36.57500000000217 -0.048362832084465616 15.65 128.00000000000003 56.15500000000219 319.70500000000004 92.500000000000014 26.450000000000003 1.0000000180025095e-35 17.150000000000002 150.50000000000003 358.50000000000006 -0.0087262032186418287 25.350000000000005 0.15000000000000005 213.50000000000003 193.50000000000003 0.49812943072827093 508.65000000000191
decision_type=2 2 2 2 2 2 2 10 2 2 2 10 2 2 10 10 10 10 2 2 2 10 2 2 2 2 2 10 2 10
left_child=1 10 3 18 5 -3 -5 -6 25 24 -1 -11 13 -13 -12 -16 -14 -4 22 28 -17 -15 -2 -9 -10 26 27 -7 -8 -30
right_child=2 4 17 6 7 8 19 23 9 11 14 12 16 21 15 20 -18 -19 -20 -21 -22 -23 -24 -25 -26 -27 -28 -29 29 -31
leaf_value=-3.4601807750900795 0.34543051449387663 0.32875653156372492 -1.5632752040782871 0.31396722610743721 -0.75672146583502631 -0.56900398416292775 2.6313472655764385 0.24563100536101784 -0.3763279308049351 -1.5582228426490992 -3.3563672593250571 0.49109804285827807 -1.9599208091436569 0.35979388410370006 0.25481316142732396 -0.62845345297471522 -0.14614894781209956 0.44428783281992507 -0.38719907441623802 1.6113456377610886 -1.8546255974496235 -0.54178377655513621 2.5318733660698531 1.2805949715989036 -1.47809480830227 -1.7607497313102365 -1.0590576168894277 -0.3974946392201727 0.58057507357238414 1.4394674682517876
leaf_weight=218 38 22 21 26 20 25 302 20 20 21 42 41 24 34 20 20 33 24 20 54 37 24 36 38 24 51 22 38 29 36
leaf_count=218 38 22 21 26 20 25 302 20 20 21 42 41 24 34 20 20 33 24 20 54 37 24 36 38 24 51 22 38 29 36
internal_value=0.000260681 -0.0139623 0.019523 0.0216421 -0.00556769 -0.00828947 0.024442 0.00759494 -0.00980447 -0.00581081 -0.0252959 -0.00252809 0 0.0057 -0.01825 -0.0119231 -0.00982759 -0.00586957 0.00821053 0.0256635 -0.0181034 -0.0020339 0.012 0.0142373 -0.0186667 -0.0162044 -0.0122093 -0.00796875 0.0269837 0.0204545
internal_weight=1380 794 586 541 457 379 447 78 357 221 337 177 156 99 119 77 57 45 94 421 57 58 74 58 44 136 85 63 367 65
internal_count=1380 794 586 541 457 379 447 78 357 221 337 177 156 99 119 77 57 45 94 421 57 58 74 58 44 136 85 63 367 65
is_linear=0
shrinkage=0.03


Tree=11
num_leaves=31
num_cat=0
split_feature=8 9 19 0 9 23 28 26 22 24 5 25 11 19 0 16 19 8 20 29 16 23 16 15 24 3 14 23 4 25
split_gain=435.483 87.5369 33.8413 26.1655 20.8197 17.7046 16.3255 14.3896 11.9759 10.7222 8.01267 8.18115 7.27164 7.19698 8.96769 6.7972 6.23104 8.52399 5.92835 5.49778 8.39891 5.45165 5.17388 7.11466 5.4121 4.27243 3.59903 2.68462 3.76919 2.65816
threshold=241.85714285714289 141.21500000000003 -0.56638466991089642 181.50000000000003 65.265000000000015 12.250000000000002 0.35846314187849709 40.850000000000001 0.15000000000000005 -0.22491679320871374 233.50000000000003 21.050000000000004 33.500000000000007 0.91702515554752073 228.50000000000003 349.50000000000006 0.68832836526074803 128.00000000000003 24.150000000000002 -0.70289845916694649 951.50000000000011 19.050000000000004 214.50000000000003 128.50000000000003 0.92384435400961407 317.50000000000006 8.5000000000000018 12.15 313.50000000000006 25.850000000000005
decision_type=8 2 2 2 2 2 2 2 2 2 10 2 2 2 2 10 2 10 2 2 8 2 10 10 2 10 10 2 10 2
left_child=3 2 9 16 -4 -6 -3 19 10 18 11 -5 21 14 -13 -11 -1 -18 -2 -7 22 25 24 -24 -21 -8 -19 -14 -29 -10
right_child=1 6 4 8 5 7 12 -9 29 15 -12 13 27 -15 -16 -17 17 26 -20 20 -22 -23 23 -25 -26 -27 -28 28 -30 -31
leaf_value=-3.5347073548373777 -0.20145269297966165 2.4764794909382863 -0.88930060183869697 -1.062181480122339 1.4039568037514953 -0.64837203723629044 1.5411780095816638 1.5091945191851386 -1.8889883299155612 -0.54426124705575429 0.27219536850146142 -0.99400847046555918 2.1313963822482274 0.32053209563179336 0.1499323671239938 0.39258116674125632 -3.4806762415453054 -0.33803782334865873 -1.4337519640532017 -0.59725234741755628 1.9494610218544313 -0.17301096568581897 -1.2979935260167446 0.11449545372100203 0.4889031589286702 0.70742164525440154 -2.0982552775153822 1.6761278371228985 1.009791038218568 -1.4574982071570779
leaf_weight=214 20 300 20 44 91 27 20 25 52 25 34 27 26 21 24 21 43 21 38 26 29 20 27 29 28 26 34 26 28 31
leaf_count=214 20 300 20 44 91 27 20 25 52 25 34 27 26 21 24 21 43 21 38 26 29 20 27 29 28 26 34 26 28 31
internal_value=0.000536481 0.0139273 0.00383292 -0.0203846 0.00891089 0.0110247 0.0230872 0.00578125 -0.0126923 -0.0108571 -0.00754967 -0.0112821 0.0146939 -0.00493151 -0.0109615 0 -0.0260703 -0.0193939 -0.019322 0.00251497 0.00492857 0.00716418 0.00108108 -0.00526316 0.00763636 0.012766 -0.01125 0.0207407 0.0163636 -0.0217857
internal_weight=1397 852 406 545 302 282 446 191 233 104 150 116 146 72 51 46 312 98 58 166 139 66 110 56 54 46 55 80 54 83
internal_count=1397 852 406 545 302 282 446 191 233 104 150 116 146 72 51 46 312 98 58 166 139 66 110 56 54 46 55 80 54 83
is_linear=0
shrinkage=0.03


Tree=12
num_leaves=31
num_cat=0
split_feature=0 9 9 29 27 28 0 20 5 27 12 15 9 15 26 11 20 8 24 28 23 2 24 12 18 12 18 11 2 2
split_gain=388.977 60.5551 45.6557 21.7655 18.9774 15.3847 14.9968 14.9326 13.9605 15.0257 8.2522 7.94539 7.65682 7.12418 7.5403 7.86435 6.40799 6.33481 5.51221 5.48261 4.59573 4.20307 4.0474 4.44545 12.8003 5.29887 3.99726 3.99094 3.58254 3.50282
threshold=273.50000000000006 71.860000000000014 141.21500000000003 0.71952396275653763 2.5500000000000003 0.52766072109828632 218.50000000000003 27.250000000000004 183.50000000000003 0.15000000000000005 55.500000000000007 104.50000000000001 84.445000000000007 106.50000000000001 33.350000000000001 18.500000000000004 25.650000000000002 128.00000000000003 -0.55191596924288666 0.90162119223771331 15.450000000000001 230.50000000000003 -0.061046214993534811 7.5000000000000009 14.950000000000001 80.500000000000014 17.650000000000002 8.5000000000000018 367.50000000000006 313.50000000000006
decision_type=2 2 2 2 2 2 2 2 10 2 10 10 2 10 2 2 2 10 2 2 2 10 2 10 2 10 2 2 10 10
left_child=1 6 4 8 7 27 17 10 -3 12 13 -7 20 14 15 -2 -8 -1 -11 21 -10 -14 -19 24 -24 -25 -12 -4 -13 -29
right_child=2 3 5 -5 -6 11 16 -9 9 18 26 28 19 -15 -16 -17 -18 22 -20 -21 -22 -23 23 25 -26 -27 -28 29 -30 -31
leaf_value=-3.8145836747942532 -0.87028896819334045 -1.5151905363931946 1.8644992244230991 0.94088398541241014 -1.086753496175225 0.036269455841960507 0.28338642205532438 -0.83035913380569237 0.099047278822322643 -1.530097496280598 1.7677891697368362 1.313805736306374 0.26583566724600871 -0.41269282923201783 1.3309817959523544 1.5208297086307134 -1.1681805015024762 -2.2682662000336697 -0.45074979838991452 -0.12553275797864613 -1.3818804524192729 1.2440381170486354 -1.7152636441165048 -1.3767529201527711 0.12613193195969016 -0.85205842478438643 0.4338209981504707 1.8454969025730821 1.8033561123290871 2.5233864997363953
leaf_weight=144 24 71 20 27 26 37 22 25 24 33 64 54 21 27 34 21 24 98 24 39 26 26 27 53 26 20 35 53 21 260
leaf_count=144 24 71 20 27 26 37 22 25 24 33 64 54 21 27 34 21 24 98 24 39 26 26 27 53 26 20 35 53 21 260
internal_value=0.000383795 -0.0153399 0.0161966 -0.00482877 0.00607004 0.0219955 -0.0226988 0.00883117 -0.0074717 -0.00324742 0.0115049 0.0122124 0.00218978 0.00560748 0.010125 0.00195652 -0.00638298 -0.0247154 -0.0160345 0.00758621 -0.00705882 0.014375 -0.0213333 -0.0174803 -0.0105556 -0.0222973 0.0177 0.0252395 0.0177632 0.0260828
internal_weight=1406 705 701 291 256 445 414 230 264 193 205 112 136 106 79 45 46 368 57 86 50 47 224 126 53 73 99 333 75 313
internal_count=1406 705 701 291 256 445 414 230 264 193 205 112 136 106 79 45 46 368 57 86 50 47 224 126 53 73 99 333 75 313
is_linear=0
shrinkage=0.03


Tree=13
num_leaves=31
num_cat=0
split_feature=9 7 4 19 22 16 23 8 23 28 0 24 26 19 24 9 23 9 7 1 26 4 20 28 28 23 26 19 23 23
split_gain=393.849 55.391 51.5664 31.6276 26.3559 12.984 16.6599 11.4922 11.4136 11.2232 10.8889 10.8241 12.1598 10.2956 7.87401 7.56378 7.28427 6.58361 6.57351 7.39541 5.64693 4.45026 8.11418 3.50981 3.21424 3.04084 2.86284 2.75726 4.07571 1.92833
threshold=94.285000000000011 292.16666666666674 227.50000000000003 0.87032255546191728 1.0000000180025095e-35 301.50000000000006 15.750000000000002 153.07142857142858 13.950000000000001 -0.84315017450793706 269.50000000000006 -0.7933231318270072 32.650000000000013 -0.55191596924288666 0.92384435400961407 60.070000000000007 15.450000000000001 65.715000000000018 363.16666666666669 340.50000000000006 22.050000000000004 271.50000000000006 16.350000000000005 0.68432406471780916 0.77244481603295057 19.650000000000002 31.750000000000004 0.33379414889141285 16.750000000000004 16.850000000000005
decision_type=2 10 8 2 2 8 2 10 2 2 2 2 2 2 2 2 2 2 10 10 2 10 2 2 2 2 2 2 2 2
left_child=2 5 7 11 8 6 -2 -1 23 -9 17 -4 -13 -7 -15 -14 20 -5 19 25 -6 -19 -23 -3 -20 29 -11 -28 -29 -10
right_child=1 4 3 10 16 13 -8 9 18 26 -12 12 15 14 -16 -17 -18 21 24 -21 -22 22 -24 -25 -26 -27 27 28 -30 -31
leaf_value=-3.4133549722004441 0.3541800876973471 2.6610696648350243 -1.5483447741310152 -0.80862024280054212 0.58483355400036086 -0.40978983435200289 -1.8866678064628766 0.069825951386854115 0.8651706005348615 -1.9355433557317265 1.7415407225498636 -1.5160265506170401 -0.39098084830940788 0.90948680116087188 0.51668241406739812 0.39432622569071551 -0.10665045877320949 0.61742873842748369 2.0445985915502072 -0.082368284152445875 1.1235675207764699 0.21852272722030364 -0.39892511316452584 1.3988265719368633 2.1835749780969471 0.2691885408446012 -1.5872287145709065 -0.28733006756330209 -1.4559231896086333 0.92913589914068495
leaf_weight=197 40 258 54 20 21 27 42 26 26 53 26 28 21 45 27 37 39 22 72 23 21 23 20 31 24 23 49 29 29 23
leaf_count=197 40 258 54 20 21 27 42 26 26 53 26 28 21 45 27 37 39 22 72 23 21 23 20 31 24 23 49 29 29 23
internal_value=0.00043573 0.0152624 -0.0169134 -0.00630952 0.019911 0.000824176 -0.00795181 -0.0238281 0.022578 -0.0182888 0.005625 -0.0157447 -0.00896552 0.0081 0.0139726 -0.00101695 0.00402439 0.000348837 0.0167187 0.0109375 0.0125581 0.005 -0.000681818 0.0263793 0.022268 0.0156164 -0.0212422 -0.0180556 -0.0132203 0.0198
internal_weight=1376 742 634 251 561 181 82 383 480 186 111 140 86 99 72 58 81 85 191 95 42 65 43 289 96 72 160 107 58 49
internal_count=1376 742 634 251 561 181 82 383 480 186 111 140 86 99 72 58 81 85 191 95 42 65 43 289 96 72 160 107 58 49
is_linear=0
shrinkage=0.03


Tree=14
num_leaves=31
num_cat=0
split_feature=9 9 0 28 23 5 11 27 19 0 19 15 20 19 24 15 5 24 24 3 20 17 20 26 22 28 2 10 10 10
split_gain=389.221 56.7074 47.6036 19.7637 19.7049 19.2021 13.2315 13.0189 10.7666 10.0837 9.88928 9.20778 18.9574 8.69449 8.46365 8.54011 6.71204 8.13629 6.22728 5.80397 5.73486 5.68596 5.00906 4.79838 4.72273 4.56281 4.24842 2.24935 1.87218 1.61425
threshold=94.285000000000011 141.21500000000003 165.50000000000003 0.34235194516023087 11.750000000000002 360.50000000000006 643.00000000000011 0.15000000000000005 0.008726203218641598 269.50000000000006 -0.56638466991089642 95.500000000000014 11.750000000000002 0.77159520228797451 0.84335933205092506 205.50000000000003 223.50000000000003 0.31729257441605202 -0.78257835753184624 228.50000000000003 17.050000000000004 1009.1650000000011 14.050000000000002 39.350000000000001 1.0000000180025095e-35 0.76696112484652035 187.50000000000003 308.78000000000003 204.11000000000004 123.99500000000002
decision_type=2 2 2 2 2 10 2 2 2 2 2 10 2 2 2 10 8 2 2 10 2 10 2 2 2 2 10 10 10 10
left_child=2 4 16 24 13 8 7 10 18 20 -6 12 -5 -2 -12 22 -1 -18 29 -20 -10 27 -16 26 -3 -9 -22 -13 -28 -4
right_child=1 3 5 11 6 -7 -8 25 9 -11 14 21 -14 -15 15 -17 17 -19 19 -21 23 -23 -24 -25 -26 -27 28 -29 -30 -31
leaf_value=-3.2156228848357613 0.01789266028260755 2.3742365441611115 -1.0656180175873191 1.4665931546013735 -0.82494965921862529 0.28684568787262804 1.750413507684031 -1.0637705725261508 -0.040156252363555037 0.39056031157320203 0.55037015040277737 1.2845884431019794 -0.21034554129740426 1.2034039200642452 0.3115990616969469 1.21158055331827 -2.3011619027042127 -0.14895296657075704 -1.4862893499337866 -0.13642404172498884 -0.23413623727498234 1.2416439648276889 -0.99716071131090411 -0.011712346529388212 1.5827600888430611 -0.62351898088046109 -1.2601714811401057 1.7096415436029371 -1.1627018096907553 -1.6676667275795169
leaf_weight=242 23 261 20 26 22 35 26 28 39 34 30 27 26 62 29 26 21 25 35 34 32 29 39 26 20 30 47 32 26 43
leaf_count=242 23 261 20 26 22 35 26 28 39 34 30 27 26 62 29 26 21 25 35 34 32 29 39 26 20 30 47 32 26 43
internal_value=-0.000494269 0.0144912 -0.0172273 0.0216825 0.00484177 -0.0100806 0.00025974 -0.00234146 -0.0122849 -0.00790244 0.00244898 0.0123404 0.00226415 0.017093 0.00576 0.00126316 -0.0263668 -0.0153191 -0.0189474 -0.0124286 -0.0108772 0.0182022 -0.00434783 -0.0138636 0.0262766 -0.0142373 -0.0166981 0.0235 -0.0206757 -0.0257812
internal_weight=1395 736 659 421 315 371 230 204 336 204 146 140 52 85 124 94 288 46 132 69 170 88 68 131 281 58 105 59 73 63
internal_count=1395 736 659 421 315 371 230 204 336 204 146 140 52 85 124 94 288 46 132 69 170 88 68 131 281 58 105 59 73 63
is_linear=0
shrinkage=0.03


Tree=15
num_leaves=31
num_cat=0
split_feature=9 9 0 5 22 19 28 0 24 4 15 5 22 29 24 19 21 28 26 29 26 0 26 18 0 19 12 9 13 5
split_gain=360.781 62.7841 41.9092 22.4325 21.6045 14.617 14.103 11.3056 7.90546 11.242 7.43651 8.014 9.03768 7.84356 5.86351 5.60962 8.11418 5.99946 4.79856 8.78686 4.67021 4.66906 4.51981 3.93246 3.84848 3.81722 8.69306 3.7619 3.44949 2.94395
threshold=84.445000000000007 141.21500000000003 165.50000000000003 227.50000000000003 0.75000000000000011 -0.82409480842201666 0.55656748448714433 221.50000000000003 -0.7933231318270072 215.50000000000003 1817.0000000000002 259.50000000000006 1.0000000180025095e-35 0.04621408538533487 0.89490028524376763 0.90992662233962551 34.45000000000001 0.59868201182722736 39.350000000000001 -0.15950993297387572 29.050000000000004 291.50000000000006 37.750000000000007 18.850000000000005 352.50000000000006 0.68832836526074803 2.5000000000000004 127.88000000000001 31.500000000000004 259.50000000000006
decision_type=2 2 2 8 2 2 2 2 2 10 10 10 2 2 2 2 2 2 2 2 2 2 2 2 2 2 10 2 10 10
left_child=2 3 25 15 6 -5 29 18 -9 -10 11 -7 13 22 -8 17 -17 -2 19 -4 -21 28 -13 -11 -16 -1 -27 -23 -15 -3
right_child=1 4 7 5 -6 10 14 8 9 23 -12 12 -14 21 24 16 -18 -19 -20 20 -22 27 -24 -25 -26 26 -28 -29 -30 -31
leaf_value=-3.1753592882373431 -0.74475413254311285 1.4140474191466268 -1.6411366790040034 -0.4865143395522068 -0.094033442552280064 1.402561981857404 1.4913409770182007 -0.73348949732782642 -0.77661812962667676 0.84839364304365972 1.7691436249014418 -0.39410373977208935 -0.41308312101737443 0.51915505079937019 -0.20145527204767488 -0.62824654692953119 0.37373825981826259 -2.1385695676096321 -0.23913569043327199 -1.398467511663966 -0.039644654896682993 -0.085161903619750207 0.61781021459427166 -0.0017389200664734972 1.0570327145034888 -0.81952238539694544 -2.1383543879522975 1.237787976491711 1.2446697098128447 2.2787361213111068
leaf_weight=197 30 25 83 33 28 41 42 33 33 33 39 20 31 28 20 23 20 29 24 22 35 20 22 20 21 20 62 21 23 289
leaf_count=197 30 25 83 33 28 41 42 33 33 33 39 20 31 28 20 23 20 29 24 22 35 20 22 20 21 20 62 21 23 289
internal_value=0.000416667 0.0132878 -0.0180107 0.00440945 0.0211972 0.0088172 0.0229899 -0.00982394 -0.00275 0.00206897 0.0113415 0.00898551 0.00596386 0.00933333 0.0117857 -0.00757282 0.000681818 -0.0135 -0.0149091 -0.0170213 -0.00775862 0.0141935 -0.00139535 0.0105556 0.00357143 -0.02625 -0.020241 0.00642857 0.0201923 0.0259048
internal_weight=1367 805 562 380 425 278 397 283 119 86 245 206 165 134 83 102 43 59 164 140 57 92 42 53 41 279 82 41 51 314
internal_count=1367 805 562 380 425 278 397 283 119 86 245 206 165 134 83 102 43 59 164 140 57 92 42 53 41 279 82 41 51 314
is_linear=0
shrinkage=0.03


Tree=16
num_leaves=31
num_cat=0
split_feature=8 0 9 23 29 22 0 22 19 12 28 29 8 28 24 5 9 19 9 12 5 26 9 3 25 23 14 24 0 24
split_gain=374.446 51.9782 47.3303 24.8783 19.4237 15.8299 15.4981 14.1146 12.6571 9.94238 8.89319 8.08133 7.1219 6.28616 6.4302 5.44833 9.21555 8.69423 8.12894 6.37316 5.44547 5.16462 5.0641 4.28068 4.00791 3.93646 3.81351 3.70497 2.77489 2.75
threshold=270.21428571428578 171.50000000000003 130.66000000000003 21.150000000000002 -0.91595872546125101 0.15000000000000005 284.50000000000006 1.0000000180025095e-35 -0.80382625221112003 18.500000000000004 0.86548282553247169 -0.9575230291762723 241.85714285714289 0.52766072109828632 0.83385407025023295 185.50000000000003 81.91500000000002 0.91702515554752073 75.780000000000015 29.500000000000004 259.50000000000006 22.050000000000004 110.77000000000002 243.50000000000003 14.950000000000001 12.65 9.5000000000000018 0.76037701167087512 286.50000000000006 -0.5806808443217597
decision_type=8 2 2 2 2 2 2 2 2 10 2 2 10 2 2 10 2 2 2 10 10 2 2 10 2 2 10 2 2 2
left_child=1 23 4 7 -2 6 11 13 29 26 22 -3 -7 20 -15 18 19 -18 -13 -17 -4 -9 -11 -1 -16 -24 -10 -8 -12 -6
right_child=2 5 3 -5 8 12 27 21 9 10 28 15 -14 14 24 16 17 -19 -20 -21 -22 -23 25 -25 -26 -27 -28 -29 -30 -31
leaf_value=-3.0200985095902233 -1.2238816557930763 -1.5723314541897411 1.5131690591999927 -0.14563206569373563 -0.91761175449608001 -1.6335830800600168 -0.26935775836552522 -0.093118838913347865 -1.0136467055384519 1.4840779368289423 -0.31328706610244667 0.14860698366539551 -0.094319575494521926 1.5965455170402258 0.14162409539331833 -0.7727642675902211 -0.55760554928625139 0.67828821213815893 -0.8554135643780304 -0.14088807564655267 2.3032636348350866 1.0701297430737204 1.4843229425530278 -1.2127679482383109 1.6383811242418023 0.58900156670419335 0.43158370796295287 0.7841770119760787 0.44519241164930518 0.048009880653935397
leaf_weight=277 23 20 23 30 21 86 20 26 20 59 20 20 35 28 24 25 25 39 44 27 298 24 21 25 21 27 25 32 21 22
leaf_count=277 23 20 23 30 21 86 20 26 20 59 20 20 35 28 24 25 25 39 44 27 298 24 21 25 21 27 25 32 21 22
internal_value=0 -0.0161095 0.0148365 0.0204632 0.0045 -0.00858289 -0.00426877 0.0222472 0.00708861 0.0103608 0.014094 -0.0080597 -0.017459 0.0241519 0.0158108 -0.00596685 -0.00205128 0.00553846 -0.0129231 -0.0113208 0.0259938 0.00705882 0.0186111 -0.0253465 0.00847826 0.0110204 -0.00195652 0.0101887 0.00214286 -0.0075
internal_weight=1408 675 733 474 259 373 252 444 236 193 148 200 121 394 73 180 116 64 64 52 321 50 107 302 45 48 45 52 41 43
internal_count=1408 675 733 474 259 373 252 444 236 193 148 200 121 394 73 180 116 64 64 52 321 50 107 302 45 48 45 52 41 43
is_linear=0
shrinkage=0.03


Tree=17
num_leaves=31
num_cat=0
split_feature=7 0 23 22 10 5 23 19 4 26 29 6 7 5 9 14 22 4 5 10 18 10 28 29 23 23 3 4 29 0
split_gain=336.167 69.0128 41.6162 20.8565 14.9662 10.3204 10.8251 9.98141 9.90253 9.86622 9.94801 11.2864 9.34819 8.87141 8.75285 7.90762 7.60183 6.9025 6.38496 6.32647 6.19121 5.72727 5.30156 4.91467 4.76092 6.00363 4.43096 4.14561 3.61848 3.34495
threshold=292.16666666666674 165.50000000000003 13.250000000000002 1.0000000180025095e-35 197.00000000000003 345.50000000000006 15.850000000000003 -0.82409480842201666 223.50000000000003 37.550000000000004 0.48877522411129348 283.50000000000006 368.33333333333343 287.50000000000006 84.445000000000007 74.500000000000014 0.55000000000000016 277.50000000000006 240.50000000000003 227.22500000000002 17.650000000000002 257.69000000000005 -0.40614700388750385 -0.29342786347392819 18.950000000000003 15.65 398.50000000000006 219.50000000000003 0.2499757677084001 213.50000000000003
decision_type=8 2 2 2 10 10 2 2 10 2 2 10 10 8 2 8 2 10 10 10 2 10 2 2 2 2 10 10 2 2
left_child=1 18 16 12 5 6 8 -6 23 10 11 19 20 -5 -11 -15 28 -10 27 -9 24 -21 -14 -3 25 -4 -24 -1 -2 -19
right_child=2 4 3 13 7 -7 -8 9 17 14 -12 -13 22 15 -16 -17 -18 29 -20 21 -22 -23 26 -25 -26 -27 -28 -29 -30 -31
leaf_value=-2.9468227800198763 1.2657352864822196 -1.1900153980355843 0.31152554936861093 -0.71262680891274466 -1.3814997998634317 0.15400838193396907 -1.6937320582430715 0.23476731422616637 0.54369900156817319 -0.44798470101904059 1.0249532932805714 -1.1247153268117189 2.3879678132597641 -0.14388184009590646 0.89939265456051143 0.52323390617450882 0.14999456271709108 -0.18296999134270719 -1.3979346536856809 -1.4201835396309843 -0.068164992741217525 -0.0010135668720306513 1.916034982999828 -0.53653238311351703 -0.032634510914842846 0.81048630940194188 0.7427854249612682 -1.1763849097911616 2.422275594076631 -0.41220131914443681
leaf_weight=230 21 32 30 30 38 27 75 35 28 26 23 26 35 31 51 20 24 20 30 21 34 28 40 38 21 49 26 23 268 20
leaf_count=230 21 32 30 30 38 27 75 35 28 26 23 26 35 31 51 20 24 20 30 21 34 28 40 38 21 49 26 23 268 20
internal_value=-0.000214133 -0.0134845 0.0160476 0.00832808 -0.00662577 -0.0119502 -0.0141589 -0.00144578 -0.00906475 0.00113744 -0.00380597 -0.00756757 0.012839 -0.0047561 0.00961538 0.00288462 0.0237898 -0.000869565 -0.0252465 -0.00211765 0.00755556 -0.009 0.0197059 -0.0169014 0.0112871 0.014625 0.0143284 -0.026811 0.0251379 -0.00878049
internal_weight=1400 771 629 316 488 240 213 248 138 210 133 110 235 81 77 51 313 68 283 84 134 49 101 70 100 79 66 253 289 40
internal_count=1400 771 629 316 488 240 213 248 138 210 133 110 235 81 77 51 313 68 283 84 134 49 101 70 100 79 66 253 289 40
is_linear=0
shrinkage=0.03


Tree=18
num_leaves=31
num_cat=0
split_feature=7 9 22 6 23 26 18 19 15 23 0 23 20 28 1 2 14 10 9 18 3 3 1 1 27 3 2 20 0 19
split_gain=334.534 66.7408 34.4891 22.51 17.1446 19.3319 16.7327 12.0786 9.91668 9.27339 8.93635 8.00183 7.83393 8.78652 11.0467 9.47608 7.28789 7.2377 6.68386 6.43918 6.2789 6.03679 5.78795 5.74348 5.60413 4.66465 6.83419 4.34651 3.90023 3.17865
threshold=292.16666666666674 62.230000000000011 1.0000000180025095e-35 126.50000000000001 12.850000000000003 38.850000000000001 17.750000000000004 0.67556448321067852 856.50000000000011 12.350000000000003 134.50000000000003 15.750000000000002 27.050000000000004 0.88220160189607266 207.50000000000003 220.50000000000003 8.5000000000000018 194.59500000000006 143.01000000000002 13.65 252.50000000000003 351.50000000000006 194.50000000000003 210.50000000000003 1.0000000180025095e-35 389.50000000000006 362.50000000000006 26.150000000000002 154.50000000000003 0.33379414889141285
decision_type=10 2 2 8 2 2 2 2 10 2 2 2 2 2 10 10 10 10 2 2 10 8 10 10 2 10 10 2 2 2
left_child=1 10 6 -3 7 12 16 24 11 -8 -1 -4 13 14 -6 19 -2 27 25 -15 23 -13 -9 -7 -5 26 -18 28 -12 -16
right_child=2 3 8 4 5 20 9 22 -10 -11 17 21 -14 15 29 -17 18 -19 -20 -21 -22 -23 -24 -25 -26 -27 -28 -29 -30 -31
leaf_value=-3.0810908709019205 0.40752205001776759 -2.334777800218867 0.31901797868457604 0.085547499903026389 -1.2485558490709194 0.79899824278360021 1.7495502037717765 0.047074173268923686 1.1834815821093569 -0.02772088012440747 -0.52728311425834007 -1.0316056309339643 -2.4731396592837442 -0.8383488313382057 -0.21175832787766694 -1.1439371282997723 0.95058612558202404 -0.10613452460571494 1.9486078608044219 0.17630145174846348 0.42302949140722118 0.042964779349499903 0.91477426390531036 -0.61171853942665388 -1.4347939951209641 2.3489821915241627 -0.12305043922962909 -1.6676693736053538 -1.1361677549707407 0.25242478301333904
leaf_weight=175 25 33 40 32 35 21 24 25 25 53 22 25 23 24 22 57 62 21 321 24 30 20 50 26 28 20 20 37 63 28
leaf_count=175 25 33 40 32 35 21 24 25 25 53 22 25 23 24 22 57 62 21 321 24 30 20 50 26 28 20 20 37 63 28
internal_value=0.000233711 -0.012973 0.0163679 -0.00562092 -0.00373239 -0.00783505 0.0195627 0.00507353 0.00108108 0.00653846 -0.023511 -0.00383721 -0.0124766 -0.0103665 -0.00313953 -0.0161321 0.0217817 -0.0177083 0.0227123 -0.00612245 0.005 -0.0123913 0.0130263 -0.001875 -0.00491803 0.0157282 0.0122892 -0.0204878 -0.0163953 0.00588235
internal_weight=1411 776 635 458 425 290 525 135 110 77 318 85 213 190 85 105 448 143 423 48 77 45 75 47 60 102 82 122 85 50
internal_count=1411 776 635 458 425 290 525 135 110 77 318 85 213 190 85 105 448 143 423 48 77 45 75 47 60 102 82 122 85 50
is_linear=0
shrinkage=0.03


Tree=19
num_leaves=31
num_cat=0
split_feature=9 7 9 23 6 22 24 5 19 22 0 16 18 15 6 23 27 11 10 1 19 3 16 3 20 3 18 10 25 24
split_gain=309.117 66.6808 37.7124 19.2873 15.7024 13.9625 12.1486 9.70228 9.38029 9.16045 7.74193 7.6729 7.62091 9.20167 8.08887 7.3627 7.31121 7.0189 6.94914 6.13651 6.0625 5.52485 5.47124 5.33651 5.21946 4.82566 4.68994 3.54625 3.24124 2.98476
threshold=84.445000000000007 290.33333333333343 62.230000000000011 12.65 191.50000000000003 0.15000000000000005 -0.7933231318270072 185.50000000000003 0.86159635224327558 1.4500000000000002 259.50000000000006 274.50000000000006 13.15 3492.5000000000005 368.50000000000006 12.950000000000001 0.8500000000000002 17.500000000000004 254.45000000000002 269.50000000000006 -0.82409480842201666 308.50000000000006 28.500000000000004 254.50000000000003 24.650000000000002 230.50000000000003 14.550000000000002 336.48000000000008 22.450000000000003 0.77159520228797451
decision_type=2 10 2 2 10 2 2 10 2 2 2 10 2 10 10 2 2 2 10 10 2 8 10 10 2 8 2 10 2 2
left_child=2 5 16 17 28 7 20 -2 11 12 15 -9 21 14 18 -8 22 -3 -14 29 -6 -5 -1 -17 -24 -7 -13 -20 -4 -10
right_child=1 3 4 9 6 25 10 8 19 -11 -12 26 13 -15 -16 23 -18 -19 27 -21 -22 -23 24 -25 -26 -27 -28 -29 -30 -31
leaf_value=-1.374393997703883 -0.70039772545900314 0.69320586452790078 -0.40399672385736607 0.67085947888965047 -1.1874900512871682 -2.4802296081089841 0.18146470698920636 -1.4244264514024116 0.26940205100985593 -0.17269594342143021 0.72537337541106239 0.51244983255827259 0.86022338380748542 2.3171604052657044 -0.14778034001430795 -0.97129451019080981 -2.9835276516137497 2.2494324786352005 -0.11358333707063394 -0.0950716363132139 -0.73522770537648585 1.2252610365758942 -1.0486606363703692 0.052651130043338129 -1.8758266513798159 -0.15658754844985423 -0.83875368601928357 1.1727506282670095 -1.3986931165319196 0.70810211629987407
leaf_weight=37 39 28 25 32 27 26 26 26 20 23 27 23 22 25 33 39 169 245 24 20 20 99 57 23 68 22 20 31 47 49
leaf_count=37 39 28 25 32 27 26 26 26 20 23 27 23 22 25 33 39 169 245 24 20 20 99 57 23 68 22 20 31 47 49
internal_value=-0.000436999 0.0114728 -0.0174382 0.0171581 -0.00817021 -0.00158537 -0.00294479 0.0019697 0.00528302 0.0116897 0.00232759 -0.003 0.0132584 0.00816176 0.00432432 -0.00202247 -0.0239458 0.0228832 0.00961538 0.0116667 -0.015625 0.0184091 -0.0191411 -0.00761905 -0.0221429 -0.0159184 0.00477273 0.00375 -0.019726 0.0158571
internal_weight=1372 807 565 562 234 245 162 197 158 289 115 69 266 135 110 88 331 273 77 89 47 131 162 62 125 48 43 55 72 69
internal_count=1372 807 565 562 234 245 162 197 158 289 115 69 266 135 110 88 331 273 77 89 47 131 162 62 125 48 43 55 72 69
is_linear=0
shrinkage=0.03


Tree=20
num_leaves=31
num_cat=0
split_feature=9 0 23 27 7 8 23 18 5 16 12 11 25 3 23 1 1 3 24 6 16 16 6 3 5 10 5 19 21 22
split_gain=326.197 72.9888 22.0931 16.0832 14.1034 13.9269 12.1203 10.5927 9.09702 8.52817 10.5738 8.51092 7.94941 7.69044 6.93076 6.63248 6.56518 7.12712 6.37834 6.13252 6.11545 6.10886 5.11589 8.36162 4.70513 4.41205 3.41564 3.20079 2.96619 2.27337
threshold=114.21500000000002 165.50000000000003 12.65 0.15000000000000005 363.16666666666669 271.64285714285717 21.150000000000002 16.050000000000004 313.50000000000006 65.500000000000014 28.500000000000004 33.500000000000007 21.250000000000004 194.50000000000003 13.550000000000002 318.50000000000006 342.50000000000006 301.50000000000006 -0.35019404643548441 279.50000000000006 339.00000000000006 274.50000000000006 370.50000000000006 378.50000000000006 257.50000000000006 174.02500000000003 192.50000000000003 0.93038214053199464 22.150000000000002 0.15000000000000005
decision_type=2 2 2 2 8 10 2 2 10 10 10 2 2 10 2 10 10 10 2 8 10 10 8 10 10 10 10 2 2 2
left_child=1 12 11 5 16 9 18 21 -9 -3 26 15 -1 -12 -15 -2 17 20 29 -19 -4 -7 23 -6 -13 -20 -11 -16 -24 -5
right_child=2 3 4 6 22 7 -8 8 -10 10 13 24 -14 14 27 -17 -18 19 25 -21 -22 -23 28 -25 -26 -27 -28 -29 -30 -31
leaf_value=-0.51246193139038354 0.26992346500060077 0.69935092448491321 -0.16593058105332828 -0.74412134874221236 1.8193207028707039 0.14696403703104707 0.057618110432187133 0.54317288229461325 -0.75520329250989393 -1.3657601531702086 -0.63905659896266165 0.81207759236761823 -2.7074263248437456 0.6859560301247416 -0.91233498900732224 1.7877324757892736 -0.25484743924638992 0.33261712562708112 -1.203326494973197 1.0323585121900429 0.57400025549521727 1.2345534967118839 1.2436308807246377 -0.21082081061727989 2.2200284675490209 -0.047419258792785114 -0.55398873816950767 0.20224884457636674 2.2608759969557504 -1.5126169037008153
leaf_weight=26 25 20 37 33 44 22 32 30 35 21 39 25 249 27 29 64 34 21 30 43 24 36 22 21 189 34 40 23 52 52
leaf_count=26 25 20 37 33 44 22 32 30 35 21 39 25 249 27 29 64 34 21 30 43 24 36 22 21 189 34 40 23 52 52
internal_value=0.000108696 -0.0127086 0.0166944 -0.00589286 0.0108361 -0.00185759 -0.013022 0.00604839 -0.00227273 -0.00675 -0.00883333 0.0224013 -0.0251087 -0.00352941 0.001875 0.0143333 0.0046875 0.00785714 -0.0166 0.0147692 0.000483871 0.0152542 0.0177857 0.0113636 0.0256744 -0.00923077 -0.018871 -0.0045283 0.0232 -0.0219767
internal_weight=1379 778 601 503 298 322 181 123 65 199 179 303 275 118 79 89 159 125 149 64 61 58 139 65 214 64 61 52 74 85
internal_count=1379 778 601 503 298 322 181 123 65 199 179 303 275 118 79 89 159 125 149 64 61 58 139 65 214 64 61 52 74 85
is_linear=0
shrinkage=0.03


Tree=21
num_leaves=31
num_cat=0
split_feature=0 5 22 9 19 28 25 2 25 9 12 5 12 0 12 23 4 11 28 10 24 24 26 25 15 13 7 10 16 29
split_gain=278.567 54.193 53.7603 29.0623 15.9266 14.9297 10.7855 9.82861 9.69159 9.28401 9.89583 8.41299 7.20906 7.16175 7.15221 7.02093 6.39708 7.82896 5.87553 5.40584 5.17046 5.0907 4.9636 6.62369 4.72286 4.59394 6.74062 6.82284 4.47262 3.46954
threshold=252.50000000000003 179.50000000000003 1.0000000180025095e-35 158.64000000000001 -0.80382625221112003 0.87397152483179585 11.65 295.50000000000006 15.050000000000002 59.105000000000011 6.5000000000000009 220.50000000000003 829.00000000000011 134.50000000000003 326.50000000000006 13.65 216.50000000000003 19.500000000000004 -0.40614700388750385 244.17500000000004 -0.29237170472273682 0.8869770585236475 37.750000000000007 18.250000000000004 133.50000000000003 67.500000000000014 340.83333333333343 204.11000000000004 167.50000000000003 -0.86974577485258975
decision_type=2 8 2 2 2 2 2 10 2 2 10 8 10 2 10 2 10 2 2 10 2 2 2 2 10 10 10 8 10 2
left_child=1 13 3 5 20 12 -6 28 -8 10 -10 -4 14 -1 25 -5 -11 -18 -17 -19 -3 -20 23 -13 -23 26 27 -2 -7 -15
right_child=2 4 11 15 6 7 8 -9 9 16 -12 22 -14 29 -16 18 17 19 21 -21 -22 24 -24 -25 -26 -27 -28 -29 -30 -31
leaf_value=-2.9498605226033972 -0.018570752023852038 -1.3927102108561835 -0.87828558687903691 2.1608889493419396 0.7164374767239593 -0.049245700734257408 -0.92459232529746649 1.4513339890805148 0.074987418593879765 -0.48436088203584615 -1.544544848615236 0.33780013127903941 1.5958651394811325 -1.5611295821125981 -0.088563411586748936 1.9324872346584172 -0.52874038169659487 0.39811458644378944 1.1036630357081305 0.012261580561278719 -0.92391925159988886 -0.04729240616515909 0.33199683653743961 -0.35958748438570182 1.5993088252178711 1.220703108591175 -0.14221252026918649 0.92115607530496901 -0.9989340692529185 -1.2241205329121063
leaf_weight=155 21 50 31 210 26 26 28 28 20 36 27 65 34 42 34 30 28 40 37 20 40 22 28 27 26 49 20 63 29 93
leaf_count=155 21 50 31 210 26 26 28 28 20 36 27 65 34 42 34 30 28 40 37 20 40 22 28 27 26 49 20 63 29 93
internal_value=6.49351e-05 -0.015198 0.0119078 0.0157619 -0.00655063 0.00904918 -0.00225664 -0.00178571 -0.00465 -0.0019186 -0.013125 -0.00414474 0.0131081 -0.0245361 0.0106915 0.0219939 0.0024 0.00674157 0.0157759 0.0127869 -0.0171429 0.0115116 -0.000495868 -0.00387097 0.00489796 0.0134416 0.00971429 0.0134118 -0.00910714 -0.0191912
internal_weight=1385 605 780 629 315 304 225 83 199 171 47 151 221 290 187 325 124 88 115 60 90 85 120 92 48 153 104 84 55 135
internal_count=1385 605 780 629 315 304 225 83 199 171 47 151 221 290 187 325 124 88 115 60 90 85 120 92 48 153 104 84 55 135
is_linear=0
shrinkage=0.03


Tree=22
num_leaves=31
num_cat=0
split_feature=9 0 22 19 4 9 18 16 8 24 4 9 5 16 12 6 3 14 12 3 26 24 13 26 24 24 16 21 19 11
split_gain=290.026 61.1614 32.0625 25.7609 17.3611 14.8557 11.3826 11.119 8.89309 13.0696 8.42172 8.04663 7.19545 6.78699 6.33192 6.56406 6.29058 6.20664 5.9809 4.96288 4.75725 7.03547 4.55964 4.47851 4.29398 7.05657 4.09214 3.84766 3.70037 3.15415
threshold=114.21500000000002 134.50000000000003 1.0000000180025095e-35 -0.33379414889141251 215.50000000000003 188.22000000000003 9.6500000000000004 728.50000000000011 247.50000000000003 -0.66259481767468253 271.50000000000006 143.01000000000002 370.50000000000006 4804.0000000000009 27.500000000000004 328.50000000000006 320.50000000000006 46.500000000000007 13.500000000000002 121.50000000000001 32.050000000000004 0.81408451933196979 34.500000000000007 22.650000000000002 0.97233289553061597 0.60873824923885345 157.50000000000003 20.950000000000003 0.84335933205092506 106.50000000000001
decision_type=2 2 2 2 8 2 2 8 10 2 10 2 8 10 10 10 10 10 10 10 2 2 10 2 2 2 10 2 2 2
left_child=1 -1 5 6 19 12 -3 10 -8 29 18 -4 14 -9 26 -16 23 -13 -6 -5 -21 28 -20 -7 25 -12 -2 -14 -22 -10
right_child=2 3 11 4 7 16 8 13 9 -11 24 17 27 -15 15 -17 -18 -19 22 20 21 -23 -24 -25 -26 -27 -28 -29 -30 -31
leaf_value=-2.6652436240870574 0.38240946386569247 0.12414142211759439 -1.1441634251470021 0.1036773513933818 0.49929274001000579 0.24359113140370056 -1.3537071708223352 1.2435482789822752 -0.46019143181508226 0.15261414111386726 0.0044358597959308094 1.0168106604826841 1.105085384918689 0.0076958883641236753 0.82538610363802234 1.001239128114505 2.636239128114505 -0.17000364587976718 -0.48101069934930024 -1.3192414685857921 0.23132076399973456 -0.68518963599306226 0.42715120678687041 2.512306959031231 0.13620741076979384 -0.66540673734930689 -0.19589116668119913 2.1163693133128283 -0.42873283896978787 -1.7253516277397023
leaf_weight=181 29 25 26 22 23 20 117 34 24 33 25 25 26 23 118 43 180 25 31 38 20 41 20 20 34 40 22 60 30 21
leaf_count=181 29 25 26 22 23 20 117 34 24 33 25 25 26 23 118 43 180 25 31 38 20 41 20 20 34 40 22 60 30 21
internal_value=4.3573e-05 -0.011954 0.0158319 -0.00732558 -0.00259162 0.0184971 -0.0154751 0.0025974 -0.0179082 -0.00987342 -0.0012069 -0.00233766 0.0140468 0.0139655 0.0109859 0.0138889 0.0244344 0.00470588 0.0064 -0.0104605 -0.0126923 -0.00880435 0.000576923 0.0131707 -0.0069 -0.0113636 0.00173077 0.0213793 -0.00117647 -0.0202174
internal_weight=1376 782 594 601 381 518 220 230 195 78 173 76 298 57 212 161 220 50 74 151 129 91 51 40 99 65 51 86 50 45
internal_count=1376 782 594 601 381 518 220 230 195 78 173 76 298 57 212 161 220 50 74 151 129 91 51 40 99 65 51 86 50 45
is_linear=0
shrinkage=0.03


Tree=23
num_leaves=31
num_cat=0
split_feature=0 29 5 0 23 9 26 23 24 16 24 6 29 24 5 7 0 24 19 6 11 4 2 15 26 1 23 14 4 6
split_gain=287.147 56.5891 34.016 23.2547 14.2485 12.6427 9.95315 9.58139 10.2662 9.43363 12.0701 8.37181 9.79418 7.68709 8.53748 7.64942 12.0891 7.30951 7.23864 6.37934 6.25663 6.21307 5.77451 8.525 6.45737 5.73289 5.67981 5.67545 6.14126 5.08564
threshold=232.50000000000003 0.48877522411129348 185.50000000000003 367.50000000000006 12.550000000000002 51.940000000000005 37.550000000000004 11.15 -0.66259481767468253 1119.0000000000002 0.68832836526074803 313.50000000000006 -0.54219087765047058 0.93038214053199464 228.50000000000003 316.16666666666669 368.50000000000006 0.79332313182700742 0.87032255546191728 208.50000000000003 114.50000000000001 216.50000000000003 284.50000000000006 171.50000000000003 40.550000000000004 265.50000000000006 13.65 24.500000000000004 279.50000000000006 320.50000000000006
decision_type=2 2 8 2 2 2 2 2 2 8 2 10 2 2 10 10 2 2 2 10 2 10 10 10 2 10 2 10 10 10
left_child=2 3 19 6 25 -4 11 -7 -9 10 -6 12 -2 18 -15 -12 -17 -10 21 -1 -13 -14 23 -8 -24 -3 -5 28 -19 -28
right_child=1 4 5 26 9 7 22 8 17 -11 15 20 13 14 -16 16 -18 27 -20 -21 -22 -23 24 -25 -26 -27 29 -29 -30 -31
leaf_value=-2.3794764010804248 -1.6601120998869703 0.327133717722283 -1.432080284671897 2.1212391899016647 0.99061105972502561 0.23481322969549295 0.41759342380734893 -1.2342973576164786 0.090512424606357056 0.9844148524724593 0.68086023409189689 -0.74303463749780385 0.38946880275012519 -0.99925581607558622 0.052364926394446343 -0.1875624569606606 1.4967673866179005 0.33179292433345264 0.75101024389413396 -1.0239251620907805 -0.061469587706336877 -0.60236474371275306 0.052073179616108974 -0.14940922418576177 0.78949702786257603 2.0039816166658562 1.6187666417987157 -0.84879576979832971 -0.36979569048378264 1.7540689823131967
leaf_weight=271 35 21 59 23 39 36 21 50 27 42 32 28 21 25 28 39 38 20 35 23 20 31 25 39 21 237 37 40 25 24
leaf_count=271 35 21 59 23 39 36 21 50 27 42 32 28 21 25 28 39 38 20 35 23 20 31 25 39 21 237 37 40 25 24
internal_value=-0.000552017 0.0102668 -0.0174457 0.00224638 0.0176392 -0.0094186 -0.00136364 -0.00572864 -0.00883436 0.0113089 0.00765101 -0.00495536 -0.001875 0.00170213 -0.00722222 0.00245455 -0.00269231 -0.00371681 0.00715909 -0.0244068 -0.0159184 0 0.00616822 0 0.0140426 0.0222394 0.0162353 -0.00802326 -0.000652174 0.011129
internal_weight=1412 861 551 413 448 257 329 198 162 190 148 223 175 140 53 109 77 112 87 294 48 52 106 60 46 258 84 85 45 61
internal_count=1412 861 551 413 448 257 329 198 162 190 148 223 175 140 53 109 77 112 87 294 48 52 106 60 46 258 84 85 45 61
is_linear=0
shrinkage=0.03


Tree=24
num_leaves=31
num_cat=0
split_feature=0 22 0 23 5 23 24 16 7 19 25 9 17 7 16 3 26 10 22 1 3 4 16 13 6 0 28 11 3 0
split_gain=269.401 57.2086 52.6305 21.9338 16.3313 14.5846 14.793 11.4472 10.813 10.4001 8.75124 8.74453 7.69756 6.37985 6.02327 7.04438 5.72874 5.66625 5.56427 6.02741 5.36726 8.40747 7.92425 7.28214 4.65455 5.64431 4.64576 4.5131 4.35339 3.86266
threshold=269.50000000000006 1.0000000180025095e-35 134.50000000000003 13.250000000000002 183.50000000000003 11.15 -0.66259481767468253 112.50000000000001 363.16666666666669 -0.78257835753184624 15.050000000000002 135.26000000000002 421.77500000000407 375.00000000000006 951.50000000000011 309.50000000000006 33.650000000000013 270.39500000000004 2.6500000000000008 218.50000000000003 252.50000000000003 265.50000000000006 129.50000000000003 30.500000000000004 123.50000000000001 185.50000000000003 0.66527693225344786 40.500000000000007 376.50000000000006 228.50000000000003
decision_type=2 2 2 2 8 2 2 10 10 2 2 2 10 10 10 10 2 10 2 10 10 10 10 10 10 2 2 2 8 2
left_child=2 3 -1 13 18 7 29 -6 9 -5 -8 16 -11 28 15 -14 -3 -13 19 24 21 22 -12 -22 -4 -26 -18 -10 -2 -7
right_child=1 11 4 8 5 6 10 -9 27 12 20 17 14 -15 -16 -17 26 -19 -20 -21 23 -23 -24 -25 25 -27 -28 -29 -30 -31
leaf_value=-2.5780921090480118 1.2130240706950395 -1.0681781183571366 -1.824600845481072 -0.73287852123588804 -0.84575951772880353 -1.5824736671381441 -0.36701724117037854 0.94029202596374206 1.6933214523605806 0.68996440923205393 0.096352954026736479 0.95328340207288331 -0.38434420420748894 2.7562574301433247 0.93245805025621786 0.47444162587002126 -0.73654032091657795 -0.058179116603627103 -1.968708669730953 -1.2267806159642538 -0.47910818108304171 -0.91587637057786309 -0.37464259738739103 0.57883206714019109 -0.99401576927647461 0.18589682750673048 0.088868496895780996 1.5702036425447534 1.1619160785247828 -0.58956025697969616
leaf_weight=197 155 31 20 20 21 45 44 43 35 53 24 24 25 132 34 22 20 31 33 37 23 21 44 40 28 26 20 63 30 34
leaf_count=197 155 31 20 20 21 45 44 43 35 53 24 24 25 132 34 22 20 31 33 37 23 21 44 40 28 26 20 63 30 34
internal_value=-6.5407e-05 0.0130603 -0.0134802 0.0171053 -0.00811983 -0.0045 -0.0075 0.00830769 0.0104348 0.00541935 -0.00304569 -0.00519685 0.00844444 0.0223585 0.00256098 -0.004375 -0.0120833 0.00375 -0.0165517 -0.013125 0.000392157 -0.00433333 0.000869565 0.00703125 -0.008 -0.00327273 -0.00439024 0.0181818 0.0185484 -0.018375
internal_weight=1375 695 680 569 483 339 275 64 252 154 196 126 134 317 81 47 71 55 144 111 152 89 68 63 74 54 40 98 185 79
internal_count=1375 695 680 569 483 339 275 64 252 154 196 126 134 317 81 47 71 55 144 111 152 89 68 63 74 54 40 98 185 79
is_linear=0
shrinkage=0.03


Tree=25
num_leaves=31
num_cat=0
split_feature=9 5 22 19 16 0 23 2 0 4 24 2 21 6 4 4 2 9 12 3 6 2 0 6 4 25 10 13 9 18
split_gain=240.91 64.7102 29.4146 17.2125 16.3665 15.9155 15.26 11.8943 9.36623 8.26536 7.92761 7.64911 6.7177 6.55506 7.46371 6.15589 6.10196 6.06483 5.7236 5.05336 7.67296 7.29418 4.84712 4.53333 4.22115 4.425 4.06678 3.95769 7.07967 3.82601
threshold=115.94500000000001 179.50000000000003 1.0000000180025095e-35 -0.78257835753184624 688.50000000000011 183.50000000000003 13.350000000000003 217.50000000000003 404.50000000000006 287.50000000000006 -0.6360540003681886 220.50000000000003 32.850000000000001 277.50000000000006 233.50000000000003 126.50000000000001 360.50000000000006 56.975000000000001 15.500000000000002 382.50000000000006 365.50000000000006 332.50000000000006 373.50000000000006 187.50000000000003 217.50000000000003 21.750000000000004 313.05500000000006 18.500000000000004 88.740000000000023 16.850000000000005
decision_type=2 8 2 2 8 2 2 10 2 8 2 10 2 10 10 10 10 2 10 10 10 10 2 10 10 2 10 10 2 2
left_child=1 5 6 10 13 -1 11 -6 19 -4 -3 -2 -12 17 -15 -7 -11 -5 -13 20 21 26 -20 -19 -25 -26 -8 -16 -29 -9
right_child=2 3 9 4 7 15 8 29 -10 16 12 18 -14 14 27 -17 -18 23 22 -21 -22 -23 -24 24 25 -27 -28 28 -30 -31
leaf_value=-2.3215943045823395 0.14122195086653447 -1.1463350547625881 -0.81109887134038716 -0.91308844840631087 -0.42052389773160881 0.10261636739893745 -0.17709784288553351 1.2172305396070704 2.3116038947174431 0.84192225217390104 -1.2204879246997915 0.83190709262669771 0.046609993616762324 -0.81890227716363395 -0.47649671569811203 -0.95640398874912902 -0.2209053960433556 -0.37048045694898918 1.0651896243111461 -0.11395756776346672 1.0755836397056051 0.79026451216716764 2.7593447828667963 -0.46473493565055063 0.62540094663249091 0.07579969336234342 0.55827387854020283 0.42020500827832391 -0.25490461676444109 0.26210970908436476
leaf_weight=233 20 85 20 38 21 22 33 47 66 25 21 21 36 21 38 71 27 29 112 40 28 26 133 25 26 29 27 25 34 22
leaf_count=233 20 85 20 38 21 22 33 47 66 25 21 21 36 21 38 71 27 29 112 40 28 26 133 25 26 29 27 25 34 22
internal_value=-0.0010485 -0.0114684 0.0137824 -0.00463855 -0.00109551 -0.0218349 0.0163314 0.00989011 0.0103167 -0.00410959 -0.0134266 0.0209059 -0.00465517 -0.00484962 -0.010084 -0.0111702 0.00226415 -0.000608108 0.0222472 0.00619355 0.0093913 0.00482759 0.0235366 0.003 0.00666667 0.01125 -0.000983607 -0.00642857 -0.0015 0.0158571
internal_weight=1401 823 578 497 355 326 506 90 220 72 142 286 57 265 118 93 52 147 266 154 114 86 245 109 80 55 60 97 59 69
internal_count=1401 823 578 497 355 326 506 90 220 72 142 286 57 265 118 93 52 147 266 154 114 86 245 109 80 55 60 97 59 69
is_linear=0
shrinkage=0.03


Tree=26
num_leaves=31
num_cat=0
split_feature=8 9 8 22 19 13 24 26 11 20 28 25 21 18 25 25 4 16 19 25 22 8 20 26 24 18 26 20 26 20
split_gain=251.361 50.2668 36.6629 18.8437 15.4507 11.1266 10.0056 9.81885 8.73367 8.99386 8.11833 8.22348 7.86045 7.05771 6.9595 10.875 6.17044 5.77846 5.24096 5.99654 9.01333 7.63708 7.15222 4.47342 4.36364 4.30809 3.99167 3.56872 3.3375 4.31924
threshold=241.85714285714289 115.94500000000001 146.78571428571431 1.0000000180025095e-35 -0.68832836526074781 30.500000000000004 0.82409480842201688 40.850000000000001 213.50000000000003 26.750000000000004 -0.814291907305839 27.050000000000004 19.350000000000005 10.850000000000003 24.450000000000003 20.050000000000004 389.50000000000006 6265.0000000000009 0.97233289553061597 16.350000000000005 0.25000000000000006 264.71428571428572 12.550000000000002 22.050000000000004 0.99140711019144623 12.450000000000001 35.45000000000001 27.650000000000002 21.850000000000005 7.2500000000000009
decision_type=8 2 10 2 2 10 2 2 2 2 2 2 2 2 2 2 10 10 2 2 2 10 2 2 2 2 2 2 2 2
left_child=2 7 -1 5 13 6 -3 8 9 18 -6 14 -8 -4 15 24 26 -10 19 22 21 -21 -2 -5 -12 -14 28 -13 29 -7
right_child=1 3 4 23 10 16 12 -9 17 -11 11 27 25 -15 -16 -17 -18 -19 -20 20 -22 -23 -24 -25 -26 -27 -28 -29 -30 -31
leaf_value=-2.461101516639101 -0.021826138331238098 2.0390441172624678 -0.56895042260315365 -0.25028136101801379 0.35589626350439801 1.9336063493302174 0.65287193922672426 0.56285391343517854 2.4518330092703393 -1.2838302313204226 -0.85705048813027751 0.37968358428769733 0.86024936592509105 -1.1602739613605573 -1.0534821256409126 0.16828570734544654 2.5130445863553379 -0.034421989873990241 0.2393240205767202 0.036480620775297436 0.4761766654793223 -0.50263574782333309 -0.93800817114069845 0.64793130259347886 0.011361893808165461 -0.1532467262128003 0.55280467474505934 -0.43316139458391018 1.2927140072695928 0.084862367261086993
leaf_weight=193 21 32 30 24 39 21 23 33 24 37 54 23 25 94 55 23 123 25 38 22 29 27 21 41 20 38 39 20 152 21
leaf_count=193 21 32 30 24 39 21 23 33 24 37 54 23 25 94 55 23 123 25 38 22 29 27 21 41 20 38 39 20 152 21
internal_value=-0.000285088 0.0102815 -0.0159239 0.0156111 -0.010195 0.0176842 0.00957983 -0.000107914 -0.00220408 -0.00505102 -0.00561702 -0.00811224 0.00413793 -0.01872 -0.0113725 -0.00642857 0.0203361 0.009 -0.00188679 -0.00495868 0 -0.0078 -0.0139535 0.000454545 -0.012 -0.00140625 0.0173077 0.00340909 0.0190769 0.0111628
internal_weight=1367 816 551 539 358 474 118 277 244 195 234 195 86 124 152 97 356 49 158 120 78 49 42 65 74 63 233 43 194 42
internal_count=1367 816 551 539 358 474 118 277 244 195 234 195 86 124 152 97 356 49 158 120 78 49 42 65 74 63 233 43 194 42
is_linear=0
shrinkage=0.03


Tree=27
num_leaves=31
num_cat=0
split_feature=7 0 23 19 4 20 0 13 18 26 24 18 28 14 14 17 16 12 10 0 20 26 20 29 0 19 26 19 19 23
split_gain=239.822 69.1565 25.4285 18.8876 18.0583 14.5858 11.1693 10.5661 9.91615 11.0389 11.5029 7.57775 7.55728 7.45149 7.03849 6.77384 6.83193 6.2746 7.02969 8.45795 5.88301 6.58477 6.4668 6.36748 6.78517 5.80747 5.70148 5.97538 5.56275 7.95578
threshold=292.16666666666674 134.50000000000003 12.65 -0.56638466991089642 218.50000000000003 27.150000000000002 373.50000000000006 16.500000000000004 11.750000000000002 37.250000000000007 -0.78257835753184624 16.950000000000003 0.69676570133721638 12.500000000000002 1073.5000000000002 548.51500000000374 202.50000000000003 75.500000000000014 157.21000000000001 234.50000000000003 7.2500000000000009 40.550000000000004 16.550000000000004 0.14888728888808328 349.50000000000006 -0.47714059151611371 21.550000000000004 0.97625883275952063 0.98624804680367306 14.65
decision_type=10 2 2 2 8 2 2 10 2 2 2 2 2 10 8 10 10 10 10 2 2 2 2 2 2 2 2 2 2 2
left_child=1 -1 6 8 -5 7 15 12 13 -10 -11 17 -4 -3 20 16 -2 18 -6 -20 -9 22 26 24 -24 -8 -22 -28 29 -13
right_child=2 3 5 4 11 -7 25 14 9 10 -12 28 -14 -15 -16 -17 -18 -19 19 -21 21 -23 23 -25 -26 -27 27 -29 -30 -31
leaf_value=-2.372268471139928 0.83444188494733851 -1.1400671404383285 -0.21025980086791946 -0.69937709685633509 0.27010410675180507 -0.75743770395347498 1.6977033964751047 1.2544610310015132 -1.3478753536726724 -0.94422759650694954 0.31167559266252409 0.40041913741267249 0.17714299603428799 0.18492194915100896 2.4855199387943592 1.0763582917803303 -0.11355535105277795 0.922513708446835 -0.5987347900707235 0.34901991635783075 -0.081537273572266714 1.1689823855924861 -0.29061116896700356 -0.30044878545053677 1.0812397954359698 2.751173101790132 0.84501201774997858 1.3151690225085886 -0.39268456711205457 -0.50183829697261073
leaf_weight=202 33 20 29 189 22 22 29 23 106 20 20 21 26 22 35 91 20 34 29 41 24 25 23 21 20 115 53 24 20 31
leaf_count=202 33 20 29 189 22 22 29 23 106 20 20 21 26 22 35 91 20 34 29 41 24 25 23 21 20 115 53 24 20 31
internal_value=-0.00077642 -0.011838 0.013241 -0.00651042 -0.00270619 0.00745399 0.0197232 0.00917763 -0.0142857 -0.0179592 -0.00439024 0.00361809 -0.00267857 -0.00139535 0.0118072 0.0136552 0.005 0.0080315 0.00387097 -0.00084507 0.0096729 0.0078534 0.00560241 -0.00184615 0.00477273 0.0256552 0.0102941 0.0142308 -0.00410959 0.00113208
internal_weight=1390 777 613 575 387 325 288 303 188 146 40 198 55 42 248 144 53 126 92 70 213 190 165 64 43 144 101 77 72 52
internal_count=1390 777 613 575 387 325 288 303 188 146 40 198 55 42 248 144 53 126 92 70 213 190 165 64 43 144 101 77 72 52
is_linear=0
shrinkage=0.03


Tree=28
num_leaves=31
num_cat=0
split_feature=9 8 22 19 23 16 6 16 8 16 17 25 23 26 21 10 16 6 9 3 2 26 3 13 12 3 26 20 22 24
split_gain=263.349 61.2838 28.8715 20.8222 17.657 15.4328 11.1803 10.3829 8.92447 8.68815 11.7986 8.82962 8.66842 8.56601 10.7425 8.68141 7.99742 6.97518 6.07458 6.21705 7.77514 7.39539 6.14468 6.27679 5.2454 5.14783 4.73515 4.28033 7.89475 4.27685
threshold=115.94500000000001 153.07142857142858 0.65000000000000002 -0.4067366430758001 12.65 688.50000000000011 307.50000000000006 8644.5000000000018 284.78571428571433 325.00000000000006 570.38500000000238 10.750000000000002 12.750000000000002 33.150000000000013 34.250000000000007 131.66000000000003 4592.0000000000009 314.50000000000006 243.41500000000005 382.50000000000006 337.50000000000006 37.350000000000001 313.50000000000006 36.500000000000007 15.500000000000002 406.50000000000006 36.350000000000001 26.750000000000004 1.4500000000000002 0.81408451933196979
decision_type=2 8 2 2 2 8 10 8 10 10 10 2 2 2 2 10 10 8 2 10 10 2 10 10 10 10 2 2 2 2
left_child=1 -1 4 6 8 9 27 18 -2 10 11 -5 -7 15 -15 -13 -14 -4 19 20 21 22 23 -6 -10 -21 -8 28 -3 -16
right_child=2 3 17 5 7 12 26 -9 24 -11 -12 13 16 14 29 -17 -18 -19 -20 25 -22 -23 -24 -25 -26 -27 -28 -29 -30 -31
leaf_value=-2.2874706256153745 0.63499410270731882 -0.40696073823319495 -1.4968006310540338 0.31408189558804678 -0.38700062974641408 0.97319104105807408 -0.6892122640265741 1.7160490093210401 0.80939012197167493 -0.3724445440082948 0.44962791817253106 0.17074310048565508 0.54745105347362111 0.35299667861273359 0.061615362108225324 -1.012876450933595 -0.87571318815775556 0.82661914364639355 1.9413208175300274 -0.28686052864656258 1.0808016714905437 1.6199775773757801 0.29282614113422423 0.045239062072704991 1.868668556223325 0.47741568282497893 0.11294620851140023 -1.2904925173938095 -1.2048227777223726 -0.56620518671686249
leaf_weight=199 34 61 24 21 27 23 26 30 24 46 23 21 38 30 27 94 23 21 33 22 51 29 21 20 228 32 26 49 55 36
leaf_count=199 34 61 24 21 27 23 26 30 24 46 23 21 38 30 27 94 23 21 33 22 51 29 21 20 228 32 26 49 55 36
internal_value=-0.000602151 -0.0118648 0.0144724 -0.00705 0.0163587 -0.00281984 -0.0144495 0.0107143 0.0215331 -0.00602007 -0.00379447 -0.00586957 0.00847059 -0.0077512 -0.000957447 -0.0131897 0.00241935 -0.00847826 0.00851695 0.00650246 0.00966443 0.00459184 -0.000869565 -0.006875 0.0234783 -0.00218182 -0.00226415 -0.018253 -0.0148718 -0.00796875
internal_weight=1394 798 596 599 551 382 217 265 286 298 252 229 84 208 93 115 61 45 235 202 148 97 68 47 252 54 52 165 116 63
internal_count=1394 798 596 599 551 382 217 265 286 298 252 229 84 208 93 115 61 45 235 202 148 97 68 47 252 54 52 165 116 63
is_linear=0
shrinkage=0.03


Tree=29
num_leaves=31
num_cat=0
split_feature=9 9 8 5 24 26 22 23 23 9 12 23 16 22 8 23 16 12 22 5 5 3 5 26 5 10 26 23 23 16
split_gain=248.237 57.4487 39.2463 15.6224 15.1393 13.5916 13.5236 13.1435 9.83364 9.40537 8.92718 8.68525 8.31763 10.3193 7.85221 11.7679 7.38031 6.79801 6.47436 6.39487 5.95751 10.1939 7.14199 5.70878 5.47444 5.58636 5.1371 4.55277 6.1649 3.78654
threshold=84.445000000000007 141.21500000000003 146.78571428571431 188.50000000000003 -0.82409480842201666 40.550000000000004 0.15000000000000005 12.950000000000001 10.450000000000001 55.895000000000003 585.50000000000011 21.350000000000005 120.50000000000001 1.9500000000000002 255.71428571428575 15.15 65.500000000000014 15.500000000000002 1.0000000180025095e-35 191.50000000000003 333.50000000000006 269.50000000000006 370.50000000000006 34.850000000000001 183.50000000000003 172.99000000000004 34.250000000000007 21.350000000000005 14.550000000000002 12.500000000000002
decision_type=2 2 10 8 2 2 2 2 2 2 10 2 10 2 10 2 10 10 2 10 10 8 10 2 10 10 2 2 2 10
left_child=2 3 29 -2 19 6 8 17 -5 12 20 14 13 -6 16 -16 -11 -3 27 -4 21 -10 -22 -23 -18 -26 -8 28 -9 -1
right_child=1 7 4 5 9 -7 26 18 10 11 -12 -13 -14 -15 15 -17 24 -19 -20 -21 22 23 -24 -25 25 -27 -28 -29 -30 -31
leaf_value=-1.4975281653057282 -0.8368626746080684 0.73804876146352505 -0.74592650729095966 0.87471404247765061 0.16562080747108551 1.1553116713313007 -1.3552022660923091 0.81960415329803682 -0.11903352919742985 0.041719155848198991 1.3995953939626113 1.1585848981750977 -0.85971852289361117 -1.1309166374713078 0.49447529286014169 -0.43748824352175175 -0.91925590494934484 1.7372027585238787 -0.0064316036019209828 -1.2670411930528114 -0.43141440733766129 0.76297418287301411 0.028070047004309231 0.22045524986477744 0.042779760712109857 -0.510109805460912 -0.0096038093667235105 0.20191461290852941 1.2258582533627262 -2.3955223086945701
leaf_weight=32 61 23 31 49 25 30 35 44 63 28 24 21 47 27 27 31 39 223 31 68 22 31 33 21 25 30 26 29 96 155
leaf_count=32 61 23 31 49 25 30 35 44 63 28 24 21 47 27 27 31 39 223 31 68 22 31 33 21 25 30 26 29 96 155
internal_value=-0.000357143 0.0100831 -0.0153322 0.00174242 -0.009975 0.00429851 0.00236066 0.0174497 0.00553279 -0.00657807 0.00246154 -0.00282178 -0.0141 -0.00566038 -0.00497238 0.0040678 -0.00926829 0.0221053 0.0116418 -0.0201 0 0.00387931 -0.00803571 0.0135849 -0.0132632 -0.00696429 -0.0101613 0.0139412 0.0161702 -0.0266489
internal_weight=1427 841 586 395 399 334 304 446 243 300 194 201 99 52 180 58 122 246 200 99 170 115 55 52 94 55 61 169 140 187
internal_count=1427 841 586 395 399 334 304 446 243 300 194 201 99 52 180 58 122 246 200 99 170 115 55 52 94 55 61 169 140 187
is_linear=0
shrinkage=0.03


Tree=30
num_leaves=31
num_cat=0
split_feature=9 8 9 9 22 3 6 26 19 14 0 22 9 0 5 2 23 3 13 12 18 25 19 23 23 0 0 0 26 10
split_gain=229.698 73.1073 26.1934 20.7173 14.7409 12.925 10.4384 9.41663 9.26674 12.591 9.20985 8.01919 7.95742 11.095 8.63454 7.32428 7.17214 7.50805 6.81266 6.78512 6.49764 8.94938 5.89309 5.67407 5.66213 5.80495 5.31393 8.88725 13.5187 4.95008
threshold=115.94500000000001 146.78571428571431 161.25000000000003 55.895000000000003 0.65000000000000002 378.50000000000006 126.50000000000001 37.650000000000013 -0.77159520228797429 3.5000000000000004 309.50000000000006 1.0000000180025095e-35 98.060000000000016 231.50000000000003 179.50000000000003 277.50000000000006 10.250000000000002 217.50000000000003 21.500000000000004 17.500000000000004 16.850000000000005 25.450000000000003 0.76037701167087512 15.450000000000001 12.950000000000001 415.50000000000006 301.50000000000006 362.50000000000006 22.950000000000003 218.34000000000003
decision_type=2 8 2 2 2 8 10 2 2 10 2 2 2 2 10 10 2 10 10 10 2 2 2 2 2 2 2 2 2 10
left_child=1 -1 4 22 16 6 -5 8 -8 -10 20 19 13 14 -11 -15 -2 -18 -14 -4 29 -22 -3 -16 -21 -26 -19 28 -28 -9
right_child=2 3 11 5 -6 -7 7 10 9 12 -12 -13 18 15 23 -17 17 26 -20 24 21 -23 -24 -25 25 -27 27 -29 -30 -31
leaf_value=-2.2625504532780965 1.033398794315566 -1.0539486706510051 0.71590729861961955 -1.1048814119854309 -0.44125908630816951 0.69327142408071496 -0.95892379715392428 0.5879611578242665 0.16259663299042501 -0.94145266655995785 1.1026551236346995 0.80201351744505978 -1.6430103334556139 0.4842146604298182 0.22781525983707993 -0.029225986322602749 -0.090732042102964525 0.46374357829219776 -0.22192377812851474 1.8605792696792656 0.30326465370473243 -0.5843538339944192 -0.33672280283463862 -1.2968156883386825 0.49471069779738908 2.6223591362943361 0.62676907967073925 1.5985628893051111 -0.40220629101008082 -0.023214143818613593
leaf_weight=199 38 91 31 20 28 39 86 24 33 23 21 33 21 23 40 22 24 49 47 173 24 39 33 26 63 39 26 38 36 22
leaf_count=199 38 91 31 20 28 39 86 24 33 23 21 33 21 23 40 22 24 49 47 173 24 39 33 26 63 39 26 38 36 22
internal_value=-0.00125354 -0.0113309 0.0132642 -0.00633071 0.005625 -0.00363992 -0.00502119 -0.00404867 -0.00680124 -0.00368644 0.00274809 0.0186176 -0.00650246 -0.00222222 -0.00833333 0.00978261 0.00834906 0.00568966 -0.0147826 0.0201303 -0.000818182 -0.00703125 -0.01728 -0.00268657 0.0216304 0.0157282 0.0082 0.00415842 -0.00285714 0.00765957
internal_weight=1411 833 578 634 239 510 471 451 321 235 130 339 202 134 89 45 211 173 68 306 109 63 124 66 275 102 149 100 62 46
internal_count=1411 833 578 634 239 510 471 451 321 235 130 339 202 134 89 45 211 173 68 306 109 63 124 66 275 102 149 100 62 46
is_linear=0
shrinkage=0.03


Tree=31
num_leaves=31
num_cat=0
split_feature=0 9 0 20 26 0 20 26 20 19 26 22 19 22 23 6 0 0 5 23 6 23 4 11 1 26 21 20 15 18
split_gain=218.653 50.0619 32.9147 18.4303 15.1868 11.2502 11.1269 14.064 10.1782 8.75463 13.9181 7.56665 9.50537 7.53825 14.3282 8.02898 7.54513 6.84482 6.74424 8.17968 11.8223 6.41341 8.51676 6.40422 6.03208 5.96738 5.95755 5.74904 8.74113 5.552
threshold=232.50000000000003 141.21500000000003 134.50000000000003 28.250000000000004 40.850000000000001 357.50000000000006 19.350000000000005 37.350000000000001 26.750000000000004 -0.47714059151611371 23.050000000000004 1.9500000000000002 0.98624804680367306 0.15000000000000005 9.7500000000000018 277.50000000000006 279.50000000000006 254.50000000000003 179.50000000000003 14.65 268.50000000000006 12.250000000000002 275.50000000000006 19.500000000000004 387.50000000000006 37.250000000000007 31.950000000000003 11.750000000000002 2260.0000000000005 12.450000000000001
decision_type=2 2 2 2 2 2 2 2 2 2 2 2 2 2 2 10 2 2 10 2 10 2 10 2 10 2 2 2 10 2
left_child=2 3 -1 4 5 13 9 -8 11 10 -3 12 18 14 -2 16 17 -16 23 -20 -21 -17 -23 -4 27 -10 -13 -11 -29 -15
right_child=1 6 8 -5 -6 -7 7 -9 25 24 -12 26 -14 29 15 21 -18 -19 19 20 -22 22 -24 -25 -26 -27 -28 28 -30 -31
leaf_value=-2.143349475500667 0.80973899684488393 -0.19797846912857039 0.063344995403573273 -1.2780610172533118 0.85369163252622848 1.4123673798999994 -0.066644423845023656 1.7342312228588865 -1.621085372750503 0.95965814274895733 1.0305512463008262 -1.0843224877800348 -0.70289995410347161 0.085482547035814482 0.041890712490422852 0.16445837216944653 0.39674172688171377 -0.67151483171453452 0.27563834256921865 0.15540243640777418 -1.1311503363603441 -0.83178202226290066 -0.1675595241997101 -0.73404370764028593 2.2304200110762076 -0.5559003253848408 -1.1278904856246805 -0.097415359756273565 1.0973900582568286 -0.85182617228731372
leaf_weight=193 26 43 22 33 39 39 33 25 46 108 49 36 40 23 31 29 48 24 50 28 25 23 52 32 123 37 21 34 20 62
leaf_count=193 26 43 22 33 39 39 33 25 46 108 49 36 40 23 31 29 48 24 50 28 25 23 52 32 123 37 21 34 20 62
internal_value=-0.00111828 0.00818497 -0.0162712 0.000906977 0.0027204 0.00075419 0.015344 0.00305085 -0.0105621 0.0172222 0.00903226 -0.00752941 -0.00469697 -0.00112853 0.00166667 -0.00100962 0.00490385 -0.00267857 -0.00132911 0.00317308 -0.005 -0.00685714 -0.0114474 -0.00981818 0.0198252 -0.0196429 -0.017069 0.0158282 0.00763636 -0.00872093
internal_weight=1394 864 530 429 396 357 435 58 337 377 92 254 197 318 233 207 103 55 157 103 53 104 75 54 285 83 57 162 54 85
internal_count=1394 864 530 429 396 357 435 58 337 377 92 254 197 318 233 207 103 55 157 103 53 104 75 54 285 83 57 162 54 85
is_linear=0
shrinkage=0.03


Tree=32
num_leaves=31
num_cat=0
split_feature=0 0 22 0 4 9 7 29 0 26 23 18 13 26 20 18 14 24 18 3 24 10 3 28 23 19 13 2 17 24
split_gain=223.275 59.7646 29.6094 21.7757 14.8003 10.4374 10.2747 9.26681 9.86813 10.5579 8.7614 8.05636 9.81149 7.74282 15.1945 7.37635 6.74575 6.52651 6.44257 6.26735 7.20117 6.10293 6.6405 6.61397 5.97645 5.62843 10.2975 5.09301 4.87962 9.37173
threshold=273.50000000000006 134.50000000000003 0.25000000000000006 384.50000000000006 233.50000000000003 85.730000000000018 289.16666666666669 0.50370931781787065 292.50000000000006 38.850000000000001 10.65 16.850000000000005 18.500000000000004 22.950000000000003 9.2500000000000018 12.950000000000001 69.500000000000014 -0.87032255546191706 13.15 159.50000000000003 0.93663652364155514 367.59500000000008 431.50000000000006 0.42179998225932674 12.950000000000001 0.21643137258081221 4.5000000000000009 317.50000000000006 220.66000000000233 0.35019404643548474
decision_type=2 2 2 2 10 2 8 2 2 2 2 2 10 2 2 2 8 2 2 10 2 8 10 2 2 2 10 10 10 2
left_child=1 -1 3 7 18 11 -4 8 -2 15 -7 12 -6 14 -5 -10 -8 -9 19 -3 24 22 23 -19 -21 -20 -27 -13 -12 -30
right_child=2 4 6 13 5 10 16 17 9 -11 28 27 -14 -15 -16 -17 -18 21 25 20 -22 -23 -24 -25 -26 26 -28 -29 29 -31
leaf_value=-2.1139292504479914 0.7547268761410737 -1.4070152701923273 -1.7180564326722085 2.3023205281235031 -0.57272664294832931 0.75736800273431093 -0.22713764166863198 1.1127034070103199 0.13921303194988979 0.95047279441012444 -0.19986506718387034 -0.81191054503369053 0.23871185613934315 2.2320284650817275 -0.1920391150547141 -0.46337696795333838 0.4472667945323559 1.1299511989359603 -1.2804029425333501 0.24499788323744523 -0.7194410378941245 -0.10187443437134107 -0.069830321261981673 0.20983063792524831 -0.85484094595325644 0.49896655332686607 -0.6438440692611237 -0.093066957279645521 -0.68468272221489712 1.189419397955354
leaf_weight=210 41 33 21 45 39 20 40 32 45 39 20 63 34 149 27 51 27 77 59 23 21 28 20 53 22 21 81 20 21 31
leaf_count=210 41 33 21 45 39 20 40 32 45 39 20 63 34 149 27 51 27 77 59 23 21 28 20 53 22 21 81 20 21 31
internal_value=-0.0012942 -0.0130181 0.010819 0.0131743 -0.00742633 -0.00216867 -0.00539326 0.00883721 0.00372881 -0.000220588 0.00580645 -0.00687898 0.000405405 0.0206757 0.0123288 -0.00556701 0.000441176 0.0130806 -0.0124138 -0.0063 -0.000895522 0.0107263 0.0131126 0.0155725 0.00586957 -0.0161111 -0.0116505 -0.0132143 0.000821918 0.00566038
internal_weight=1413 718 695 607 508 248 88 386 176 135 92 156 73 221 72 96 67 210 260 99 66 178 150 130 45 161 102 83 72 52
internal_count=1413 718 695 607 508 248 88 386 176 135 92 156 73 221 72 96 67 210 260 99 66 178 150 130 45 161 102 83 72 52
is_linear=0
shrinkage=0.03


Tree=33
num_leaves=31
num_cat=0
split_feature=0 9 8 0 22 4 4 7 27 16 25 28 26 21 26 0 9 6 13 29 9 13 2 28 26 25 14 0 18 6
split_gain=208.903 52.776 36.2415 11.3076 10.8918 8.01978 8.32166 7.98336 7.55529 6.307 5.94997 5.78067 5.25044 8.93499 4.66843 7.76278 7.99475 7.46467 5.1967 8.51471 7.10826 5.5368 7.19338 4.24379 4.76244 11.578 12.7024 4.8652 3.81467 3.78916
threshold=230.50000000000003 141.21500000000003 149.71428571428575 370.50000000000006 1.9500000000000002 150.50000000000003 228.50000000000003 470.33333333333343 2.1500000000000008 7.5000000000000009 24.450000000000003 0.89017062131308955 39.350000000000001 34.750000000000007 40.850000000000001 301.50000000000006 127.05500000000002 283.50000000000006 73.500000000000014 -0.48313741114591585 109.95 42.500000000000007 240.50000000000003 -0.92274349529687905 22.050000000000004 7.4500000000000011 48.500000000000007 366.50000000000006 12.850000000000003 296.50000000000006
decision_type=2 2 8 2 2 10 10 10 2 10 2 2 2 2 2 2 2 10 10 2 2 10 10 2 2 2 10 2 2 10
left_child=2 3 9 8 5 -4 28 11 14 -1 -10 23 13 29 15 16 18 -17 20 -20 21 22 -2 -3 25 -25 27 -27 -7 -8
right_child=1 7 4 -5 -6 6 12 -9 10 -11 -12 -13 -14 -15 -16 17 -18 -19 19 -21 -22 -23 -24 24 -26 26 -28 -29 -30 -31
leaf_value=-0.8402681021441103 0.25912060294891204 0.25894975952741844 0.26203823579866548 1.303035504550548 -1.0450993943204328 -0.74600531462590824 -0.26640107463380902 3.5183710910216082 -0.22319478865224682 -2.1858678834629428 -1.0622797625169378 -0.047070412746796818 0.24380805906491318 -0.5882924187514823 0.38344958856650407 0.054727252848647365 0.52364979305679415 -0.49867387899437826 -0.50000461994181933 0.05610739038653776 -0.074280856818318031 0.38971263254353627 -0.148636807953026 1.447156788932231 1.1863581568369479 0.55074812916007287 -0.33199185101530132 0.71401119720864836 -0.81482999557181823 0.26506622911255051
leaf_weight=21 29 24 20 39 83 29 47 41 22 180 28 21 26 36 35 31 34 48 26 33 34 21 50 56 234 26 22 28 72 22
leaf_count=21 29 24 20 39 83 29 47 41 22 180 28 21 26 36 35 31 34 48 26 33 34 21 50 56 234 26 22 28 72 22
internal_value=-0.000887949 0.00808607 -0.0156425 0.000556845 -0.00955357 -0.00640316 -0.00798283 0.0152318 -0.000994898 -0.0256931 -0.0117647 0.0139078 -0.00295455 -0.0059434 0.000614035 -0.000586319 0.00223684 -0.008625 -0.000154639 -0.0075 0.00311111 0.00712871 0.003375 0.0147315 0.0155313 0.0108271 0.00311688 0.0109091 -0.0144118 0.000428571
internal_weight=1418 882 536 430 335 252 232 452 391 201 50 411 131 105 341 306 227 79 193 59 134 100 79 390 366 132 76 54 101 69
internal_count=1418 882 536 430 335 252 232 452 391 201 50 411 131 105 341 306 227 79 193 59 134 100 79 390 366 132 76 54 101 69
is_linear=0
shrinkage=0.03


Tree=34
num_leaves=31
num_cat=0
split_feature=0 9 8 20 23 29 19 4 24 24 24 10 18 15 18 16 26 23 2 25 23 22 0 21 11 17 29 7 26 4
split_gain=199.315 45.7564 40.9914 16.4074 11.2299 10.7154 9.68788 12.1092 9.40257 12.3723 9.64144 7.95441 7.85542 7.76851 7.19417 6.72993 5.80602 9.52339 6.72 5.75368 5.75906 5.2769 5.05576 4.66689 6.3344 13.8368 4.64576 4.20899 4.0502 3.87476
threshold=232.50000000000003 152.94500000000002 146.78571428571431 27.450000000000003 10.950000000000001 0.063390085881955341 -0.5806808443217597 217.50000000000003 -0.19936034309715217 0.80382625221112025 0.98321746822993605 394.35500000000008 22.050000000000004 2338.5000000000005 15.850000000000003 7.5000000000000009 38.650000000000013 14.65 342.50000000000006 21.250000000000004 16.050000000000004 0.25000000000000006 317.50000000000006 29.750000000000004 148.00000000000003 886.28000000000009 -0.54219087765047058 304.83333333333343 22.050000000000004 343.50000000000006
decision_type=2 2 10 2 2 2 2 8 2 2 2 10 2 10 2 10 2 2 10 2 2 2 2 2 2 10 2 10 2 10
left_child=2 3 15 6 5 -4 27 19 -6 14 -11 21 13 16 -10 -1 17 18 22 20 -8 23 -9 24 25 -3 -21 -2 -13 -19
right_child=1 11 4 -5 8 -7 7 12 9 10 -12 28 -14 -15 -16 -17 -18 29 -20 26 -22 -23 -24 -25 -26 -27 -28 -29 -30 -31
leaf_value=-0.81506005907978696 -0.42358750301748782 0.87873414779437664 -0.39651710114442379 -0.86190687552218093 -1.0540532772802713 0.95332720097874057 0.018331827774025696 1.052166774910001 -0.67898603234934252 -0.6107257161793509 -0.037850341719987454 2.0314384715109535 -0.24841640964642378 1.267446887898712 1.0517521151981313 -2.0566574844457999 1.0039470494605718 0.036360252070043654 -0.0046069139995046273 -0.046503123412172442 -1.5763834854959644 -0.014867393768107036 0.5455359524822142 0.40564938240096465 0.96613857736934672 -0.18760594454520202 0.38585651194424969 0.045258468487912179 2.3351801922137878 -0.428271204764261
leaf_weight=21 57 117 45 45 92 20 22 53 23 93 45 31 22 29 24 174 43 49 30 20 23 26 21 38 36 24 20 32 95 26
leaf_count=21 57 117 45 45 92 20 22 53 23 93 45 31 22 29 24 174 43 49 30 20 23 26 21 38 36 24 20 32 95 26
internal_value=-0.000901933 0.00805814 -0.015223 0.00206897 -0.00892128 0.00227273 0.00381696 0.00601671 -0.0115468 -0.00758065 -0.0120863 0.0160598 0.00908759 0.0105952 0.005625 -0.0261735 0.00860987 0.00616667 0.012 -0.00383721 -0.011087 0.0127686 0.0168 0.0143056 0.0163483 0.0133099 0.00439024 -0.005 0.0222047 -0.00197368
internal_weight=1396 859 537 492 342 65 447 358 277 185 138 367 273 251 47 195 222 179 104 85 45 241 74 215 177 141 40 89 126 75
internal_count=1396 859 537 492 342 65 447 358 277 185 138 367 273 251 47 195 222 179 104 85 45 241 74 215 177 141 40 89 126 75
is_linear=0
shrinkage=0.03


Tree=35
num_leaves=31
num_cat=0
split_feature=0 9 7 23 2 6 23 22 4 27 23 3 16 26 25 17 6 6 23 22 4 13 9 11 4 3 28 2 23 2
split_gain=186.078 46.6249 36.6323 15.6193 11.1341 10.4521 8.92578 8.35287 10.3652 7.82032 11.2509 9.14386 8.70786 7.28004 10.2724 7.22178 6.52269 10.4319 8.0681 6.50747 6.27207 5.93181 5.65685 5.1702 5.03994 5.02554 8.62199 4.4234 4.10726 3.99348
threshold=232.50000000000003 162.94500000000002 135.33333333333334 13.350000000000003 382.50000000000006 413.50000000000006 14.550000000000002 0.15000000000000005 389.50000000000006 1.0000000180025095e-35 15.750000000000002 233.50000000000003 76.500000000000014 22.150000000000002 8.3500000000000032 7.0050000000008703 373.50000000000006 349.50000000000006 10.750000000000002 1.4500000000000002 183.50000000000003 37.500000000000007 75.375000000000014 660.50000000000011 177.50000000000003 228.50000000000003 0.88621069759564464 339.00000000000006 13.15 334.50000000000006
decision_type=2 2 10 2 10 8 2 2 10 2 2 10 10 2 2 10 10 10 2 2 10 10 2 2 10 10 2 10 2 10
left_child=2 4 -1 13 7 6 -5 8 16 10 11 -4 -12 14 -3 -11 17 18 -2 20 -17 -13 -22 -6 -20 -9 28 -8 -27 -26
right_child=1 3 9 5 23 -7 27 25 -10 15 12 21 -14 -15 -16 19 -18 -19 24 -21 22 -23 -24 -25 29 26 -28 -29 -30 -31
leaf_value=-1.9891295168051837 0.47947192278472811 1.4286580987301252 -0.34322552477889418 -0.34501496099101758 0.35624877623932405 1.3566736345080099 -0.023412398744744108 -1.1831359657949105 1.5838631601140161 0.024384574748034422 0.10607467114665298 0.11967670173015121 -0.6680201022290444 1.7917365424936627 -0.32991233957181176 -1.2606832728076411 -0.35502926882909719 0.88749825659916748 -0.83604966925651547 -1.2124228751217014 0.068804676839590254 0.40209690195114772 -1.056365426731626 2.2729278821395664 -0.017420584811997628 0.028497610816628195 0.086855721133732397 0.7170784962862421 -0.60271797824061368 0.71438211423679598
leaf_weight=185 37 48 51 20 50 34 31 32 30 20 23 34 76 140 21 28 28 20 29 51 38 23 24 24 145 24 20 45 46 21
leaf_count=185 37 48 51 20 50 34 31 32 30 20 23 34 76 140 21 28 28 20 29 51 38 23 24 24 145 24 20 45 46 21
internal_value=-0.000943531 0.0079078 -0.0144585 0.0165 0.00213018 0.00824427 0.00309278 0.000277136 0.00289389 -0.00894309 -0.00504808 0.00165138 -0.0123 0.0215714 0.0132857 -0.0138889 0.00106762 0.0026087 0.000772532 -0.0162676 -0.0112088 0.00982759 -0.00571429 0.0128 -0.00168367 -0.00634146 -0.00263736 0.00779221 -0.00760563 0.000359281
internal_weight=1398 845 553 339 506 130 96 432 310 368 207 108 99 209 69 161 280 252 232 141 90 57 62 74 195 122 90 76 70 166
internal_count=1398 845 553 339 506 130 96 432 310 368 207 108 99 209 69 161 280 252 232 141 90 57 62 74 195 122 90 76 70 166
is_linear=0
shrinkage=0.03


Tree=36
num_leaves=31
num_cat=0
split_feature=9 0 0 27 22 24 3 5 15 20 23 5 5 19 23 24 3 18 19 23 7 18 10 11 25 6 5 16 25 4
split_gain=182.871 39.8048 33.3664 14.8065 13.6235 13.6136 12.0025 11.9307 10.1516 7.95725 8.89343 8.21764 9.99913 7.67992 7.30135 15.8166 7.20151 7.19281 7.0797 5.20564 4.87689 4.51466 8.97504 4.48214 4.47083 4.44604 6.47642 4.38782 4.05663 4.03573
threshold=84.445000000000007 134.50000000000003 382.50000000000006 1.0000000180025095e-35 1.0000000180025095e-35 -0.29237170472273682 232.50000000000003 199.50000000000003 37.500000000000007 7.0500000000000007 10.250000000000002 230.50000000000003 252.50000000000003 0.70088257582277247 15.15 0.78257835753184646 319.50000000000006 15.550000000000002 0.087155742747658027 12.450000000000001 278.50000000000006 16.250000000000004 254.45000000000002 87.500000000000014 23.850000000000005 183.50000000000003 199.50000000000003 360.50000000000006 25.450000000000003 277.50000000000006
decision_type=2 2 2 2 2 2 10 8 10 2 2 8 10 2 2 2 10 2 2 2 10 2 10 2 2 10 10 10 2 10
left_child=1 24 4 19 9 13 -6 8 -7 -2 20 17 -13 25 -9 -16 -8 -12 23 -4 -11 29 -23 -14 -1 -3 -27 -22 -10 -20
right_child=2 5 3 -5 6 7 16 14 28 10 11 12 18 -15 15 -17 -18 -19 21 -21 27 22 -24 -25 -26 26 -28 -29 -30 -31
leaf_value=-0.71531994320470349 0.69178195795532471 -1.4700243937667301 2.0536001259975278 -0.078539414285115461 -1.2593475129217964 0.10850776852043878 0.12989245431433219 0.24605838946648304 -0.83816109719441456 0.79684345623325892 -0.3262364592703898 1.1919499946009495 -0.36754873590109866 -0.17931890809294032 0.19444088285632433 -0.66475406630536471 -0.1036027337406898 0.1583697650030261 -0.016591969305269173 1.3809249939724988 -0.010713770390930221 0.36150600216118162 -0.19262447186594214 0.29098432382011225 -1.918257113780147 -0.034368512325481076 -0.85349134891085876 0.89841317475829263 -0.36270840049745445 0.63432478440697082
leaf_weight=25 29 38 107 32 24 33 38 57 36 21 49 23 23 36 25 52 47 26 22 100 23 28 41 20 172 20 60 41 20 110
leaf_count=25 29 38 107 32 24 33 38 57 36 21 49 23 23 36 25 52 47 26 22 100 23 28 41 20 172 20 60 41 20 110
internal_value=-0.00147933 -0.0144 0.00775155 0.017125 0.00376325 -0.00865079 -0.00572727 -0.00388393 -0.0123333 0.00603939 0.00497664 0.00279883 0.00526119 -0.0154839 0.00177778 -0.00423077 -0.000348837 -0.00592105 0.00342857 0.0200481 0.0136047 0.00579208 -0.000428571 -0.0075 -0.025303 -0.0191597 -0.0148148 0.00923077 -0.02 0.00902256
internal_weight=1378 574 804 239 565 377 109 223 89 456 427 342 267 154 134 77 85 75 244 207 85 201 69 43 197 118 80 64 56 132
internal_count=1378 574 804 239 565 377 109 223 89 456 427 342 267 154 134 77 85 75 244 207 85 201 69 43 197 118 80 64 56 132
is_linear=0
shrinkage=0.03


Tree=37
num_leaves=31
num_cat=0
split_feature=7 7 9 20 19 24 13 23 8 13 10 20 10 24 19 24 14 10 28 18 24 21 23 7 20 25 23 10 19 4
split_gain=177.981 66.245 22.5551 14.6813 11.5257 11.574 10.3898 9.57452 8.74241 9.64656 8.5769 8.37538 8.10849 7.2017 7.03932 6.82556 6.93076 6.58026 6.5098 6.43559 8.52634 9.74261 6.38839 6.61012 6.72666 6.2808 6.10821 10.9915 5.81731 6.10085
threshold=299.16666666666669 157.50000000000003 139.62500000000003 28.950000000000003 -0.59480013772226059 0.87032255546191728 44.500000000000007 19.150000000000002 298.35714285714289 29.500000000000004 248.64500000000004 23.250000000000004 352.79500000000002 0.052327985223313264 0.84335933205092506 0.9482875459472353 10.500000000000002 157.21000000000001 0.87397152483179585 11.750000000000002 -0.22491679320871374 32.550000000000004 12.950000000000001 458.00000000000006 17.550000000000004 25.250000000000004 12.750000000000002 203.00000000000003 0.97625883275952063 218.50000000000003
decision_type=10 10 2 2 2 2 10 2 8 10 10 2 10 2 2 2 10 10 2 2 2 2 2 10 2 2 2 10 2 10
left_child=1 14 8 4 19 6 10 15 11 -10 17 -2 -4 -11 -1 -7 -17 -6 -18 -3 -21 -22 -14 24 -24 -16 -19 -28 29 -8
right_child=2 3 12 -5 5 7 28 -9 9 13 -12 -13 22 -15 25 16 18 26 -20 20 21 -23 23 -25 -26 -27 27 -29 -30 -31
leaf_value=-1.7491570592457777 0.26247023574593953 -0.076777968993813769 0.59006699786260641 -1.0262012259752145 0.15531389422256892 -0.52828037476243139 0.33921852215057652 -0.83523557927743064 -0.074612552831417239 -0.007703701901168784 0.56361814956174838 -0.88392113895565183 2.1160727915136164 0.94066465788792586 -0.21137046408231269 0.4410047195665544 0.17371292885834463 -1.0209069431290596 -0.56258623210704772 -0.92219023176546155 -1.1568745022831566 0.17656747268430564 0.41219791639549808 2.6755089386552728 2.1519306835451224 -1.3241442255514753 -1.2157043365830684 0.50774446999267298 -0.0035135245137553283 0.66536507776403087
leaf_weight=188 24 49 185 25 27 29 20 39 45 30 22 25 124 65 23 32 45 24 43 70 23 31 54 20 25 22 21 21 20 31
leaf_count=188 24 49 185 25 27 29 20 39 45 30 22 25 124 65 23 32 45 24 43 70 23 31 54 20 25 22 21 21 20 31
internal_value=-0.000812545 -0.0100124 0.0115886 -0.00450262 -0.00344891 -0.00048 0.00481283 -0.00571429 0.003 0.00680851 -0.000775862 -0.0078 0.0155501 0.0121875 -0.0234615 -0.0022 0.000991736 -0.00478723 -0.00337079 -0.00982759 -0.01344 -0.00436364 0.0194196 0.0135 0.009375 -0.0123913 -0.00985075 -0.0027907 0.01375 0.0190385
internal_weight=1402 805 597 572 547 374 186 188 189 140 115 49 408 95 233 149 120 93 88 173 124 54 223 99 79 45 66 42 71 51
internal_count=1402 805 597 572 547 374 186 188 189 140 115 49 408 95 233 149 120 93 88 173 124 54 223 99 79 45 66 42 71 51
is_linear=0
shrinkage=0.03


Tree=38
num_leaves=31
num_cat=0
split_feature=8 0 9 19 23 23 11 26 20 17 6 6 24 6 3 18 10 10 3 23 13 13 8 16 17 26 28 7 10 2
split_gain=185.11 43.5238 39.8592 19.1436 13.7647 11.655 10.5259 9.80756 10.4788 8.94063 12.5987 8.66606 8.6581 8.06952 7.86236 7.58668 7.56029 9.02263 6.74246 10.822 6.64593 10.3968 7.09655 6.99981 7.343 6.22396 5.80486 5.32848 5.30417 4.97269
threshold=240.92857142857147 134.50000000000003 165.10000000000002 -0.382668860952593 10.850000000000003 12.950000000000001 933.50000000000011 38.95000000000001 27.150000000000002 15.365000000001766 126.50000000000001 277.50000000000006 0.23343647497176631 417.50000000000006 379.50000000000006 15.15 351.49000000000007 325.90000000000003 192.50000000000003 12.850000000000003 89.500000000000014 44.500000000000007 318.64285714285717 214.50000000000003 233.36000000000277 31.850000000000005 0.7090011537757156 320.83333333333343 196.13500000000002 334.50000000000006
decision_type=8 2 2 2 2 2 2 2 2 10 10 10 2 8 10 2 10 10 10 2 10 10 10 10 10 2 2 10 10 10
left_child=1 -1 4 18 -2 16 7 8 20 -5 -11 15 -9 14 29 25 17 -4 -3 -20 21 23 -23 24 -6 -12 -25 -22 -17 -7
right_child=2 3 5 9 6 13 -8 12 -10 10 11 -13 -14 -15 -16 28 -18 -19 19 -21 27 22 -24 26 -26 -27 -28 -29 -30 -31
leaf_value=-1.7252265086577698 0.91065082068168457 -1.1315777577712192 0.75218063162358872 0.27103541010033966 -0.023858856977104635 0.11716425713134242 1.1245038913294769 -0.01850100668786183 -1.8737181724523244 -0.91607699079235261 -0.95823780456019048 -0.96633007714314001 0.8037863156045929 1.2632047158535693 -0.32155500728659775 -0.36913989480424675 2.0615829106258072 -0.028094367215081205 0.20659583144165422 -0.93112063448300231 -0.45151056159107211 0.39542465862788218 0.0087613132370348967 -0.025728237252150447 0.3186900533442778 0.37395565761094091 -0.72544506286254284 -0.077724875215645278 0.070142888769534006 1.0850884264441276
leaf_weight=200 99 62 51 28 80 33 37 31 22 33 20 20 50 42 27 35 122 21 21 45 31 29 28 22 34 46 36 25 44 34
leaf_count=200 99 62 51 28 80 33 37 31 22 33 20 20 50 42 27 35 122 21 21 45 31 29 28 22 34 46 36 25 44 34
internal_value=-0.00132009 -0.0148108 0.0074386 -0.0084507 0.00228571 0.0155891 -7.04225e-05 -0.00154242 -0.00399351 -0.00317181 -0.00542714 -0.00198795 0.00768293 0.00875912 0.00378947 0.000616438 0.0203077 0.0123288 -0.0176744 -0.0107463 -0.00241259 -0.000130435 0.0108621 -0.00381503 0.000521739 0.0080597 -0.0122034 -0.0115789 -0.005625 0.00926471
internal_weight=1408 554 854 354 524 330 425 388 307 226 198 165 81 136 94 145 194 72 128 66 285 229 57 172 114 66 58 56 79 67
internal_count=1408 554 854 354 524 330 425 388 307 226 198 165 81 136 94 145 194 72 128 66 285 229 57 172 114 66 58 56 79 67
is_linear=0
shrinkage=0.03


Tree=39
num_leaves=31
num_cat=0
split_feature=9 8 0 6 15 0 19 23 19 25 21 22 26 29 15 23 16 14 24 13 14 26 3 15 17 16 26 19 26 29
split_gain=182.64 54.6182 17.8559 15.5697 15.4974 15.5017 14.787 8.99909 11.1702 7.98768 7.74959 12.8908 6.87222 11.3525 8.80812 7.13185 6.16929 7.2574 8.6262 8.70535 7.47482 7.45306 6.9867 6.87385 5.98274 5.84883 5.72457 5.58851 5.5647 4.78281
threshold=62.230000000000011 301.00000000000006 134.50000000000003 126.50000000000001 29.500000000000004 404.50000000000006 0.90255091666790854 12.15 0.98624804680367306 7.4500000000000011 34.750000000000007 1.9500000000000002 27.250000000000004 -0.71502926860092908 132.50000000000003 17.750000000000004 8644.5000000000018 963.50000000000011 -0.7603770116708749 25.500000000000004 75.500000000000014 21.950000000000003 423.50000000000006 75.500000000000014 411.28500000000491 178.50000000000003 36.95000000000001 -0.47714059151611371 33.150000000000013 0.74298546529340237
decision_type=2 8 2 10 10 2 2 2 2 2 2 2 2 2 10 2 8 10 2 10 10 2 10 10 10 10 2 2 2 2
left_child=2 3 -1 -2 -3 9 12 -8 24 -6 11 28 -5 14 -14 -15 17 18 20 23 -11 -21 29 -20 -9 -10 -17 -7 -4 -23
right_child=1 4 10 6 5 27 7 8 25 16 -12 -13 13 15 -16 26 -18 -19 19 21 -22 22 -24 -25 -26 -27 -28 -29 -30 -31
leaf_value=-1.7301554786483697 -1.5605209959302044 -0.34863007343461844 -0.37413108295941611 -1.5433352303564973 1.1744881848505577 1.2696566395665103 0.54728511115265777 -0.0074150695896832985 0.11588219142188734 0.79285885983394622 -0.89993001693565922 -0.91444187523544651 -0.53144673236475315 0.27853054733672622 -1.0380745356736654 -0.61781943593733868 0.68694927440929199 -0.38558230503777169 0.1638806529308536 -0.13253294717825725 0.10312598028989853 0.76086819527896232 -0.15641930143792393 -0.40687191337644718 0.37827852739873236 -0.27031147287498725 0.047264072980754572 2.1690059804009545 0.28560231092588678 1.1473579574482777
leaf_weight=189 33 26 37 26 39 35 52 38 21 31 41 49 51 101 38 23 52 22 24 30 24 75 20 25 41 38 20 125 28 47
leaf_count=189 33 26 37 26 39 35 52 38 21 31 41 49 51 101 38 23 52 22 24 30 24 75 20 25 41 38 20 125 28 47
internal_value=-0.00121969 0.00496219 -0.0201739 -0.00248447 0.0111979 0.0122727 -0.001 0.00534031 0.00129496 0.009 -0.0125 -0.00834783 -0.00565385 -0.00397436 -0.0123333 0.00124138 0.00752137 0.0058194 0.00714801 0.00445946 0.0176786 0.00763006 0.0104895 -0.0066 0.008625 -0.0085 -0.00886364 0.0201242 0.000454545 0.0131707
internal_weight=1401 1057 344 482 575 549 449 190 138 389 155 114 259 233 89 144 350 298 276 221 55 172 142 49 79 59 43 160 65 122
internal_count=1401 1057 344 482 575 549 449 190 138 389 155 114 259 233 89 144 350 298 276 221 55 172 142 49 79 59 43 160 65 122
is_linear=0
shrinkage=0.03


Tree=40
num_leaves=31
num_cat=0
split_feature=9 0 9 23 5 20 10 5 12 23 14 17 2 26 20 15 23 6 0 20 26 0 25 12 18 26 13 20 1 15
split_gain=184.721 39.3287 30.9452 13.1769 11.0128 9.4146 11.9744 8.13118 8.7437 8.09711 7.169 6.72782 7.65879 6.72234 7.07456 6.55156 6.20563 7.74433 8.55743 5.59149 10.8057 6.21624 6.17373 5.53865 5.39123 5.24984 8.0113 5.91417 5.24498 7.22655
threshold=83.920000000000002 134.50000000000003 152.94500000000002 12.250000000000002 227.50000000000003 29.050000000000004 196.13500000000002 252.50000000000003 850.50000000000011 11.050000000000002 55.500000000000007 198.20000000000456 284.50000000000006 34.550000000000004 23.150000000000002 72.500000000000014 13.050000000000002 173.50000000000003 177.50000000000003 7.2500000000000009 23.750000000000004 397.50000000000006 15.250000000000002 89.500000000000014 15.15 33.750000000000007 102.50000000000001 26.250000000000004 371.50000000000006 212.50000000000003
decision_type=2 2 2 2 8 2 10 10 10 2 8 10 10 2 2 10 2 10 2 2 2 2 2 10 2 2 10 2 10 10
left_child=1 -1 4 15 13 6 16 -6 9 -9 11 -11 -13 -2 -15 -4 17 -3 -19 -5 -21 22 -22 -12 -20 -18 27 -27 29 -17
right_child=2 5 3 19 7 -7 -8 8 -10 10 23 12 -14 14 -16 28 25 18 24 20 21 -23 -24 -25 -26 26 -28 -29 -30 -31
leaf_value=-1.5754473801900899 -0.82363115438415491 -0.63651791494691312 0.24803626328143194 0.66808811725218165 0.92408974183040926 -1.0192350760053295 0.052348152256504646 0.74662551973814228 0.90679520172354833 -0.12425656215388926 -0.47679524980068039 -0.075137425877975089 0.57407919728835 0.35272732241780602 -0.34072287851868666 0.74037871446830217 -1.0060967897765412 0.29342169000155721 0.13532900961400202 -0.20532238610151607 0.7213085063225767 1.9019332037749013 -0.086987806776037929 -0.067089876128207201 -0.73367031576453556 0.17455265200546391 -0.58768875271233989 -0.56585519722940947 1.9476697946027128 0.46850303683734951
leaf_weight=200 57 26 20 30 49 29 90 55 28 42 26 37 44 21 36 32 86 20 23 50 22 39 27 44 20 24 28 23 102 44
leaf_count=200 57 26 20 30 49 29 90 55 28 42 26 37 44 21 36 32 86 20 23 50 22 39 27 44 20 24 28 23 102 44
internal_value=-0.00161455 -0.0146842 0.00763027 0.0140599 0.00225 -0.00883784 -0.00739003 0.00506135 0.00303249 0.00120482 -0.00170103 0.00266129 0.00768293 -0.00573913 0.00155172 0.0192965 -0.010757 -0.00433333 0.00140625 0.00781065 0.00517986 0.0114607 0.0042 -0.00929577 -0.00613636 -0.0142593 -0.00828947 -0.000625 0.0211173 0.0148052
internal_weight=1374 569 805 366 439 369 340 325 276 248 193 123 81 114 57 198 250 89 63 168 138 88 49 70 43 161 75 47 178 76
internal_count=1374 569 805 366 439 369 340 325 276 248 193 123 81 114 57 198 250 89 63 168 138 88 49 70 43 161 75 47 178 76
is_linear=0
shrinkage=0.03


Tree=41
num_leaves=31
num_cat=0
split_feature=9 7 0 19 22 17 0 19 9 26 9 4 7 25 16 18 0 1 19 4 8 5 8 9 18 7 12 14 24 24
split_gain=164.454 49.6109 25.1077 12.012 11.2571 9.93565 8.69782 7.61295 8.28901 7.50722 7.44254 8.86913 6.63225 7.97339 6.18105 5.99532 5.93923 6.78424 5.71173 6.1777 6.2434 5.70843 5.46089 5.40517 6.02572 6.71909 4.95863 7.64257 5.8935 4.82951
threshold=70.665000000000006 301.16666666666669 134.50000000000003 0.89490028524376763 1.0000000180025095e-35 131.57000000000235 218.50000000000003 -0.77159520228797429 62.230000000000011 29.150000000000002 75.375000000000014 289.50000000000006 371.83333333333343 11.950000000000001 8.5000000000000018 12.050000000000002 223.50000000000003 225.50000000000003 0.98624804680367306 218.50000000000003 280.50000000000006 131.50000000000003 274.9285714285715 110.77000000000002 10.950000000000001 327.66666666666669 278.00000000000006 46.500000000000007 0.90992662233962551 0.49240481012316878
decision_type=2 10 2 2 2 10 2 2 2 2 2 10 10 2 10 2 2 10 2 10 10 10 8 2 2 10 10 10 2 2
left_child=2 3 21 9 5 -3 14 -8 -9 22 -11 16 13 -7 -4 -16 -12 -18 19 -5 -21 -1 -2 -15 29 -26 27 28 -6 -25
right_child=1 4 6 18 26 12 7 8 -10 10 11 -13 -14 23 15 -17 17 -19 -20 20 -22 -23 -24 24 25 -27 -28 -29 -30 -31
leaf_value=-1.7421188008425457 -2.1548781816294267 -0.16225716290668457 0.063712463295839253 -0.012069257122291788 -0.03095981533169663 0.58416414085989199 -0.45827436582492054 -0.28910582902864718 0.66604416141328637 0.27145475902630239 -0.64241126745477917 0.36547123822704791 1.5212626245234173 0.69110906870396493 -0.48426158014909387 -0.67113349101306008 0.11103862933072435 -0.65509239179632373 -0.069219124719005404 0.59810684702776651 0.27391048608176705 -0.78657714226508746 -0.21833792345758438 0.41811715925380155 0.57172614178196846 -0.37479408324766322 0.89735286593581065 -0.34132890934708426 0.7279440230461387 1.432021834564625
leaf_weight=129 21 24 23 41 20 88 21 23 23 21 27 34 205 24 23 126 31 56 72 43 38 69 21 22 35 35 21 29 26 20
leaf_count=129 21 24 23 41 20 88 21 23 23 21 27 34 205 24 23 126 31 56 72 43 38 69 21 22 35 35 21 29 26 20
internal_value=-0.00101293 0.00596859 -0.0162329 -0.00199507 0.0118364 0.0138106 -0.009625 -0.000441176 0.00638298 -0.00693396 -0.00405882 -0.00644295 0.0148605 0.0112 -0.0131792 -0.0154 -0.0104348 -0.00647727 0.00338462 0.00731707 0.0120732 -0.0241206 -0.0181395 0.00656934 0.00371681 -0.00169014 0.00247423 -0.00118421 0.00638298 0.0125581
internal_weight=1391 954 437 405 549 453 239 67 46 211 169 148 429 224 172 149 114 87 194 122 81 198 42 136 112 70 96 75 46 42
internal_count=1391 954 437 405 549 453 239 67 46 211 169 148 429 224 172 149 114 87 194 122 81 198 42 136 112 70 96 75 46 42
is_linear=0
shrinkage=0.03


Tree=42
num_leaves=31
num_cat=0
split_feature=8 8 23 22 7 14 26 29 28 18 28 18 19 24 16 25 5 18 23 2 12 2 24 25 6 21 26 25 4 27
split_gain=160.099 48.1514 29.1723 21.2545 15.9604 12.0453 8.79892 8.78763 8.17266 7.32018 7.58317 8.57887 8.35814 7.31752 6.97213 8.92953 8.32279 6.90963 6.9028 6.77103 6.69708 6.53656 6.07546 5.50189 8.6493 5.45557 6.0909 5.05019 5.02829 4.81848
threshold=256.9285714285715 146.78571428571431 12.65 1.9500000000000002 375.00000000000006 1041.5000000000002 40.850000000000001 -0.87810534180523914 0.55656748448714433 12.450000000000001 0.62587949062545845 18.750000000000004 0.97233289553061597 0.81408451933196979 4241.5000000000009 18.850000000000005 261.50000000000006 14.350000000000003 16.050000000000004 297.50000000000006 29.500000000000004 298.50000000000006 0.86159635224327558 20.350000000000005 305.50000000000006 32.250000000000007 33.45000000000001 21.650000000000002 181.50000000000003 0.8500000000000002
decision_type=8 10 2 2 10 10 2 2 2 2 2 2 2 2 10 2 10 2 2 10 10 10 2 2 10 2 2 2 10 2
left_child=1 29 4 7 8 6 9 17 22 23 12 -12 19 -10 15 16 18 -3 20 -11 -9 -15 -2 24 -4 -17 -27 -13 -19 -1
right_child=2 3 5 -5 -6 -7 -8 14 13 10 11 27 -14 21 -16 25 -18 28 -20 -21 -22 -23 -24 -25 -26 26 -28 -29 -30 -31
leaf_value=-0.99453661895035794 0.52009123117845713 0.1432466136094129 -0.18331468477856047 -0.81507067177985315 1.8319067807152156 1.4224685825939396 0.68665012303519235 -0.83670382621709927 0.88797903485042518 -0.029019670471687391 -0.13246615032021225 0.72766419686588735 0.24224899238209074 0.19861512858810526 -0.62886430684731742 0.35846832549541202 0.16018841817416615 -0.30568302625781424 -1.2260419645645075 -0.57379452977415968 0.087720615361291721 -0.48225964766875845 0.99802008646307627 1.1518490480553141 0.45034604708511722 -0.28377864814108417 0.11091781743907546 0.051485408741514221 -1.152368086811683 -1.7498552368172693
leaf_weight=73 57 23 31 86 123 42 29 23 37 31 59 23 22 22 26 31 27 25 25 62 25 21 78 23 75 32 97 31 28 115
leaf_count=73 57 23 31 86 123 42 29 23 37 31 59 23 22 22 26 31 27 25 25 62 25 21 78 23 75 32 97 31 28 115
internal_value=-0.000940841 -0.0120565 0.00829205 -0.00668151 0.0148673 0.00307692 0.00139535 -0.00347107 0.00986111 8.37989e-05 -0.0031441 0.00236842 -0.00853448 0.00222222 -0.0010453 0.00045977 -0.00653465 -0.0124675 -0.0117568 -0.0124468 -0.00489796 -0.00613636 0.0143382 0.00576923 0.00280374 0.00484472 0.00207692 0.0109091 -0.0183333 -0.0247619
internal_weight=1402 636 766 448 338 428 386 362 215 357 228 113 115 80 286 260 100 76 73 93 48 43 135 129 106 160 129 54 53 188
internal_count=1402 636 766 448 338 428 386 362 215 357 228 113 115 80 286 260 100 76 73 93 48 43 135 129 106 160 129 54 53 188
is_linear=0
shrinkage=0.03


Tree=43
num_leaves=31
num_cat=0
split_feature=8 8 9 22 20 23 26 27 20 0 26 0 8 21 8 0 11 24 20 11 6 26 23 23 1 19 16 6 8 8
split_gain=161.472 40.3565 31.2407 15.9418 15.8823 15.7096 13.2169 10.3339 10.0349 12.1508 10.1515 8.53321 8.22854 7.83918 12.8529 8.82216 11.7667 7.71641 7.99842 7.66182 6.73644 6.0594 5.51658 5.78341 5.43492 5.31418 5.25896 4.84027 6.40909 4.16765
threshold=255.71428571428575 146.78571428571431 143.01000000000002 1.9500000000000002 28.250000000000004 12.550000000000002 31.150000000000002 7.3500000000000005 27.250000000000004 358.50000000000006 38.850000000000001 404.50000000000006 244.50000000000003 34.750000000000007 288.07142857142861 307.50000000000006 43.500000000000007 0.91702515554752073 21.650000000000002 30.500000000000004 220.50000000000003 22.950000000000003 15.550000000000002 12.950000000000001 301.50000000000006 0.86159635224327558 8.5000000000000018 317.50000000000006 366.35714285714295 372.9285714285715
decision_type=8 10 2 2 2 2 2 2 2 2 2 2 10 2 10 2 2 2 2 2 10 2 2 2 10 2 10 10 10 10
left_child=1 26 8 4 6 29 19 -5 9 10 13 27 17 14 25 16 -16 18 -8 -3 -19 -13 23 -20 -12 -2 -1 -7 -29 -4
right_child=2 3 5 7 -6 11 12 -9 -10 -11 24 21 -14 -15 15 -17 -18 20 22 -21 -22 -23 -24 -25 -26 -27 -28 28 -30 -31
leaf_value=-0.59017976888060941 0.24050188174908441 -1.408558868013662 0.66276403673983275 -0.82709882361696996 -0.87362382970175201 -0.059148870835332441 0.57844885090122289 0.014022380041981818 -0.66241106220387735 1.4163833135808102 0.87632095725067727 0.62019483589705715 -0.23055595396636788 -0.24216706273073441 -0.13406899643214018 -0.46203757254568245 0.71524921083356674 -0.28502285513648246 0.087055589582037671 -0.057765312828319822 0.13818383858566718 1.9243427807439422 0.69133659334336273 -0.43765173313962408 0.085611966944009341 0.61354668359421616 -1.6577300891967033 0.70572546172609518 -0.12181663794543851 2.0012020462587037
leaf_weight=20 21 51 117 69 32 44 31 22 38 37 24 28 40 63 50 34 37 33 41 30 22 47 42 20 20 26 163 38 31 120
leaf_count=20 21 51 117 69 32 44 31 22 38 37 24 28 40 63 50 34 37 33 41 30 22 47 42 20 20 26 163 38 31 120
internal_value=-0.000409483 -0.0118639 0.00869845 -0.00684332 -0.0038484 0.0141549 -0.00173633 -0.0179348 0.00205128 0.00383387 0.00163043 0.00761905 0.00195652 -0.000905172 0.00248521 -0.00270492 0.00238636 0.00457895 0.00844444 -0.0120732 -0.00482143 0.0153947 0.00432692 -0.00145161 0.0146667 0.015625 -0.0236413 0.00236842 0.00728571 0.0192857
internal_weight=1391 616 775 433 342 425 310 91 350 312 275 188 229 231 168 121 87 189 134 81 55 75 103 61 44 47 183 113 69 237
internal_count=1391 616 775 433 342 425 310 91 350 312 275 188 229 231 168 121 87 189 134 81 55 75 103 61 44 47 183 113 69 237
is_linear=0
shrinkage=0.03


Tree=44
num_leaves=31
num_cat=0
split_feature=8 8 0 23 21 22 26 13 6 9 26 21 19 18 27 2 21 24 26 13 25 3 2 1 21 10 14 1 0 26
split_gain=152.13 35.5749 34.1631 12.3895 15.0105 11.9399 10.111 9.94504 8.93765 7.54949 7.54453 9.99809 7.49054 7.36131 6.95892 6.86833 6.77761 13.1925 8.02293 8.9577 7.62862 6.48224 7.85135 6.3302 6.2369 5.35529 5.12262 4.49299 5.35873 4.34067
threshold=241.85714285714289 146.78571428571431 367.50000000000006 12.65 29.350000000000005 1.9500000000000002 40.850000000000001 19.500000000000004 291.50000000000006 123.57500000000002 31.150000000000002 31.650000000000002 0.58068084432175959 10.350000000000003 7.3500000000000005 360.50000000000006 34.850000000000001 -0.80382625221112003 38.45000000000001 73.500000000000014 26.150000000000002 192.50000000000003 248.50000000000003 279.50000000000006 30.150000000000002 348.94500000000005 49.500000000000007 204.50000000000003 183.50000000000003 33.350000000000001
decision_type=8 10 2 2 2 2 2 10 10 2 2 2 2 2 2 10 2 2 2 10 2 10 10 10 2 10 10 10 2 2
left_child=1 29 3 4 9 8 16 -4 10 -2 24 -12 25 -6 -7 -14 17 -5 19 -18 -20 27 -23 -19 -3 -9 -15 28 -13 -1
right_child=2 5 7 6 13 14 -8 12 -10 -11 11 21 15 26 -16 -17 18 23 20 -21 -22 22 -24 -25 -26 -27 -28 -29 -30 -31
leaf_value=-1.673194928077375 0.01673957231242312 -0.43395258646870671 0.026970240067375924 0.3925361647978195 -0.19255398880757724 -0.79033268939204915 0.5480134263523887 -0.38162980188417744 -1.366302101973252 0.84145674270271742 0.74778128413735412 -0.22540049002298373 0.64288111563763828 -0.7722127892752485 -0.22550876169804437 1.8327925282033368 -0.18755633522819778 0.14894910260033981 0.26293311791302643 -0.91545018202282213 -0.55681162006715412 0.1685766521101911 -0.2221957097986666 -0.13589170571616108 -1.5098947930394846 1.4007846212640636 0.55998520981470046 -0.87001454981711179 0.14406155664989995 -1.2026507291758268
leaf_weight=132 30 39 39 29 20 58 32 21 21 87 22 24 63 20 23 127 49 40 23 33 22 66 26 110 20 49 39 34 20 60
leaf_count=132 30 39 39 29 20 58 32 21 21 87 22 24 63 20 23 127 49 40 23 33 22 66 26 110 20 49 39 34 20 60
internal_value=-0.00126178 -0.0135714 0.00679856 0.00224299 0.00822335 -0.00788136 -0.00123894 0.0149 -0.00483516 0.015 -0.00321429 -0.000310881 0.0170115 -0.001875 -0.0179268 0.0201047 -0.0029316 0.000833333 -0.00820313 -0.0137349 0.00195652 -0.00280702 0.00258065 -0.00278146 -0.0125 0.0084507 0.0035 -0.00911392 -0.00266667 -0.0239378
internal_weight=1378 545 833 534 196 353 338 299 272 117 251 192 260 79 81 190 306 179 127 82 45 170 92 150 59 70 59 78 44 192
internal_count=1378 545 833 534 196 353 338 299 272 117 251 192 260 79 81 190 306 179 127 82 45 170 92 150 59 70 59 78 44 192
is_linear=0
shrinkage=0.03


Tree=45
num_leaves=31
num_cat=0
split_feature=8 7 9 20 26 23 26 25 8 20 16 29 24 2 8 11 8 6 9 1 2 3 16 25 27 23 11 20 26 2
split_gain=139.555 35.1744 30.7812 11.5358 16.0705 10.5827 11.3983 14.5527 9.59646 9.06434 8.95935 8.88678 15.1946 8.5625 7.64152 10.5716 10.3827 9.79206 7.28047 6.98211 9.31897 6.56027 6.34168 6.33775 5.98562 5.71192 5.35529 5.10554 9.02126 4.77876
threshold=240.35714285714286 118.83333333333336 152.94500000000002 28.750000000000004 31.650000000000002 11.050000000000002 38.850000000000001 26.850000000000005 349.9285714285715 15.050000000000002 164.50000000000003 -0.97507822412530132 0.82409480842201688 275.50000000000006 296.35714285714295 660.50000000000011 359.07142857142861 263.50000000000006 107.36500000000002 298.50000000000006 334.50000000000006 204.50000000000003 268.00000000000006 22.350000000000005 2.6500000000000008 14.550000000000002 19.500000000000004 7.6500000000000012 21.550000000000004 310.50000000000006
decision_type=8 10 2 2 2 2 2 2 8 2 10 2 2 10 8 2 10 10 2 10 10 10 10 2 2 2 2 2 2 8
left_child=1 -1 5 4 9 23 14 -8 19 -3 -10 -6 24 -9 17 16 18 22 -16 -4 29 -14 -7 -2 -13 -19 -20 -12 -29 -21
right_child=2 3 8 -5 11 6 7 13 10 -11 27 12 21 -15 15 -17 -18 25 26 20 -22 -23 -24 -25 -26 -27 -28 28 -30 -31
leaf_value=-1.61248760319467 0.68522893312701283 -0.20886511120903009 0.619504280081004 -1.1087155022561284 -0.55377500509763056 0.12888150528146211 0.78312653701114265 0.48057510721201369 -0.060366291441440581 -1.196255833225178 1.3104993812220231 0.24691708214539515 -0.54968844343186507 -0.43413625885032731 -0.45767339037746835 0.8212586060890612 -0.33717568001694076 -0.082957598024407844 -0.018648869434284166 0.078404720526103228 0.53078643965221206 -0.0086421714083274991 -0.15239900987433741 -0.18891799181917945 -0.040846616325371767 -0.64999127933544354 0.62092035147067293 0.059628357892987364 1.3728712534705965 -0.19723019651413665
leaf_weight=147 67 45 31 27 46 36 46 20 20 80 40 96 41 27 38 21 35 20 21 27 38 39 38 24 25 48 49 28 167 21
leaf_count=147 67 45 31 27 46 36 46 20 20 80 40 96 41 27 38 21 35 20 21 27 38 39 38 24 25 48 49 28 167 21
internal_value=-0.000979418 -0.0128336 0.00653534 -0.008175 -0.00675603 0.00158859 -0.000525 0.00861702 0.0130295 -0.0154762 0.0162891 -0.00229839 0.000445545 -0.003125 -0.00332248 0.00109091 -0.001875 -0.00839161 0.00275229 0.00584746 0.00137931 -0.00962963 -0.0008 0.0107609 0.00713115 -0.0165217 0.0084507 0.0179237 0.0157653 -0.00734694
internal_weight=1408 546 862 399 372 490 399 93 372 125 255 247 201 47 306 164 143 142 108 117 86 80 74 91 121 68 70 235 195 48
internal_count=1408 546 862 399 372 490 399 93 372 125 255 247 201 47 306 164 143 142 108 117 86 80 74 91 121 68 70 235 195 48
is_linear=0
shrinkage=0.03


Tree=46
num_leaves=31
num_cat=0
split_feature=9 0 9 22 24 20 25 6 5 10 9 5 1 19 1 7 18 14 9 0 20 1 12 14 1 6 18 9 18 1
split_gain=125.23 38.1102 31.311 14.2801 13.2113 10.6706 10.7884 10.8759 9.88234 8.81568 8.08936 7.90581 8.47054 9.64619 8.29222 7.79555 9.69825 7.45581 7.25132 8.0952 6.31199 6.15565 6.07184 5.88571 5.63104 5.49523 5.46821 5.27391 4.83011 4.78054
threshold=84.445000000000007 114.50000000000001 161.25000000000003 0.65000000000000002 -0.91702515554752051 29.050000000000004 27.150000000000002 173.50000000000003 227.50000000000003 394.35500000000008 53.960000000000008 257.50000000000006 352.50000000000006 0.84335933205092506 240.50000000000003 181.16666666666671 14.950000000000001 27.500000000000004 127.88000000000001 312.50000000000006 25.050000000000004 234.50000000000003 12.500000000000002 67.500000000000014 181.50000000000003 327.50000000000006 12.050000000000002 55.585000000000001 18.050000000000004 234.50000000000003
decision_type=2 2 2 2 2 2 2 10 10 10 2 10 10 2 10 10 2 10 2 2 2 10 10 10 10 10 2 2 2 10
left_child=1 20 3 8 21 6 7 24 17 28 22 -10 13 -13 -15 -12 -17 -2 -16 -20 -1 -3 -9 -19 27 -5 -11 -6 -4 -18
right_child=2 4 9 25 5 -7 -8 10 11 26 15 12 -14 14 18 16 29 23 19 -21 -22 -23 -24 -25 -26 -27 -28 -29 -30 -31
leaf_value=-0.68517149921049858 0.11928013050515546 -1.0487761223264964 0.48308335100551375 -1.5125084201650287 -0.46309276886923723 -1.1884676195039809 0.27853158617893908 -0.030439799352026141 0.58395309110722393 1.8924616311542621 0.33950955494666885 -0.21865042972710683 0.84871607780630476 0.42364217701997969 -0.22269316956706434 0.16459482403724565 -0.83537998394119484 -1.0545423828437235 0.98955034284527121 -0.074136411771063421 -1.701228700967705 -0.082408006446692064 -0.74913171183710758 -0.0064929979634388247 -0.21668449063339523 -0.00025794099645963796 1.3007070711078794 -1.0840467840539434 -0.048013189317389335 -0.097271035029081354
leaf_weight=38 39 46 174 33 32 24 43 26 51 103 27 61 70 32 48 55 24 32 23 21 109 23 22 27 34 23 34 37 21 49
leaf_count=38 39 46 174 33 32 24 43 26 51 103 27 61 70 32 48 55 24 32 23 21 109 23 22 27 34 23 34 37 21 49
internal_value=-0.00128075 -0.0117458 0.00650694 0.00143167 -0.00731377 -0.00505348 -0.00368571 -0.00566775 0.00340741 0.0135135 -0.00161765 0.00605863 0.00386719 0.000483871 0.00528 0.00173077 -0.00139535 -0.00484848 0.000645161 0.00933333 -0.0249324 -0.0192857 -0.0122449 -0.0115 -0.0135577 -0.0126316 0.0193478 -0.0184286 0.00933673 -0.00851351
internal_weight=1381 589 792 460 442 373 349 306 404 332 203 306 255 185 124 155 128 98 92 44 147 69 48 59 103 56 137 69 195 73
internal_count=1381 589 792 460 442 373 349 306 404 332 203 306 255 185 124 155 128 98 92 44 147 69 48 59 103 56 137 69 195 73
is_linear=0
shrinkage=0.03


Tree=47
num_leaves=31
num_cat=0
split_feature=8 8 0 29 26 23 26 21 15 16 24 23 20 21 20 5 14 28 4 5 6 5 4 24 12 20 26 26 1 19
split_gain=143.499 35.07 29.7724 16.273 13.0676 12.4762 10.8389 12.3708 11.4515 9.98376 9.31168 9.29787 9.16922 9.075 7.73262 7.60056 7.51835 6.72548 16.444 6.76546 6.49704 6.20648 6.39386 6.09226 5.87368 8.3102 13.2507 6.88949 5.53173 6.76269
threshold=241.85714285714289 146.78571428571431 390.50000000000006 -0.59867820553660911 30.650000000000002 12.65 38.95000000000001 34.750000000000007 160.50000000000003 7.5000000000000009 0.87032255546191728 18.150000000000002 14.250000000000002 37.050000000000004 25.550000000000004 254.50000000000003 16.500000000000004 0.3744682635859638 266.50000000000006 340.50000000000006 295.50000000000006 254.50000000000003 231.50000000000003 0.9482875459472353 470.50000000000006 9.3500000000000032 22.950000000000003 25.650000000000002 342.50000000000006 0.97233289553061597
decision_type=8 10 2 2 2 2 2 2 10 10 2 2 2 2 2 10 10 2 10 10 10 10 10 2 10 2 2 2 10 2
left_child=1 9 5 21 12 17 7 15 13 -1 -6 24 -5 -9 -8 -7 -12 23 -19 -20 -16 22 -3 -2 25 -4 -27 -28 29 -17
right_child=2 3 11 4 10 6 14 8 -10 -11 16 -13 -14 -15 20 28 -18 18 19 -21 -22 -23 -24 -25 -26 26 27 -29 -30 -31
leaf_value=-0.18919322651427009 0.48797113206443327 -0.67993509862395363 2.1555243483486017 -0.12118771221089503 0.18469820300902029 0.70655732161062978 1.0212037558323748 -0.25720498415185661 -0.64415357494375425 -1.4982611980960161 0.13675624192051997 0.041457331147455534 -1.6434054127931534 0.41514671499698491 -0.063547221960081973 -0.022737040534416338 -0.33961623593884127 0.93028762243896834 0.19680182318716333 -0.304616615484814 0.51701099286931052 -0.97877102555205475 0.098834559370333461 1.0825072698788525 2.3086296733461307 -0.52925238185659995 1.2478195266200283 0.76135921157485598 -0.14942061301646503 0.28961138008368464
leaf_weight=20 97 126 48 37 71 31 25 29 54 164 22 32 23 23 22 69 26 21 44 31 21 26 28 48 71 24 23 22 65 36
leaf_count=20 97 126 48 37 71 31 25 29 54 164 22 32 23 23 22 69 26 21 44 31 21 26 28 48 71 24 23 22 65 36
internal_value=-0.000413043 -0.0124081 0.00738351 -0.00691667 -0.0005 0.00398703 0.000558511 -0.00185065 -0.0100935 -0.023027 0.00525 0.0168326 -0.0118033 0 0.0113043 0.00252475 -0.00489796 0.00929752 0.00309278 -0.00355263 0.00340909 -0.0132597 -0.0108387 0.0133562 0.0193651 0.015 0.00814286 0.0176087 0 0.00424528
internal_weight=1379 543 836 359 179 616 375 307 106 184 119 220 60 52 68 201 48 241 96 75 43 180 154 145 188 117 69 45 170 105
internal_count=1379 543 836 359 179 616 375 307 106 184 119 220 60 52 68 201 48 241 96 75 43 180 154 145 188 117 69 45 170 105
is_linear=0
shrinkage=0.03


Tree=48
num_leaves=31
num_cat=0
split_feature=8 0 9 19 12 22 6 9 20 23 26 10 21 0 23 26 20 21 26 24 20 17 7 19 19 26 20 17 26 20
split_gain=137.526 37.8521 27.8986 17.4058 10.9869 10.7127 12.019 10.4161 10.0594 9.39176 9.38177 8.75665 8.66249 7.84906 6.96386 7.91505 6.82173 6.6882 7.72228 8.2823 6.58084 6.53656 6.47321 6.13865 6.12949 5.73763 6.80243 10.3583 5.6346 5.39578
threshold=255.71428571428575 114.50000000000001 143.01000000000002 0.1478037830001481 9.5000000000000018 2.0500000000000003 163.50000000000003 68.675000000000011 27.250000000000004 12.15 38.750000000000007 123.99500000000002 34.150000000000013 370.50000000000006 10.550000000000002 36.95000000000001 25.350000000000005 34.750000000000007 29.150000000000002 -0.53727914962411594 25.050000000000004 2805.2900000000004 179.66666666666671 0.86159635224327558 0.74892720285008318 37.350000000000001 18.050000000000004 8499.9200000000019 33.750000000000007 9.1500000000000004
decision_type=8 2 2 2 10 2 10 2 2 2 2 10 2 2 2 2 2 2 2 2 2 10 10 2 2 2 2 10 2 2
left_child=1 20 8 5 22 6 -3 12 10 -4 13 -8 -6 17 -9 -16 28 18 19 -2 -1 -17 -5 -20 -19 26 27 -11 -13 -21
right_child=2 3 9 4 7 -7 11 14 -10 25 -12 16 -14 -15 15 21 -18 24 23 29 -22 -23 -24 -25 -26 -27 -28 -29 -30 -31
leaf_value=-0.64555597978417667 0.64625606630085486 -0.83079018923427039 0.87376111845313453 0.33443648207476084 -0.18536584711877652 -0.83412445965768467 0.18963788222750763 0.64577252603407376 -0.61068269515490947 0.25473061045928203 0.68573272881441705 -1.1100562256449535 -1.0140033403190394 1.3396562364647173 -0.28992256462728389 0.40456912372029136 -0.95545280014888612 0.0022017302369027902 0.1677256687637555 0.30309304031714646 -1.5730725041267779 -0.011931701041066275 -0.01565949026560105 0.62262945379868651 -0.27916535228449135 1.6235223130265131 -0.34803927356012992 1.633221610464282 0.14011523653745342 -0.22725134464831342
leaf_weight=37 23 29 217 31 25 74 22 20 37 132 54 21 31 21 88 21 23 29 30 29 109 22 35 25 35 20 27 28 23 73
leaf_count=37 23 29 217 31 25 74 22 20 37 132 54 21 31 21 88 21 23 29 30 29 109 22 35 25 35 20 27 28 23 73
internal_value=-0.000969828 -0.0116176 0.00737516 -0.00740343 -0.00251825 -0.0143005 -0.00857143 -0.00591346 0.00117647 0.0125647 0.00290625 -0.003 -0.0168421 0.00056391 -0.00177632 -0.00431818 -0.00838235 -0.000979592 0.00198895 -0.00214286 -0.024898 0.00613636 0.0080597 0.01125 -0.00923077 0.00793269 0.0062234 0.00857143 -0.00133333 -0.00582524
internal_weight=1391 611 780 465 273 192 118 207 356 424 319 89 56 265 151 131 67 244 180 125 146 43 66 55 64 207 187 160 44 102
internal_count=1391 611 780 465 273 192 118 207 356 424 319 89 56 265 151 131 67 244 180 125 146 43 66 55 64 207 187 160 44 102
is_linear=0
shrinkage=0.03


Tree=49
num_leaves=31
num_cat=0
split_feature=9 0 0 24 23 0 5 5 19 27 1 25 15 26 23 18 5 4 28 10 14 23 6 7 15 23 23 9 4 4
split_gain=124.488 39.0733 28.4406 14.7717 13.3213 12.41 12.2762 11.9631 11.5179 11.2986 9.75654 9.21665 10.4352 6.56173 7.79221 6.5223 5.83733 5.28982 7.5706 6.0925 7.04745 6.14126 5.02569 7.0141 11.3011 4.88537 4.61934 3.64864 5.43064 9.42048
threshold=84.445000000000007 118.50000000000001 382.50000000000006 -0.29237170472273682 10.250000000000002 277.50000000000006 230.50000000000003 259.50000000000006 0.98897820466835418 0.45000000000000007 227.50000000000003 26.450000000000003 96.500000000000014 34.45000000000001 18.750000000000004 14.65 271.50000000000006 398.50000000000006 0.65883702558178847 221.12000000000003 33.500000000000007 15.950000000000001 123.50000000000001 179.66666666666671 84.500000000000014 14.250000000000002 13.050000000000002 127.88000000000001 319.50000000000006 340.50000000000006
decision_type=2 2 2 2 2 2 8 10 2 2 10 2 10 2 2 2 10 10 2 10 10 2 10 10 10 2 2 2 10 10
left_child=1 -1 4 10 -2 8 13 -8 11 -4 26 22 -13 -6 -15 -12 -9 18 27 -20 -21 -22 -5 -24 -25 -19 -3 -18 -29 -30
right_child=2 3 9 5 6 -7 7 16 -10 -11 15 12 -14 14 -16 -17 17 25 19 20 21 -23 23 24 -26 -27 -28 28 29 -31
leaf_value=-1.4438927357511691 0.51305725171332028 -0.68422836537013221 1.3891130898482567 -0.63847430767721247 -0.96433917283815929 0.52876954394309572 0.85817876112314073 -0.20225476985970658 -0.75722550196512695 -0.24591211695331905 0.23029382518195801 0.47001643424026596 -0.053831843502915144 0.11349346898935095 -0.13694131137340135 -0.39914828020836562 0.0087740827445568926 0.76145359832820581 0.19070890041281985 -0.71104734363544619 -0.54973858011982046 0.53466502023006002 0.23205377794776452 -0.69636488444637701 0.10081584678068935 -0.25585032446774447 -0.99249205031199983 0.51986400320477433 -0.059427561393251831 0.74679647959963058
leaf_weight=155 114 40 219 22 56 28 49 29 30 20 23 26 24 32 20 36 41 25 39 24 20 25 38 51 40 25 68 30 22 37
leaf_count=155 114 40 219 22 56 28 49 29 30 20 23 26 24 32 20 36 41 25 39 24 20 25 38 51 40 25 68 30 22 37
internal_value=-0.000553584 -0.0111856 0.00692029 -0.0064637 0.00336163 -0.00196154 0.00113684 0.00376022 -0.00426724 0.015625 -0.0133929 -0.00163366 0.00941176 -0.00770642 0 -0.0035 0.00160377 0.00290657 0.00476987 -0.00110092 -0.00642857 0.000652174 -0.00532895 -0.003 -0.0075 -0.00588235 -0.0187156 0.00961832 0.013 0.0075
internal_weight=1408 581 827 426 588 259 474 366 231 239 167 201 50 108 52 59 317 288 238 108 69 45 151 129 91 50 108 130 89 59
internal_count=1408 581 827 426 588 259 474 366 231 239 167 201 50 108 52 59 317 288 238 108 69 45 151 129 91 50 108 130 89 59
is_linear=0
shrinkage=0.03


Tree=50
num_leaves=31
num_cat=0
split_feature=8 7 19 23 26 29 22 20 28 14 20 24 17 8 5 23 19 29 28 5 10 24 17 9 19 17 23 9 20 7
split_gain=120.785 39.6289 24.5622 23.3386 13.8491 12.9423 11.7401 14.0846 11.7367 9.63237 11.8398 9.48658 9.19494 8.24044 8.07226 11.7132 11.0066 9.16044 7.93432 7.70007 7.43085 7.04438 5.75208 6.64262 5.47323 6.28109 6.25445 5.53963 11.0249 5.26797
threshold=266.57142857142861 118.83333333333336 0.49240481012316878 12.65 40.850000000000001 -0.70289845916694649 2.0500000000000003 26.950000000000003 0.55656748448714433 301.50000000000006 7.2500000000000009 0.8869770585236475 13.385000000001737 303.50000000000006 177.50000000000003 12.15 0.98897820466835418 -0.056951011027366626 -0.94705910369513524 259.50000000000006 220.01000000000002 0.77159520228797451 1634.8100000000002 79.835000000000022 0.97625883275952063 387.81000000000228 14.050000000000002 107.36500000000002 9.7500000000000018 307.50000000000006
decision_type=8 10 2 2 2 2 2 2 2 8 2 2 10 10 10 2 2 2 2 10 10 2 10 2 2 10 2 2 2 10
left_child=1 18 6 8 5 -5 7 19 29 10 -7 -11 -4 -10 17 -16 20 -14 -1 22 -17 -15 23 -3 26 -26 -12 -28 -29 -2
right_child=3 2 12 4 -6 9 -8 -9 13 11 24 -13 14 21 15 16 -18 -19 -20 -21 -22 -23 -24 -25 25 -27 27 28 -30 -31
leaf_value=-0.24271656609916858 0.30143865929887853 0.17684659168871716 0.59809190746550933 -0.59571516344937836 0.72306392384426998 0.86807420213741293 -0.78401901207529479 -1.1687193932423385 0.66734891829864629 -0.0012569005062158566 -0.4179631785564436 1.9111745893991423 0.015437048789183904 0.55973587768454847 0.46381689550688265 -0.12666270206328761 -0.69978906318340373 -0.71514722729261504 -1.4726754223289436 -0.69220794039131417 0.30595741618992661 -0.29438184369320425 0.27265325456514955 -0.50379187681698301 -0.032733909555987567 0.62003739558242721 -0.39071611005705903 -0.40268466444018652 0.42187120755789265 1.2268832801130374
leaf_weight=20 35 32 25 45 38 28 95 41 30 25 20 41 47 22 38 48 30 43 124 26 44 25 22 28 25 37 47 20 70 222
leaf_count=20 35 32 25 45 38 28 95 41 30 25 20 41 47 22 38 48 30 43 124 26 44 25 22 28 25 37 47 20 70 222
internal_value=-0.000451937 -0.00971386 -0.00582692 0.0079617 0.00302267 0.00116992 -0.0127347 -0.0074 0.013791 0.00334395 0.000604839 0.0134328 0.000326087 0.00346154 -0.00143426 0.0026087 -0.00195122 -0.00857143 -0.0235862 -0.00165138 0.00322581 -0.004375 0.00289157 -0.00196721 -0.00177273 0.00571429 -0.00474684 -0.0023913 0.00197802 0.0168605
internal_weight=1393 663 519 730 396 358 244 149 334 313 247 66 275 77 250 160 122 90 144 108 92 47 82 60 219 62 157 137 90 257
internal_count=1393 663 519 730 396 358 244 149 334 313 247 66 275 77 250 160 122 90 144 108 92 47 82 60 219 62 157 137 90 257
is_linear=0
shrinkage=0.03


Tree=51
num_leaves=31
num_cat=0
split_feature=8 10 18 17 27 20 14 8 20 0 2 12 11 25 19 4 11 26 25 5 13 26 20 26 2 13 13 18 2 18
split_gain=116.006 34.6309 29.7879 15.4767 12.8657 12.3143 12.2286 9.74791 9.70279 9.03782 8.96651 8.84741 8.81703 8.84884 8.52451 7.10375 7.31087 7.01202 14.296 6.25447 7.65844 6.06943 12.371 8.15833 9.14254 5.55298 5.38401 6.81351 5.35275 5.20597
threshold=241.85714285714289 97.460000000000022 16.250000000000004 173.0700000000009 0.65000000000000002 11.950000000000001 2.5000000000000004 173.07142857142858 28.050000000000004 367.50000000000006 199.50000000000003 1275.5000000000002 15.500000000000002 21.250000000000004 0.64942331933852337 228.50000000000003 50.500000000000007 39.250000000000007 26.850000000000005 275.50000000000006 73.500000000000014 27.250000000000004 7.6500000000000012 21.950000000000003 429.00000000000006 145.00000000000003 30.500000000000004 9.7500000000000018 185.50000000000003 20.450000000000003
decision_type=8 10 2 10 2 2 10 10 2 2 10 10 2 2 2 10 2 2 2 10 10 2 2 2 10 10 10 2 10 2
left_child=1 10 3 -2 6 -4 -3 -6 12 19 -1 17 13 -8 -9 16 28 25 -19 20 -5 22 -11 -24 -25 29 -21 -28 -14 -7
right_child=2 4 5 9 7 11 8 14 -10 21 -12 -13 15 -15 -16 -17 -18 18 -20 26 -22 -23 23 24 -26 -27 27 -29 -30 -31
leaf_value=-1.351792204822664 -0.029182208669880652 0.29559922207940587 0.49212085873621675 0.21502544964886738 -1.1613682022682887 -0.41867035332283675 -1.0149521859220578 -0.73677299946754227 -0.77515519114780063 1.5856961325706702 -0.41272699538525587 1.9618790667690802 0.10773757400214549 -0.21385802684343047 0.27482433364577857 0.26171723434729144 -0.50812030161875665 0.70338696298790004 -0.53642423797703886 0.043073733569566452 -0.14594193459466168 1.7520849951283586 -0.56883625143221195 0.92930038726752173 -0.11190812763696953 -0.6077561554707871 0.22485186742447097 0.57467016835703932 -0.30697345091072803 0.050024696044205397
leaf_weight=145 74 32 43 36 53 74 24 41 22 45 21 20 29 33 26 42 52 27 25 37 31 92 25 55 20 36 31 123 33 52
leaf_count=145 74 32 43 36 53 74 24 41 22 45 21 20 29 33 26 42 52 27 25 37 31 92 25 55 20 36 31 123 33 52
internal_value=-0.000535714 -0.0112094 0.00644628 0.0103684 -0.00626289 -0.00161871 -0.00257463 -0.0143802 -0.00495763 0.0122782 -0.0226347 -0.00434043 -0.00294393 -0.012931 -0.00661765 0.000764331 -0.00313043 -0.00613953 0.00339623 0.00833977 0.000441176 0.0165126 0.0125342 0.00653465 0.0114474 -0.00920245 0.0110937 0.0135484 0.00380952 -0.00614173
internal_weight=1399 553 846 569 387 277 267 120 235 495 166 234 213 57 67 156 114 214 52 258 67 237 145 100 75 162 191 154 62 126
internal_count=1399 553 846 569 387 277 267 120 235 495 166 234 213 57 67 156 114 214 52 258 67 237 145 100 75 162 191 154 62 126
is_linear=0
shrinkage=0.03


Tree=52
num_leaves=31
num_cat=0
split_feature=9 0 9 24 26 22 11 24 13 0 21 26 21 26 19 3 3 10 23 11 11 15 19 6 17 21 8 12 21 29
split_gain=112.208 32.0381 27.148 17.9609 14.8588 15.7376 13.6872 9.92717 14.838 9.51128 8.88381 12.0505 8.19115 9.27409 8.00448 7.91576 7.92262 7.43991 7.50325 6.60148 8.45871 8.47182 11.6043 8.0136 7.94122 6.40877 8.9096 6.34867 6.04547 5.91224
threshold=84.445000000000007 110.50000000000001 161.25000000000003 -0.90255091666790832 37.550000000000004 1.0000000180025095e-35 14.500000000000002 0.84335933205092506 127.00000000000001 254.50000000000003 19.650000000000002 19.650000000000002 38.650000000000013 40.250000000000007 0.83385407025023295 232.50000000000003 296.50000000000006 399.25500000000005 12.65 53.500000000000007 15.500000000000002 32.500000000000007 0.052327985223313264 173.50000000000003 15.365000000001766 29.650000000000002 303.50000000000006 44.500000000000007 33.350000000000001 -0.48313741114591585
decision_type=2 2 2 2 2 2 2 2 10 2 2 2 2 2 2 10 10 10 2 2 2 10 2 10 10 2 8 10 2 2
left_child=1 -1 4 29 5 6 -2 -8 14 19 -4 -12 -6 -14 -9 -7 -17 18 27 20 21 22 23 -5 -24 26 -16 -13 -22 -3
right_child=2 3 10 9 12 15 7 8 -10 -11 11 17 13 -15 25 16 -18 -19 -20 -21 28 -23 24 -25 -26 -27 -28 -29 -30 -31
leaf_value=-1.3516758638623403 -0.24682690092961593 -0.88163813222843668 0.83587719471617439 -0.89619623338034637 0.78398989690843612 -1.6201305537279973 0.40455967596215242 -1.3243088358598989 1.0722512062148504 0.087336936876593815 -0.62684845493684749 1.0374848556295406 -0.26334875926486262 0.56771664831071456 0.62696182086038421 0.42484842368086828 -0.13851792958379461 1.5723776025814462 0.058731898543331336 -0.39983000122319534 0.096588594482767853 -0.86705919508611684 0.43994414259244791 -0.22565119057366614 -0.079586602351444491 -0.31881772578842571 -0.0401814826631616 0.45168144918219155 -0.20714085178517394 -0.30887284555765515
leaf_weight=133 39 52 48 33 36 25 100 20 38 57 22 20 26 47 24 20 39 106 75 85 43 38 24 31 24 22 38 74 34 21
leaf_count=133 39 52 48 33 36 25 100 20 38 57 22 20 26 47 24 20 39 106 75 85 43 38 24 31 24 22 38 74 34 21
internal_value=-0.000946237 -0.0110937 0.00618293 -0.00717833 0.00151579 -0.00139344 0.00202128 0.00469136 -0.00041958 -0.00445946 0.0125723 0.0105705 0.0111818 0.00527027 -0.00628571 -0.0127059 -0.0065 0.0122826 0.00829412 -0.00651757 -0.00381579 -0.00794702 -0.00371681 -0.012 0.00734694 -0.00211765 0.00285714 0.0138947 0.00423077 -0.0206757
internal_weight=1394 575 819 442 474 365 281 242 142 369 345 297 109 73 104 84 59 275 169 312 227 150 112 64 48 84 62 94 77 73
internal_count=1394 575 819 442 474 365 281 242 142 369 345 297 109 73 104 84 59 275 169 312 227 150 112 64 48 84 62 94 77 73
is_linear=0
shrinkage=0.03


Tree=53
num_leaves=31
num_cat=0
split_feature=8 9 20 22 23 10 1 23 14 28 21 4 7 25 24 24 19 9 2 1 29 20 19 18 12 15 29 24 7 14
split_gain=96.483 42.6318 21.8271 12.0309 11.9356 11.1847 9.16286 7.77432 8.92736 7.51537 7.09581 7.02943 6.78137 6.64472 10.6623 16.3109 12.3214 10.1985 9.43665 14.0125 8.49299 6.4387 6.12924 5.94511 5.31429 6.8021 5.17303 5.1237 5.0984 5.06088
threshold=149.71428571428575 141.21500000000003 28.250000000000004 2.2500000000000004 12.65 103.82000000000001 213.50000000000003 10.750000000000002 37.500000000000007 -0.69057362043749781 34.45000000000001 390.50000000000006 450.83333333333343 15.050000000000002 -0.35019404643548441 0.81408451933196979 -0.5806808443217597 66.89500000000001 343.50000000000006 221.50000000000003 -0.23537842981696178 9.1500000000000004 -0.7933231318270072 14.450000000000001 27.500000000000004 3832.0000000000005 -0.42958798411962301 0.91702515554752073 275.83333333333343 108.50000000000001
decision_type=8 2 2 2 2 10 10 2 10 2 2 10 8 2 2 2 2 2 10 10 2 2 2 2 10 10 2 2 10 10
left_child=5 2 3 7 11 -1 22 8 9 -2 23 -3 24 21 16 -16 29 -17 19 -19 -21 -9 -5 -7 27 -26 -18 -6 -10 -15
right_child=1 4 -4 6 12 10 -8 13 28 -11 -12 -13 -14 14 15 17 26 18 -20 20 -22 -23 -24 -25 25 -27 -28 -29 -30 -31
leaf_value=-1.3081068760300896 -0.7877066241236067 0.48336541451544829 -1.0889757544810574 -0.69075815319447598 0.49960983573398948 -0.55870416469511763 -0.019477972986846337 0.33525443547758638 0.94934276779372873 0.28086140364169637 -1.1910692229355391 1.4782294439768875 1.4301704415597516 -0.21062107536983532 0.62562255048300475 -0.44759283916043796 -0.069949211253035631 0.2908394269772856 0.80039196614237706 0.061688500606312001 -1.0051131385063954 -0.28180569983777332 -0.32463623068002689 0.15639328534907973 0.42757214783232711 -0.14312957119087399 0.18761807924772994 -0.15151138953855081 0.59111481014054557 -1.0432988720962371
leaf_weight=126 22 148 52 34 20 28 53 29 21 37 23 86 27 30 71 42 33 37 32 38 41 78 22 20 100 21 39 30 29 24
leaf_count=126 22 148 52 34 20 28 53 29 21 37 23 86 27 30 71 42 33 37 32 38 41 78 22 20 100 21 39 30 29 24
internal_value=-0.000753228 0.00245614 -0.00180392 -0.000420757 0.00997691 -0.0201515 -0.00954545 0.00124172 0.00845455 0.0005 -0.0104167 0.0145532 0.00452261 -0.000363636 0.00146907 0.00492366 -0.00566929 0.000314136 0.00402685 0 -0.007125 -0.00694444 -0.0178947 -0.00367347 0.00226744 0.00565574 0.00246575 -0.00588235 0.0176471 -0.0163636
internal_weight=1393 1196 764 712 432 197 109 603 109 59 71 234 198 494 387 261 126 190 148 116 79 107 56 48 171 121 72 50 50 54
internal_count=1393 1196 764 712 432 197 109 603 109 59 71 234 198 494 387 261 126 190 148 116 79 107 56 48 171 121 72 50 50 54
is_linear=0
shrinkage=0.03


Tree=54
num_leaves=31
num_cat=0
split_feature=0 0 27 20 0 10 18 11 23 20 16 7 20 12 20 3 29 19 1 27 0 24 29 24 27 20 18 23 15 4
split_gain=109.791 33.5541 26.1599 14.8118 12.9105 10.8622 10.6353 10.3998 8.65394 15.9333 9.12654 7.12438 6.84214 14.5902 6.76111 7.28098 6.74702 6.73271 6.60744 6.20767 5.85077 5.85495 8.41521 11.9999 7.17307 8.34985 5.92022 7.36015 6.22684 5.84414
threshold=183.50000000000003 368.50000000000006 0.65000000000000002 28.250000000000004 98.40000000000002 97.460000000000022 19.550000000000004 46.500000000000007 12.65 20.950000000000003 30.500000000000004 173.16666666666671 7.6500000000000012 36.500000000000007 17.050000000000004 111.50000000000001 -0.082691941062253513 0.38266886095259278 210.50000000000003 1.0000000180025095e-35 192.50000000000003 0.87032255546191728 0.50370931781787065 -0.19936034309715217 1.2500000000000002 24.250000000000004 22.750000000000004 19.550000000000004 127.50000000000001 243.50000000000003
decision_type=2 2 2 2 2 10 2 2 2 2 10 10 2 10 2 10 2 2 10 2 2 2 2 2 2 2 2 2 10 10
left_child=2 3 4 5 -1 -2 12 14 9 18 -10 -4 -3 -14 -6 -16 19 -15 -7 -11 -12 22 23 24 25 -22 27 -23 -29 -20
right_child=1 6 11 -5 7 8 -8 -9 10 16 20 -13 13 17 15 -17 -18 -19 29 -21 21 26 -24 -25 -26 -27 -28 28 -30 -31
leaf_value=-1.4559767829706571 -0.56951383568914482 1.5532306144893766 -1.2352035752758845 -0.70000924077716042 0.19637851940536791 -0.020865417938186963 -0.10738613107359925 -0.79389528069972881 0.48311608675730583 0.11500273420206739 0.4712315443381857 -0.65475478985291713 -0.10285592280753406 1.0402701565448742 0.16181684763880441 -0.18841494286204025 0.12026620291430902 1.2298789711719507 1.0384326205566925 -0.60157190637807589 0.13651249895084447 -0.046407372797760048 0.52806530163711551 0.23337558844645001 -0.81390919390139682 -0.47223143199003459 0.70119286129928471 -0.40055044586794947 -0.069185745188765815 0.45828368312642109
leaf_weight=33 25 48 151 44 25 21 27 40 22 26 20 21 50 48 21 60 25 132 20 27 34 135 31 57 33 29 23 34 20 142
leaf_count=33 25 48 151 44 25 21 27 40 22 26 20 21 50 48 21 60 25 132 20 27 34 135 31 57 33 29 23 34 20 142
internal_value=-0.000715789 0.00405028 -0.0152557 0.000702211 -0.00716667 0.00173793 0.012451 -0.00326531 0.00244286 0.00675573 -0.000136674 -0.0235838 0.0141935 0.0119481 0.00168224 -0.00256098 -0.00455696 0.0159116 0.0115761 -0.0105556 -0.00115108 -0.00196474 0.00194595 -0.000974026 -0.00742268 -0.00140625 -0.00535211 -0.00710526 -0.0163636 0.0136196
internal_weight=1424 1073 351 768 179 724 305 146 699 261 438 172 278 230 106 81 78 180 183 53 416 396 184 153 96 63 212 189 54 162
internal_count=1424 1073 351 768 179 724 305 146 699 261 438 172 278 230 106 81 78 180 183 53 416 396 184 153 96 63 212 189 54 162
is_linear=0
shrinkage=0.03


Tree=55
num_leaves=31
num_cat=0
split_feature=9 9 6 0 22 23 10 19 14 20 7 20 12 3 25 12 0 0 4 27 25 20 15 0 20 6 6 14 14 18
split_gain=99.0997 34.1385 25.4975 23.4091 12.2457 13.6985 9.43702 9.06137 11.1489 10.5794 9.05399 8.99013 9.04873 7.95 8.42332 7.63073 7.16921 11.1151 6.99459 11.6984 6.93198 10.1141 6.5185 9.84885 6.01429 5.94658 5.76302 5.49269 7.31429 5.25022
threshold=62.230000000000011 161.25000000000003 126.50000000000001 111.50000000000001 0.15000000000000005 10.850000000000003 394.35500000000008 -0.59480013772226059 9.5000000000000018 25.050000000000004 191.16666666666671 28.250000000000004 25.500000000000004 232.50000000000003 25.850000000000005 36.500000000000007 333.50000000000006 313.50000000000006 268.50000000000006 0.15000000000000005 15.950000000000001 22.650000000000002 1817.0000000000002 216.50000000000003 25.150000000000002 234.50000000000003 206.50000000000003 25.500000000000004 9.5000000000000018 16.550000000000004
decision_type=2 2 8 2 2 2 10 2 10 2 10 2 10 10 2 10 2 2 10 2 2 2 10 2 2 10 10 10 8 2
left_child=3 2 -2 24 5 -4 -3 9 10 -5 -9 12 27 14 -6 -8 17 18 22 -20 -15 -22 23 -14 -1 -23 -10 28 -7 -18
right_child=1 6 4 7 13 11 15 8 26 -11 -12 -13 16 20 -16 -17 29 -19 19 -21 21 25 -24 -25 -26 -27 -28 -29 -30 -31
leaf_value=-0.90147464202878269 -1.10153956407877 0.36420298976536114 0.50590944296108598 0.017630880281542714 -1.4777638083509279 -0.31639734647026185 0.47417296077795923 0.2542181702133598 -0.040055234495503952 -0.70943554399074871 -0.26906534989128827 -1.0985072690438706 0.20872155559035832 -0.17932658147332176 -0.013005042252753042 1.7674736296278482 1.0518293327595591 -0.23818072966115891 0.67920681215771028 -0.066863209707114776 0.83811764450640591 -1.4452438845004609 -0.10626909279614168 -0.071300816941505335 -1.3673042683962673 0.058507765731299059 -0.64123476745410868 -0.11178479714047 0.12431054264925634 0.11902293660524747
leaf_weight=35 35 215 104 32 33 34 39 36 23 68 22 23 36 34 22 94 34 30 59 26 22 21 20 55 104 42 25 35 44 20
leaf_count=35 35 215 104 32 33 34 39 36 23 68 22 23 36 34 22 94 34 30 59 26 22 21 20 55 104 42 25 35 44 20
internal_value=-0.000337316 0.00414657 0.000452055 -0.0143064 0.00172662 0.00403071 0.0118625 -0.00782609 -0.00168224 -0.0142574 0.00711864 0.00158273 0.00266497 -0.00514286 -0.0144643 0.0181343 0.0055516 0.00317181 0.0057868 0.0122093 -0.00075 0.00383721 0.000803571 0.00423913 -0.0237857 -0.00234375 -0.0122449 -0.00447368 0 0.0152727
internal_weight=1422 1077 729 345 694 520 348 206 106 100 58 416 393 174 55 133 280 226 196 85 119 85 111 91 139 63 48 113 78 54
internal_count=1422 1077 729 345 694 520 348 206 106 100 58 416 393 174 55 133 280 226 196 85 119 85 111 91 139 63 48 113 78 54
is_linear=0
shrinkage=0.03


Tree=56
num_leaves=31
num_cat=0
split_feature=8 0 23 19 14 6 12 26 20 5 11 23 19 5 19 4 6 14 11 18 14 26 19 2 6 8 24 26 6 20
split_gain=89.3345 36.3125 22.8341 16.5824 13.3086 12.1287 12.0053 11.868 10.8483 9.99852 9.18199 8.86071 9.00238 9.51171 10.451 7.44621 8.32595 7.01123 7.05308 13.3729 9.86517 7.47227 6.95806 6.90747 6.64773 6.22716 6.19708 6.08862 5.68896 5.5888
threshold=273.64285714285717 102.50000000000001 11.350000000000003 0.66259481767468265 3.5000000000000004 171.50000000000003 21.500000000000004 41.300000000000004 7.2500000000000009 259.50000000000006 80.500000000000014 10.250000000000002 0.98897820466835418 179.50000000000003 0.90255091666790854 233.50000000000003 213.50000000000003 7.5000000000000009 31.500000000000004 16.350000000000005 46.500000000000007 26.550000000000004 0.81408451933196979 389.50000000000006 298.50000000000006 356.07142857142861 0.42261826174069955 39.050000000000004 332.50000000000006 25.150000000000002
decision_type=8 2 2 2 10 10 10 2 2 10 2 2 2 10 2 10 10 8 2 2 10 2 2 10 10 8 2 2 10 2
left_child=1 -1 6 5 -5 29 -2 8 -4 10 15 -6 13 -13 22 16 -7 -10 20 21 23 -20 -15 -19 -23 28 -11 -21 -8 -3
right_child=2 3 7 4 11 9 25 -9 17 26 -12 12 -14 14 -16 -17 -18 18 19 27 -22 24 -24 -25 -26 -27 -28 -29 -30 -31
leaf_value=-1.3002054191532557 -0.00069350851711874378 -0.38169403018165354 0.38193074457003318 0.23886443320056769 0.25314196973090985 -0.0022840583318327391 0.77821408782526702 0.68148241469990178 -0.13332267609832285 -1.059305484395511 0.11879724133512524 -0.64665106566646424 -0.41658369385209082 0.34032653629226928 0.23705547760172635 0.046399124495262067 -0.83473748879961251 0.55526589597139886 -0.10205087591570787 -0.36890826628528145 -0.048656989540038463 -0.2064809361401177 -0.22060003462763361 -0.0070318961797335077 1.162457016410815 1.2153516062738037 -0.2593687502234141 0.18544545309628005 0.17061287128382246 -0.92045568892242635
leaf_weight=108 43 30 37 49 28 39 43 32 33 27 29 60 58 20 56 31 39 55 68 67 35 21 22 21 55 128 22 22 50 69
leaf_count=108 43 30 37 49 28 39 43 32 33 27 29 60 58 20 56 31 39 55 68 67 35 21 22 21 55 128 22 22 50 69
internal_value=-0.000622318 -0.00832849 0.00683544 -0.00532759 -0.000306122 -0.010453 0.0138113 0.00268456 0.0013012 -0.00590426 -0.00172662 -0.00318367 -0.00525346 -0.00150943 0.00424242 -0.00572727 -0.0106329 -0.000238095 0.00104348 -0.00192308 0.00723214 0.00372414 -0.00697674 0.0132468 0.0101299 0.0166216 -0.0174 -0.011 0.0105319 -0.0189
internal_weight=1397 687 710 579 293 286 264 446 414 187 138 244 216 158 98 109 78 377 344 233 111 144 42 76 76 221 49 89 93 99
internal_count=1397 687 710 579 293 286 264 446 414 187 138 244 216 158 98 109 78 377 344 233 111 144 42 76 76 221 49 89 93 99
is_linear=0
shrinkage=0.03


Tree=57
num_leaves=31
num_cat=0
split_feature=9 0 20 12 24 23 3 5 25 27 1 26 0 25 12 6 3 9 23 11 18 24 23 10 18 19 26 20 15 28
split_gain=85.8217 31.1762 23.405 20.4904 17.5636 13.9567 11.3487 11.6415 10.9941 9.34587 7.97244 7.92531 10.491 7.22823 9.01216 7.02003 10.0341 8.00615 6.31207 7.72807 7.33763 6.33595 6.23699 6.01518 7.27487 5.90338 5.72036 6.68727 5.31664 9.81004
threshold=93.530000000000015 92.500000000000014 7.2500000000000009 14.500000000000002 -0.29237170472273682 12.450000000000001 183.50000000000003 213.50000000000003 23.350000000000005 1.2500000000000002 368.50000000000006 26.350000000000005 400.50000000000006 26.450000000000003 39.500000000000007 136.50000000000003 136.50000000000003 56.975000000000001 14.65 18.500000000000004 15.450000000000001 0.80382625221112025 17.650000000000002 272.39500000000004 11.850000000000003 -0.66259481767468253 32.150000000000013 16.950000000000003 635.00000000000011 -0.05695216311707673
decision_type=2 2 2 10 2 2 10 10 2 2 10 2 2 2 10 8 10 2 2 2 2 2 2 10 2 2 2 2 10 2
left_child=1 -1 -2 -4 6 10 -3 -8 -9 11 25 23 -13 15 -15 17 -17 -6 19 -18 -21 -20 -11 -7 -25 -5 27 -27 29 -12
right_child=2 4 3 5 13 9 7 8 -10 22 28 12 -14 14 -16 16 18 -19 21 20 -22 -23 -24 24 -26 26 -28 -29 -30 -31
leaf_value=-1.5249784125879338 0.80189162568701988 -0.93446146106890515 -0.15579660664882625 0.30501822148256846 -0.16255169591215576 0.11525133644861454 0.16739543888418296 0.096252101079484759 -0.83392914642152327 -1.148303663607819 -0.050555955118907717 0.046184881926463674 1.5126818849123398 0.20527438245664853 -0.062824878995418484 0.21619674596833219 -0.32576816251908808 -1.076087636248334 0.036788172150147604 0.31255119088657235 -0.028925126830399106 -0.43303250274063854 0.0031743155233237984 -0.018420927164315797 -0.58874692256109595 0.33487757303601257 0.38809411138689826 -0.49580005190039428 1.8828715696657135 1.021769850611816
leaf_weight=76 70 97 99 25 24 31 40 23 59 20 28 154 50 43 27 25 39 25 27 20 25 87 22 33 21 83 21 20 54 28
leaf_count=76 70 97 99 25 24 31 40 23 59 20 28 154 50 43 27 25 39 25 27 20 25 87 22 33 21 83 21 20 54 28
internal_value=-0.00124553 -0.00935737 0.00556579 0.00386957 -0.00688612 0.00598985 -0.0135 -0.00731707 -0.0137349 0.00189759 0.0111923 0.00382759 0.00702439 -0.00262391 0.00591549 -0.00483516 -0.00254464 -0.015 -0.00482412 0.00141176 0.00978261 -0.0093913 -0.0111628 -0.00383721 -0.00981818 0.0066 0.00384 0.000865385 0.0172973 0.0105263
internal_weight=1396 637 759 689 561 590 219 122 82 331 259 289 204 342 70 272 223 49 198 84 45 114 42 85 54 149 124 103 110 56
internal_count=1396 637 759 689 561 590 219 122 82 331 259 289 204 342 70 272 223 49 198 84 45 114 42 85 54 149 124 103 110 56
is_linear=0
shrinkage=0.03


Tree=58
num_leaves=31
num_cat=0
split_feature=8 9 20 22 10 26 20 24 23 14 12 24 17 28 8 14 23 12 2 11 26 1 9 18 23 11 27 23 18 24
split_gain=90.8456 37.7443 17.4922 15.8581 13.1442 8.89604 15.6218 11.0347 13.8692 10.8639 14.1174 8.98886 7.33082 12.9116 7.03503 6.96685 6.92105 8.51907 7.13254 6.67052 8.22944 5.81568 5.71531 7.50866 5.56237 5.52494 5.5217 7.76603 5.44322 5.3716
threshold=146.78571428571431 152.94500000000002 29.550000000000004 2.2500000000000004 103.82000000000001 38.95000000000001 25.850000000000005 0.87032255546191728 19.550000000000004 19.500000000000004 28.500000000000004 -0.78257835753184624 6257.0350000000017 0.70290292807158605 266.57142857142861 2.5000000000000004 12.450000000000001 15.500000000000002 337.50000000000006 31.500000000000004 33.850000000000001 375.50000000000006 77.740000000000023 13.050000000000002 14.350000000000003 45.500000000000007 0.55000000000000016 12.950000000000001 9.6500000000000004 0.36648727148060622
decision_type=8 2 2 2 10 2 2 2 2 10 10 2 10 2 10 10 2 10 8 2 2 10 2 2 2 2 2 2 2 2
left_child=4 2 3 5 -1 6 7 26 9 22 -11 -7 -13 -14 -5 -6 17 -3 25 20 -8 29 -9 -24 -17 -18 -2 -28 -20 -19
right_child=1 16 -4 14 15 11 19 8 -10 10 -12 12 13 -15 -16 24 18 21 28 -21 -22 -23 23 -25 -26 -27 27 -29 -30 -31
leaf_value=-1.0885413984325982 0.16007902309719596 -0.23746714532050817 -1.2382806519733416 -0.59420392835185964 0.037219995006798283 -0.044909616847317292 -0.80891127202887758 -0.0152446486628655 -0.35028006617159008 -0.26746547007054144 0.068131573257670081 0.50986305701967294 -0.2410852130686699 0.65863221966329744 0.0091003416139676576 -0.25633169127929223 0.52998513436431149 0.038047029557683909 -0.091898465579845948 -1.1480480128481045 0.45645369730844348 1.4593411736260082 0.0022085242324897079 0.89164546282247126 -1.4650712463890392 -0.13193915154708746 0.068706714347734843 -0.2835893684318182 0.72352814251356046 0.46833925877507199
leaf_weight=128 166 21 23 82 22 32 21 28 42 38 87 62 20 22 35 21 30 35 20 31 20 105 23 32 21 38 20 46 75 56
leaf_count=128 166 21 23 82 22 32 21 28 42 38 87 62 20 22 35 21 30 35 20 31 20 105 23 32 21 38 20 46 75 56
internal_value=-0.000470421 0.00257638 -0.00101083 -0.000259901 -0.0195855 0.00147612 -0.000216216 0.00173913 -0.00262948 0.000574163 -0.005 0.00832117 0.0125714 0.0027907 -0.0104237 -0.00830769 0.0103937 0.0138991 0.00567073 -0.0131507 -0.005 0.0158376 0.00892857 0.0144643 -0.0153488 -0.00173913 0.00643777 -0.000895522 0.0109375 0.0101087
internal_weight=1402 1210 830 807 192 690 554 482 250 208 125 136 104 42 117 64 380 217 163 72 41 196 83 55 42 68 232 66 95 91
internal_count=1402 1210 830 807 192 690 554 482 250 208 125 136 104 42 117 64 380 217 163 72 41 196 83 55 42 68 232 66 95 91
is_linear=0
shrinkage=0.03


Tree=59
num_leaves=31
num_cat=0
split_feature=9 0 23 20 12 24 24 0 24 21 0 3 23 17 24 26 21 4 10 24 7 5 5 17 23 23 12 18 11 26
split_gain=83.1741 29.8335 22.0079 15.5975 15.0861 16.0833 12.3733 8.8719 11.669 9.29178 7.46272 7.20863 6.91976 6.7152 6.91092 6.55082 10.5043 6.26322 5.66141 8.27848 9.6046 7.05129 9.61887 7.6862 8.28901 6.61524 5.53218 5.52185 8.65719 6.84533
threshold=84.445000000000007 92.500000000000014 10.250000000000002 7.4500000000000011 28.500000000000004 0.9426055981926128 -0.90255091666790832 370.50000000000006 0.62249093318774806 26.750000000000004 243.50000000000003 191.50000000000003 17.850000000000005 324.97500000000235 -0.80382625221112003 22.350000000000005 19.750000000000004 188.50000000000003 159.60000000000002 -0.13917310096006555 179.66666666666671 131.50000000000003 153.50000000000003 344.69500000000005 15.750000000000002 18.550000000000004 40.500000000000007 10.050000000000002 39.500000000000007 23.850000000000005
decision_type=2 2 2 2 10 2 2 2 2 2 2 10 2 10 2 2 2 10 8 2 10 10 10 10 2 2 10 2 2 2
left_child=1 -1 15 -4 5 13 11 17 -9 -10 18 -3 -11 14 -5 16 -2 -6 21 -20 -21 -8 -23 -24 -25 -22 -12 -19 -29 -30
right_child=2 6 3 4 7 -7 10 8 9 12 26 -13 -14 -15 -16 -17 -18 27 19 20 25 22 23 24 -26 -27 -28 28 29 -31
leaf_value=-1.4639972093677842 1.5565545878016049 -0.96885273354720192 0.69150224736692989 0.49466672980981852 -0.50496565560669504 -0.23034313096089248 -0.36893948134729865 -0.22460918045995953 0.16975944083391084 1.6277333456800993 0.46347319987369928 -0.27337125003008195 0.49062611129990558 0.81819416424983105 -0.7979439526726757 0.82966641289738108 -0.11433869516817821 -0.35225813366845216 -1.2295392119689375 0.07737409048235605 -0.96146637227992549 0.26744338359969105 -0.25682194554375198 0.26927832777805294 -0.36961800664141292 -0.029166239111836488 -0.027881075713561927 0.41902662753712205 0.49918094797469048 -0.019874894090078782
leaf_weight=81 22 41 60 29 28 93 57 34 31 54 39 46 23 23 42 135 22 34 35 29 37 21 95 23 23 20 36 41 25 124
leaf_count=81 22 41 60 29 28 93 57 34 31 54 39 46 23 23 42 135 22 34 35 29 37 21 95 23 23 20 36 41 25 124
internal_value=-0.00126068 -0.00991438 0.00489647 0.00228972 0.000773196 -0.0062234 -0.00715706 0.00410127 0.0100699 0.0148624 -0.00497596 -0.0173864 0.0203846 0.00252632 -0.00208333 0.0141667 0.004 0.000711462 -0.00686217 -0.0120492 -0.00689655 -0.00395455 -0.000736196 -0.00359155 0.00638298 -0.0139655 0.00355263 0.0024 0.00439791 0.001
internal_weight=1403 583 820 641 581 187 502 394 142 108 415 87 77 94 71 179 44 252 340 121 86 219 162 141 46 57 75 224 190 149
internal_count=1403 583 820 641 581 187 502 394 142 108 415 87 77 94 71 179 44 252 340 121 86 219 162 141 46 57 75 224 190 149
is_linear=0
shrinkage=0.03


Tree=60
num_leaves=31
num_cat=0
split_feature=10 9 24 5 6 27 12 26 26 16 6 18 29 23 6 16 0 0 26 29 1 12 2 6 29 12 18 1 18 13
split_gain=82.741 35.9948 18.1631 17.2908 13.2768 12.4381 9.46685 8.58857 8.0097 7.88426 12.627 10.9238 11.4681 13.9913 7.25184 8.83352 7.19293 10.6279 7.11553 6.82351 7.01535 6.72904 8.92464 7.44686 6.62863 6.48468 8.17381 5.97233 5.95446 5.93554
threshold=97.460000000000022 115.94500000000001 -0.4067366430758001 119.50000000000001 419.50000000000006 0.15000000000000005 27.500000000000004 26.350000000000005 40.95000000000001 34.500000000000007 126.50000000000001 14.950000000000001 0.36447543099728863 18.950000000000003 140.50000000000003 80.500000000000014 392.50000000000006 296.50000000000006 33.150000000000013 0.011826144619637555 243.50000000000003 24.500000000000004 238.50000000000003 217.50000000000003 -0.6652727025667432 76.500000000000014 10.750000000000002 318.50000000000006 9.5500000000000025 49.500000000000007
decision_type=10 2 2 10 10 2 10 2 2 10 10 2 2 2 10 10 2 2 2 2 10 10 10 10 2 10 2 10 2 10
left_child=3 2 5 -1 6 19 -3 -6 9 18 -11 12 13 -12 -7 -16 17 -8 -4 20 -2 22 -13 -23 -25 27 -27 -19 -18 -26
right_child=1 4 8 -5 7 14 16 -9 -10 10 11 21 -14 -15 15 -17 28 25 -20 -21 -22 23 -24 24 29 26 -28 -29 -30 -31
leaf_value=-1.1641909570040674 -0.44144117871839456 -0.014324864820819698 -0.026554567725041663 -0.46260480969799755 0.70776593267225163 -1.4629476669594645 0.36393617212868035 1.7844296161662812 0.38147496224005067 -0.8528287600873995 0.27772587161210366 0.045160132013205893 -0.24484749749738596 -0.28350825730548651 0.086177464048225252 -0.81766474928948152 0.0023907434578427453 -0.030988847791890633 0.6045774181147231 0.38962206095435475 0.033607114484800034 -0.81536868515587657 -0.75737571970703577 -0.40666340996739503 -0.16552880940740577 0.31934504965652905 -0.14071895312944491 0.55099196204098966 1.3044733408206883 0.31561001570969466
leaf_weight=94 33 119 26 94 70 29 42 49 40 35 83 29 24 20 25 75 25 33 21 22 23 29 45 21 25 36 70 58 81 32
leaf_count=94 33 119 26 94 70 29 42 49 40 35 83 29 24 20 25 75 25 33 21 22 23 29 45 21 25 36 70 58 81 32
internal_value=-0.000894251 0.0019656 -0.00296238 -0.0193651 0.00734589 -0.0102404 0.00503226 0.01625 0.000556845 -0.000767263 -0.00235465 -0.00038835 0.00632812 0.0106731 -0.0159231 -0.0118812 0.00754335 0.004625 0.010625 -0.000759494 -0.00631579 -0.00510989 -0.012 -0.000277778 0.00455696 0.00166667 -0.00336449 0.0075 0.0140187 0.00982759
internal_weight=1408 1220 637 188 583 207 464 119 430 390 343 308 127 103 129 100 345 239 47 78 56 181 74 107 78 197 106 91 106 57
internal_count=1408 1220 637 188 583 207 464 119 430 390 343 308 127 103 129 100 345 239 47 78 56 181 74 107 78 197 106 91 106 57
is_linear=0
shrinkage=0.03


Tree=61
num_leaves=31
num_cat=0
split_feature=8 0 29 14 23 20 27 13 18 26 24 18 23 28 5 24 4 12 20 16 17 0 25 14 23 24 1 11 11 26
split_gain=70.8343 27.3087 12.7406 11.2082 10.9497 10.634 8.7773 8.5233 15.1027 14.7336 14.5912 10.7138 12.4782 9.06062 10.284 8.5776 6.95141 6.88139 11.4639 6.63327 8.20338 6.52381 6.35637 8.46937 6.01562 6.91514 5.8429 5.55148 8.69358 7.25623
threshold=149.71428571428575 382.50000000000006 -0.97874870457683594 1.0000000180025095e-35 18.150000000000002 7.0500000000000007 0.45000000000000007 44.500000000000007 16.450000000000003 33.750000000000007 -0.6360540003681886 21.050000000000004 16.650000000000002 -0.24372957273992746 213.50000000000003 0.78257835753184646 343.50000000000006 470.50000000000006 9.3500000000000032 226.50000000000003 497.43500000000307 98.40000000000002 10.950000000000001 52.500000000000007 20.250000000000004 0.92384435400961407 314.50000000000006 62.500000000000007 108.50000000000001 31.750000000000004
decision_type=8 2 2 10 2 2 2 10 2 2 2 2 2 2 10 2 10 10 2 10 10 2 2 8 2 2 10 2 2 2
left_child=3 2 -2 -1 17 -4 21 9 27 11 -10 12 13 14 -7 -11 -12 18 -3 -15 -21 -5 -20 -24 25 -17 -14 29 -29 -9
right_child=1 4 5 6 -6 7 -8 8 10 15 16 -13 26 19 -16 24 -18 -19 22 20 -22 -23 23 -25 -26 -27 -28 28 -30 -31
leaf_value=-0.13577623910739453 -0.46724027351121578 1.4622128433240833 0.70985410354591638 -1.0049014370192153 -0.031581982251410921 -0.077819668641114101 -1.1202958712090643 0.21081819159997223 -0.69854114445891868 0.45927121945633015 0.037003636580223966 0.48577694999385584 -1.1453601332531667 0.051681313143490115 -0.8038263734760086 -0.81548930026216282 -0.39886143009066471 1.652751156199824 -0.57777927769675608 -0.59872973672494967 0.51115154486117143 -0.1524654993961434 1.2614480542562554 -0.044985746257846695 -0.18140972915320872 0.23047705498433002 -0.17363391445211818 -0.2535088738159712 0.20880311294563569 0.42388432768823786
leaf_weight=28 64 50 31 23 42 43 99 56 49 53 78 27 66 93 34 21 28 68 22 25 20 39 24 39 20 42 20 30 149 22
leaf_count=28 64 50 31 23 42 43 99 56 49 53 78 27 66 93 34 21 28 68 22 25 20 39 24 39 20 42 20 30 149 22
internal_value=-0.000490754 0.00216927 -9.25926e-05 -0.0175263 0.0110976 0.000825991 -0.0205556 0.000205245 0.0033414 -0.00258065 -0.00403846 -0.00601824 -0.00764901 -0.00375 -0.0119231 0.00569343 0.00224299 0.0139706 0.00992647 0.000863309 -0.00847826 -0.0114286 0.00313953 0.00796875 -0.000357143 0.00421875 -0.0172414 0.0077907 0.00483333 0.0144304
internal_weight=1405 1216 971 189 245 907 161 876 412 464 155 328 301 215 77 136 106 203 135 138 45 62 85 63 83 63 86 257 179 78
internal_count=1405 1216 971 189 245 907 161 876 412 464 155 328 301 215 77 136 106 203 135 138 45 62 85 63 83 63 86 257 179 78
is_linear=0
shrinkage=0.03


Tree=62
num_leaves=31
num_cat=0
split_feature=0 9 20 26 6 29 11 17 14 19 29 19 17 21 24 26 20 11 13 10 5 24 21 19 16 1 24 24 14 16
split_gain=83.2661 34.1293 13.7003 14.2196 11.1794 9.9489 14.4915 11.9047 11.5518 9.48664 9.35926 8.83065 7.25355 7.51627 6.9861 6.94991 11.1109 8.1503 16.0886 8.18392 7.6898 8.47548 6.61973 6.55207 6.46143 6.75764 6.30499 6.2058 6.6907 6.01257
threshold=114.50000000000001 139.62500000000003 29.650000000000002 39.050000000000004 395.00000000000006 -0.58481178939031186 142.00000000000003 7.0050000000008703 2.5000000000000004 -0.078456108245891901 -0.31800055644052067 0.97233289553061597 392.23500000000416 19.650000000000002 0.90255091666790854 29.350000000000005 13.050000000000002 53.500000000000007 42.500000000000007 257.69000000000005 322.50000000000006 0.96359376111369366 34.550000000000004 0.9482875459472353 282.00000000000006 384.50000000000006 0.23343647497176631 0.84335933205092506 11.500000000000002 688.50000000000011
decision_type=2 2 2 2 8 2 2 10 10 2 2 2 10 2 2 2 2 2 10 10 10 2 2 2 10 10 2 2 10 10
left_child=10 2 3 5 12 7 8 9 -7 -2 -1 26 13 -3 -9 16 20 18 19 27 21 -10 -8 -22 -14 -26 -5 -17 -29 -27
right_child=1 4 -4 11 -6 6 22 14 15 -11 -12 -13 24 -15 -16 17 -18 -19 -20 -21 23 -23 -24 -25 25 29 -28 28 -30 -31
leaf_value=-1.0493987657461616 -0.27658126813821837 0.13121569804783065 -1.3851353809889839 0.028036276087963188 0.91659933430346252 0.33141492839274916 0.35101199093764279 -0.61209127514139428 -0.3386025058222964 0.41920902219653255 -0.1152521082411448 -0.017378807648421171 0.63710427916143086 -0.12234245000209654 0.041695961931810216 0.081568753964924801 -1.1399978686543186 -0.51399983128253901 0.40101873962707402 0.046062966720099463 -0.022781821075996047 0.651273595198264 -0.0042741106372920969 -0.31029610178553751 0.035282173079294807 1.2755631356428219 0.65171606067285726 -0.010213045671017796 -0.48947868416375157 0.49619990646689871
leaf_weight=129 20 22 20 38 151 29 50 130 30 20 23 32 21 44 24 56 52 32 24 28 20 22 25 22 125 30 56 28 40 45
leaf_count=129 20 22 20 38 151 29 50 130 30 20 23 32 21 44 24 56 52 32 24 28 20 22 25 22 125 30 56 28 40 45
internal_value=-0.000691145 0.00189167 -0.00180225 -0.00115533 0.00861048 -0.00294028 -0.000522876 -0.00861538 -0.00289062 0.00585366 -0.0215686 0.0080315 0.00510417 -0.00358209 -0.0123871 -0.00439437 -0.00938776 -0.000861244 0.00169492 -0.00196078 -0.00315789 0.0045283 0.0114474 -0.0125581 0.0077027 0.00597015 0.0126316 -0.00528 -0.0113043 0.0130263
internal_weight=1388 1236 798 778 438 652 458 194 383 40 152 126 287 66 154 354 146 208 176 152 94 52 75 42 221 200 94 124 68 75
internal_count=1388 1236 798 778 438 652 458 194 383 40 152 126 287 66 154 354 146 208 176 152 94 52 75 42 221 200 94 124 68 75
is_linear=0
shrinkage=0.03


Tree=63
num_leaves=31
num_cat=0
split_feature=6 0 23 20 0 13 20 26 26 10 9 26 29 15 12 26 5 16 24 0 7 12 16 29 1 28 24 29 26 18
split_gain=77.2791 25.0731 15.3011 14.1219 12.6577 12.2763 11.3678 14.0654 10.5088 9.46073 12.9415 9.02343 9.00337 8.24091 7.74074 7.43419 14.2112 7.3573 7.26382 6.96154 10.3034 9.6181 10.288 9.96253 8.5001 6.95806 6.7029 8.58362 7.24569 10.0631
threshold=131.50000000000003 367.50000000000006 12.850000000000003 20.950000000000003 106.50000000000001 1889.5000000000002 7.6500000000000012 21.550000000000004 32.95000000000001 234.66000000000003 58.035000000000004 38.95000000000001 -0.6652727025667432 178.50000000000003 112.50000000000001 36.250000000000007 236.50000000000003 3157.5000000000005 -0.608738249238853 298.50000000000006 301.16666666666669 18.500000000000004 124.50000000000001 0.45847758937963173 345.50000000000006 0.52766072109828632 0.53727914962411594 0.87709077819680659 32.550000000000004 11.050000000000002
decision_type=8 2 2 2 2 10 2 2 2 8 2 2 2 10 10 2 10 10 2 2 10 10 10 2 10 2 2 2 2 2
left_child=8 2 3 18 -4 6 -3 -8 -1 10 -10 12 -6 -13 -15 16 -5 -16 -2 21 -21 22 -14 -23 25 -22 27 -9 29 -28
right_child=1 5 4 15 11 -7 7 26 9 -11 -12 13 19 14 17 -17 -18 -19 -20 20 24 23 -24 -25 -26 -27 28 -29 -30 -31
leaf_value=-0.97642393888507029 0.57070816196992891 1.0451116542011396 -0.92798158480026594 0.032522887644292099 -0.63000983828536972 1.9279014573369135 -0.89270122242149053 -0.35943778653976011 0.12009139088707314 -1.3669084630349246 -0.92860102707145786 0.22626711908017511 0.011984308680160325 -0.34094360333598389 0.37781537955952033 0.32403140027435456 -0.46824832694308266 -0.023121734271367701 0.21653437930763969 -0.8246400307892634 -0.072559964892249695 0.019603719465600876 -0.72388262379024915 0.29121462848675123 -0.19607137908081512 0.28433171606433888 0.82766792567989222 1.3843059843382204 1.2629273760000899 -0.12458870412980844
leaf_weight=107 35 51 20 66 102 41 33 36 31 29 20 35 54 21 20 24 33 33 163 25 20 114 37 30 46 22 41 20 61 36
leaf_count=107 35 51 20 66 102 41 33 36 31 29 20 35 54 21 20 24 33 33 163 25 20 114 37 30 46 22 41 20 61 36
internal_value=-0.000127932 0.00263115 6.65927e-05 0.00531056 -0.00284483 0.00984375 0.00752688 0.00460526 -0.0180319 -0.00962963 -0.00173077 -0.00198214 -0.00385809 0.00572727 0 -0.00266129 -0.0063 0.00611111 0.0102513 -0.00154728 -0.00763158 0.00139831 -0.00619565 0.0062069 -0.00269663 0.00697674 0.00769231 -0.00105263 0.011223 0.005
internal_weight=1406 1219 900 321 579 319 278 227 187 80 51 559 450 109 74 123 99 53 198 348 113 235 91 144 88 42 194 56 138 77
internal_count=1406 1219 900 321 579 319 278 227 187 80 51 559 450 109 74 123 99 53 198 348 113 235 91 144 88 42 194 56 138 77
is_linear=0
shrinkage=0.03


Tree=64
num_leaves=31
num_cat=0
split_feature=0 7 20 25 19 17 16 22 4 19 24 20 28 24 26 13 12 16 28 3 26 21 15 21 6 23 3 20 26 24
split_gain=66.4542 25.5082 14.3616 14.6875 9.61622 10.4321 19.4723 9.48656 8.09735 12.8597 7.049 6.83917 6.30055 10.8107 8.49197 10.568 6.31845 6.13278 15.6125 7.84277 7.73903 8.98477 7.66867 6.66417 6.47642 5.89926 5.70878 5.61779 4.96587 6.05824
threshold=110.50000000000001 381.16666666666669 27.450000000000003 28.850000000000005 -0.47714059151611371 5930.7100000000019 666.00000000000011 2.0500000000000003 292.50000000000006 0.49240481012316878 -0.7933231318270072 11.050000000000002 0.8697513045430848 0.9482875459472353 29.950000000000003 51.500000000000007 29.500000000000004 4930.0000000000009 -0.62588817255938378 429.00000000000006 37.150000000000013 34.550000000000004 352.50000000000006 19.450000000000003 227.50000000000003 15.450000000000001 339.00000000000006 25.050000000000004 33.750000000000007 -0.62249093318774784
decision_type=2 8 2 2 2 8 10 2 10 2 2 2 2 2 2 10 10 10 2 10 2 2 10 2 10 2 10 2 2 2
left_child=27 2 7 10 -3 6 11 12 9 -9 -4 -6 17 14 -14 -16 25 19 -19 20 21 22 23 -2 -22 -15 -20 -1 29 -25
right_child=1 4 3 -5 5 -7 -8 8 -10 -11 -12 -13 13 16 15 -17 -18 18 26 -21 24 -23 -24 28 -26 -27 -28 -29 -30 -31
leaf_value=-0.36160194201139545 0.27823673931169762 -0.022399850172684522 -1.2127642022984249 0.035706742496219732 1.608545635640996 1.5557670291948038 -0.38175568036600904 -0.57482824173859193 0.082171566592115247 0.12178139739541606 -0.56759021609561211 0.27311960979037619 -0.59510836304871007 -0.077111568280482032 0.16038097792781031 -0.049530275898479199 -0.0012595785614632859 0.47264812869806572 -0.49511150032855877 -0.40723744161556852 0.017372248699899159 -0.092192100568015856 0.39965953022856382 0.35677726603565985 0.66301463113718817 -0.73937032913572298 -0.034781670134223647 -1.1668053315842002 0.4142153925723292 -0.023103531272632268
leaf_weight=31 42 47 37 30 52 65 28 88 34 22 23 28 32 24 70 23 43 39 31 23 20 42 45 61 60 29 21 103 25 170
leaf_count=31 42 47 37 30 52 65 28 88 34 22 23 28 32 24 70 23 43 39 31 23 20 42 45 61 60 29 21 103 25 170
internal_value=0 0.00215139 0.000173913 -0.0112088 0.0114027 0.0146552 0.00880734 0.00126984 -0.0057931 -0.00972973 -0.0196721 0.0162963 0.00254682 -0.00175676 0.00404762 0.00861702 -0.00927835 0.00418966 -0.00293478 0.00552147 0.00637339 0.00458549 0.00619186 0.00441472 0.0148148 -0.0161111 -0.0135849 -0.02 0.00256809 0.00116379
internal_weight=1388 1254 1034 90 220 173 108 944 144 110 60 80 800 221 125 93 96 579 91 488 465 385 343 298 80 53 52 134 256 231
internal_count=1388 1254 1034 90 220 173 108 944 144 110 60 80 800 221 125 93 96 579 91 488 465 385 343 298 80 53 52 134 256 231
is_linear=0
shrinkage=0.03


Tree=65
num_leaves=31
num_cat=0
split_feature=6 9 26 8 13 26 29 17 26 14 6 6 18 27 15 6 10 0 24 21 16 16 11 10 12 8 2 18 4 10
split_gain=73.788 24.4577 15.0258 11.7896 11.3319 8.92277 9.20365 9.59975 8.7277 8.27632 7.93298 8.55519 8.82351 17.3633 7.12242 8.59169 6.27287 8.2171 6.56319 6.20552 6.02743 7.43441 6.92242 6.46387 7.88265 6.045 7.33799 7.06894 7.0303 6.04343
threshold=131.50000000000003 94.285000000000011 32.95000000000001 433.78571428571433 2.5000000000000004 41.550000000000004 -0.17646730165275518 586.86500000000308 40.850000000000001 25.500000000000004 188.50000000000003 458.50000000000006 11.050000000000002 0.75000000000000011 1557.0000000000002 468.50000000000006 270.39500000000004 219.50000000000003 -0.7933231318270072 34.050000000000004 190.50000000000003 259.50000000000006 35.500000000000007 221.12000000000003 1337.5000000000002 320.00000000000006 362.50000000000006 15.050000000000002 269.50000000000006 327.69500000000005
decision_type=8 2 2 8 10 2 2 10 2 10 10 10 2 2 10 10 8 2 2 2 10 10 2 8 10 10 10 2 10 10
left_child=2 5 -1 8 -4 6 16 9 10 -8 -3 12 13 -12 15 -5 17 18 -2 -6 29 -22 -23 -24 25 28 -27 -28 -25 -14
right_child=1 3 4 14 19 -7 7 -9 -10 -11 11 -13 20 -15 -16 -17 -18 -19 -20 -21 21 22 23 24 -26 26 27 -29 -30 -31
leaf_value=-0.923015648605092 -0.91941678858937115 0.32207640739298737 0.11287583820947929 1.1228150454259853 -0.21993493928779698 0.31555184492697635 0.059559026242816199 0.35157890082361032 0.63256498264680516 -0.79744278087531362 0.37193833828116568 0.80224945724305763 0.10399668871247343 -0.36098924605846489 2.7687608072255889 -0.3497013892565195 -1.0464211830931098 0.010492715060669866 -0.1387165906945961 -0.91878609681987422 -0.31052762272003093 0.27561051574030843 0.47199865042511019 -0.73443268360973912 0.79187646441748305 -0.53757370959076656 0.54677482635029118 -0.46249025164035784 0.43167107414495803 -0.1410022872692332
leaf_weight=107 56 41 22 26 30 29 74 24 38 43 173 22 77 30 33 20 20 89 120 35 40 38 21 24 27 40 22 28 32 20
leaf_count=107 56 41 22 26 30 29 74 24 38 43 173 22 77 30 33 20 20 89 120 35 40 38 21 24 27 40 22 28 32 20
internal_value=-0.00010699 0.00265728 -0.0172308 0.0059761 -0.00784091 -0.00282895 -0.00393443 0.00232394 0.00467359 -0.00127119 0.00382075 0.00292437 0.00219895 0.00720588 0.016875 0.00893617 -0.00702797 -0.00575188 -0.00949153 -0.0140909 -0.000567568 -0.00285714 -0.000772532 -0.00307692 -0.005 -0.0077551 -0.0125275 -0.00470588 0 0.00581633
internal_weight=1401 1207 194 752 87 455 426 141 673 117 635 594 572 203 79 46 285 265 176 65 369 272 232 194 173 146 90 50 56 97
internal_count=1401 1207 194 752 87 455 426 141 673 117 635 594 572 203 79 46 285 265 176 65 369 272 232 194 173 146 90 50 56 97
is_linear=0
shrinkage=0.03


Tree=66
num_leaves=31
num_cat=0
split_feature=8 0 23 20 25 26 18 10 23 23 19 14 20 26 14 24 21 20 26 26 26 2 8 18 21 2 28 14 14 23
split_gain=80.7157 26.0046 11.8988 16.5102 11.2894 11.9663 14.2921 10.9768 10.6033 9.60305 9.55951 9.50345 8.41315 10.5206 9.17027 8.19481 9.0811 12.8226 7.39149 7.36863 9.07786 7.81055 7.29917 7.02284 6.74332 6.53253 7.70938 6.02618 5.91369 5.52983
threshold=153.07142857142858 368.50000000000006 12.850000000000003 18.150000000000002 7.7500000000000009 33.750000000000007 12.250000000000002 91.535000000000011 25.300000000000004 10.950000000000001 0.99353402350479769 2.5000000000000004 29.350000000000005 39.250000000000007 73.500000000000014 0.60873824923885345 28.450000000000003 8.2000000000000011 37.650000000000013 32.850000000000001 31.150000000000002 302.50000000000006 360.07142857142861 10.050000000000002 33.750000000000007 257.50000000000006 0.3744682635859638 896.50000000000011 46.500000000000007 15.450000000000001
decision_type=8 2 2 2 2 2 2 10 2 2 2 10 2 2 10 2 2 2 2 2 2 10 10 2 2 10 2 10 10 2
left_child=7 2 3 25 -4 19 -7 -1 10 -3 12 -9 13 14 -8 -11 17 -17 23 20 21 -6 -18 -5 -25 -2 27 -27 -23 -15
right_child=1 9 4 18 5 6 8 11 -10 15 -12 -13 -14 29 -16 16 22 -19 -20 -21 -22 28 -24 24 -26 26 -28 -29 -30 -31
leaf_value=-0.96022460297650447 0.46447151799676306 1.2472733319822578 0.33729942676138991 0.20559713519465447 -0.69546581162394028 0.38952337827184919 0.0029278360582625849 0.085699850711117159 0.10112058113406305 -0.33670520508400781 -0.67995786052032314 -0.72059913045242263 -1.0118274079769625 -0.015816104707494106 -0.86322318086833882 0.75630599973249391 0.43677584879328152 -0.20279369368877354 0.2577727135362875 -1.2515350730602568 0.27307616854591427 0.18340929552264695 1.2917993642917998 -0.19656557654813694 -0.63311051341814684 0.46869659085223614 -0.013876692817580362 -0.038959248724163446 -0.16408576064090055 0.3773143320984414
leaf_weight=110 47 118 21 30 97 27 79 31 21 45 24 63 20 21 39 21 36 52 21 29 38 41 35 63 28 58 56 21 44 53
leaf_count=110 47 118 21 30 97 27 79 31 21 45 24 63 20 21 39 21 36 52 21 29 38 41 35 63 28 58 56 21 44 53
internal_value=-0.00105755 0.00194772 -0.000682594 0.00387692 -0.00335135 -0.00421348 0 -0.018439 -0.0022093 0.00944805 -0.00405063 -0.0107368 -0.00197183 0 -0.00554622 0.00521053 0.00868966 0.00121622 -0.00377622 -0.009 -0.00705882 -0.00983607 0.01625 -0.00663934 -0.0107609 0.00983607 0.00639706 0.012375 -0.00313953 0.0088
internal_weight=1389 1185 878 324 554 533 284 204 257 307 236 94 212 192 118 189 144 73 142 249 220 182 71 121 91 182 135 79 85 74
internal_count=1389 1185 878 324 554 533 284 204 257 307 236 94 212 192 118 189 144 73 142 249 220 182 71 121 91 182 135 79 85 74
is_linear=0
shrinkage=0.03


Tree=67
num_leaves=31
num_cat=0
split_feature=6 5 22 20 23 26 9 18 13 6 0 14 24 21 25 7 25 6 4 28 8 26 24 12 21 28 8 11 5 11
split_gain=62.4253 25.3937 19.4255 14.8834 10.277 9.9456 10.5105 7.80361 10.6757 8.73855 10.0725 8.48356 7.54367 7.2438 12.3959 7.16132 8.48771 6.34076 9.32143 8.90068 7.47812 7.97691 8.52853 7.57694 8.52432 6.50784 5.98611 5.90203 5.86295 5.37198
threshold=126.50000000000001 395.00000000000006 2.2500000000000004 28.050000000000004 20.150000000000002 33.250000000000007 50.685000000000009 11.950000000000001 87.500000000000014 216.50000000000003 279.50000000000006 5.5000000000000009 0.85260769842926931 22.950000000000003 16.250000000000004 226.50000000000003 16.150000000000002 377.50000000000006 312.50000000000006 0.26037272046371446 237.00000000000003 29.450000000000003 0.92384435400961407 56.500000000000007 40.150000000000013 0.94425825643485939 105.92857142857144 13.500000000000002 179.50000000000003 2.5000000000000004
decision_type=8 8 2 2 2 2 2 2 10 10 2 10 2 2 2 10 2 10 10 2 10 2 2 10 2 2 10 2 10 2
left_child=5 2 3 7 27 26 -7 8 9 28 -11 12 -9 -12 -15 -4 -17 18 20 -20 21 -13 25 -22 -25 -23 -1 -3 -2 -28
right_child=1 4 15 -5 -6 6 -8 11 -10 10 13 17 -14 14 -16 16 -18 -19 19 -21 23 22 -24 24 -26 -27 29 -29 -30 -31
leaf_value=-1.0568026042043566 0.063929714766422868 -0.050222099470980198 -0.64013404004940633 -0.51451443306156253 -0.186671403622411 0.078687314535526839 -0.74255819028540937 -0.082332466049242894 0.54295887001749943 -0.34484205684301611 0.37898886840627427 -0.74722519872017668 0.40138631426159149 -0.35339267427926557 0.18784933731926656 -0.66268210312508979 0.30738293536214284 -0.21893663168536293 -0.040982035558008646 0.39596219244279524 -0.31445730218678364 0.0364928862904388 -0.048512629542813809 0.14558171229490824 -0.084088107532873546 0.39229246055413114 -0.58625937989676957 1.0253733143080337 0.48959324412128979 -0.037751411808047523
leaf_weight=71 20 21 91 55 22 21 37 32 98 36 57 29 33 36 20 25 35 46 33 90 73 40 36 62 23 22 22 166 20 22
leaf_count=71 20 21 91 55 22 21 37 32 98 36 57 29 33 36 20 25 35 46 33 90 73 40 36 62 23 22 22 166 20 22
internal_value=-0.000602151 0.00179214 -0.00017769 0.00156613 0.0112857 -0.0174138 -0.00711864 0.00260223 0.0065625 0.00236842 -0.001 0.000403846 0.0104545 0.00342105 -0.00421053 -0.0100658 -0.00196721 -0.00105495 0.000146699 0.00701613 -0.00283217 0.00257812 0.00666667 -0.00716981 -0.00104651 0.0133333 -0.0225 0.0135638 0.0146341 -0.0133333
internal_weight=1394 1221 1012 861 209 173 58 806 287 189 149 519 65 113 56 151 60 454 408 123 285 127 98 158 85 62 115 187 40 44
internal_count=1394 1221 1012 861 209 173 58 806 287 189 149 519 65 113 56 151 60 454 408 123 285 127 98 158 85 62 115 187 40 44
is_linear=0
shrinkage=0.03


Tree=68
num_leaves=31
num_cat=0
split_feature=8 0 20 26 17 12 23 26 14 9 26 20 22 0 6 25 20 6 0 2 24 10 24 14 0 5 16 8 18 18
split_gain=60.5783 28.2632 12.3098 11.5989 14.8216 11.0219 8.90181 10.2537 8.86276 8.8317 8.44946 8.08377 7.46553 9.53373 8.39918 12.143 7.56641 7.07423 9.88475 8.38782 6.67059 6.61731 6.46056 6.30517 10.9239 7.15566 5.67102 5.474 10.1767 7.08865
threshold=146.78571428571431 368.50000000000006 28.150000000000002 32.750000000000007 15.365000000001766 25.500000000000004 13.350000000000003 39.750000000000007 1237.5000000000002 293.61000000000007 38.150000000000013 20.950000000000003 2.0500000000000003 219.50000000000003 263.50000000000006 16.450000000000003 25.650000000000002 315.50000000000006 286.50000000000006 296.50000000000006 0.91702515554752073 166.27500000000003 0.99353402350479769 37.500000000000007 252.50000000000003 232.50000000000003 309.50000000000006 360.07142857142861 11.15 9.6500000000000004
decision_type=8 2 2 2 10 10 2 2 10 2 2 2 2 2 10 2 2 10 2 10 2 8 2 10 2 10 10 10 2 2
left_child=3 2 6 -1 -5 -3 8 12 11 22 -4 -2 14 -14 15 -8 -17 26 19 -19 -20 -6 27 25 -25 -13 -16 28 -7 -29
right_child=1 5 10 4 21 9 7 -9 -10 -11 -12 23 13 -15 17 16 -18 18 20 -21 -22 -23 -24 24 -26 -27 -28 29 -30 -31
leaf_value=-0.84843332377355563 0.24889397214689352 -0.099709486076799289 -1.3470362839754506 0.17152956934601563 -0.1488210562912772 0.90847203830742895 -0.72480844275857148 0.21113906643424057 -0.25594771196225224 1.947521881736743 -0.18069287428464378 -0.035496487515168269 -0.91825163109158525 -0.0019502283892813921 -0.83760227042832835 0.13466870342589574 -0.25258194401920758 -0.20971663770704765 0.00061774345237125767 0.25900302066463038 -0.2844139276003676 -1.4950868206785759 1.4404593907658365 0.33769141014567822 -0.025503460952742783 -0.45669388601053196 -0.05231710490317084 -0.084562628368266238 -0.096861555091400361 0.80925957908202828
leaf_weight=104 214 56 21 20 39 25 35 76 23 51 36 58 41 30 45 94 28 25 36 23 33 25 24 21 21 24 32 26 38 88
leaf_count=104 214 56 21 20 39 25 35 76 23 51 36 58 41 30 45 94 28 25 36 23 33 25 24 21 21 24 32 26 38 88
internal_value=-0.000382166 0.00205714 -0.000588877 -0.0161905 -0.00776471 0.00990291 0.000313953 -0.00228457 0.00389503 0.0125692 -0.0139655 0.00513274 -0.00411348 -0.0129167 -0.00230114 0.0028481 0.00731707 -0.00646154 -0.00177966 0.00857143 -0.009 -0.0147692 0.00965347 -0.00096 0.00837209 -0.00578313 -0.0134615 0.00758427 0.00046875 0.0114783
internal_weight=1412 1224 916 188 84 308 859 498 361 252 57 338 422 71 351 157 122 194 117 48 69 64 201 124 42 82 77 177 63 114
internal_count=1412 1224 916 188 84 308 859 498 361 252 57 338 422 71 351 157 122 194 117 48 69 64 201 124 42 82 77 177 63 114
is_linear=0
shrinkage=0.03


Tree=69
num_leaves=31
num_cat=0
split_feature=0 0 20 27 6 13 20 26 16 26 19 21 24 23 14 13 20 24 23 12 16 25 4 4 18 21 17 16 16 18
split_gain=66.5797 24.2677 12.8747 10.9043 8.91655 7.6357 6.34606 7.96322 6.21609 9.60386 6.85911 6.8039 6.03637 11.7561 10.451 12.9578 10.4147 11.3538 10.4106 8.61938 8.23296 7.20822 7.46026 7.08627 6.26987 6.38956 5.55817 5.35731 12.4881 5.82465
threshold=114.50000000000001 370.50000000000006 25.150000000000002 1.2500000000000002 163.50000000000003 1889.5000000000002 9.2500000000000018 22.050000000000004 4930.0000000000009 41.550000000000004 0.92384435400961407 40.150000000000013 0.80382625221112025 19.150000000000002 17.500000000000004 31.500000000000004 20.050000000000004 -0.92384435400961373 17.150000000000002 29.500000000000004 200.50000000000003 16.350000000000005 298.50000000000006 266.50000000000006 11.15 33.850000000000001 26482.995000000006 120.50000000000001 261.50000000000006 17.850000000000005
decision_type=2 2 2 2 10 8 2 2 10 2 2 2 2 2 10 10 2 2 2 10 10 2 10 10 2 2 10 10 10 2
left_child=2 3 -1 8 -5 6 -3 -8 9 11 -10 12 16 14 24 20 21 -18 -19 -15 -16 22 -2 -17 -14 -26 -9 -6 -29 -30
right_child=1 5 -4 4 27 -7 7 26 10 -11 -12 -13 13 19 15 23 17 18 -20 -21 -22 -23 -24 -25 25 -27 -28 28 29 -31
leaf_value=-0.14435642460253872 -0.065445315736601228 0.94723568694940208 -0.9550371640087163 -0.74995660627143901 0.14636453182488934 1.5912626462968769 -0.72946813661986709 0.37739097164899277 0.024703694788630059 0.43344941703104084 -0.37393802241742674 -0.34090908924542573 -0.15595054960985236 -0.28854475450465883 -0.014923845579174042 -0.02604324492814385 -0.47550925218306728 -0.0026719984775289162 0.28061775635051872 0.016030167020791311 -0.45002850394041072 0.38307345917478525 0.57770143347560488 0.25989778733831115 0.4071318113616918 -0.030477144244055693 -0.11302261898190238 -1.0923817078180491 0.23156837001814665 -0.16528571411708468
leaf_weight=37 24 68 105 52 49 40 23 138 49 38 30 40 22 39 36 45 27 86 37 24 28 27 40 80 82 20 21 34 25 20
leaf_count=37 24 68 105 52 49 40 23 138 49 38 30 40 22 39 36 45 27 86 37 24 28 27 40 80 82 20 21 34 25 20
internal_value=8.65177e-05 0.00231325 -0.0193007 0 -0.00662983 0.00989691 0.00788845 0.00491803 0.00154839 0.0024569 -0.006375 0.00159574 0.00237864 0 0.00238854 -0.00205263 0.00607438 0.00119205 0.00508065 -0.0117188 -0.0129231 0.0140217 0.00830769 0.00357143 0.00912 0.012233 0.0073125 -0.00232558 -0.007125 0.00326087
internal_weight=1386 1244 142 954 180 290 250 182 774 695 79 657 617 376 313 189 241 150 123 63 64 91 64 125 124 102 159 128 79 45
internal_count=1386 1244 142 954 180 290 250 182 774 695 79 657 617 376 313 189 241 150 123 63 64 91 64 125 124 102 159 128 79 45
is_linear=0
shrinkage=0.03


Tree=70
num_leaves=31
num_cat=0
split_feature=0 0 27 24 18 24 8 3 3 22 16 28 29 6 10 2 18 3 1 26 10 0 3 3 18 21 2 23 10 10
split_gain=55.1048 19.0618 10.812 11.0143 8.74229 8.28046 11.9965 14.7694 11.4755 8.24622 8.14965 7.95883 7.50902 7.57218 7.29215 7.05505 8.69538 7.00151 6.59848 6.42224 9.65581 13.0185 7.34392 14.6705 6.9052 5.39421 5.10979 4.86539 4.86324 6.49964
threshold=111.50000000000001 332.50000000000006 0.65000000000000002 0.81408451933196979 11.950000000000001 0.99140711019144623 179.35714285714289 234.50000000000003 298.50000000000006 2.0500000000000003 10999.500000000002 0.51297097409535064 -0.97874870457683594 131.50000000000003 83.125000000000014 383.50000000000006 15.050000000000002 248.50000000000003 366.50000000000006 32.250000000000007 345.19500000000005 356.50000000000006 337.50000000000006 367.50000000000006 9.5500000000000025 39.250000000000007 379.50000000000006 9.2500000000000018 152.12000000000003 260.54000000000008
decision_type=2 2 2 2 2 2 10 10 10 2 10 2 2 10 10 10 2 10 10 2 10 2 8 10 2 2 10 2 10 10
left_child=14 2 3 9 19 6 -5 -8 17 25 11 15 -4 -14 -1 18 -17 -9 -6 20 21 -3 -22 -24 -25 27 -13 -2 -29 -30
right_child=1 4 12 5 10 -7 7 8 -10 -11 -12 26 13 -15 -16 16 -18 -19 -20 -21 22 -23 23 24 -26 -27 -28 28 29 -31
leaf_value=-0.99531483362694317 -0.022254671499809718 0.17171084010654963 -0.74050172699712369 0.064969157649034909 -0.065263798447009552 0.082101035982858256 -0.57021362744288939 -0.21616783016809776 -0.066117850562717989 -0.54283936208157579 1.6444431925443703 0.3045175919004191 -0.49662438980258911 -0.12489584018889985 -0.34278615892239273 0.76513774767275922 -0.46138386306812718 0.072975706055470643 -0.60955496197192416 1.2356929692119265 0.65628562965460246 -0.56317917769790371 -0.3024786024517192 0.76779778313391944 1.6383670885921044 -0.014511084446797894 -0.17482223942934411 0.4978010123655548 0.027926154142139267 0.36585706351475294
leaf_weight=93 27 25 38 36 31 95 66 20 103 26 22 69 29 139 54 24 25 45 22 20 30 28 22 40 50 37 27 41 86 36
leaf_count=93 27 25 38 36 31 95 66 20 103 26 22 69 29 139 54 24 25 45 22 20 30 28 22 40 50 37 27 41 86 36
internal_value=-0.00153518 0.0005 -0.00218182 -0.000193861 0.00557339 -0.00352459 -0.00619926 -0.00868085 -0.00390533 0.0046063 0.00135747 -0.000603015 -0.00811594 -0.00532544 -0.0188514 -0.00640777 0.0018 0.00590909 -0.0138889 0.00986111 0.00811224 -0.00277778 0.0121678 0.00849558 0.0138462 0.00644737 0.00556701 0.00848168 0.0104268 0.00731707
internal_weight=1406 1259 824 618 435 365 270 234 168 253 220 198 206 168 147 102 49 65 53 215 195 53 142 112 90 227 96 190 163 122
internal_count=1406 1259 824 618 435 365 270 234 168 253 220 198 206 168 147 102 49 65 53 215 195 53 142 112 90 227 96 190 163 122
is_linear=0
shrinkage=0.03


Tree=71
num_leaves=31
num_cat=0
split_feature=8 0 23 26 20 0 27 12 6 8 13 17 26 18 18 24 27 26 5 19 28 27 18 25 0 11 26 20 18 18
split_gain=63.1287 18.8231 10.6963 13.1973 13.1044 9.89715 10.0958 10.3979 8.85979 10.1613 8.38496 9.0469 9.16671 11.5758 8.49904 8.05926 7.55884 7.07098 12.251 7.04 6.66079 6.73418 6.12373 8.76826 6.03372 7.5701 6.22956 5.85179 5.70682 5.18416
threshold=146.78571428571431 368.50000000000006 12.65 41.550000000000004 21.550000000000004 95.500000000000014 1.6500000000000001 4.5000000000000009 263.50000000000006 296.35714285714295 1889.5000000000002 27477.845000000005 33.350000000000001 11.65 16.950000000000003 0.99353402350479769 1.0000000180025095e-35 36.250000000000007 236.50000000000003 -0.96359376111369344 0.58481550752069722 1.0000000180025095e-35 17.050000000000004 8.0500000000000025 240.50000000000003 13.500000000000002 34.150000000000013 11.050000000000002 11.250000000000002 15.65
decision_type=8 2 2 2 2 2 2 10 10 10 10 8 2 2 2 2 2 2 10 2 2 2 2 2 2 2 2 2 2 2
left_child=5 2 4 8 22 -1 7 -7 15 -10 11 12 13 16 -14 19 -3 18 28 -4 29 -22 23 -2 26 -26 -21 -15 -6 -11
right_child=1 10 3 -5 17 6 -8 -9 9 20 -12 -13 14 27 -16 -17 -18 -19 -20 24 21 -23 -24 -25 25 -27 -28 -29 -30 -31
leaf_value=-0.92104469128820321 -0.083082343796146457 1.0078349977637151 -0.52343306028925796 0.41968906342207557 0.30881184487374241 0.14572047107580971 -0.6496475556949306 -0.36937686796010039 -0.32609568528258986 -0.0044242281341411172 1.4253432231375023 -0.71577412802121898 1.2010490987386888 0.38949535495320931 0.15569726087819333 0.23639271237723264 -0.14160161288431822 0.29448816556414387 -0.54959102494195777 -0.5617824129564607 -0.077368471086397786 0.15161277138087598 0.70477894107899486 0.32168120043542897 0.45616266648217474 0.004763059435314858 0.045006699253171405 -0.4475423471760831 -0.40621965015210915 -0.27670889399463416
leaf_weight=86 27 93 24 36 21 21 57 33 130 53 41 21 30 30 21 26 20 20 30 70 49 29 43 139 25 65 60 45 39 28
leaf_count=86 27 93 24 36 21 21 57 33 130 53 41 21 30 30 21 26 20 20 30 70 49 29 43 139 25 65 60 45 39 28
internal_value=-0.000806794 0.00175164 -0.000393443 -0.00276846 0.00403125 -0.0165152 -0.0104464 -0.00109091 -0.00391071 -0.00755172 0.00824503 0.0062069 0.007875 0.0047619 0.0190385 0 0.0107895 -0.00432432 -0.00791209 -0.00171429 -0.0024375 0.00379747 0.00842857 0.0057485 0 0.00593407 -0.00412214 -0.00434211 0 -0.00841463
internal_weight=1412 1215 914 595 319 197 111 54 559 289 301 260 239 188 51 270 113 110 90 244 159 78 209 166 220 90 130 75 60 81
internal_count=1412 1215 914 595 319 197 111 54 559 289 301 260 239 188 51 270 113 110 90 244 159 78 209 166 220 90 130 75 60 81
is_linear=0
shrinkage=0.03


Tree=72
num_leaves=31
num_cat=0
split_feature=0 9 16 20 26 23 26 19 17 2 21 17 15 16 16 12 3 20 6 18 0 1 27 12 19 28 19 11 12 26
split_gain=49.4435 20.5444 10.142 9.72652 10.2317 12.0333 8.66261 7.27011 11.1204 8.06988 6.871 6.38768 12.6353 7.38351 14.5649 10.1251 9.09777 7.29596 6.40353 6.54028 5.72447 6.86303 8.98485 7.11851 6.85019 5.68639 6.75506 6.12526 8.32394 5.80595
threshold=92.500000000000014 84.445000000000007 20860.000000000004 6.1500000000000012 40.850000000000001 10.550000000000002 22.650000000000002 -0.33379414889141251 6.4500000000017366 174.50000000000003 19.750000000000004 27477.845000000005 2450.0000000000005 439.00000000000006 371.50000000000006 86.500000000000014 286.50000000000006 15.750000000000002 411.50000000000006 19.150000000000002 269.50000000000006 191.50000000000003 1.0000000180025095e-35 6.5000000000000009 0.80382625221112025 0.93544191479114935 0.79332313182700742 25.500000000000004 36.500000000000007 24.650000000000002
decision_type=2 2 10 2 2 2 2 2 10 10 2 10 8 10 8 10 10 2 10 2 2 10 2 10 2 2 2 2 10 2
left_child=-1 7 3 -3 5 6 10 9 -9 -2 -5 12 13 14 18 -15 -17 -18 19 25 21 22 -10 -24 -23 26 29 -28 -29 -7
right_child=1 2 -4 4 -6 11 -8 8 20 -11 -12 -13 -14 15 -16 16 17 -19 -20 -21 -22 24 23 -25 -26 -27 27 28 -30 -31
leaf_value=-1.0042727285248099 -0.64025002721646318 1.3013426700969248 1.6300802660468372 0.20078177022088425 0.61458024424202273 -0.73116062708908658 0.54275349744726498 0.30281659796416877 0.058494636671003374 -0.061873474044677149 -0.18921591770755752 -0.13959095524223983 0.7614384191431316 -0.44736519012058862 0.4763945634321865 0.052067506565598762 -0.019167228723195252 -0.54433443936493464 0.6574298334014258 0.33710596765282219 0.42196156622060671 0.029085752781530656 0.027293805583814359 -0.80780860255034526 -0.22476348029006202 0.0020682589226731808 0.10265769860000347 -0.46247576689907305 0.31322091468202928 -1.1848013574458507
leaf_weight=86 90 30 25 20 47 29 131 20 73 129 34 36 37 35 32 42 36 31 35 56 34 30 23 20 73 61 43 22 20 26
leaf_count=86 90 30 25 20 47 29 131 20 73 129 34 36 37 35 32 42 36 31 35 56 34 30 23 20 73 61 43 22 20 26
internal_value=-0.000852878 0.000590462 0.00347407 0.00287313 0.0022093 0.0013205 0.00790323 -0.00425963 -0.000985401 -0.00831818 -0.00218182 -0.000940959 -5.92885e-05 -0.00140725 0.00110769 -0.00703448 -0.00245455 -0.00926471 -0.00102389 -0.00267442 -0.00271654 -0.0045 0.000512821 -0.0102273 -0.0100962 -0.00519802 -0.00851064 -0.00313953 -0.0111628 -0.0166071
internal_weight=1406 1320 828 803 773 726 185 492 273 219 54 541 505 468 324 144 109 67 292 257 253 219 116 43 103 201 140 85 42 55
internal_count=1406 1320 828 803 773 726 185 492 273 219 54 541 505 468 324 144 109 67 292 257 253 219 116 43 103 201 140 85 42 55
is_linear=0
shrinkage=0.03


Tree=73
num_leaves=31
num_cat=0
split_feature=10 7 4 20 8 29 28 25 24 23 10 10 6 9 9 14 12 28 16 26 12 10 23 29 26 24 9 19 26 17
split_gain=45.2622 22.043 15.2941 12.7021 13.6471 9.65056 9.38526 9.18203 8.87425 7.60946 7.22006 7.07359 6.96895 9.4793 8.92778 7.07294 7.61952 6.46542 6.32208 6.38654 6.28205 5.73029 5.47677 5.83381 5.38404 5.27976 4.8652 4.0403 9.87405 9.60744
threshold=97.460000000000022 395.16666666666669 121.50000000000001 28.150000000000002 398.00000000000006 0.97263757644091875 -0.71504373327588355 27.150000000000002 -0.061046214993534811 9.5500000000000025 88.52500000000002 352.79500000000002 126.50000000000001 47.505000000000003 56.975000000000001 2.5000000000000004 17.500000000000004 0.99274428880883148 528.50000000000011 20.350000000000005 2.5000000000000004 157.21000000000001 12.850000000000003 -0.23537842981696178 38.45000000000001 0.93038214053199464 71.860000000000014 0.96359376111369366 39.350000000000001 841.23000000000172
decision_type=10 10 10 2 10 2 2 2 2 2 8 10 10 2 2 10 10 2 10 2 10 10 2 2 2 2 2 2 2 10
left_child=2 3 -1 4 5 7 -3 12 -9 -8 20 -7 14 -14 -2 -15 17 22 19 -11 -4 26 25 -24 -5 -17 -18 28 -23 -29
right_child=1 6 10 24 -6 11 9 8 -10 18 -12 -13 13 15 -16 16 21 -19 -20 -21 -22 27 23 -25 -26 -27 -28 29 -30 -31
leaf_value=-0.9076958660237443 0.01506640088299278 1.4829839211667524 -0.27633125767536026 -1.1498061883862198 -0.42905809874138812 1.1695513773308794 1.218330000278242 -0.063389158188756761 0.76930423625002886 -0.053289395122886274 -0.47883116696714112 0.31695887451753718 -0.88085153804300609 0.28871825623559572 -1.0835701617931457 -0.31866597885140008 0.049976273828203403 0.10459085424913184 -0.22788522626586027 1.1857490411195259 0.071099327949696089 0.0078497217452240878 -0.083922432381837941 -0.56570178879184196 -0.01833193008322297 0.39690029359093298 0.56470856669223846 0.0315195658421095 1.0014844381852561 -0.084584220390694603
leaf_weight=93 35 48 49 32 24 32 27 28 38 25 22 27 31 47 34 35 28 21 37 39 25 267 24 63 36 20 26 79 32 78
leaf_count=93 35 48 49 32 24 32 27 28 38 25 22 27 31 47 34 35 28 21 37 39 25 267 24 63 36 20 26 79 32 78
internal_value=-0.00106914 0.0010626 -0.0146842 -0.000606936 0.000278351 0.000856237 0.0108475 6.76437e-05 0.0107463 0.00651163 -0.00618557 0.0125 -0.000803898 3.98936e-05 -0.00985714 0.00074896 -4.45104e-05 -0.00567073 0.00264706 0.00830769 -0.0016 0.00176125 -0.00797203 -0.0126136 -0.0130435 -0.000535714 0.0109091 0.000656455 0.0027 -0.00322785
internal_weight=1402 1213 189 1037 969 945 176 886 66 128 96 59 820 751 69 720 673 163 101 64 74 510 142 87 68 55 54 456 299 157
internal_count=1402 1213 189 1037 969 945 176 886 66 128 96 59 820 751 69 720 673 163 101 64 74 510 142 87 68 55 54 456 299 157
is_linear=0
shrinkage=0.03


Tree=74
num_leaves=31
num_cat=0
split_feature=0 7 27 28 1 24 26 20 25 25 25 20 19 24 20 14 22 4 20 25 22 18 4 19 6 25 22 2 24 1
split_gain=56.1393 22.2993 12.8795 9.79387 9.58255 9.18933 8.80012 7.76256 7.25585 10.2727 12.7543 6.81309 7.45788 13.0877 12.7863 8.70958 9.16408 8.14819 7.84375 6.86161 8.00615 7.59699 6.21159 10.642 7.82214 7.23204 5.81717 5.62244 5.53373 4.91227
threshold=92.500000000000014 381.16666666666669 1.2500000000000002 -0.71504373327588355 140.50000000000003 -0.80382625221112003 36.250000000000007 9.3500000000000032 10.65 14.050000000000002 18.350000000000005 6.8500000000000005 0.96359376111369366 0.6360540003681886 11.450000000000001 1564.5000000000002 8.5000000000000018 306.50000000000006 29.050000000000004 27.350000000000005 1.0000000180025095e-35 9.4500000000000011 315.50000000000006 0.82409480842201688 328.50000000000006 16.250000000000004 0.65000000000000002 342.50000000000006 0.93663652364155514 289.50000000000006
decision_type=2 10 2 2 10 2 2 2 2 2 2 2 2 2 2 10 2 10 2 2 2 2 10 2 10 2 2 10 2 10
left_child=-1 2 11 -3 -4 -6 26 -5 -9 -10 -11 -2 15 17 28 16 18 -14 19 21 -21 -13 23 -23 25 -24 -7 -26 -15 -25
right_child=1 3 4 7 5 6 -8 8 9 10 -12 12 13 14 -16 -17 -18 -19 -20 20 -22 22 24 29 27 -27 -28 -29 -30 -31
leaf_value=-1.1632050578507942 1.0823442600932531 1.4557151566189752 -0.71448736582454453 1.0840509627509181 -0.3552682763032442 -0.73099679641342619 0.46211690031037872 -0.66370085690277791 0.70035867550304309 -0.4041453694094474 0.29416449476099615 0.51876638319521529 0.28352560565269069 -0.15374778105337356 -0.21054748339247339 -0.1714954792329702 -0.54253734457352831 -0.057022684175378799 -0.75540824784845539 0.10165445835447201 0.52010321594690312 -0.11086892834331706 -0.61752406983263308 0.15969140987218167 0.74763812992554701 0.23372235236458408 0.16952159178181672 0.0080194748011922449 0.41152909396599568 -0.079744459836672374
leaf_weight=80 23 59 66 44 82 39 20 25 46 22 31 39 39 20 131 30 27 29 20 24 25 183 23 72 38 26 32 39 35 29
leaf_count=80 23 59 66 44 82 39 20 25 46 22 31 39 39 20 131 30 27 29 20 24 25 183 23 72 38 26 32 39 35 29
internal_value=-0.000943531 0.000545868 -0.00123626 0.00907895 -0.007375 -0.00362069 0.00293478 0.00532544 0.00144 0.0051 -0.00388889 0.00049238 3.61446e-05 -0.00423529 -0.00834225 0.00192708 0.0028022 0.00695652 0.00369942 0.0044489 0.015 0.00326667 0.0020438 -0.000421053 0.00755906 -0.0018 -0.00208333 0.0134615 0.00375 0.00735294
internal_weight=1398 1318 1091 227 239 173 91 168 124 99 53 852 829 254 186 575 545 68 518 498 49 449 410 284 126 49 71 77 55 101
internal_count=1398 1318 1091 227 239 173 91 168 124 99 53 852 829 254 186 575 545 68 518 498 49 449 410 284 126 49 71 77 55 101
is_linear=0
shrinkage=0.03


Tree=75
num_leaves=31
num_cat=0
split_feature=7 9 23 10 13 17 24 20 26 17 1 5 26 17 13 13 15 20 25 13 12 6 10 7 26 20 25 20 23 5
split_gain=48.8229 16.011 15.056 13.6934 11.0266 12.9204 10.9665 10.8487 10.8334 10.6436 9.33181 9.13317 7.70277 10.1333 9.49207 11.0549 8.30418 7.17278 9.09801 6.9201 6.58625 8.50241 8.59841 8.23694 6.5761 5.86024 5.48549 5.62999 9.3526 5.17798
threshold=133.66666666666671 84.445000000000007 10.350000000000003 81.035000000000011 2139.5000000000005 27477.845000000005 -0.8949002852437673 25.150000000000002 22.550000000000004 12708.410000000002 234.50000000000003 114.50000000000001 40.850000000000001 993.42000000000405 185.50000000000003 402.50000000000006 144.50000000000003 29.050000000000004 27.150000000000002 39.500000000000007 384.50000000000006 174.50000000000003 138.98000000000005 175.00000000000003 34.750000000000007 7.6500000000000012 25.850000000000005 24.950000000000003 15.750000000000002 368.50000000000006
decision_type=8 2 2 10 8 10 2 2 2 10 10 10 2 10 10 10 10 2 2 10 10 10 10 10 2 2 2 2 2 10
left_child=3 6 8 -1 5 9 10 -5 29 12 -2 -9 13 16 -15 -16 24 18 20 -18 21 22 -8 -23 25 -4 27 28 -25 -3
right_child=1 2 4 7 -6 -7 17 11 -10 -11 -12 -13 -14 14 15 -17 19 -19 -20 -21 -22 23 -24 26 -26 -27 -28 -29 -30 -31
leaf_value=-0.87653909333504598 -0.64901391844117817 -0.10321499999637922 0.60286006290662264 0.16434936670964603 1.3450191166519621 -0.37018535992418605 -0.42682883807681676 -0.26230536240317531 0.61687370779421824 0.30941640891387179 0.029380696154488815 -1.0848430982212323 0.53290384047076766 -0.51312883037076462 0.77943337762503684 -0.12280973317053963 -0.10909964060044273 -0.8529490526432334 0.30955320050865748 0.49544593593978675 -0.5467222460606922 0.34810878619848379 -0.045966708520869162 0.076786593064453249 0.036445741814989101 -0.077352126041572544 0.36092883747145721 -0.3994371285296634 -0.26724296613347304 0.18030250395582129
leaf_weight=89 50 23 42 28 20 31 30 37 143 49 25 27 32 59 29 21 20 21 40 72 21 32 38 48 65 185 27 28 46 25
leaf_count=89 50 23 42 28 20 31 30 37 143 49 25 27 32 59 29 21 20 21 40 72 21 32 38 48 65 185 27 28 46 25
internal_value=-0.000833333 0.00132461 0.00374541 -0.0153297 0.00148562 0.000742574 -0.00353808 -0.00709677 0.0110937 0.00177391 -0.0138158 -0.0138462 0.000513308 -0.000425101 -0.00845455 0.00117647 0.00187013 -0.0011747 0 0.00967742 -0.00199262 -0.0006 -0.00956522 0.0028022 -0.000614334 -0.00302632 -0.0002 -0.00292683 0.000631579 -0.00122449
internal_weight=1403 1222 816 181 625 605 406 92 191 574 75 64 525 493 109 50 384 331 310 92 270 249 68 181 292 227 149 122 94 48
internal_count=1403 1222 816 181 625 605 406 92 191 574 75 64 525 493 109 50 384 331 310 92 270 249 68 181 292 227 149 122 94 48
is_linear=0
shrinkage=0.03


Tree=76
num_leaves=31
num_cat=0
split_feature=0 27 9 19 3 10 12 12 18 14 26 28 13 29 14 28 23 24 19 23 25 26 24 4 23 29 9 24 7 5
split_gain=43.9041 17.0746 13.2882 9.89718 7.68199 6.00976 5.97796 5.28583 5.06409 7.04107 6.04528 9.95815 9.86041 9.11598 9.68981 7.07173 6.51322 13.7444 9.17887 7.66008 6.16677 6.01182 7.53975 6.42222 6.2888 10.1226 5.94657 5.88485 5.36338 4.90306
threshold=92.500000000000014 1.2500000000000002 293.61000000000007 0.81408451933196979 243.50000000000003 256.76500000000004 134.50000000000003 1.5000000000000002 11.65 1.5000000000000002 37.650000000000013 0.70290292807158605 74.500000000000014 -0.52765736634565841 73.500000000000014 0.84313847884979054 15.550000000000002 0.87032255546191728 0.89490028524376763 18.250000000000004 22.850000000000005 33.250000000000007 0.99687937417578498 199.50000000000003 10.350000000000003 0.97263757644091875 51.455000000000005 0.73724926354828246 218.16666666666671 379.50000000000006
decision_type=2 2 2 2 10 10 10 10 2 10 2 2 10 2 10 2 2 2 2 2 2 2 2 10 2 2 2 2 10 10
left_child=-1 2 8 4 7 -6 -4 -3 21 26 13 12 28 14 -11 -13 -15 -18 19 -19 -17 22 24 -23 29 27 -10 -26 -12 -2
right_child=1 3 6 -5 5 -7 -8 -9 9 10 11 15 -14 16 -16 20 17 18 -20 -21 -22 23 -24 -25 25 -27 -28 -29 -30 -31
leaf_value=-0.9813560685962659 0.06511275061975795 -0.31956650539532178 0.70408438462979861 0.031424368214040543 0.11318850062457286 -0.29004846756640373 2.4195146962268081 -0.69721611051530219 -0.068996220665489286 -0.11293166202826924 -0.025435172820415061 0.85774659216647187 -0.10106285063425716 0.022787125242114212 -1.5573963619367066 0.65196919464694669 0.034950923830803615 0.32802586243847909 -0.2712577969797178 -0.22085109381026938 -0.013518624967530569 -0.00060841242683352449 0.42904420377875141 0.66845198898888614 0.10648869963530899 0.59776649745767829 0.3838577587366872 -0.20866622991752762 0.66096782608327442 1.2241258666384178
leaf_weight=75 52 51 30 52 36 22 29 82 20 26 20 32 64 282 23 20 42 21 75 24 36 21 22 44 29 25 20 71 22 28
leaf_count=75 52 51 30 52 36 22 29 82 20 26 20 32 64 282 23 20 42 21 75 24 36 21 22 44 29 25 20 71 22 28
internal_value=-0.00111668 0.00015885 0.00177943 -0.0070082 -0.0101563 -0.00101695 0.0155 -0.0141045 0.000970588 -0.000370879 -0.00109012 0.00338462 -0.00280374 -0.00285425 -0.015 0.0107865 -0.00148315 -0.00625767 -0.011405 -0.000652174 0.00421053 0.00430034 0.00197368 0.0122727 0.000145631 -0.00404762 0.0117073 -0.00831683 0.00837209 0.00666667
internal_weight=1396 1321 1078 243 191 58 59 133 1019 727 687 194 106 493 49 88 444 162 120 45 56 292 227 65 205 125 40 100 42 80
internal_count=1396 1321 1078 243 191 58 59 133 1019 727 687 194 106 493 49 88 444 162 120 45 56 292 227 65 205 125 40 100 42 80
is_linear=0
shrinkage=0.03


Tree=77
num_leaves=31
num_cat=0
split_feature=20 0 23 24 13 16 2 8 25 4 2 29 25 11 12 6 3 25 19 18 17 22 12 23 8 5 6 0 9 2
split_gain=43.0881 24.9956 15.351 14.4829 9.51939 9.90526 9.47366 10.4382 9.45237 9.15904 7.4451 6.697 6.41759 6.13543 14.5804 9.16083 6.52489 8.82971 5.91416 6.02672 5.87667 5.91235 5.73924 6.8207 6.6118 6.76362 5.71606 5.59603 5.21474 4.7265
threshold=21.750000000000004 92.500000000000014 10.250000000000002 0.52247866957162958 39.500000000000007 193.50000000000003 445.00000000000006 338.00000000000006 26.550000000000004 261.50000000000006 365.50000000000006 -0.83375966452616657 8.0500000000000025 8.5000000000000018 17.500000000000004 183.50000000000003 301.50000000000006 24.250000000000004 0.73724926354828246 11.450000000000001 5.3300000000021912 7.3500000000000005 16.500000000000004 19.350000000000005 242.78571428571431 322.50000000000006 352.50000000000006 419.50000000000006 136.20500000000001 301.50000000000006
decision_type=2 2 2 2 8 10 8 10 2 10 10 2 2 2 10 10 10 2 2 2 10 2 10 2 8 10 10 2 2 10
left_child=2 -2 12 20 5 22 7 18 11 -7 -9 -5 -1 15 -15 -13 17 -16 -6 -20 -3 -22 23 24 -4 -26 -11 -12 -24 -21
right_child=1 3 4 8 6 9 -8 10 -10 26 27 13 -14 14 16 -17 -18 -19 19 29 21 -23 28 -25 25 -27 -28 -29 -30 -31
leaf_value=-0.026483951317724175 -0.95191538653837826 0.13573638570722266 -0.38727338262747069 -0.51195724999353132 0.32012098915000248 -1.2033711661326558 1.1466823752904327 -0.21653162035079135 0.173171775881475 0.099868780138141336 -0.038285696541656193 0.58199683738027119 0.61389546504570602 -0.58369149710587431 0.0077777867867413874 -0.03503637966826275 0.49690284497724063 -0.59600702669458083 -0.28954273872190184 0.084188575570282184 -0.30988807122225237 -0.78561873202735966 0.25036099610840012 -0.4933409634588648 0.47969745090500138 -0.030284324880291251 -0.12342057557782084 1.5815830044924493 -0.023438568099316513 0.37090593544720518
leaf_weight=33 81 26 26 22 29 27 42 48 76 37 51 23 155 22 41 24 37 27 22 31 252 29 51 21 26 29 41 24 23 22
leaf_count=33 81 26 26 22 29 27 42 48 76 37 51 23 155 22 41 24 37 27 22 31 252 29 51 21 26 29 41 24 23 22
internal_value=-0.00124375 -0.00680787 0.00373478 -0.00460345 0.00119782 -0.00265957 0.00522222 0.00276316 0.00043956 -0.00990566 -0.00314516 -0.00304569 0.0111111 -0.00102857 -0.00445312 0.008125 0.000283019 -0.00521739 0.00971429 0.00513158 -0.00905844 -0.0103191 0.00169492 -0.00291262 0.00109756 0.00696429 -0.00455696 0.00276316 0.008 0.0105556
internal_weight=1398 660 738 579 550 281 269 227 272 105 123 196 188 174 127 47 105 68 104 75 307 281 176 102 81 55 78 75 74 53
internal_count=1398 660 738 579 550 281 269 227 272 105 123 196 188 174 127 47 105 68 104 75 307 281 176 102 81 55 78 75 74 53
is_linear=0
shrinkage=0.03


Tree=78
num_leaves=31
num_cat=0
split_feature=0 27 1 18 8 8 8 13 24 4 1 9 16 19 10 4 24 14 14 14 10 16 11 5 25 20 24 26 20 24
split_gain=43.8447 21.3004 12.2016 9.98022 8.9577 11.4533 15.2432 11.0907 7.08209 6.98255 8.4692 5.51027 5.32976 5.32631 6.93117 5.17997 5.13393 4.8963 5.14265 9.54088 7.41814 6.19848 5.7083 5.57191 10.679 7.85697 7.04602 6.37197 11.3597 10.1413
threshold=92.500000000000014 1.2500000000000002 140.50000000000003 9.4500000000000011 442.50000000000006 411.35714285714295 372.9285714285715 1564.5000000000002 -0.29237170472273682 326.50000000000006 423.50000000000006 284.66000000000003 335.50000000000006 0.66259481767468265 159.60000000000002 373.50000000000006 -0.87032255546191706 2.5000000000000004 8.5000000000000018 11.500000000000002 125.35000000000001 169.50000000000003 1148.5000000000002 218.50000000000003 28.250000000000004 27.250000000000004 -0.35836794954530043 37.550000000000004 23.350000000000005 0.77159520228797451
decision_type=2 2 10 2 8 10 10 10 2 8 10 2 10 2 10 10 2 10 10 10 8 10 2 10 2 2 2 2 2 2
left_child=-1 3 -3 9 5 6 7 17 13 -2 15 -6 -8 14 16 -11 -4 -5 -19 -20 21 -21 23 24 26 27 -22 28 29 -25
right_child=1 2 8 4 11 -7 12 -9 -10 10 -12 -13 -14 -15 -16 -17 -18 18 19 20 22 -23 -24 25 -26 -27 -28 -29 -30 -31
leaf_value=-0.94220925729607907 0.45312443144460129 -0.70103201370079515 -0.25173062768330945 0.29227116441091139 0.054747040750297626 -0.4213916880680364 0.28283602835542293 -0.50772452943771551 0.067703081112131538 -0.45097607424056035 1.0046227405868331 2.5198629869202112 1.0250062193219684 0.10103877565515461 -0.73663256322559845 0.17438767353047807 0.20866139418980623 -0.21114071659860242 0.25096013958262914 -0.11500218723483727 0.033144721526208509 0.25369726009220184 0.38346189953974458 0.36517047574890399 0.14694986958923023 -0.54984389797627531 -0.51521307138295491 0.17080520491457662 -0.6993478400896157 -0.029745726436964617
leaf_weight=85 43 69 20 59 25 41 33 22 50 20 23 23 60 35 43 25 27 69 37 20 25 32 22 65 22 32 68 89 23 184
leaf_count=85 43 69 20 59 25 41 33 22 50 20 23 23 60 35 43 25 27 69 37 20 25 32 22 65 22 32 68 89 23 184
internal_value=-0.00122845 0.00013772 -0.00783673 0.00197554 0.000976891 0.000298673 0.00104287 -0.000350649 -0.00357955 0.0104464 0.00434783 0.0134694 0.0124468 -0.00738095 -0.0112088 -0.00326087 -0.003125 0.000280749 -0.000435414 0.000435484 -0.00051458 0.0101887 -0.00158192 -0.00223969 -0.00801724 -0.000532995 -0.0124468 0.000745856 -0.00153846 0.00036
internal_weight=1391 1306 244 1062 951 903 862 769 175 111 68 48 93 125 90 45 47 747 688 619 582 52 530 508 115 393 93 361 272 249
internal_count=1391 1306 244 1062 951 903 862 769 175 111 68 48 93 125 90 45 47 747 688 619 582 52 530 508 115 393 93 361 272 249
is_linear=0
shrinkage=0.03


Tree=79
num_leaves=31
num_cat=0
split_feature=0 20 8 29 10 26 29 3 26 15 20 19 21 26 24 26 27 5 6 5 19 24 21 13 3 29 26 0 3 20
split_gain=38.1558 17.6262 15.649 9.97524 9.03658 11.141 7.78038 7.48438 7.19063 10.2334 11.4858 9.88591 7.98285 12.1403 6.0712 5.64098 7.85202 8.47121 7.62788 6.3125 5.63507 6.80807 6.48527 6.93879 7.25699 6.346 8.27947 7.88246 8.71235 6.03198
threshold=183.50000000000003 25.350000000000005 451.64285714285717 -0.97111920233974802 163.75000000000003 32.650000000000013 0.29958852271690523 123.50000000000001 38.650000000000013 171.50000000000003 27.450000000000003 0.97988739209073494 34.250000000000007 33.150000000000013 0.64942331933852337 33.550000000000004 1.0500000000000003 254.50000000000003 334.50000000000006 223.50000000000003 0.99901018088683491 -0.19936034309715217 20.050000000000004 234.00000000000003 340.50000000000006 0.48877522411129348 30.050000000000004 339.00000000000006 368.50000000000006 7.7500000000000009
decision_type=2 2 8 2 8 2 2 8 2 10 2 2 2 2 2 2 2 8 10 10 2 2 2 10 10 2 2 2 10 2
left_child=1 6 3 -2 5 -3 -1 -7 12 -10 11 14 13 20 -11 -14 17 19 -19 -17 21 25 29 -24 -25 26 -5 -27 -29 -23
right_child=2 4 -4 8 -6 7 -8 -9 9 10 -12 -13 15 -15 -16 16 -18 18 -20 -21 -22 22 23 24 -26 27 -28 28 -30 -31
leaf_value=-0.15523189884024333 -0.54319834284743196 -0.47970369169039601 1.3507976781716462 -0.80355531947256109 -1.3497036916903959 0.12833690538162743 0.08333197076014158 -0.19497998029681027 0.97966411584655111 0.0031095502784992844 -0.41075256214442801 -0.041210377765023051 -0.96793555731795489 0.51201415486598112 0.69355091811955127 -0.39571316255612954 0.12791968196210476 -0.46280303679519191 -0.0029401791518523621 0.13618397953613054 0.3636093681516962 0.6444261611706289 -0.11814355068954682 -0.11462702517378033 0.79383426908794597 0.76767537676766717 0.13159920777802014 -0.036889203640755 0.56843118038894658 -0.021985402945557835
leaf_weight=129 43 53 54 23 73 21 23 46 40 27 20 25 20 60 34 26 24 39 27 21 37 38 247 21 43 32 38 32 32 32
leaf_count=129 43 53 54 23 73 21 23 46 40 27 20 25 20 60 34 26 24 39 27 21 37 38 247 21 43 32 38 32 32 32
internal_value=-0.000999276 -0.00962428 0.00188224 0.00100815 -0.0156186 -0.0104132 -0.00196078 -0.00220588 0.00166134 0.0077551 0.00280374 0.00758621 0.000529634 0.0020283 0.0140323 -0.00550633 -0.00326087 -0.00657895 -0.0134328 0.003125 0.000677083 -0.000111317 -0.00227749 -0.00413462 0.00461538 0.00512658 -0.00241935 0.00989691 0.00369231 0.00591549
internal_weight=1380 345 1035 981 193 120 152 67 938 146 106 86 792 635 61 157 137 113 66 47 575 538 381 311 64 157 61 96 64 70
internal_count=1380 345 1035 981 193 120 152 67 938 146 106 86 792 635 61 157 137 113 66 47 575 538 381 311 64 157 61 96 64 70
is_linear=0
shrinkage=0.03


Tree=80
num_leaves=31
num_cat=0
split_feature=0 20 23 4 26 19 11 9 6 1 4 11 24 19 4 4 16 26 15 1 6 16 18 3 6 3 21 6 26 6
split_gain=39.9018 18.0115 13.1301 10.3844 9.75466 9.46569 10.2607 8.42508 9.09576 9.6869 7.66824 10.205 7.18932 7.79834 7.08729 8.09078 7.92097 7.16077 9.20945 7.10673 6.60269 6.52793 6.34701 5.64091 8.24647 8.22098 5.60191 9.31951 6.81356 6.22387
threshold=95.500000000000014 25.750000000000004 12.65 368.50000000000006 40.850000000000001 0.66259481767468265 12.500000000000002 276.86500000000007 206.50000000000003 292.50000000000006 268.50000000000006 12.500000000000002 0.95368063612909459 0.56638466991089664 269.50000000000006 319.50000000000006 169.50000000000003 20.350000000000005 112.50000000000001 273.50000000000006 315.50000000000006 482.00000000000006 17.050000000000004 434.00000000000006 375.50000000000006 466.00000000000006 30.150000000000002 309.50000000000006 22.250000000000004 347.50000000000006
decision_type=2 2 2 10 2 2 2 2 10 10 8 2 2 2 10 10 10 2 10 10 10 10 2 10 8 10 2 8 2 10
left_child=-1 2 3 10 7 20 -7 8 9 12 11 -2 13 -4 19 16 -16 -17 -19 22 -3 -18 -10 24 -5 -25 27 -12 -29 -30
right_child=1 5 4 23 -6 6 -8 -9 14 -11 26 -13 -14 -15 15 17 21 18 -20 -21 -22 -23 -24 25 -26 -27 -28 28 29 -31
leaf_value=-0.72835128716932795 -0.14059109007576481 -0.41834585271692604 -0.52811046525932492 0.43667612269261552 0.89622517961070791 0.34270347658639239 -0.076537730583546584 0.99391834818028135 -0.20589228669953327 0.63207877723305239 0.29821859430359354 0.24466234829333786 -0.1650230119913968 0.13985575943756501 -0.19513036315902438 -0.31160322787987327 0.40215585424013822 0.11479616280954302 -0.19762260295427239 -0.48052331145843269 0.05259996484037003 0.00077995370870951317 0.024797706843723972 -0.28834199908435665 0.96405319157111757 1.2673885497071022 -0.32875324779919551 -0.099479524937732142 -0.12316154448540828 0.62559081276165041
leaf_weight=89 42 142 30 48 22 22 80 25 52 20 38 92 41 48 25 32 30 45 100 48 23 27 30 25 51 29 44 32 23 30
leaf_count=89 42 142 30 48 22 22 80 25 52 20 38 92 41 48 25 32 30 45 100 48 23 27 30 25 51 29 44 32 23 30
internal_value=-0.00101732 0.000323824 0.00212621 0.00593407 -0.000885417 -0.00660448 0.000582524 -0.0016787 -0.00249527 0.00407143 0.00268212 0.008 0.00075 0.00607595 -0.00484615 -0.00196154 0.00578313 -0.0055618 -0.00267123 -0.0105344 -0.0110241 0.0118966 -0.00506024 0.0122727 0.0165 0.00436364 -0.00160714 0.00169355 -0.00383721 0.00277778
internal_weight=1385 1296 1029 454 575 267 102 553 528 139 301 134 119 78 389 259 82 177 145 130 165 57 82 153 99 54 167 123 85 53
internal_count=1385 1296 1029 454 575 267 102 553 528 139 301 134 119 78 389 259 82 177 145 130 165 57 82 153 99 54 167 123 85 53
is_linear=0
shrinkage=0.03


Tree=81
num_leaves=31
num_cat=0
split_feature=27 0 0 20 25 23 11 16 16 16 28 29 10 23 20 12 23 8 11 4 28 28 13 7 1 2 27 4 4 4
split_gain=37.7995 16.7897 16.5166 14.4059 11.3956 15.0738 9.07426 8.16111 8.454 7.88205 12.3881 7.6966 7.8059 6.76786 7.74892 6.35952 5.95184 5.58812 8.35864 5.50467 5.91112 6.00631 5.36338 5.35256 5.01856 7.69539 6.34325 4.50618 7.76171 4.64608
threshold=0.15000000000000005 384.50000000000006 87.500000000000014 27.450000000000003 27.250000000000004 12.750000000000002 643.00000000000011 5369.5000000000009 489.50000000000006 5.5000000000000009 -0.34235669412071207 0.85561368268953431 354.26000000000005 18.350000000000005 25.250000000000004 21.500000000000004 18.950000000000003 334.9285714285715 17.500000000000004 384.50000000000006 0.96687895796550427 0.89404822654372251 1119.5000000000002 393.66666666666669 140.50000000000003 287.50000000000006 0.95000000000000007 108.50000000000001 175.50000000000003 213.50000000000003
decision_type=2 2 2 2 2 2 2 10 8 10 2 2 8 2 2 10 2 10 2 10 2 2 10 10 10 10 2 10 10 10
left_child=1 4 -2 9 5 11 16 8 15 -4 13 17 -13 14 -11 -3 27 18 -1 20 21 24 -19 -10 -12 -26 -27 -7 -29 -30
right_child=2 7 3 -5 -6 6 -8 -9 23 10 19 12 -14 -15 -16 -17 -18 22 -20 -21 -22 -23 -24 -25 25 26 -28 28 29 -31
leaf_value=-0.22739602151781241 -1.3512296228153426 -0.035982971793567346 0.25071760727202741 -0.82063501707353537 0.14055175975023146 -0.46653359079610446 0.24858344033498397 1.1185713383031255 0.26790443973740991 0.046875638430786633 -0.56119102761115369 0.6336036527583494 -0.039059850834541977 -1.4774616303340919 -0.38664233160532557 0.96320153138604436 -0.13234263728270831 -0.47575035352719025 0.1563588987691385 0.65512808030788905 0.29439139551879689 -0.82919784374659777 0.17952034037040904 -0.23334211947944994 0.11440335744344196 -0.11580594871205221 0.0076071129520670407 0.15081924652512341 -0.57895199556813604 -0.0059876092150511796
leaf_weight=47 52 22 20 59 60 20 40 72 25 35 26 60 24 24 58 65 91 22 120 20 26 22 20 26 59 20 35 32 30 177
leaf_count=47 52 22 20 59 60 20 40 72 25 35 26 60 24 24 58 65 91 22 120 20 26 22 20 26 59 20 35 32 30 177
internal_value=-0.000914894 0.00248428 -0.00800875 -0.00592593 0.000362903 -0.000745614 -0.00460358 0.00995261 0.00561151 -0.00355491 -0.00469325 0.00438776 0.012 -0.0124576 -0.00861702 0.01125 -0.00615385 0.00128571 0.00375 -0.000287081 -0.00190476 -0.00404908 -0.00837209 -0.00403846 -0.00170213 0.00104348 -0.00696429 -0.00380769 -0.002625 -0.00475962
internal_weight=1409 953 456 404 743 683 390 210 138 345 325 293 84 117 93 87 350 209 167 208 188 162 42 51 140 114 55 259 239 207
internal_count=1409 953 456 404 743 683 390 210 138 345 325 293 84 117 93 87 350 209 167 208 188 162 42 51 140 114 55 259 239 207
is_linear=0
shrinkage=0.03


Tree=82
num_leaves=31
num_cat=0
split_feature=8 16 27 17 17 20 28 20 24 16 20 14 12 14 22 6 5 15 24 16 25 1 10 28 9 11 11 24 3 9
split_gain=41.6547 17.0525 11.2119 9.46165 8.2755 8.2646 7.49261 7.68063 6.9952 10.6557 7.23144 7.18387 9.11176 9.51605 10.1673 7.47066 10.7013 7.28733 7.0227 6.80966 6.78196 6.73469 6.44113 9.11317 6.23897 6.22237 8.70892 8.28978 6.03136 5.83473
threshold=105.92857142857144 11201.500000000002 1.7500000000000002 27477.845000000005 21228.165000000005 7.2500000000000009 -0.58482361983252518 27.450000000000003 0.81408451933196979 87.500000000000014 27.150000000000002 2.5000000000000004 28.500000000000004 23.500000000000004 0.8500000000000002 252.50000000000003 206.50000000000003 1885.5000000000002 -0.92384435400961373 126.50000000000001 28.850000000000005 140.50000000000003 323.50500000000005 0.83849049182116964 35.555000000000007 132.50000000000003 65.500000000000014 0.9482875459472353 197.50000000000003 157.02000000000004
decision_type=8 10 2 10 10 2 2 2 2 10 2 10 10 10 2 10 8 10 2 10 2 10 10 2 2 2 2 2 10 2
left_child=24 2 3 4 5 -2 -4 21 9 18 -11 -10 13 14 15 16 -13 25 -7 -17 -12 -8 23 -23 -1 26 -14 -28 -20 -15
right_child=1 -3 6 -5 -6 8 7 -9 11 10 20 12 17 29 -16 19 -18 -19 28 -21 -22 22 -24 -25 -26 -27 27 -29 -30 -31
leaf_value=-1.0797448003567123 0.82027722609755949 1.2952016366956485 -0.54970545197495735 -0.11056166699241629 0.96176900683680855 -0.50507864300850458 -0.61207391262884181 -0.73388925505706704 0.10247714918720617 0.142597229953314 -0.30709220370561652 -0.083991557801990663 0.076932126695208755 -0.43953335573415525 0.052089050451415632 -0.98371820595802173 0.31970433256361558 -0.20320619274687146 0.2658668507405656 -0.0030235348522322167 0.12978128720635923 0.37057564106565533 -0.10737629971208833 -0.65938685608523329 -0.37135588267488834 0.25097336337044962 -0.46016210289205017 -2.5204565048397851e-07 -0.62904110016923453 -0.021787669309807141
leaf_weight=46 62 63 51 30 23 22 21 29 42 261 30 23 126 75 20 22 21 37 26 22 20 49 20 28 48 69 23 35 21 23
leaf_count=46 62 63 51 30 23 22 21 29 42 261 30 23 126 75 20 22 21 37 26 22 20 49 20 28 48 69 23 35 21 23
internal_value=-0.00103672 0.000370656 -0.000413961 0.000841393 0.00134462 0.000917431 -0.00693467 -0.00344595 0.000195865 0.00330709 0.00567308 -0.00200371 -0.00301811 -0.00782609 -0.00165138 -0.00606742 0.00266667 0.000412371 -0.00728571 -0.0146667 -0.00470588 0 0.00336735 0.00730769 -0.0202105 0.00224409 -0.000648649 -0.0101695 -0.000625 -0.0145455
internal_weight=1388 1294 1231 1033 1003 980 198 147 918 380 311 538 496 206 108 88 44 290 69 44 50 118 97 77 94 253 184 58 47 98
internal_count=1388 1294 1231 1033 1003 980 198 147 918 380 311 538 496 206 108 88 44 290 69 44 50 118 97 77 94 253 184 58 47 98
is_linear=0
shrinkage=0.03


Tree=83
num_leaves=31
num_cat=0
split_feature=9 5 20 27 5 23 0 26 11 18 5 26 5 11 11 20 2 16 24 5 9 8 2 29 25 15 9 26 29 14
split_gain=35.8713 17.4656 10.7187 15.2798 10.0054 8.46256 7.82178 9.89015 8.51632 8.37187 7.96667 8.3727 7.201 7.1256 6.24273 5.67008 11.6157 7.94697 8.93414 5.57064 5.48161 5.46631 8.24564 5.41533 12.7434 11.104 5.28114 6.19523 8.86018 8.03684
threshold=32.555000000000007 395.00000000000006 27.450000000000003 0.15000000000000005 387.50000000000006 20.150000000000002 183.50000000000003 26.150000000000002 54.500000000000007 17.050000000000004 159.50000000000003 31.350000000000005 88.500000000000014 18.500000000000004 31.500000000000004 11.250000000000002 383.50000000000006 147.50000000000003 0.97625883275952063 307.50000000000006 51.940000000000005 360.64285714285717 312.50000000000006 0.69521084835931835 13.350000000000003 174.50000000000003 71.200000000000017 37.550000000000004 -0.35042475891464198 54.500000000000007
decision_type=2 8 2 2 10 2 2 2 2 2 10 2 10 2 2 2 10 10 2 10 2 10 10 2 2 10 2 2 2 10
left_child=-1 2 4 -4 6 13 8 15 9 10 11 -2 -13 -3 -15 16 17 -8 19 -19 -9 22 -17 -16 25 -25 -22 28 -28 -30
right_child=1 5 3 -5 -6 -7 7 20 -10 -11 -12 12 -14 14 23 21 -18 18 -20 -21 26 -23 -24 24 -26 -27 27 -29 29 -31
leaf_value=-0.71324013079070481 -0.5177875744892928 -0.080368939287018284 0.041866148177072945 -0.81233742418598931 -1.1279673806738395 -0.095740870722605675 0.44014728826665245 -0.47573188097493141 -0.79934158177959902 0.1263533894992713 -0.51807169087907512 -0.36349914307241787 0.15934464344795032 0.68393967936817257 1.2165692687482375 -0.98310325781945407 0.86597742492629348 -0.0093653036286525538 0.3210831169502501 -0.14004989403629678 0.17636109226502128 -0.52932277464066624 0.02280190692560893 -0.1528591055830941 -0.48453719260752959 0.69650324257153606 -0.48503016393148413 0.1796149835119735 -0.0097392786430155805 0.30272511383757944
leaf_weight=66 26 24 36 64 21 23 27 22 30 56 54 22 56 29 49 32 36 23 24 51 71 24 25 29 23 29 31 125 142 115
leaf_count=66 26 24 36 64 21 23 27 22 30 56 54 22 56 29 49 32 36 23 24 51 71 24 25 29 23 29 31 125 142 115
internal_value=-0.000974026 0.000113636 -0.00137343 -0.0106931 -0.000443787 0.00811594 0 0.00152203 -0.00465306 -0.00251163 -0.00603774 -0.00114286 0.00379747 0.0102717 0.0125625 -0.00345679 -0.000185185 -0.00452381 -0.00848485 -0.0136 0.00390533 -0.00987805 -0.00465517 0.00961832 0.0047561 0.0122034 0.00457732 0.00326087 0.00083045 0.00267442
internal_weight=1385 1319 1113 100 1013 206 992 748 244 214 158 104 78 183 159 242 161 125 98 74 506 81 57 130 81 58 484 413 288 257
internal_count=1385 1319 1113 100 1013 206 992 748 244 214 158 104 78 183 159 242 161 125 98 74 506 81 57 130 81 58 484 413 288 257
is_linear=0
shrinkage=0.03


Tree=84
num_leaves=31
num_cat=0
split_feature=8 16 23 6 26 17 29 11 19 26 24 11 27 11 19 25 9 24 27 23 18 19 26 16 8 7 23 29 4 17
split_gain=36.6566 19.2276 12.0132 11.4656 10.2346 7.80447 8.4443 8.94772 9.29224 12.7576 6.96399 7.68395 9.4533 8.09769 7.88176 8.01667 7.32793 6.39977 11.3173 10.6856 8.95893 7.23401 11.2628 6.2956 6.75685 8.0232 5.59282 5.30913 5.10701 5.02315
threshold=101.64285714285715 20860.000000000004 12.65 411.50000000000006 41.550000000000004 27477.845000000005 -0.71502926860092908 61.500000000000007 0.49240481012316878 37.850000000000001 0.9482875459472353 4.5000000000000009 5.3500000000000005 32.500000000000007 -0.47714059151611371 11.15 96.360000000000014 0.87032255546191728 1.2500000000000002 19.550000000000004 18.750000000000004 0.8869770585236475 33.050000000000004 585.00000000000011 256.9285714285715 311.16666666666669 17.350000000000005 -0.96687281075841669 326.50000000000006 18.280000000002776
decision_type=8 8 2 10 2 10 2 2 2 2 2 2 2 2 2 2 2 2 2 2 2 2 2 10 10 10 2 2 10 10
left_child=-1 2 3 10 5 6 7 8 9 26 11 12 -2 28 -15 -16 -17 18 -8 21 -21 22 -19 24 -23 -26 29 -10 -13 -4
right_child=1 -3 4 -5 -6 -7 17 -9 27 -11 -12 13 -14 14 15 16 -18 19 -20 20 -22 23 -24 -25 25 -27 -28 -29 -30 -31
leaf_value=-0.61576547307943696 -0.56423270456959296 1.3571886331227774 0.03365035968871069 0.59298097177323994 0.26286834199406939 -0.27210505170839411 0.17107025949707094 -0.7374688685508215 -0.10962603833528917 0.10676971525356421 0.14503679396253688 0.25986949915750301 0.1020224686193066 -0.34695097036280487 -0.11827344464292025 -0.020352822147583823 0.24130130056253818 -0.011601224284392799 -0.13867857231396982 -0.4529717195444331 -0.0035342728977079216 -0.28547299201234821 0.65119526923373794 -0.31852595351253143 0.16108223331907537 -0.037993336237566379 -0.80585509525661414 0.99578265045061187 -0.10208218882578222 -0.507523402078907
leaf_weight=88 34 24 23 71 50 34 135 53 26 22 128 57 25 36 39 22 58 68 79 48 30 42 38 20 32 31 25 21 24 26
leaf_count=88 34 24 23 71 50 34 135 53 26 22 128 57 25 36 39 22 58 68 79 48 30 42 38 20 32 31 25 21 24 26
internal_value=-0.000914894 0.000340393 -0.000161787 0.00351515 -0.00242537 -0.00330239 -0.002625 -0.00791878 -0.00395833 -0.00927835 0.00162736 -0.000912162 -0.0105 0.00151899 -0.0025 0.00125 0.00666667 -0.000629771 0.00334884 -0.0033871 -0.0129114 -0.00012931 0.00560748 -0.005 -0.00198113 0.00421875 -0.0152 0.006875 0.00914634 -0.009
internal_weight=1409 1321 1297 494 803 753 719 196 143 96 423 295 59 236 155 119 80 523 214 309 78 231 106 125 105 63 74 47 81 49
internal_count=1409 1321 1297 494 803 753 719 196 143 96 423 295 59 236 155 119 80 523 214 309 78 231 106 125 105 63 74 47 81 49
is_linear=0
shrinkage=0.03


Tree=85
num_leaves=31
num_cat=0
split_feature=8 0 20 19 23 29 18 5 6 1 2 7 13 1 4 2 20 19 24 20 25 11 0 5 25 11 11 23 16 16
split_gain=36.877 20.4003 11.9075 12.7558 9.66851 9.64897 8.31587 8.72041 8.11664 7.44194 10.882 8.05999 7.34854 7.2005 6.73756 6.72879 6.70977 6.6574 7.35068 7.35714 8.41715 8.50706 7.30242 5.25915 6.83824 6.35213 9.11034 5.78691 6.67405 9.62093
threshold=101.64285714285715 470.50000000000006 25.250000000000004 -0.77159520228797429 12.65 -0.048362832084465616 16.350000000000005 261.50000000000006 419.50000000000006 442.50000000000006 302.50000000000006 303.83333333333343 16.500000000000004 223.50000000000003 233.50000000000003 268.50000000000006 21.650000000000002 0.99140711019144623 -0.72534675097891077 28.250000000000004 25.850000000000005 51.500000000000007 246.50000000000003 234.50000000000003 22.550000000000004 66.500000000000014 17.500000000000004 8.6500000000000004 143.50000000000003 363.50000000000006
decision_type=8 2 2 2 2 2 2 10 8 10 10 10 10 10 10 10 2 2 2 2 2 2 2 10 2 2 2 2 10 10
left_child=-1 2 4 13 8 6 16 14 23 10 12 -12 -7 -4 -8 -14 -6 18 -5 20 22 -22 -20 25 27 26 -2 -25 -29 -30
right_child=1 -3 3 17 5 9 7 -9 -10 -11 11 -13 15 -15 -16 -17 -18 -19 19 -21 21 -23 -24 24 -26 -27 -28 28 29 -31
leaf_value=-0.67049033565035543 0.01662453840309297 1.2697669032369487 -0.38072664242750331 -0.29919830409185211 0.35795058295158666 -0.50175475865076091 -0.066499229362894138 -0.14982933133257575 0.55404711674261253 -0.26708207600128475 0.26385068577296211 -0.005502353729398805 0.0091809785819773997 -0.068677987061681725 0.23826589917571153 -0.99200172036509482 0.047953529301391386 -0.18463158983321165 -0.62804255964445088 -0.47545647247010492 0.40783540573952121 0.16602584041716512 0.12155999414998277 1.1959046720810331 -0.25212060032255462 -0.0051613426012607983 0.49386028115575242 0.13123392825886951 -0.1249573001059207 0.16054239633701625
leaf_weight=91 29 59 84 50 24 36 32 50 58 22 22 154 66 52 20 26 64 22 22 30 30 31 20 26 21 21 28 30 63 106
leaf_count=91 29 59 84 50 24 36 32 50 58 22 22 154 66 52 20 26 64 22 22 30 30 31 20 26 21 21 28 30 63 106
internal_value=-0.000884892 0.000415704 -0.00041129 -0.00517544 0.00140156 -0.0012766 0.00408377 -0.00174757 0.00501305 -0.00440367 -0.00314754 0.00169492 -0.00976744 -0.0122628 0.00679245 -0.00516129 0.0107865 -0.000436893 0.00146739 0.00514925 0.00894231 0.0159677 -0.00139535 0.00313846 0.00097166 0.00987342 0.015 0.00252212 0.00075 -0.00158824
internal_weight=1389 1298 1239 341 898 516 190 102 382 326 304 176 128 136 52 92 88 205 183 133 103 61 42 324 246 78 57 225 199 169
internal_count=1389 1298 1239 341 898 516 190 102 382 326 304 176 128 136 52 92 88 205 183 133 103 61 42 324 246 78 57 225 199 169
is_linear=0
shrinkage=0.03


Tree=86
num_leaves=31
num_cat=0
split_feature=27 19 9 26 23 3 9 15 2 15 26 5 2 24 3 13 0 14 3 24 25 8 20 0 5 8 3 3 4 26
split_gain=25.9131 13.9227 12.2446 7.94832 8.97541 10.5754 7.9606 7.45159 9.99999 10.0062 10.3458 6.6713 8.72087 6.72147 6.31112 6.15633 5.43129 5.26003 5.05866 9.18 8.59825 7.33139 4.9335 4.76591 4.74933 5.74337 7.80816 6.4874 7.20614 5.72936
threshold=0.15000000000000005 0.87032255546191728 233.89500000000001 41.050000000000004 19.450000000000003 206.50000000000003 84.445000000000007 1.5000000000000002 183.50000000000003 12.500000000000002 32.750000000000007 102.50000000000001 110.50000000000001 0.99140711019144623 463.50000000000006 47.500000000000007 423.50000000000006 12.500000000000002 228.50000000000003 -0.95368063612909437 24.750000000000004 411.35714285714295 25.750000000000004 197.50000000000003 390.50000000000006 325.64285714285717 332.50000000000006 388.50000000000006 308.50000000000006 33.150000000000013
decision_type=2 2 2 2 2 10 2 10 10 10 2 8 10 2 10 10 2 10 10 2 2 10 2 2 8 10 10 8 10 2
left_child=2 7 3 4 11 -6 -5 -2 9 10 22 -1 -13 18 16 -7 -4 -15 20 -20 -14 24 -9 -3 25 26 29 28 -27 -21
right_child=1 23 14 6 5 15 -8 8 -10 -11 -12 12 13 17 -16 -17 -18 -19 19 21 -22 -23 -24 -25 -26 27 -28 -29 -30 -31
leaf_value=-0.46951689509199884 0.15473174919578056 -0.5284105464525376 0.98346514361516479 -0.0059971507950632484 0.030040665355733437 -0.37646401921111844 0.81835525631339634 -0.46330090758674353 -0.073036126134949766 -0.8814266472876654 0.035592339746556401 0.45291507863631919 -0.11533133187319407 0.4915206865545218 1.5849662722604734 -0.10771322324361676 0.13018617286054193 0.07230523214756715 -0.13326033362626474 -0.030661909264241272 0.079883027818437563 -0.39468230534071125 -0.40543361234199604 0.089812519888541539 0.58603929231725083 0.41180189281368029 0.67369592412896162 0.15572612444690606 -0.084135556407114218 0.15841620394249845
leaf_weight=26 20 23 23 27 31 47 34 26 182 79 32 21 84 25 33 29 62 91 26 72 26 32 43 54 46 20 24 36 66 63
leaf_count=26 20 23 23 27 31 47 34 26 182 79 32 21 84 25 33 29 62 91 26 72 26 32 43 54 46 20 24 36 66 63
internal_value=-0.000747863 -0.00658696 0.00209524 0.000798065 -3.91645e-05 -0.00805556 0.011129 -0.0089295 -0.00991736 -0.0149171 -0.00852941 0.00127466 0.00189573 0.00122549 0.0110924 -0.014026 0.00662791 0.00769231 -0.000302419 0.00132124 -0.00594595 0.00258333 -0.015 0.005 0.00393293 0.00244681 0.0061875 -0.00243902 -0.00689655 0.00330882
internal_weight=1403 459 944 826 765 107 61 382 362 180 101 658 632 611 118 76 85 116 495 385 110 359 69 77 327 281 159 122 86 135
internal_count=1403 459 944 826 765 107 61 382 362 180 101 658 632 611 118 76 85 116 495 385 110 359 69 77 327 281 159 122 86 135
is_linear=0
shrinkage=0.03


Tree=87
num_leaves=31
num_cat=0
split_feature=10 27 16 10 6 25 8 1 5 23 1 23 13 26 12 1 20 26 5 21 21 20 19 4 1 28 21 25 28 21
split_gain=28.5166 17.9704 14.1592 8.01178 9.78787 10.2197 10.3997 14.1483 7.72969 6.949 7.22033 6.85192 7.66012 7.44434 7.13378 6.81848 8.55534 7.16898 6.55972 7.02891 10.1274 6.70535 6.03648 5.92817 10.8579 6.51947 8.05286 5.62653 5.71788 6.04287
threshold=41.475000000000009 1.7500000000000002 20860.000000000004 308.78000000000003 204.50000000000003 28.250000000000004 213.28571428571431 136.50000000000003 108.50000000000001 9.6500000000000004 390.50000000000006 13.050000000000002 13.500000000000002 36.45000000000001 8.5000000000000018 140.50000000000003 28.250000000000004 32.750000000000007 232.50000000000003 29.750000000000004 25.550000000000004 8.3500000000000032 0.80382625221112025 268.50000000000006 221.50000000000003 0.63920241694561786 37.95000000000001 13.550000000000002 -0.62588817255938378 33.050000000000004
decision_type=10 2 10 10 10 2 10 10 10 2 10 2 10 2 10 10 2 2 10 2 2 2 2 10 10 2 2 2 2 2
left_child=-1 2 3 4 5 6 7 8 -2 10 -5 13 14 18 -13 17 27 -3 -6 20 21 -20 -21 24 -14 -25 -27 -17 -29 -30
right_child=1 15 -4 9 11 -7 -8 -9 -10 -11 -12 12 23 -15 -16 16 -18 -19 19 22 -22 -23 -24 25 -26 26 -28 28 29 -31
leaf_value=-1.3021849780052086 0.02643442241150069 -0.58505524532854347 1.1330207960632841 0.085428264074853918 0.25379606404541932 0.22127152878920212 0.1330073992024387 -0.072446290539276953 0.44379071151635341 0.12295422746214171 1.7166785138950709 -0.020052281356813636 0.0097306715117233007 0.45370804092113981 -0.33364457277580556 -0.28220904880229281 -0.91693430579134638 -0.20431799620652547 0.67834090258531488 -0.56329440696608912 0.54103180562358033 -0.076805037976737933 -0.0021749097945536278 -0.047857992071454303 -0.4488770068768434 0.0078408927087320994 1.1597886711693237 -0.35639374888010678 0.26968056130827261 -0.036221013160965182
leaf_weight=51 35 47 24 29 35 22 53 106 26 293 32 37 41 24 41 21 22 26 21 26 25 52 23 67 62 56 20 21 50 45
leaf_count=51 35 47 24 29 35 22 53 106 26 293 32 37 41 24 41 21 22 26 21 26 25 52 23 67 62 56 20 21 50 45
internal_value=-0.000690377 0.000130152 0.00166811 0.00117125 -0.000543338 0.00444444 0.00244344 -0.00125 0.0101613 0.00490141 0.0140323 -0.00282486 -0.00553846 0.00144928 -0.0136709 -0.00746781 -0.0039375 -0.015 -0.000655738 -0.00344595 0.00121212 -0.00445946 -0.0126 -0.00291498 -0.00836538 0.00104167 0.00701299 -0.00108696 0.00153846 0.0046875
internal_weight=1433 1382 1150 1126 772 242 220 167 61 354 61 530 324 206 78 232 159 73 182 147 98 73 49 246 103 143 76 137 116 95
internal_count=1433 1382 1150 1126 772 242 220 167 61 354 61 530 324 206 78 232 159 73 182 147 98 73 49 246 103 143 76 137 116 95
is_linear=0
shrinkage=0.03


Tree=88
num_leaves=31
num_cat=0
split_feature=10 9 27 3 9 13 23 26 6 20 23 26 7 11 11 18 25 13 8 5 1 1 26 25 20 13 11 6 26 15
split_gain=25.3335 13.279 9.44298 11.0797 7.1517 7.0303 6.24513 8.45585 7.38532 7.34748 6.97766 7.13988 7.85326 7.87117 6.9619 6.04338 7.86797 8.97555 6.30542 5.96652 5.64392 12.8941 6.13938 5.15722 7.32297 4.98911 7.12317 6.19518 4.80936 8.29189
threshold=47.550000000000004 293.61000000000007 2.3500000000000001 243.50000000000003 40.255000000000003 71.500000000000014 12.65 29.150000000000002 408.50000000000006 17.250000000000004 14.450000000000001 41.550000000000004 204.83333333333334 18.500000000000004 8.5000000000000018 19.950000000000003 9.8500000000000032 23.500000000000004 343.00000000000006 450.50000000000006 145.00000000000003 189.50000000000003 33.350000000000001 25.250000000000004 25.750000000000004 4.5000000000000009 44.500000000000007 257.50000000000006 29.350000000000005 139.50000000000003
decision_type=10 2 2 10 2 10 2 2 8 2 2 2 10 2 2 2 2 10 10 10 10 10 2 2 2 10 2 10 2 10
left_child=-1 2 4 23 -2 -3 8 15 20 -9 14 12 13 -12 -11 16 18 -18 -8 -10 -6 -22 28 -4 -25 -14 27 -27 29 -23
right_child=1 5 3 -5 6 -7 7 9 19 10 11 -13 25 -15 -16 -17 17 -19 -20 -21 21 22 -24 24 -26 26 -28 -29 -30 -31
leaf_value=-1.1206834798470446 0.06124300780798414 0.088336413284114318 -0.7878828473238042 0.071235029371122208 0.3312610378022785 2.0706666929148905 0.41606851470113498 0.20383971922801719 0.70186181340720166 0.043741039856016496 0.036501154249363024 0.28570393383151782 -0.13436508584107612 -0.55188706042961144 -0.40200607616637934 0.21258797163548734 -0.75376408252806693 -0.12174382005305404 -0.085886261835259464 0.20381737690986654 -0.28375146214458086 -0.033354450366342686 0.21814699879310467 0.21661337319172475 -0.32103509736250202 0.70993309693752871 -0.0068735677611644515 0.004829381511579669 -0.14974250096556574 0.36386672664626701
leaf_weight=59 40 21 46 55 25 32 28 37 41 20 36 45 20 40 49 20 30 79 34 22 28 88 60 24 61 46 121 38 54 91
leaf_count=59 40 21 46 55 25 32 28 37 41 20 36 45 20 40 49 20 30 79 34 22 28 88 60 24 61 46 121 38 54 91
internal_value=-0.000431344 0.000427928 -0.000187647 -0.00641711 0.000878317 0.015 0.00039886 -0.0014441 0.00329268 0.000794702 -0.000360577 0.00138329 -0.000298013 -0.00857143 -0.009 -0.00671875 -0.00854651 -0.0133636 0 0.0126562 0.0015562 0.000465839 0.00234694 -0.0111364 -0.00662791 0.00252212 0.00393204 0.0105882 0.000128205 0.0025
internal_weight=1390 1331 1278 186 1092 53 1052 643 409 452 415 346 301 76 69 191 171 109 62 63 346 321 293 131 85 225 205 84 233 179
internal_count=1390 1331 1278 186 1092 53 1052 643 409 452 415 346 301 76 69 191 171 109 62 63 346 321 293 131 85 225 205 84 233 179
is_linear=0
shrinkage=0.03


Tree=89
num_leaves=31
num_cat=0
split_feature=10 0 20 26 24 11 23 23 8 1 15 8 24 29 24 24 16 12 11 5 9 26 23 26 20 24 16 13 23 1
split_gain=26.4491 15.0099 11.8684 11.3037 8.21597 7.59696 7.01415 7.83298 6.13485 11.4134 7.35518 5.64838 4.70536 4.14046 8.05577 7.40272 6.54811 5.4813 6.53378 5.28114 4.10499 4.09305 3.73371 4.35937 9.69522 8.34437 11.8212 8.33533 6.18519 5.8633
threshold=47.550000000000004 473.00000000000006 25.850000000000005 31.850000000000005 -0.80382625221112003 65.500000000000014 16.950000000000003 23.550000000000004 222.71428571428575 121.50000000000001 130.50000000000003 264.71428571428572 -0.59480013772226059 -0.39827153806311183 0.76037701167087512 0.84335933205092506 108.50000000000001 28.500000000000004 33.500000000000007 234.50000000000003 35.555000000000007 18.350000000000005 8.6500000000000004 33.050000000000004 16.950000000000003 -0.16504132135358054 155.50000000000003 16.500000000000004 15.250000000000002 431.50000000000006
decision_type=10 2 2 2 2 2 2 2 10 10 10 10 2 2 2 2 8 10 2 10 2 2 2 2 2 2 10 10 2 10
left_child=20 2 6 -4 -5 8 21 13 9 -6 -10 -7 -9 14 -8 19 -17 -18 -19 -15 -1 -2 -23 24 25 -24 -27 -28 -25 -29
right_child=1 -3 3 4 5 11 7 12 10 -11 -12 -13 -14 15 -16 16 17 18 -20 -21 -22 22 23 28 -26 26 27 29 -30 -31
leaf_value=-1.3378628504806578 -0.041119791931626536 1.0385349857756727 -0.46675380250652204 -0.3401254405265236 -0.2107378017558868 -0.52093824755030527 -0.37585065229304759 -0.19422504495605281 -0.44096458624999824 0.32328197577208084 0.083686436591592042 0.19725998235574763 0.10683501089746869 -0.27078289090727325 0.178397729982845 0.0033459114440685766 -0.39878207500910606 0.16981574393633819 -0.20426842129939585 0.32838191435690206 -0.61284164549058129 0.57164506423908912 0.29363464351245711 0.0088201042718443999 -0.1017553443153352 0.10251543448138249 -0.25437811914227154 0.089548912232746428 0.40193339024764568 -0.32228631954496617
leaf_weight=37 26 52 40 85 23 34 30 20 21 32 21 21 27 22 33 22 41 21 30 38 24 48 68 136 147 53 31 164 47 20
leaf_count=37 26 52 40 85 23 34 30 20 21 32 21 21 27 22 33 22 41 21 30 38 24 48 68 136 147 53 31 164 47 20
internal_value=-0.000678445 0.000199409 -0.000437788 -0.00593525 -0.00340336 0.000784314 0.00105366 -0.00294737 0.00581633 0.0123214 -0.0027907 -0.00803571 0.008125 -0.00516807 0.00140625 -0.00754286 -0.012 -0.0154839 -0.00865385 0.000983607 -0.0198387 0.00259109 0.00302098 0.00242879 0.000929752 0.00373887 0.00133829 -0.00180556 0.0063587 0.000648649
internal_weight=1414 1353 1301 277 237 152 1024 284 97 55 42 55 47 237 63 174 114 92 51 60 61 740 714 666 483 336 268 215 183 184
internal_count=1414 1353 1301 277 237 152 1024 284 97 55 42 55 47 237 63 174 114 92 51 60 61 740 714 666 483 336 268 215 183 184
is_linear=0
shrinkage=0.03


Tree=90
num_leaves=31
num_cat=0
split_feature=4 9 25 9 9 29 13 12 1 1 0 12 26 23 28 17 13 20 24 17 29 16 10 28 3 25 15 28 24 4
split_gain=23.4089 15.0694 11.7017 9.19445 7.9899 10.1383 13.0833 9.46746 9.36746 13.8466 9.63058 7.27379 7.08879 9.64905 10.3521 7.69598 9.26048 7.64063 7.23851 6.79294 7.58897 6.21271 6.17096 6.12795 5.89582 6.48005 5.33194 5.00598 7.99014 10.0432
threshold=228.50000000000003 281.88500000000005 28.250000000000004 32.555000000000007 42.795000000000009 -0.58481178939031186 91.500000000000014 46.500000000000007 223.50000000000003 173.50000000000003 246.50000000000003 47.500000000000007 41.550000000000004 12.550000000000002 0.93237596376505805 432.41000000000008 22.500000000000004 11.750000000000002 -0.92384435400961373 7.0050000000008703 -0.98801846520836312 16.500000000000004 137.80000000000004 0.88220160189607266 384.50000000000006 16.050000000000004 331.50000000000006 0.52766072109828632 0.91702515554752073 319.50000000000006
decision_type=8 2 2 2 2 2 10 10 10 10 2 10 2 2 2 10 10 2 2 10 2 10 10 2 10 2 10 2 2 8
left_child=2 12 3 21 -5 19 7 8 9 -7 -10 -3 13 15 22 16 17 -2 -17 -6 -21 -1 -15 -12 25 -20 -26 28 -24 -30
right_child=1 11 -4 4 5 6 -8 -9 10 -11 23 -13 -14 14 -16 18 -18 -19 24 20 -22 -23 27 -25 26 -27 -28 -29 29 -31
leaf_value=-0.061926293791843105 0.51103276618083582 0.12649476648841754 0.10051447260809994 0.05976948959469567 0.076465814809210428 -0.058391149930473459 0.32047591130177977 -0.94662494336703884 -0.63821755713183048 0.091607671458122861 0.41787022890787512 1.4450394444944066 0.43489210530536893 0.15945343683825966 0.11402624687484092 -0.098508334224414532 -0.36084431236114312 -0.10455765550588722 0.010258925030752266 -0.11485440455690053 -0.57522290603931892 -0.73621406254152333 -0.44108555518234138 -0.72103697614659246 0.98720958270763726 0.25908616091023645 0.52671793652407928 -0.0039172510723699356 0.31490710357659335 -0.10116992292525821
leaf_weight=20 40 23 44 68 25 52 25 32 22 29 21 52 30 31 83 24 35 37 71 35 82 46 95 32 24 69 26 153 28 58
leaf_count=20 40 23 44 68 25 52 25 32 22 29 21 52 30 31 83 24 35 37 71 35 82 46 95 32 24 69 26 153 28 58
internal_value=-0.000382166 0.002625 -0.00533708 -0.00667347 -0.00502358 -0.00682584 -0.00266355 -0.00539683 -0.00229299 0.0047561 -0.00986842 0.0153947 0.00141615 0.000851613 -0.00200445 0.00477064 -0.00159292 0.00423077 0.00809302 -0.013007 -0.0160169 -0.0170149 -0.00418033 -0.00277778 0.0100524 0.00680851 0.0188235 -0.00537313 -0.00873626 -0.00206897
internal_weight=1412 879 533 489 423 355 213 188 156 81 75 75 804 774 448 326 112 77 214 142 117 66 365 53 190 140 50 334 181 86
internal_count=1412 879 533 489 423 355 213 188 156 81 75 75 804 774 448 326 112 77 214 142 117 66 365 53 190 140 50 334 181 86
is_linear=0
shrinkage=0.03


Tree=91
num_leaves=31
num_cat=0
split_feature=9 0 24 9 29 6 10 4 25 16 1 5 6 19 4 10 8 5 25 3 24 19 11 14 8 16 19 0 1 2
split_gain=22.3641 13.5141 8.37946 7.99036 7.66662 6.95267 6.28578 9.03379 7.20555 7.0014 6.0282 5.71173 7.81778 9.61098 8.70104 6.79686 6.35116 10.8542 12.4734 6.91422 9.12349 8.86111 7.06381 6.21771 6.2004 5.8935 5.241 5.04422 6.34181 10.8088
threshold=31.085000000000004 273.50000000000006 -0.92384435400961373 296.07500000000005 0.99681593486783593 188.50000000000003 159.60000000000002 289.50000000000006 26.250000000000004 28.500000000000004 234.50000000000003 485.50000000000006 419.50000000000006 0.99901018088683491 390.50000000000006 323.50500000000005 324.35714285714295 274.50000000000006 11.750000000000002 390.50000000000006 0.9482875459472353 0.91702515554752073 87.500000000000014 41.500000000000007 402.28571428571433 359.50000000000006 -0.382668860952593 197.50000000000003 236.50000000000003 193.50000000000003
decision_type=2 2 2 2 2 8 8 8 2 10 10 8 8 2 10 10 10 10 2 10 2 2 2 10 10 10 2 2 10 10
left_child=-1 2 10 4 5 -3 7 8 -4 -8 -2 12 13 14 16 -16 17 -7 -19 20 22 -22 25 -20 -14 -18 -10 -11 29 -29
right_child=1 3 6 -5 -6 11 9 -9 26 27 -12 -13 24 -15 15 -17 19 18 23 -21 21 -23 -24 -25 -26 -27 -28 28 -30 -31
leaf_value=-0.60688416058781403 -0.58485310470631313 0.17713790864682777 -0.056383026095249415 0.84384006459743888 1.0624535698741555 -0.066283771427441698 0.11830957387520712 0.30214799430688455 0.027496962952423303 -0.33741109016337395 0.021104931260784665 -0.37986170874200692 0.82785400927394448 0.33808337362603397 0.87800215322029251 -0.065906735099867428 -0.40305403052539618 -0.063944169762550296 0.065869063122979687 0.1394075535635298 0.16143935551556352 -0.14297983187134547 -0.49782273007272193 0.68327964718491674 0.095852352924193834 0.30942472153329958 0.19416024785552963 -0.07022081360222443 -0.13750007934055061 0.12812805019031073
leaf_weight=59 60 43 161 51 29 102 25 35 29 92 23 23 41 28 35 37 26 24 29 34 35 21 52 34 30 20 21 42 90 48
leaf_count=59 60 43 161 51 29 102 25 35 29 92 23 23 41 28 35 37 26 24 29 34 35 21 52 34 30 20 21 42 90 48
internal_value=-0.000586957 0.000227101 -0.00296651 0.00310791 0.00218944 0.00146341 -0.00159926 0.00194332 -0.000424528 -0.0045302 -0.0117857 0.000576923 0.00120219 -0.000188285 -0.00126667 0.00821918 -0.00309524 0.000789474 0.00852273 -0.00698413 -0.00967742 0 -0.0151515 0.0154687 0.0104167 -0.00638298 0.00941176 -0.00593407 -0.00298343 0.00263736
internal_weight=1379 1320 626 694 643 614 543 246 211 297 83 571 548 477 449 72 377 189 87 188 154 56 98 63 71 46 50 272 180 90
internal_count=1379 1320 626 694 643 614 543 246 211 297 83 571 548 477 449 72 377 189 87 188 154 56 98 63 71 46 50 272 180 90
is_linear=0
shrinkage=0.03


Tree=92
num_leaves=31
num_cat=0
split_feature=7 9 26 28 3 17 20 19 15 26 26 3 8 20 28 24 14 17 11 12 15 6 3 19 26 18 16 25 24 28
split_gain=23.3168 16.3472 8.78214 7.58957 7.36883 7.31864 7.0145 6.61856 5.93847 6.43935 5.38404 7.17227 10.8387 9.18122 10.6411 9.12873 9.76028 7.839 9.60222 6.43862 13.4506 9.20312 9.95034 7.81114 6.26912 6.00866 7.13997 5.8198 5.72329 5.69564
threshold=118.83333333333336 233.89500000000001 41.550000000000004 -0.94705910369513524 473.00000000000006 397.9750000000023 29.250000000000004 0.9681107762825325 12.500000000000002 32.550000000000004 37.550000000000004 129.00000000000003 128.00000000000003 20.650000000000002 -0.70291267844185523 0.83385407025023295 26.500000000000004 313.99500000000182 65.500000000000014 39.500000000000007 89.500000000000014 257.50000000000006 169.50000000000003 0.73724926354828246 22.150000000000002 17.350000000000005 573.50000000000011 7.4500000000000011 -0.86159635224327535 0.88220160189607266
decision_type=10 2 2 2 10 10 2 2 8 2 2 10 8 2 2 2 10 10 2 10 10 10 8 2 2 2 10 2 2 2
left_child=3 2 4 -1 6 -3 10 -4 9 -5 11 12 -2 14 -13 24 27 -18 -19 20 21 22 28 -24 -16 26 -21 -17 -15 -26
right_child=1 5 7 8 -6 -7 -8 -9 -10 -11 -12 13 -14 19 15 16 17 18 -20 25 -22 -23 23 -25 29 -27 -28 -29 -30 -31
leaf_value=0.13734859130201185 -0.40820057926486059 -0.17840664307306525 0.41266115966026728 -0.40181504925531469 -0.46078079131119037 0.87776841294292007 -0.7251788988394916 -0.0082940630223885137 -0.7750262301372296 0.0088392048155608895 0.023378338922922522 0.35747096263541434 0.36018075595672994 -0.59735905586932525 -0.056400477880952163 0.42959186706868363 -0.47008683848480415 0.0064599509915956328 -0.12942962537621383 -0.71075047128496638 0.17320198367680106 -0.59910134247864744 -0.066808303224393475 0.33326360252963583 0.47947370272909068 -1.0374066100928288 0.00025742401638126464 -0.0047746033803437622 -0.11883633739476679 0.00072047169907875743
leaf_weight=21 29 24 28 39 22 112 24 21 53 31 155 72 32 20 49 29 41 75 51 21 22 36 62 37 54 39 41 109 26 43
leaf_count=21 29 24 28 39 22 112 24 21 53 31 155 72 32 20 49 29 41 75 51 21 22 36 62 37 54 39 41 109 26 43
internal_value=-0.0010148 0.000282353 -0.000895522 -0.0124138 -0.00145872 0.010073 -0.00109551 0.0114 -0.0152419 -0.00929577 -0.000718391 -0.0016198 0.00822581 -0.00235507 5.72519e-05 -0.00165929 -0.00460784 -0.00946429 -0.00566929 -0.0064918 -0.00338235 -0.0060989 -0.00267123 0.0027 0.0044898 -0.0126471 -0.00666667 0.00129496 -0.0140426 0.00887755
internal_weight=1418 1274 1138 144 1089 136 1067 49 123 70 1043 888 61 827 523 451 305 167 126 304 203 181 145 99 146 101 62 138 46 97
internal_count=1418 1274 1138 144 1089 136 1067 49 123 70 1043 888 61 827 523 451 305 167 126 304 203 181 145 99 146 101 62 138 46 97
is_linear=0
shrinkage=0.03


Tree=93
num_leaves=31
num_cat=0
split_feature=10 8 20 24 9 25 23 25 29 18 10 3 6 25 3 9 20 20 5 26 20 24 0 17 14 0 11 18 15 29
split_gain=20.658 16.6243 11.7831 8.03553 14.0531 9.03013 6.98908 8.62846 9.31533 6.89465 6.26686 6.23481 6.68168 5.99102 10.0375 10.9014 9.56704 8.72354 7.10226 6.66462 6.46492 7.41517 6.44172 6.42486 10.9945 8.11146 7.65789 9.34339 6.24593 5.83357
threshold=47.550000000000004 433.78571428571433 27.450000000000003 -0.92384435400961373 79.835000000000022 27.150000000000002 10.250000000000002 8.3500000000000032 -0.11692317777808843 15.850000000000003 291.09000000000009 327.50000000000006 354.50000000000006 16.250000000000004 177.50000000000003 87.865000000000009 25.650000000000002 11.050000000000002 302.50000000000006 32.750000000000007 17.050000000000004 0.99140711019144623 106.50000000000001 3146.1100000000001 34.500000000000007 398.50000000000006 11.500000000000002 16.550000000000004 33.500000000000007 0.97263757644091875
decision_type=10 8 2 2 2 2 2 2 2 2 10 10 10 2 10 2 2 2 10 2 2 2 2 10 10 2 2 2 10 2
left_child=-1 2 3 4 -2 6 7 -5 -9 -4 -6 -10 -13 17 15 16 22 18 -8 -18 -16 23 -15 24 26 -25 27 -22 -24 -20
right_child=1 -3 9 5 10 -7 13 8 11 -11 -12 12 -14 14 20 -17 19 -19 29 -21 21 -23 28 25 -26 -27 -28 -29 -30 -31
leaf_value=-1.0106246588604302 -0.36533516379520009 0.97182935326157149 -0.65196547003129213 -0.093239354116990969 0.11695434760783087 0.15314797143714939 0.41945887963528716 -0.16580035340927721 0.49836327301374722 -0.20763699773273331 -0.11813490613469099 -0.16070001980501444 0.73810536050361919 -0.25530123520686471 0.17574476401796743 -0.75911498924303866 -0.33999714137597181 -0.13420255367017034 -0.096816247898374563 -0.020023941129505687 -0.083443108048580822 0.37509808711435993 0.38863920940877661 -0.10037748991621299 0.17242783197396419 0.70632745658917773 -0.070167306890483436 0.81557774060493382 -0.0029063046374776034 0.1359189018146543
leaf_weight=59 47 76 31 25 45 57 33 40 58 74 36 29 44 24 33 26 25 142 72 24 28 51 28 77 49 20 56 23 24 37
leaf_count=59 47 76 31 25 45 57 33 40 58 74 36 29 44 24 33 26 25 142 72 24 28 51 28 77 49 20 56 23 24 37
internal_value=-0.00027977 0.000494382 -0.000333598 0.000545927 -0.00651163 0.00143275 0.000743034 0.0057868 0.00819767 -0.00990566 0.00109756 0.0120455 0.00608108 -0.000543338 0.00147239 -0.00493421 -0.00119048 -0.004 0.00125874 -0.0114 0.00434911 0.00295082 0.00545455 0.000826772 0.00458599 -0.00520408 -0.000833333 0.0075 0.0113208 -0.00245455
internal_weight=1393 1334 1258 1153 128 1025 968 196 171 105 81 131 73 772 488 151 125 284 142 49 337 304 76 253 156 97 107 51 52 109
internal_count=1393 1334 1258 1153 128 1025 968 196 171 105 81 131 73 772 488 151 125 284 142 49 337 304 76 253 156 97 107 51 52 109
is_linear=0
shrinkage=0.03


Tree=94
num_leaves=31
num_cat=0
split_feature=27 10 10 14 26 19 9 15 13 18 3 29 9 6 7 26 16 24 15 16 18 19 11 3 24 2 22 11 17 14
split_gain=24.5868 13.4179 11.5011 8.66927 8.56833 9.27135 6.87804 7.17458 6.69385 6.50462 7.94462 7.53707 6.92898 10.3552 9.77312 6.87189 6.16695 5.76318 9.31192 8.62941 7.53134 6.38017 5.17446 5.16595 6.80005 5.89224 4.99109 5.31731 6.76277 6.15844
threshold=0.15000000000000005 446.84000000000003 357.80000000000007 272.50000000000006 39.050000000000004 0.99140711019144623 141.21500000000003 1.5000000000000002 326.50000000000006 15.050000000000002 148.50000000000003 0.93158198870884079 119.78500000000001 140.50000000000003 299.16666666666669 27.950000000000003 4592.0000000000009 0.78257835753184646 2574.5000000000005 8003.5000000000009 11.050000000000002 0.9482875459472353 45.500000000000007 171.50000000000003 -0.86159635224327535 271.50000000000006 7.3500000000000005 13.500000000000002 16.330000000000901 30.500000000000004
decision_type=2 10 8 10 2 2 2 10 10 2 10 2 2 8 10 2 10 2 10 10 2 2 2 10 2 10 2 2 10 10
left_child=1 4 3 6 9 16 7 -2 -3 12 -11 -12 13 -1 -14 -15 -6 19 20 -16 21 -19 -22 24 -9 26 27 28 -25 -29
right_child=2 8 -4 -5 5 -7 -8 23 -10 10 11 -13 14 15 17 -17 -18 18 -20 -21 22 -23 -24 25 -26 -27 -28 29 -30 -31
leaf_value=-0.082511118562823074 0.22004669158093151 0.35447418357462734 -0.96687378321226924 0.12188211032701474 0.18582921624220147 -0.028547655473158781 0.19800326167205012 -0.55050627911428396 1.7068226797369974 0.17812713426394594 -0.10780088549685472 0.26532581858497623 -0.27214044477880178 -0.28118250120473431 0.47342849690002647 0.16073055504929698 -0.018175585939601148 0.40075498761194694 0.85366513075737993 -0.29523404298417316 -0.047818930899126713 -0.073732371352394063 -0.25198781304836926 -0.085649761516676789 -0.27185163388554656 -0.2262538950845473 -0.50695679125156468 -0.70290978246755431 0.16474289830847141 0.025999543087254721
leaf_weight=37 21 38 63 29 84 23 30 43 30 29 232 33 37 30 57 104 20 35 27 20 37 30 33 20 81 62 20 25 22 31
leaf_count=37 21 38 63 29 84 23 30 43 30 29 232 33 37 30 57 104 20 35 27 20 37 30 33 20 81 62 20 25 22 31
internal_value=-0.000715318 0.00204909 -0.00649554 -0.00451948 0.00103567 0.00820313 -0.00581461 -0.00708589 0.0147826 -0.000202156 -0.00366102 -0.00530075 0.00207589 0.00680233 -0.000866426 0.0106667 0.012 0.001375 -0.00184049 0.00807692 -0.00507353 0.00227273 -0.011831 -0.0082623 -0.01296 -0.00497238 -0.0010084 0.00181818 0.00976744 -0.00421053
internal_weight=1383 936 447 384 868 127 355 325 68 741 294 265 447 171 276 134 104 239 162 77 135 65 70 304 124 180 118 98 42 56
internal_count=1383 936 447 384 868 127 355 325 68 741 294 265 447 171 276 134 104 239 162 77 135 65 70 304 124 180 118 98 42 56
is_linear=0
shrinkage=0.03


Tree=95
num_leaves=31
num_cat=0
split_feature=10 9 26 13 3 11 21 26 5 29 14 2 25 25 25 2 11 8 13 24 18 26 19 14 17 21 24 18 7 16
split_gain=22.9984 13.4614 8.83568 8.16237 8.97579 6.93544 6.89152 8.98706 12.8515 8.67896 6.24531 6.19432 5.74057 12.9812 6.6197 6.17192 5.60752 11.8791 8.50938 9.32132 7.89058 11.0595 6.95938 8.62481 10.4242 7.01521 6.27287 6.23879 5.12627 5.08659
threshold=47.550000000000004 233.89500000000001 41.550000000000004 36.500000000000007 367.50000000000006 118.50000000000001 40.350000000000001 32.050000000000004 179.50000000000003 0.2499757677084001 2.5000000000000004 177.50000000000003 7.7500000000000009 8.4500000000000011 9.7500000000000018 339.00000000000006 45.500000000000007 184.92857142857147 30.500000000000004 0.59480013772226059 12.65 37.050000000000004 -0.382668860952593 18.500000000000004 15.365000000001766 32.45000000000001 0.1478037830001481 16.550000000000004 283.83333333333343 15678.500000000002
decision_type=10 2 2 10 10 2 2 2 8 2 8 10 2 2 2 10 2 10 10 2 2 2 2 10 10 2 2 2 10 10
left_child=-1 2 6 -3 -5 -4 7 8 -2 16 -10 -12 15 -14 -15 -13 18 -18 22 -20 -19 -22 26 24 -24 -26 -9 -27 -23 -16
right_child=1 3 5 4 -6 -7 -8 9 10 -11 11 12 13 14 29 -17 17 20 19 -21 21 28 23 -25 25 27 -28 -29 -30 -31
leaf_value=-1.0414142290767232 -0.33785992050791563 -0.23833746158006164 0.49967819492398191 -0.032874954564753124 0.85743014150078745 0.18999156521521457 -0.22824531404594836 -0.00143609536555644 0.15779197286632665 0.61026305423129346 -0.53745510270306451 0.6545775053119598 -0.36113399595429257 0.13846967597884882 -0.043763768826090656 -0.010711172470251426 -0.3728039434911446 0.2132019427562693 0.017372723057559936 0.8126867625794707 -0.73415119306910281 0.058789162236953983 0.3849463506948988 0.23965890890597505 0.27715193331417937 -0.37394601170488301 -0.15797014361903308 0.013297490056908714 -0.040066034900976315 0.92105166322530918
leaf_weight=57 95 34 22 24 75 32 61 56 37 30 27 26 27 42 276 30 25 30 36 26 50 50 20 38 25 47 29 31 24 20
leaf_count=57 95 34 22 24 75 32 61 56 37 30 27 26 27 42 276 30 25 30 36 26 50 50 20 38 25 47 29 31 24 20
internal_value=-0.000641483 0.000156018 -0.00084089 0.0091791 0.0135 0.0109091 -0.00139776 -0.000846995 -0.00340792 0.00202703 -0.00141975 -0.00240535 -0.00149289 -0.00286885 -0.00123894 0.00736842 0.00104508 -0.00316667 0.00349515 0.0133333 0 -0.00336 0.00097166 0.00462963 0.000725806 -0.00317308 -0.00593023 -0.00759494 0.004 -0.00282828
internal_weight=1402 1345 1212 133 99 54 1158 1097 580 517 485 448 421 365 338 56 487 179 308 62 154 124 246 161 123 103 85 78 74 296
internal_count=1402 1345 1212 133 99 54 1158 1097 580 517 485 448 421 365 338 56 487 179 308 62 154 124 246 161 123 103 85 78 74 296
is_linear=0
shrinkage=0.03


Tree=96
num_leaves=31
num_cat=0
split_feature=9 10 20 17 24 25 4 0 14 27 23 24 18 19 25 24 8 19 19 4 15 12 23 4 1 4 1 14 4 5
split_gain=18.3545 16.1176 11.077 8.16038 7.97854 7.34205 9.4263 8.01219 8.91176 9.64137 10.5112 9.13743 7.28658 6.70812 6.09815 5.55827 6.12741 4.89911 6.17817 6.18089 5.22304 10.6332 7.10774 5.14213 5.05731 5.44015 9.51868 7.32675 6.58978 13.7494
threshold=233.89500000000001 47.550000000000004 28.250000000000004 397.9750000000023 0.99140711019144623 27.350000000000005 265.50000000000006 173.50000000000003 2.5000000000000004 1.0000000180025095e-35 14.250000000000002 0.54463903501502697 15.250000000000002 -0.81408451933196946 28.350000000000005 0.93038214053199464 433.78571428571433 -0.98321746822993583 -0.90255091666790832 274.50000000000006 35.500000000000007 17.500000000000004 10.250000000000002 259.50000000000006 439.50000000000006 365.50000000000006 301.50000000000006 660.50000000000011 328.50000000000006 315.50000000000006
decision_type=2 10 2 10 2 2 10 2 10 2 2 2 2 2 2 2 10 2 2 10 10 10 2 8 10 10 10 10 10 10
left_child=1 12 4 -2 5 7 -7 8 11 10 -10 13 -1 -3 -4 16 -5 -9 19 -19 -20 23 -23 -22 25 28 -27 -28 29 -24
right_child=3 2 14 15 -6 6 -8 17 9 -11 -12 -13 -14 -15 -16 -17 -18 18 20 -21 21 22 24 -25 -26 26 27 -29 -30 -31
leaf_value=-0.10074336653430478 -0.1666780821636803 0.051057634348693738 -0.98643915931974824 0.15794050718704425 0.12043361266529672 0.11775592187453242 -0.11647002693134212 -0.21261027498138091 0.13799038866503566 -0.42694074149653344 -0.40761042331778324 0.28043835480752749 -1.0878502663288314 -0.41486240614899217 -0.01863808576970058 1.4645622560129765 1.2920337966161277 -0.058480479937370544 0.044742332383351312 0.25406363707551233 -0.16197385581131271 0.11964386555746216 -0.024999626519791603 -0.49465531638168142 -0.29203241855850565 0.47346279489826598 -0.044156030547406432 0.8700608894781533 -0.23664932691121918 0.31098543916783739
leaf_weight=20 26 21 32 40 154 47 20 28 30 69 35 21 34 26 37 34 26 25 103 29 32 88 159 38 22 26 54 20 53 35
leaf_count=20 26 21 32 40 154 47 20 28 30 69 35 21 34 26 37 34 26 25 103 29 32 88 159 38 22 26 54 20 53 35
internal_value=-0.000476534 -0.00157268 -0.000846473 0.0103937 -0.000132042 -0.00113035 0.00838235 -0.00183607 -0.0070936 -0.0115556 -0.00318182 0.00173913 -0.0174545 -0.005625 -0.0124286 0.0142574 0.00895522 -0.000336606 0.000175182 0.00981818 -0.00066561 -0.001875 -0.000196507 -0.0126761 -0.00202703 -0.00112069 0.00475248 -0.0008 -0.00350806 -0.000923077
internal_weight=1384 1258 1204 126 1135 981 67 914 202 134 65 68 54 47 69 100 66 712 684 54 630 527 457 70 369 347 100 74 247 194
internal_count=1384 1258 1204 126 1135 981 67 914 202 134 65 68 54 47 69 100 66 712 684 54 630 527 457 70 369 347 100 74 247 194
is_linear=0
shrinkage=0.03


Tree=97
num_leaves=31
num_cat=0
split_feature=20 26 16 16 7 9 26 20 3 5 21 19 21 16 29 26 18 19 11 8 20 6 26 21 5 16 18 6 20 13
split_gain=19.668 10.4188 9.91034 9.8255 10.3233 8.34813 9.8275 8.68145 7.33345 10.8626 11.6691 9.51304 8.91037 9.59809 8.26184 7.23214 7.19106 8.24606 7.08149 6.58662 6.40634 9.25074 8.55806 9.67093 8.49901 8.51857 6.28571 5.90523 6.48442 5.85133
threshold=24.950000000000003 33.750000000000007 26.500000000000004 34.500000000000007 181.16666666666671 296.07500000000005 31.250000000000004 16.950000000000003 431.50000000000006 389.50000000000006 25.550000000000004 0.95368063612909459 25.050000000000004 544.50000000000011 0.91511078773075516 39.050000000000004 19.750000000000004 0.97988739209073494 62.500000000000007 420.50000000000006 22.250000000000004 320.50000000000006 34.050000000000004 32.45000000000001 277.50000000000006 88.500000000000014 17.350000000000005 357.50000000000006 19.250000000000004 9.5000000000000018
decision_type=2 2 10 10 10 2 2 2 10 8 2 2 2 10 2 2 2 2 2 10 2 10 2 2 10 10 2 10 2 10
left_child=5 2 -2 -3 15 6 7 8 9 10 12 -12 13 29 -10 -5 17 -6 -18 -7 21 22 23 -8 25 -22 -26 28 -9 -1
right_child=1 3 -4 4 16 19 20 27 14 -11 11 -13 -14 -15 -16 -17 18 -19 -20 -21 24 -23 -24 -25 26 -27 -28 -29 -30 -31
leaf_value=-0.032872875151251146 -0.11294711298057607 0.48219648294950157 -0.82830435845789785 -0.48986419613960464 0.11766391124028132 0.015445330029727984 0.20787404688973879 -0.66059497087345109 -0.44725237877420454 0.34698943741465144 0.27589485009566828 -0.025771160955189314 -0.42412907136875855 -0.21234295522832666 0.07816510746802123 0.017719529336185643 0.33331609428433123 -0.031539319953155315 -0.66245952653926932 1.95780783869634 -0.092657270037125414 0.61621042245987234 0.31311971301879921 -0.23622723580571062 0.11086912259163455 0.082127927455652519 -0.22178048046021784 0.2998330705713772 -0.24042702073188352 0.11200769275440194
leaf_weight=39 126 21 81 35 95 20 32 39 31 75 52 32 26 21 32 20 20 23 36 32 27 32 82 31 27 68 35 21 29 152
leaf_count=39 126 21 81 35 95 20 32 39 31 75 52 32 26 21 32 20 20 23 36 32 27 32 82 31 27 68 35 21 29 152
internal_value=-0.000473798 -0.00556769 -0.0105288 -0.00143426 -0.00326087 0.00201923 0.00132353 -0.00114545 0.000520607 0.00203518 -0.000371517 0.00917647 -0.00376569 -0.00169014 -0.00890625 -0.0144643 0.000342857 0.00453782 -0.00842105 0.0135849 0.00537313 0.00926966 0.0059589 -0.00234375 0.000949367 0.0065625 -0.00761905 -0.00966667 -0.013913 0.00046875
internal_weight=1392 457 207 250 229 935 883 549 460 397 322 84 238 212 63 55 174 118 56 52 334 177 145 63 157 95 62 89 68 191
internal_count=1392 457 207 250 229 935 883 549 460 397 322 84 238 212 63 55 174 118 56 52 334 177 145 63 157 95 62 89 68 191
is_linear=0
shrinkage=0.03


Tree=98
num_leaves=31
num_cat=0
split_feature=10 10 19 26 23 27 28 11 3 5 12 23 16 13 2 6 5 3 5 12 2 28 26 20 24 3 13 6 16 10
split_gain=21.4774 14.8268 8.1281 6.92373 10.1407 11.1464 8.21466 9.9839 7.9214 7.66748 6.38961 6.25636 6.23581 9.75625 6.10512 6.01259 6.54508 7.9885 6.39498 6.15724 5.846 5.77332 7.1488 7.48301 10.337 6.46864 7.40134 5.56051 5.53212 5.05135
threshold=47.550000000000004 446.84000000000003 -0.85260769842926909 38.95000000000001 13.350000000000003 2.3500000000000001 0.71503381463111937 145.00000000000003 129.00000000000003 183.50000000000003 56.500000000000007 13.750000000000002 205.50000000000003 44.500000000000007 142.50000000000003 204.50000000000003 396.50000000000006 434.00000000000006 340.50000000000006 18.500000000000004 307.50000000000006 -0.94139628442229062 32.750000000000007 25.850000000000005 0.90255091666790854 134.50000000000003 4.5000000000000009 322.50000000000006 5728.5000000000009 252.70000000000002
decision_type=10 10 2 2 2 2 2 2 10 8 10 2 10 10 10 10 10 10 10 10 10 2 2 2 2 10 10 10 10 10
left_child=2 3 -1 4 5 8 7 10 -2 -10 -5 -6 21 20 -7 -11 18 -18 19 -17 -14 -13 23 24 -23 -24 -27 -26 -21 -20
right_child=1 -3 -4 6 11 14 -8 -9 9 15 -12 12 13 -15 -16 16 17 -19 29 28 -22 22 25 -25 27 26 -28 -29 -30 -31
leaf_value=-0.24272481950529226 0.20097845472672857 0.75804192675304194 -1.0681707391944315 -0.0046532786948418449 -0.40404971120992017 -0.34849527972208322 0.68689101473765957 -0.1544720999022911 -0.17633742258185675 0.40996101979486582 0.26406513897408102 -0.53219702744408426 -0.6918630369383415 -0.041869420568482953 -0.034319014846051342 -0.043165258362927263 0.77332760129417233 -0.070570106155322207 0.011426259557206322 0.13739068045834785 -0.032597037098825013 0.21545629903617794 0.19339508241154874 -0.37526732622908804 -0.043534564315069697 -0.054795444341425817 0.26906013436936249 -0.28398698846866349 -0.074262497792934132 -0.12008236403846609
leaf_weight=20 30 73 40 27 37 31 51 40 36 33 32 24 56 188 41 36 55 26 29 116 34 61 22 26 34 23 54 22 20 58
leaf_count=20 30 73 40 27 37 31 51 40 36 33 32 24 56 188 41 36 55 26 29 116 34 61 22 26 34 23 54 22 20 58
internal_value=-0.00128634 -0.000478723 -0.0186885 -0.00125503 -0.002086 0.000996094 0.00476821 -0.0003 0.00279545 0.00168293 0.0075 -0.00479381 -0.0039633 -0.00709677 -0.00986301 0.00296791 0.00175953 0.00914634 -0.000576923 0.00277457 -0.0151648 -0.000674157 0.000740741 -0.00354167 -0.000254237 0.0069 0.00269231 -0.00947368 0.00569343 -0.00715909
internal_weight=1375 1315 60 1242 1092 511 150 99 439 409 59 581 544 278 72 373 340 81 259 172 90 266 242 143 117 99 77 56 136 87
internal_count=1375 1315 60 1242 1092 511 150 99 439 409 59 581 544 278 72 373 340 81 259 172 90 266 242 143 117 99 77 56 136 87
is_linear=0
shrinkage=0.03


Tree=99
num_leaves=31
num_cat=0
split_feature=10 9 0 8 20 26 19 15 1 23 21 24 20 28 20 10 29 19 15 20 28 26 21 4 29 10 10 10 19 10
split_gain=23.5616 13.9982 7.50061 7.92313 8.16607 7.67951 11.3237 8.9177 9.05076 11.0711 8.74113 7.54436 7.34395 7.33175 8.77932 6.82746 6.98554 8.46646 8.9575 11.8352 10.6566 6.70859 6.88619 6.68849 5.84197 6.31367 9.41048 6.69375 6.19027 6.1988
threshold=47.550000000000004 281.88500000000005 183.50000000000003 411.35714285714295 29.650000000000002 38.45000000000001 0.99901018088683491 190.50000000000003 221.50000000000003 16.850000000000005 40.350000000000001 -0.90992662233962529 7.1500000000000012 -0.73866753694953124 17.750000000000004 200.55000000000004 -0.85225707553516283 -0.4067366430758001 13.500000000000002 24.250000000000004 0.9053161325100999 32.550000000000004 34.750000000000007 395.00000000000006 0.99249573635719013 159.60000000000002 127.45000000000002 169.22000000000003 0.99687937417578498 196.13500000000002
decision_type=10 2 2 10 2 2 2 10 10 2 2 2 2 2 2 10 2 2 10 2 2 2 2 10 2 10 10 10 2 10
left_child=-1 2 11 4 5 6 12 -7 -9 -10 -11 -2 -4 14 -14 16 -13 -18 -19 20 -20 -16 -23 -3 25 26 -15 -27 29 -29
right_child=1 23 3 -5 -6 7 -8 8 9 10 -12 15 13 24 21 -17 17 18 19 -21 -22 22 -24 -25 -26 27 -28 28 -30 -31
leaf_value=-0.94063413435358512 -0.4386883957600537 0.013489122993184423 0.52350351012035612 -0.24358864326552293 -0.66205979227951439 0.97378485016154848 0.42603227742152883 0.27218886385384111 -0.054984276843590578 1.6549190937595204 -0.038822545377866786 0.042908082946699788 0.75603411965564193 -0.045615342347448684 -0.10357564937266403 -0.53426899917011816 -0.33068686148658571 0.32365999836643156 0.15177309834190167 -0.53088000732967278 -0.045375045201727457 0.3170084329801432 -0.089825562134490153 0.80404596658169303 0.56840637169348551 -0.39636099301202277 0.082133539253343602 0.09254109590603718 -0.20560768405318611 -0.062184664403422969
leaf_weight=58 50 27 38 67 20 45 34 21 37 20 34 70 23 41 58 22 59 26 36 24 22 54 23 44 21 22 44 49 20 305
leaf_count=58 50 27 38 67 20 45 34 21 37 20 34 70 23 41 58 22 59 26 36 24 22 54 23 44 21 22 44 49 20 305
internal_value=-0.000763251 4.42152e-05 -0.000676516 0.000614125 0.00135165 0.00178652 0.000491132 0.00778481 0.00318584 -0.000978261 0.00763636 -0.00474194 -0.000343348 -0.00108926 0.0045283 -0.00265385 -0.00113445 -0.00446429 0.000550459 -0.00433735 0.00305085 0.00154412 0.00730769 0.0129167 -0.00286282 -0.00354772 0.00383721 -0.00513854 -0.00416 -0.00321127
internal_weight=1414 1356 1285 976 909 889 732 157 112 91 54 309 698 660 158 259 237 167 108 82 58 135 77 71 502 481 85 396 374 354
internal_count=1414 1356 1285 976 909 889 732 157 112 91 54 309 698 660 158 259 237 167 108 82 58 135 77 71 502 481 85 396 374 354
is_linear=0
shrinkage=0.03


Tree=100
num_leaves=31
num_cat=0
split_feature=17 10 9 6 20 25 4 19 17 16 16 17 6 16 24 9 5 4 19 4 13 9 10 20 14 25 19 2 11 21
split_gain=17.9457 14.0894 14.0566 9.64865 7.94641 8.6539 8.28453 7.77943 9.70825 6.83293 8.51274 6.65857 6.3283 7.83492 8.01117 12.3168 10.7964 6.79307 6.20216 6.0178 6.00641 5.49486 8.2439 5.37502 8.54107 7.67075 5.75062 5.00782 4.98183 5.03424
threshold=387.81000000000228 335.10000000000008 236.94000000000003 379.50000000000006 29.250000000000004 29.150000000000002 221.50000000000003 0.60873824923885345 15.365000000001766 299.50000000000006 335.50000000000006 535.17000000000235 194.50000000000003 406.50000000000006 0.30069434954884205 126.09500000000001 316.50000000000006 356.50000000000006 -0.84335933205092484 360.50000000000006 157.50000000000003 93.530000000000015 292.72000000000008 26.250000000000004 31.500000000000004 25.950000000000003 0.18222858652173771 478.50000000000006 73.500000000000014 29.750000000000004
decision_type=10 8 2 10 2 2 10 2 10 10 10 10 10 10 2 2 10 10 2 10 10 2 10 2 8 2 2 10 2 2
left_child=1 7 4 -3 5 6 18 23 -9 11 -11 -8 -12 -14 21 -16 -17 -18 -2 -10 -19 -15 -23 24 26 -25 -1 -4 29 -20
right_child=2 3 27 -5 -6 -7 9 8 19 10 12 -13 13 14 15 16 17 20 28 -21 -22 22 -24 25 -26 -27 -28 -29 -30 -31
leaf_value=0.01574972307233196 0.11909706287064338 -0.91933455936653041 0.41515357569523187 -0.0072730275461856302 -0.54720636242476628 0.18220242123095048 0.014966800594953042 0.27379156028567692 -0.024462748188177556 -0.49668363120225079 0.30495480336391012 0.31760978080031915 0.26698996287153076 -0.20478723904149149 0.36741576754301403 -0.2396754999075742 0.6272273451225413 -0.16734771122757422 -0.7263865974992807 0.29770146659553576 0.40483986973823188 0.047873897754097922 -0.31313077046609578 -0.42128558031571739 -0.26165164977923133 -0.059709673949496889 -0.2167601087703433 1.2195431575737061 -0.20538911558035977 0.04614562918729774
leaf_weight=139 20 73 81 28 26 20 37 34 212 36 21 30 43 28 73 44 29 21 20 36 38 29 40 25 40 48 21 24 52 33
leaf_count=139 20 73 81 28 26 20 37 34 212 36 21 30 43 28 73 44 29 21 20 36 38 29 40 25 40 48 21 24 52 33
internal_value=-0.00113409 -0.00474886 0.00205094 -0.015 0.000374415 0.00107317 0.000403361 -0.00285971 0.000636042 0.00223404 0.000744417 0.0110294 0.00212534 0.00112717 -0.000594059 0.00276699 -0.00270677 0.00337079 -0.00642857 -0.00144578 -0.0025 -0.00765306 -0.003 -0.00645985 -0.0038806 -0.0133784 -0.000745342 0.0121698 -0.00933962 -0.00277778
internal_weight=1401 656 745 101 640 614 594 555 282 469 402 67 366 345 302 205 132 88 125 248 59 97 69 273 200 73 160 105 105 53
internal_count=1401 656 745 101 640 614 594 555 282 469 402 67 366 345 302 205 132 88 125 248 59 97 69 273 200 73 160 105 105 53
is_linear=0
shrinkage=0.03


Tree=101
num_leaves=31
num_cat=0
split_feature=0 9 17 16 20 25 23 29 0 25 29 10 24 8 20 17 19 23 16 9 1 0 19 19 25 4 25 29 13 20
split_gain=23.8978 13.8223 8.95347 7.507 5.76667 9.92957 5.70693 8.24664 9.39018 7.32661 6.52789 6.0632 8.57129 6.31377 6.67799 6.23945 5.93703 5.39643 6.75346 4.89713 8.95128 4.64576 4.47631 7.45727 4.26935 6.52114 7.03027 4.57739 6.88502 4.36083
threshold=95.500000000000014 233.89500000000001 397.9750000000023 26.500000000000004 28.250000000000004 28.350000000000005 14.65 0.91511078773075516 376.50000000000006 26.950000000000003 0.96177147954086928 249.86500000000004 0.92384435400961407 245.42857142857147 23.750000000000004 7.5700000000016798 0.72534675097891099 11.850000000000003 601.50000000000011 37.725000000000001 140.50000000000003 328.50000000000006 -0.94828754594723497 -0.88697705852364728 27.250000000000004 289.50000000000006 17.850000000000005 -0.6391983530350368 35.500000000000007 24.150000000000002
decision_type=2 2 10 10 2 2 2 2 2 2 2 10 2 10 2 10 2 2 10 2 10 2 2 2 2 10 2 2 10 2
left_child=3 4 -3 -1 6 -6 7 9 -9 22 11 15 13 -13 -15 -8 -14 -4 -19 -17 -21 -16 -2 -24 25 27 -27 -22 -29 -28
right_child=1 2 17 -5 5 -7 10 8 -10 -11 -12 12 16 14 21 19 -18 18 -20 20 24 -23 23 -25 -26 26 29 28 -30 -31
leaf_value=-0.1785545039369397 -0.086099832577284444 -0.2111035404136001 0.91943622404223213 -0.88635435704070398 -0.91160492281065153 0.0026146569737089463 0.15928372497210744 0.77245179097602545 -0.099769942901483263 0.091537834560707548 -0.12439758827097364 0.16794660376490425 0.098374293455907064 0.32965552040680418 0.082897705913867692 0.10157554990962346 -0.13763700696416378 0.82253067662648327 -0.11005746934223111 -0.48588411706508622 -0.46849074757221926 -0.11275455523675759 0.23482911431812567 -0.0081946704553891442 0.12226194241589809 -0.058409438855888424 0.24033688701647335 -0.38561668749817724 0.018233590553354589 -0.03819963891989573
leaf_weight=34 40 24 67 50 34 38 20 60 28 31 22 20 20 42 20 22 55 20 25 31 28 20 31 387 26 33 24 74 31 23
leaf_count=34 40 24 67 50 34 38 20 60 28 31 22 20 20 42 20 22 55 20 25 31 28 20 31 387 26 33 24 74 31 23
internal_value=-0.000825489 0.000185042 0.00919708 -0.0162353 -0.000878553 -0.0090411 -0.000330579 0.0017128 0.0101124 0.000183673 -0.00263672 -0.00189796 0.00252809 0.00815534 0.00433735 -0.00440895 -0.00513158 0.0127434 0.00456522 -0.00552901 -0.00664207 -0.00439024 -0.000784314 0.000143198 -0.004625 -0.00602804 0.000740741 -0.0100746 -0.00707547 0.008125
internal_weight=1380 1296 136 84 1160 72 1088 577 88 489 511 489 177 102 82 312 75 112 45 292 270 40 458 418 239 213 80 133 105 47
internal_count=1380 1296 136 84 1160 72 1088 577 88 489 511 489 177 102 82 312 75 112 45 292 270 40 458 418 239 213 80 133 105 47
is_linear=0
shrinkage=0.03


Tree=102
num_leaves=31
num_cat=0
split_feature=9 9 17 10 28 28 16 23 3 3 13 11 11 21 0 1 1 8 4 29 10 29 22 18 19 29 11 10 29 18
split_gain=17.1648 12.8712 9.09924 6.61154 6.30107 7.35426 6.61792 5.42362 5.27056 7.26834 7.76982 6.82768 5.84994 8.05497 6.40429 8.79455 7.41855 11.138 9.78009 8.25919 6.72332 8.68677 8.90764 10.5882 6.77347 9.21075 7.33024 6.64774 6.47494 5.54622
threshold=32.555000000000007 233.89500000000001 415.95500000000169 47.550000000000004 -0.99275805973510278 -0.99866806308218525 5.5000000000000009 12.950000000000001 431.50000000000006 390.50000000000006 1119.5000000000002 529.50000000000011 145.00000000000003 34.45000000000001 228.50000000000003 220.50000000000003 315.50000000000006 324.35714285714295 227.50000000000003 0.41202506375868281 175.19000000000003 -0.80417042486635371 0.45000000000000007 13.65 -0.90992662233962529 -0.52765736634565841 32.500000000000007 272.39500000000004 -0.89404254237865755 17.750000000000004
decision_type=2 2 10 10 2 2 10 2 10 10 10 2 2 2 2 10 10 10 10 2 10 2 2 2 2 2 2 8 2 2
left_child=3 4 -3 -1 5 -2 -6 -4 9 10 11 12 14 -14 20 -16 27 18 -18 -19 21 22 -8 -24 -23 -26 -27 -17 -22 -30
right_child=1 2 7 -5 6 -7 8 -9 -10 -11 -12 -13 13 -15 15 16 17 19 -20 -21 28 24 23 -25 25 26 -28 -29 29 -31
leaf_value=-1.0879144048660372 -0.040238273043683534 -0.20488374695298886 0.89185313732096572 -0.14212955105843775 0.30600751138020993 0.18468469583477315 -0.31997746904768792 0.09985624634020325 -0.28479753465563246 0.24667249085445064 -0.20332571347778469 0.022284829367693531 0.1081922921263225 -0.082930037032770659 0.13884411637531016 -0.0033428345788036038 -0.34858925000556951 0.23924191287118277 0.42405059695185854 -0.069359257293552329 -0.63908147908983148 0.16693008970818787 -0.0049023784029655817 0.20138777551890491 -0.53712808713738269 -0.0025397857037093275 -0.47485161546552856 -0.084011646005286017 -0.35265705265418146 0.065860053265549112
leaf_weight=29 21 27 75 35 25 25 28 34 61 71 39 72 25 56 48 124 20 22 54 87 34 24 34 44 32 76 21 75 34 26
leaf_count=29 21 27 75 35 25 25 28 34 61 71 39 72 25 56 48 124 20 22 54 87 34 24 34 44 32 76 21 75 34 26
internal_value=-0.00156635 -0.000821293 0.00788321 -0.0166154 -0.00183206 0.00893617 -0.00227714 0.0117273 -0.00262635 -0.00212034 -0.00279713 -0.0022412 -0.00298266 -0.0106098 -0.00218112 0.000278422 -0.00125326 0.00309783 0.012 -0.003 -0.00516949 -0.00265385 0.00392523 0.00911392 -0.00720779 -0.00992308 -0.00520408 -0.00525 -0.012 -0.00590164
internal_weight=1378 1314 136 64 1178 46 1132 109 1107 1046 975 936 864 81 783 430 382 183 74 109 353 259 106 78 153 129 97 199 94 60
internal_count=1378 1314 136 64 1178 46 1132 109 1107 1046 975 936 864 81 783 430 382 183 74 109 353 259 106 78 153 129 97 199 94 60
is_linear=0
shrinkage=0.03


Tree=103
num_leaves=31
num_cat=0
split_feature=10 9 26 18 24 20 25 2 20 2 23 24 20 24 20 26 0 6 26 16 8 24 19 6 17 22 10 6 1 16
split_gain=16.5405 13.7192 9.93833 5.58995 5.49585 9.82882 12.1899 5.76365 8.50242 5.41047 5.14336 6.93787 7.80391 11.0856 5.00831 6.58974 4.96615 4.83857 6.60758 6.04097 5.0709 5.04914 5.44867 5.65699 5.35131 8.75979 8.70258 5.91504 6.6164 5.22361
threshold=1.0000000180025095e-35 233.89500000000001 41.550000000000004 12.350000000000003 0.99140711019144623 12.050000000000002 17.450000000000003 215.50000000000003 23.350000000000005 471.50000000000006 18.250000000000004 0.87032255546191728 23.950000000000003 -0.608738249238853 13.65 22.250000000000004 228.50000000000003 368.50000000000006 19.850000000000005 7157.0000000000009 402.28571428571433 0.9426055981926128 0.91702515554752073 300.50000000000006 3.8000000000008689 2.5500000000000003 157.21000000000001 108.50000000000001 148.50000000000003 17.500000000000004
decision_type=10 2 2 2 2 2 2 10 2 10 2 2 2 2 2 2 2 8 2 10 10 2 2 10 10 2 10 10 10 10
left_child=-1 2 4 9 10 -6 -7 -8 -9 14 17 12 -12 16 15 -3 -14 18 -2 21 -19 24 -23 -24 -20 26 27 -26 -29 -27
right_child=1 3 -4 -5 5 6 7 8 -10 -11 11 -13 13 -15 -16 -17 -18 20 19 -21 -22 22 23 -25 25 29 -28 28 -30 -31
leaf_value=-0.88481266523931335 -0.10612835694189698 0.37502736073537501 0.28697906998332456 -0.11589784815064945 0.37703066382300104 -0.35376206768570995 -0.06162682193994698 0.82101927200070379 -0.0083231542996199427 1.4885084171628755 0.078791133570268526 -0.11964017598157937 -0.79536739443078419 0.10095719897327014 -0.19873723454439926 0.81879681940666382 -0.31608853939713483 0.098486093429365262 0.20758798016737387 -0.15536338339583267 -0.14850652049086308 0.10245614414005047 -0.060312559015313523 0.30184258108891926 -0.36955689546984294 -0.49189742314585855 -0.039634091679827746 0.37835142966419455 0.024268013268491869 -0.14556727228487232
leaf_weight=38 22 37 50 27 40 46 22 22 22 20 58 89 25 41 21 29 24 96 32 29 37 50 43 20 20 27 235 25 62 65
leaf_count=38 22 37 50 27 40 46 22 22 22 20 58 89 25 41 21 29 24 96 32 29 37 50 43 20 20 27 235 25 62 65
internal_value=-0.000741818 -0.000179506 -0.00119701 0.00888889 -0.0017693 0.00352941 -0.00106195 0.00716418 0.0133333 0.0119444 -0.00257742 -0.00642857 -0.00241611 -0.00791209 0.00852273 0.0125373 -0.0174 -0.00137435 -0.00247227 -0.00187192 0.00380597 -0.00118966 0.00447368 -0.00140625 -0.00256959 -0.00344828 -0.00122449 0.00583333 0.00920455 -0.0116129
internal_weight=1374 1336 1202 134 1152 152 112 66 44 107 1000 237 148 90 87 66 49 763 630 608 133 579 113 63 466 434 342 107 87 92
internal_count=1374 1336 1202 134 1152 152 112 66 44 107 1000 237 148 90 87 66 49 763 630 608 133 579 113 63 466 434 342 107 87 92
is_linear=0
shrinkage=0.03


Tree=104
num_leaves=31
num_cat=0
split_feature=10 9 3 26 18 20 25 20 11 15 23 0 15 28 0 4 24 21 21 5 10 11 27 24 14 1 11 9 22 3
split_gain=15.9096 13.5305 7.4883 7.28957 6.54989 6.45652 5.89811 7.24612 5.09499 6.59612 5.03551 6.06507 5.93586 4.97511 4.88604 7.70455 5.58673 4.85375 9.06653 7.02553 7.04155 4.71675 4.702 4.28466 4.26692 4.6019 4.17885 6.61513 6.91405 5.78628
threshold=47.550000000000004 233.89500000000001 343.50000000000006 38.95000000000001 15.250000000000002 27.850000000000005 26.650000000000002 26.550000000000004 842.50000000000011 205.50000000000003 16.950000000000003 230.50000000000003 37.500000000000007 0.19337368024598436 298.50000000000006 291.50000000000006 0.90992662233962551 34.250000000000007 33.550000000000004 248.50000000000003 216.27500000000003 1.5000000000000002 0.95000000000000007 0.87878364999916148 225.50000000000003 271.50000000000006 8.5000000000000018 175.52500000000003 1.1500000000000001 365.50000000000006
decision_type=10 2 10 2 2 2 2 2 2 10 2 2 10 2 2 10 2 2 2 10 10 2 2 2 10 10 2 2 2 10
left_child=4 3 -3 5 -1 6 7 10 9 -5 17 12 -12 -7 15 -13 -16 18 26 20 -19 -8 -23 -14 -11 -26 -2 28 29 -28
right_child=1 2 -4 8 -6 13 21 -9 -10 24 11 14 23 -15 16 -17 -18 19 -20 -21 -22 22 -24 -25 25 -27 27 -29 -30 -31
leaf_value=-0.081573865838516543 -0.095270574975274372 -0.11448503547163909 0.66781536616000581 0.2662522563782842 -0.85826828528213406 -0.95474992005981907 0.094466294829503847 -0.21117931860600678 0.787442622665531 -0.08209989539269387 -0.021632566154598153 -0.044401328785723705 -0.50240132125780446 -0.3138523724430371 0.0081056437411939439 0.57004591890527168 -0.053819263733398084 -0.044997276634078959 0.37562464737091233 -0.29320596850379188 0.48576625596480455 0.070033135019051396 -0.13328941419793408 -0.89656330971135134 0.18809654884962426 -0.024503220083921633 -0.001154407961638384 -0.08180393636289153 0.33618246716899081 0.43582577691502478
leaf_weight=20 140 27 102 48 36 22 21 38 21 46 30 46 23 20 39 24 41 22 28 46 22 27 25 27 20 24 202 120 20 56
leaf_count=20 140 27 102 48 36 22 21 38 21 46 30 46 23 20 39 24 41 22 28 46 22 27 25 27 20 24 202 120 20 56
internal_value=-0.00132225 -0.00065512 0.00853846 -0.00165138 -0.0168421 -0.00256731 -0.00207415 -0.00272432 0.0043125 0.00215827 -0.0021646 -0.00597403 -0.0125926 -0.0139535 -0.00238411 0.00338028 -0.00740741 -0.000821918 0.00021164 -0.00725275 0.00133333 0.00608108 0.00113208 -0.0188235 -0.00263736 0.004 -0.000667904 0.000902256 0.00344086 0.00208494
internal_weight=1383 1327 129 1198 56 1039 997 924 159 138 886 230 80 42 150 70 80 656 566 90 44 73 52 50 90 44 538 398 278 258
internal_count=1383 1327 129 1198 56 1039 997 924 159 138 886 230 80 42 150 70 80 656 566 90 44 73 52 50 90 44 538 398 278 258
is_linear=0
shrinkage=0.03


Tree=105
num_leaves=31
num_cat=0
split_feature=10 9 26 18 18 20 26 18 4 18 8 18 27 1 20 1 11 2 12 17 27 28 23 10 0 6 29 6 5 23
split_gain=19.3985 10.8442 6.61101 8.08867 6.25916 6.16917 9.69837 4.13616 14.7493 7.92722 7.60046 6.7297 4.11337 7.52518 9.2307 6.51956 6.07666 5.91582 8.96126 8.7995 7.19912 6.01732 5.92328 5.87216 6.0043 6.61077 6.50742 8.25055 4.78242 4.30149
threshold=47.550000000000004 233.89500000000001 41.550000000000004 16.850000000000005 15.750000000000002 8.3500000000000032 22.550000000000004 9.4500000000000011 329.50000000000006 8.8500000000000032 360.07142857142861 9.8500000000000032 2.3500000000000001 140.50000000000003 27.450000000000003 185.50000000000003 33.500000000000007 136.50000000000003 2.5000000000000004 18.280000000002776 1.0500000000000003 0.99865421017599998 12.950000000000001 123.99500000000002 192.50000000000003 213.50000000000003 -0.6652727025667432 307.50000000000006 142.50000000000003 22.050000000000004
decision_type=10 2 2 2 2 2 2 2 10 2 10 2 2 10 2 10 2 10 10 10 2 2 2 10 2 10 2 10 10 2
left_child=4 2 7 -4 -1 -3 -7 8 9 -2 -10 -9 17 28 15 -15 -17 19 -19 -13 21 23 -21 -20 -25 -26 27 -27 -14 -28
right_child=1 5 3 -5 -6 6 -8 11 10 -11 -12 12 13 14 -16 16 -18 18 20 22 -22 -23 -24 24 25 26 29 -29 -30 -31
leaf_value=-0.29892443127372825 0.1201307351660322 1.0309295164742605 0.46834438777983634 -0.017389361952222657 -0.96485730786828106 -0.95840272855443254 0.63099083543084389 -0.085853514322361379 -0.27653040720898669 0.42738924522789828 0.12156544449536312 0.56872328870601552 -0.18926425744206249 0.19886766050045351 -0.60375271633554939 -0.13486487455814597 0.11626396352245734 -0.24563973387556301 0.10496588581539214 0.16507116754270207 0.24225252586887647 -0.32727568990267997 -0.058899188517091756 -0.35919720809181638 0.049041082619109916 -0.71876521135765259 -0.00059764667451275952 0.011121806596584065 -0.63667729779183357 -0.072942692960451153
leaf_weight=25 38 34 30 25 34 22 78 36 20 31 20 21 44 24 24 37 20 41 42 22 42 23 38 62 86 28 388 23 20 30
leaf_count=25 38 34 30 25 34 22 78 36 20 31 20 21 44 24 24 37 20 41 42 22 42 23 38 62 86 28 388 23 20 30
internal_value=-0.000809084 -6.66667e-05 -0.000962171 0.00910714 -0.0175 0.008 0.00415842 -0.00144703 0.00409091 0.0124286 -0.0102439 -0.00202471 -0.00156496 -0.00582353 -0.000849057 0.00402439 -0.00155172 -0.000708383 -0.00152742 0.00695122 -0.000744828 -0.00149341 0.000983607 -0.000954545 -0.00169903 -0.000701439 -0.00210638 -0.0121154 -0.0138462 -0.000859189
internal_weight=1408 1349 1215 55 59 134 100 1160 109 69 40 1051 1015 169 105 81 57 846 765 81 724 682 60 659 617 555 469 51 64 418
internal_count=1408 1349 1215 55 59 134 100 1160 109 69 40 1051 1015 169 105 81 57 846 765 81 724 682 60 659 617 555 469 51 64 418
is_linear=0
shrinkage=0.03


Tree=106
num_leaves=31
num_cat=0
split_feature=10 9 18 17 26 20 20 14 28 19 18 14 17 17 20 25 3 2 26 25 15 2 15 26 28 0 20 25 5 15
split_gain=19.2077 9.5819 7.11358 6.86382 6.56859 13.4105 8.9546 8.17201 10.4868 8.96057 7.31518 6.69022 10.3438 7.0244 6.11885 7.36146 11.7054 6.23271 5.9308 8.07583 5.88357 5.57233 5.4483 5.74756 5.44763 4.83549 4.70084 9.40938 7.48929 6.69135
threshold=47.550000000000004 233.89500000000001 15.750000000000002 397.9750000000023 32.050000000000004 18.350000000000005 26.650000000000002 26.500000000000004 0.88220160189607266 0.62249093318774806 9.4500000000000011 2.5000000000000004 114.23 207.23500000000178 29.050000000000004 27.350000000000005 266.50000000000006 257.50000000000006 38.650000000000013 26.150000000000002 42.500000000000007 474.50000000000006 18.500000000000004 29.450000000000003 0.75580964594513067 431.50000000000006 24.850000000000005 25.950000000000003 261.50000000000006 6.5000000000000009
decision_type=10 2 2 10 2 2 2 10 2 2 2 10 10 10 2 2 10 10 2 2 10 10 10 2 2 2 2 2 10 10
left_child=2 4 -1 -3 6 -6 7 9 24 20 -7 -11 -13 -14 15 17 -17 26 -19 -20 22 25 23 -2 -9 -5 28 -28 -12 -29
right_child=1 3 -4 21 5 10 -8 8 -10 11 14 12 13 -15 -16 16 -18 18 19 -21 -22 -23 -24 -25 -26 -27 27 29 -30 -31
leaf_value=-0.12695748752582717 0.060095364961803663 -0.24623153994884431 -0.91906945699025699 0.78027811348468212 0.34544242095528616 0.25311444877167499 -0.4922046415286867 -0.030111636638389425 -0.5683987981395705 0.27319910790212504 0.0064796272965645585 -0.20125435231304378 0.39469687858769931 0.085970120623891116 -0.40824086327435449 0.1308931915176865 -0.11009922487093533 -0.020998728196039165 0.86642076091153053 -0.045530485863378656 -0.91365249964945972 0.91511393130828567 0.13753619220615348 -0.27757173549512548 0.1403488945994347 0.17413631794136705 -0.3848409564866101 0.15780503526182171 -0.29517590657025405 -0.11548007001515551
leaf_weight=25 20 24 32 34 34 38 20 234 43 31 90 29 23 72 41 60 22 112 43 20 20 22 24 38 26 54 56 21 32 58
leaf_count=25 20 24 32 34 34 38 20 234 43 31 90 29 23 72 41 60 22 112 43 20 20 22 24 38 26 54 56 21 32 58
internal_value=-0.00120086 -0.000469449 -0.0181034 0.00711111 -0.00131623 0.000812102 -0.00361446 -0.0028877 -0.00621711 0.00104651 -0.000252525 0.00557692 0.0024 0.0071875 -0.00113309 -0.00023301 0.00795181 -0.00180139 0.00255682 0.00984375 -0.00582524 0.0102703 -0.00216867 -0.00711864 -0.00390805 0.00674157 -0.00476744 -0.00860294 -0.000487805 -0.001875
internal_weight=1398 1341 57 134 1207 627 580 560 303 257 593 155 124 95 555 514 82 432 175 63 102 110 82 58 260 88 257 135 122 79
internal_count=1398 1341 57 134 1207 627 580 560 303 257 593 155 124 95 555 514 82 432 175 63 102 110 82 58 260 88 257 135 122 79
is_linear=0
shrinkage=0.03


Tree=107
num_leaves=31
num_cat=0
split_feature=10 8 26 14 20 7 26 25 13 9 27 23 16 14 27 26 13 20 14 22 4 6 0 18 9 17 17 23 28 0
split_gain=17.8727 13.5137 8.02493 9.32118 9.18035 8.01934 9.44919 7.82978 8.80719 6.93491 6.8534 6.81588 6.65617 10.0337 6.4524 6.02638 7.5774 6.70974 8.29584 5.92808 6.18956 8.48845 9.80471 5.42676 5.37111 5.25722 5.67937 5.18222 6.29281 7.29633
threshold=47.550000000000004 442.50000000000006 41.550000000000004 2.5000000000000004 25.250000000000004 181.16666666666671 39.95000000000001 27.050000000000004 47.500000000000007 94.285000000000011 0.95000000000000007 15.950000000000001 143.50000000000003 8.5000000000000018 0.35000000000000003 29.350000000000005 23.500000000000004 14.65 42.500000000000007 1.0000000180025095e-35 231.50000000000003 247.50000000000003 337.50000000000006 15.450000000000001 281.88500000000005 3.8000000000008689 11.180000000003639 14.550000000000002 0.8697513045430848 220.50000000000003
decision_type=10 10 2 8 2 10 2 2 10 2 2 2 10 10 2 2 10 2 10 2 10 10 2 2 2 10 10 2 2 2
left_child=23 2 3 10 11 14 7 8 -7 -10 -2 12 13 -5 -6 16 -13 18 -18 20 -17 -22 -23 -1 -3 -12 -27 28 29 -14
right_child=1 24 -4 4 5 6 -8 -9 9 -11 25 15 27 -15 -16 19 17 -19 -20 -21 21 22 -24 -25 -26 26 -28 -29 -30 -31
leaf_value=-0.18294206248922684 0.24053125921754442 0.14078991228170992 0.25193744930413459 -0.043077543376917334 -0.17506265637710924 -0.57567152741606775 -0.14082422461067223 0.3051730003099497 -0.29726922175598119 0.24772916607252057 0.15307088420396722 -0.57450605708519431 0.069348217818873084 0.15603507763628285 -0.37518664891641862 -0.30114437313046649 0.42125466426603508 -0.89019644002937293 -0.1687211278315692 0.060066257679741705 0.31163276886805091 -0.081957525376470955 0.6287806157556457 -0.9083395049225248 1.5220139098730243 -0.37849451440482806 0.06543652360781152 0.23099778427056292 -0.31900840556386073 -0.010205068366628893
leaf_weight=22 66 24 57 36 24 29 34 30 24 22 21 40 42 64 56 36 26 25 32 40 22 32 21 36 35 23 39 50 55 311
leaf_count=22 66 24 57 36 24 29 34 30 24 22 21 40 42 64 56 36 26 25 32 40 22 32 21 36 35 23 39 50 55 311
internal_value=-0.00113455 -0.000410023 -0.00107313 -0.00159867 -0.00259506 -0.00804545 -0.00364286 0.000849057 -0.00434211 0.00382979 0.0054 -0.00115246 0.000751342 0.00772277 -0.0155556 -0.00501818 -0.00991935 -0.00464286 0.00101695 -0.000986842 -0.00455357 0.000394737 -0.00611111 -0.0172881 0.0135 -0.000357143 -0.0047619 -0.000784314 -0.00190709 -0.000423729
internal_weight=1374 1316 1257 1200 1051 219 139 105 75 46 149 832 558 100 80 274 123 83 58 151 111 75 53 58 59 83 62 458 408 353
internal_count=1374 1316 1257 1200 1051 219 139 105 75 46 149 832 558 100 80 274 123 83 58 151 111 75 53 58 59 83 62 458 408 353
is_linear=0
shrinkage=0.03


Tree=108
num_leaves=31
num_cat=0
split_feature=10 20 7 1 29 13 19 25 25 25 13 20 26 11 17 0 21 26 25 20 8 3 8 29 1 19 26 29 20 25
split_gain=20.3103 10.9649 9.66012 6.73835 6.51159 6.14835 5.50186 5.29454 7.51328 7.4436 10.9533 5.23939 5.36168 7.48347 9.81285 8.65405 8.66471 8.93738 8.26747 7.15473 6.99535 6.99111 9.15097 10.8665 8.04723 7.55751 6.79974 6.63944 6.42796 8.62803
threshold=62.435000000000009 6.8500000000000005 503.00000000000006 466.00000000000006 0.99349222267034787 36.500000000000007 -0.88697705852364728 8.9500000000000011 9.7500000000000018 7.9500000000000011 39.500000000000007 28.750000000000004 32.550000000000004 55.500000000000007 448.27000000000186 185.50000000000003 34.250000000000007 37.650000000000013 26.250000000000004 25.950000000000003 116.53571428571429 247.50000000000003 325.64285714285717 0.56191161272202661 319.50000000000006 -0.66259481767468253 25.350000000000005 -0.97874870457683594 16.550000000000004 14.65
decision_type=10 2 10 8 2 10 2 2 2 2 10 2 2 2 10 2 2 2 2 2 10 10 10 2 10 2 2 2 2 2
left_child=6 5 3 4 7 -2 -1 9 -9 10 -3 12 19 14 18 -15 -17 -18 -14 20 -10 26 28 -24 -25 -26 -22 -20 29 -23
right_child=1 2 -4 -5 -6 -7 -8 8 11 -11 -12 -13 13 15 -16 16 17 -19 27 -21 21 22 23 24 25 -27 -28 -29 -30 -31
leaf_value=-0.10487525940452826 0.38190941906087683 0.23662475494406207 1.4704518323491429 -0.26748096568000218 0.71906196490191399 1.0413104303961522 -0.68954659407570384 0.37532618530571138 0.14721546127910926 -0.36027242488119693 -0.1133496061682186 -0.18217896545799006 -0.012415599187588383 -0.380853620504773 0.25824722692413871 0.67291030348397296 -0.19605766126878449 0.030960561695306692 0.0039587971188706208 -0.2633063804949532 -1.0097125925744617 0.022318023244022954 -0.87809755318094573 -0.11841137772932057 0.54198427814432415 -0.0037902597926409952 -0.1341201256632803 0.42058701074449911 -0.017376523582397281 0.39462411805095737
leaf_weight=23 27 36 25 32 29 24 52 28 21 28 22 52 151 35 51 34 48 117 35 51 25 46 40 20 25 95 102 39 38 28
leaf_count=23 27 36 25 32 29 24 52 28 21 28 22 52 151 35 51 34 48 117 35 51 25 46 40 20 25 95 102 39 38 28
internal_value=-0.0011087 -0.000229885 -0.000789474 -0.00117168 -0.000802005 0.0132692 -0.0161842 -0.00115582 -0.000582255 -0.00827586 -0.0020339 -0.000996205 -0.000508982 0.00164384 0.00498195 -0.00229787 0.00015 -0.00271084 0.00225664 -0.0027439 -0.0014966 -0.00235714 0.000204778 -0.0039779 0 0.00297521 -0.00820313 0.0104 0.00690265 0.012
internal_weight=1379 1304 1253 1228 1196 51 75 1167 1081 86 58 1053 1001 510 276 234 199 165 225 491 440 419 292 180 140 120 127 74 112 74
internal_count=1379 1304 1253 1228 1196 51 75 1167 1081 86 58 1053 1001 510 276 234 199 165 225 491 440 419 292 180 140 120 127 74 112 74
is_linear=0
shrinkage=0.03


Tree=109
num_leaves=31
num_cat=0
split_feature=10 13 1 16 17 28 25 24 22 27 6 6 9 5 0 9 23 24 8 5 17 22 0 1 28 20 20 6 25 5
split_gain=13.8701 10.247 6.58236 7.85977 6.30016 6.28581 7.91827 10.8124 11.5481 7.44104 7.1452 6.47342 12.3425 9.45891 6.15257 6.0267 5.67241 6.21637 5.48164 8.49308 6.37585 7.18231 5.71459 5.61944 5.48101 11.1003 8.64123 8.46561 8.14217 7.81616
threshold=47.550000000000004 3139.0000000000005 315.50000000000006 126.50000000000001 131.57000000000235 -0.82415615971448097 26.450000000000003 -0.4067366430758001 0.15000000000000005 1.9500000000000002 121.50000000000001 136.50000000000003 55.585000000000001 234.50000000000003 217.50000000000003 35.555000000000007 10.550000000000002 -0.49240481012316856 283.4285714285715 322.50000000000006 7.5700000000016798 2.5500000000000003 309.50000000000006 283.50000000000006 -0.71504373327588355 17.550000000000004 12.350000000000003 339.00000000000006 11.750000000000002 470.50000000000006
decision_type=10 10 10 8 10 2 2 2 2 2 10 10 2 10 2 2 2 2 10 10 10 2 2 10 2 2 2 10 2 8
left_child=15 2 5 4 -4 9 10 -8 -9 11 -7 12 -2 14 -13 -1 17 -12 20 22 -18 -22 -20 -21 25 -5 28 -27 -26 -28
right_child=1 -3 3 24 -6 6 7 8 -10 -11 16 13 -14 -15 -16 -17 18 -19 19 23 21 -23 -24 -25 26 27 29 -29 -30 -31
leaf_value=-0.83620320059806119 0.13054811335108035 0.6560271289363192 0.014918473747849957 0.77110772083912538 1.2528315022420715 -0.19485166687448668 -0.20918001628621766 -0.010024430497956018 0.40796940042216417 -0.46829566635263431 0.25922239010482939 0.29111762372459293 -0.52399478609061301 -0.0024646032360973891 0.039678084819958027 -0.096974103203104109 0.025283634156536436 -0.063461597380349982 0.69417293053772255 0.010527176493866221 -0.061536567389759961 -0.75204664482991113 -0.014429949438005565 -0.086320199038589743 0.0035821029309863659 -0.16009546672669445 -0.047638468581748722 0.70311258548086608 0.69749010595485628 -0.28172060901911378
leaf_weight=33 28 23 22 21 20 31 81 43 43 29 27 26 23 37 21 23 23 38 21 42 211 39 21 29 172 26 160 20 33 20
leaf_count=33 28 23 22 21 20 31 81 43 43 29 27 26 23 37 21 23 23 38 21 42 211 39 21 29 172 26 160 20 33 20
internal_value=-0.00129776 -0.000676183 -0.00103211 0.00169697 0.0139535 -0.00269042 -0.00401538 0.00160714 0.00896552 0.00254545 -0.00596273 0.00551471 -0.00288462 0.0105882 0.019375 -0.0157895 -0.00497788 0.00318182 -0.00635659 -0.000789474 -0.00864964 -0.0100398 0.00976744 -0.00708333 0.000529801 0.00838235 -0.000854922 0 0.00334951 -0.00563536
internal_weight=1386 1330 1307 494 42 813 649 167 86 164 482 135 51 84 47 56 451 65 386 113 273 250 42 71 452 67 385 46 205 180
internal_count=1386 1330 1307 494 42 813 649 167 86 164 482 135 51 84 47 56 451 65 386 113 273 250 42 71 452 67 385 46 205 180
is_linear=0
shrinkage=0.03


Tree=110
num_leaves=31
num_cat=0
split_feature=10 7 26 14 19 4 18 13 4 26 21 10 8 23 28 4 1 13 23 19 5 4 25 21 20 26 5 28 28 21
split_gain=20.7914 10.9268 6.17161 5.91392 14.7169 8.40962 8.18872 8.122 6.0484 5.98755 5.92864 5.61673 8.02783 7.56258 6.90051 7.84029 6.37035 7.31668 6.00245 5.23759 5.18237 6.50307 5.90545 5.53445 9.47766 12.5808 6.43698 4.95704 11.8276 4.8827
threshold=47.550000000000004 503.00000000000006 41.550000000000004 2.5000000000000004 0.66259481767468265 199.50000000000003 12.350000000000003 9.5000000000000018 246.50000000000003 32.050000000000004 32.050000000000004 264.01000000000005 209.35714285714286 10.850000000000003 -0.57078386445773377 328.50000000000006 358.50000000000006 73.500000000000014 15.250000000000002 -0.16504132135358054 228.50000000000003 248.50000000000003 25.850000000000005 37.850000000000001 18.350000000000005 28.750000000000004 312.50000000000006 -0.62588817255938378 -0.2102246306142678 29.550000000000004
decision_type=10 10 2 8 2 10 2 10 10 2 2 10 8 2 2 10 10 10 2 2 10 10 2 2 2 2 10 2 2 2
left_child=-1 2 3 4 -2 9 -6 8 -7 29 -11 12 -9 19 15 -14 17 -16 -19 -13 -15 -22 23 24 25 26 -23 -21 -29 -5
right_child=1 -3 -4 5 6 7 -8 11 -10 10 -12 13 14 20 16 -17 -18 18 -20 27 21 22 -24 -25 -26 -27 -28 28 -30 -31
leaf_value=-0.66005846541166968 -0.059161055807404633 1.4782216047039178 0.23915761017396164 -0.057084380591738149 0.0010206678486923693 0.0086061081772112399 0.60405503848261388 -0.3702033185466318 -0.092611753854817208 0.12327490738830867 -0.054879008727541242 -0.012394736814520683 0.034797969328287194 -0.31764071529794846 0.16832657076651286 -0.091182168325173327 -0.019507705289171041 0.1086243437692508 -0.083467120784200682 0.64775960700090873 0.19983078559794024 0.18786541710548418 -0.40371705654593382 0.37860135190598271 -0.3490868093656877 0.60174367082041069 -0.15541697461248702 -0.049976217446240409 1.2149685062971471 -0.5267806643977816
leaf_weight=59 94 24 50 36 20 25 40 32 67 20 129 39 39 22 168 22 34 20 32 24 21 27 20 35 32 22 123 29 44 48
leaf_count=59 94 24 50 36 20 25 40 32 67 20 129 39 39 22 168 22 34 20 32 24 21 27 20 35 32 22 123 29 44 48
internal_value=-0.00122318 -0.000448096 -0.000821293 -0.0012332 0.00425806 -0.0019982 0.0157377 -0.000649203 -0.00903226 -0.00705128 -0.0034 0.000343511 0.00318966 -0.00191344 0.0046519 -0.00435484 0.00682353 0.00868778 -0.00113208 0.00394161 -0.00455446 -0.00341637 -0.00473077 -0.003375 -0.00526829 -0.00242775 -0.00556291 0.00765306 0.00364865 -0.0134118
internal_weight=1397 1338 1314 1264 154 1110 60 877 92 233 149 785 347 438 315 61 254 220 52 136 302 280 259 239 204 172 150 97 73 84
internal_count=1397 1338 1314 1264 154 1110 60 877 92 233 149 785 347 438 315 61 254 220 52 136 302 280 259 239 204 172 150 97 73 84
is_linear=0
shrinkage=0.03


Tree=111
num_leaves=31
num_cat=0
split_feature=0 7 24 19 26 16 26 23 24 19 7 13 9 11 19 17 15 15 5 9 13 2 9 19 25 13 8 2 5 11
split_gain=12.8134 9.79411 6.97453 10.958 6.28247 5.82954 5.45146 6.25573 10.859 14.8322 7.37235 5.46133 5.20822 6.25971 5.06769 8.47418 6.36757 13.0402 5.17847 4.84489 8.32205 8.10075 7.93801 7.25926 6.64377 4.73616 8.0536 9.59537 6.67233 7.83401
threshold=87.500000000000014 503.00000000000006 0.99140711019144623 0.9681107762825325 32.45000000000001 5.5000000000000009 40.850000000000001 17.850000000000005 0.82409480842201688 0.18222858652173771 262.50000000000006 53.500000000000007 70.665000000000006 308.00000000000006 0.97233289553061597 14439.950000000006 74.500000000000014 116.50000000000001 322.50000000000006 46.070000000000007 4.5000000000000009 181.50000000000003 67.250000000000014 -0.608738249238853 26.350000000000005 21.500000000000004 336.71428571428572 339.00000000000006 383.50000000000006 43.500000000000007
decision_type=2 8 2 2 2 8 2 2 2 2 10 10 2 2 2 10 10 10 10 2 10 10 2 2 2 10 10 10 10 2
left_child=4 2 5 -4 -1 -2 7 14 9 10 -9 -11 -8 -14 19 16 18 -18 -16 20 -7 22 23 -21 25 -23 27 -27 -28 -30
right_child=1 -3 3 -5 -6 6 12 8 -10 11 -12 -13 13 -15 15 -17 17 -19 -20 21 -22 24 -24 -25 -26 26 28 -29 29 -31
leaf_value=-0.8509934236142811 0.21839368394643741 0.95401041932807884 0.27775913113646966 -0.041301377845896638 -0.066229654067236229 0.058814336086020519 -0.029085248862142518 -0.6677534605966986 -0.14223495525995361 0.35767616716352291 0.035259854858921358 -0.015483593091411762 0.34342203788641684 -0.0072196839594926131 0.26485661980081632 0.55636455099909199 -0.33317120387270788 0.16162985701552032 -0.0044826837558977674 -0.40294044830667908 -0.11183623720808818 -0.070003186895745556 -0.36819492405617965 0.047031146062573512 0.31696674415613812 0.0090062382595216661 -0.22252640969427545 0.34327666390485373 0.46055885831995763 -0.048224837546798655
leaf_weight=32 22 28 118 50 28 49 21 47 112 58 29 20 30 23 32 21 31 74 20 22 22 113 32 36 25 126 77 20 24 57
leaf_count=32 22 28 118 50 28 49 21 47 112 58 29 20 30 23 32 21 31 74 20 22 22 113 32 36 25 126 77 20 24 57
internal_value=-0.00130714 -0.00069403 -0.0010747 0.00461538 -0.0147541 -0.00191434 -0.00221925 -0.00277672 -0.00674157 -0.00154839 -0.0109091 0.00759494 0.0056 0.0105556 -0.00141944 0.00301676 0.00056962 -0.00367925 0.0090566 -0.00273179 0.00458333 -0.00371482 -0.0118681 -0.00508475 -0.0020316 -0.00294258 -0.000983607 0.00408163 -0.00566038 0.000365854
internal_weight=1399 1339 1311 168 60 1143 1121 1047 266 154 76 78 74 53 781 178 157 105 52 603 71 532 90 58 442 417 304 146 158 81
internal_count=1399 1339 1311 168 60 1143 1121 1047 266 154 76 78 74 53 781 178 157 105 52 603 71 532 90 58 442 417 304 146 158 81
is_linear=0
shrinkage=0.03


Tree=112
num_leaves=31
num_cat=0
split_feature=1 0 13 11 25 20 23 1 25 24 19 26 29 29 1 19 2 3 1 18 18 16 26 1 2 8 8 20 19 2
split_gain=13.3499 10.4748 6.47542 7.85347 7.76689 7.55344 5.59298 6.83022 8.78927 5.30991 5.84368 5.5077 5.53724 5.31372 5.13393 4.94113 5.5991 7.66025 6.18477 4.78239 10.3183 6.19711 5.38393 7.30655 8.12178 6.88026 8.85586 7.25519 4.83716 4.8357
threshold=80.500000000000014 502.50000000000006 34.500000000000007 85.500000000000014 27.450000000000003 27.450000000000003 16.750000000000004 305.50000000000006 19.150000000000002 0.99140711019144623 0.71322329076259949 19.550000000000004 0.98899263613956456 0.75438814418115718 351.50000000000006 -0.94828754594723497 332.50000000000006 339.00000000000006 390.50000000000006 16.650000000000002 15.950000000000001 4241.5000000000009 27.950000000000003 408.50000000000006 337.50000000000006 375.28571428571439 327.00000000000006 21.750000000000004 0.9681107762825325 271.50000000000006
decision_type=10 2 10 2 2 2 2 10 2 2 2 2 2 2 10 2 8 10 10 2 2 10 2 10 10 10 10 2 2 10
left_child=-1 2 3 4 5 6 15 8 -8 11 -11 -4 19 -12 -9 -2 17 -17 -18 20 22 29 23 24 -13 26 27 28 -24 -21
right_child=1 -3 9 -5 -6 -7 7 14 -10 10 13 12 -14 -15 -16 16 18 -19 -20 21 -22 -23 25 -25 -26 -27 -28 -29 -30 -31
leaf_value=-0.67763340475022582 -0.082632059107931463 1.3736696094675351 -0.070029886900011315 -0.32943042609428547 0.13155433149074724 -0.7200013325795801 -0.63929295107952211 0.31610849172375705 -0.021215729986255951 0.39362741184362732 -0.11169039691111407 -0.17920188434728287 0.90407647598774987 0.39935735302686792 -0.10249132948533655 0.0060209626733734468 -0.2257694905587411 0.6093212511374233 0.11517870867688572 0.017804049093667514 0.47238999629812978 -0.21929673430060659 0.20735258401581375 -0.22622326994760783 0.27725073975223408 0.62085830349434756 -0.11481059070295571 -0.0019454971030876322 0.077780694273996573 -0.12068119180875043
leaf_weight=46 40 32 23 21 38 24 43 20 93 29 32 42 27 25 27 275 42 20 26 63 32 39 36 32 54 26 34 75 21 64
leaf_count=46 40 32 23 21 38 24 43 20 93 29 32 42 27 25 27 275 42 20 26 63 32 39 36 32 54 26 34 75 21 64
internal_value=-0.000877318 -0.000331858 -0.000747734 -0.0028209 -0.0022188 -0.00304419 -0.00235094 -0.00668478 -0.010073 0.00137405 0.00827586 0.000316344 0.000934066 0.00258621 0.003125 -0.000371287 0.000741758 0.00253378 -0.00695652 0.000231214 0.00220963 -0.0039521 0.000560748 -0.00418605 0 0.00373057 0.00143713 0.00496241 0.012931 -0.000703125
internal_weight=1401 1355 1323 669 648 610 586 183 136 654 86 568 545 57 47 403 363 295 68 518 352 166 320 128 96 192 166 132 57 127
internal_count=1401 1355 1323 669 648 610 586 183 136 654 86 568 545 57 47 403 363 295 68 518 352 166 320 128 96 192 166 132 57 127
is_linear=0
shrinkage=0.03


Tree=113
num_leaves=31
num_cat=0
split_feature=0 17 24 4 8 0 23 10 4 8 26 21 24 20 25 24 20 26 14 11 18 13 13 11 17 2 0 19 10 14
split_gain=11.8378 7.50251 7.36183 7.89251 7.14682 5.2889 6.32039 5.36733 5.96569 4.93704 5.05498 7.21779 5.56992 4.83483 13.1693 5.83667 4.64129 4.46726 4.27591 8.53122 9.87875 8.27474 6.87774 11.7699 6.80662 6.32541 7.42904 6.0267 5.88838 5.71947
threshold=61.000000000000007 66003.215000000011 0.99140711019144623 502.50000000000006 433.78571428571433 384.50000000000006 11.250000000000002 264.01000000000005 221.50000000000003 417.71428571428578 18.550000000000004 19.750000000000004 0.98624804680367306 29.050000000000004 27.750000000000004 -0.99353402350479758 28.050000000000004 26.450000000000003 1767.5000000000002 945.00000000000011 14.550000000000002 341.50000000000006 34.500000000000007 48.500000000000007 324.97500000000235 221.50000000000003 245.50000000000003 -0.49240481012316856 227.22500000000002 32.500000000000007
decision_type=2 10 2 10 8 2 2 10 10 10 2 2 2 2 2 2 2 2 10 2 2 10 10 2 10 10 2 2 10 10
left_child=-1 2 3 4 9 6 -4 8 -8 10 -2 -12 13 14 15 -13 18 -10 19 21 -21 22 23 24 25 -17 27 -27 -28 -24
right_child=1 -3 5 -5 -6 -7 7 -9 17 -11 11 12 -14 -15 -16 16 -18 -19 -20 20 -22 -23 29 -25 -26 26 28 -29 -30 -31
leaf_value=-0.74545654576683407 -0.047737736726721491 0.61708911874049677 -0.049652045357177738 -0.26195518131255369 0.80522478447549306 0.69567150159789259 -0.0040547658881877171 -0.030593602583548998 0.028565746023103883 -0.32164243686163385 0.25325241159251105 -0.3678019261752894 -0.086785522508232585 -0.28127481825796735 0.14026574974644687 0.0052490054170802125 -0.81170568999927506 0.57324781210340969 -0.038777180532011922 0.30370650535317822 -0.0099161264473241317 -0.052330619566392324 -0.065140584943795266 -0.35827879690667203 0.41013420443464721 -0.058835516017276178 0.083328929376583566 -0.54455478551610548 -0.21615362018940515 0.098226116561904886
leaf_weight=27 30 20 32 20 41 28 25 40 20 22 39 26 31 37 57 223 21 27 33 28 21 63 60 44 38 23 35 33 43 218
leaf_count=27 30 20 32 20 41 28 25 40 20 22 39 26 31 37 57 223 21 27 33 28 21 63 60 44 38 23 35 33 43 218
internal_value=-0.00104552 -0.000652647 -0.000927152 -0.00176917 -0.00143959 0.00485549 0.00248276 0.00584071 0.0106849 -0.00189165 -0.00160326 -0.00125698 -0.00173913 -0.00134462 -0.000930714 -0.00181319 -0.0013914 0.016875 -0.00104287 -0.000614458 0.0114 -0.00138284 -0.00045961 -0.00279545 -0.00113636 -0.00243017 -0.00755556 -0.0157895 -0.00151899 0.00322581
internal_weight=1405 1378 1358 1186 1166 172 144 112 72 1125 1103 1073 1034 1003 966 909 883 47 862 829 49 780 717 439 395 357 134 56 78 278
internal_count=1405 1378 1358 1186 1166 172 144 112 72 1125 1103 1073 1034 1003 966 909 883 47 862 829 49 780 717 439 395 357 134 56 78 278
is_linear=0
shrinkage=0.03


Tree=114
num_leaves=31
num_cat=0
split_feature=0 0 26 20 25 6 7 0 12 23 8 8 26 2 11 8 15 5 16 0 5 1 23 14 7 2 2 4 29 11
split_gain=11.6615 11.085 6.30083 5.41081 9.66464 5.95288 11.164 9.13889 5.93782 5.59582 6.78284 8.19063 9.86428 9.27236 6.69253 6.32592 5.50705 5.467 6.70592 9.58269 6.17532 5.7416 6.86111 5.96206 5.46859 5.43448 5.17969 5.64068 8.62609 7.8813
threshold=61.000000000000007 521.00000000000011 41.550000000000004 26.550000000000004 25.850000000000005 213.50000000000003 143.83333333333334 273.50000000000006 2.5000000000000004 14.65 406.21428571428578 347.07142857142861 37.650000000000013 219.50000000000003 112.50000000000001 365.28571428571439 1.5000000000000002 396.50000000000006 147.50000000000003 220.50000000000003 297.50000000000006 347.50000000000006 9.6500000000000004 579.50000000000011 383.83333333333343 337.50000000000006 296.50000000000006 179.50000000000003 -0.94703994556331683 2.5000000000000004
decision_type=2 2 2 2 2 10 10 2 10 2 10 10 2 10 2 10 10 10 10 2 10 10 2 10 10 10 10 10 2 2
left_child=-1 2 3 5 -5 7 -7 16 -8 17 11 12 13 -11 -14 -13 -2 18 20 -20 -10 23 -23 -21 -24 -15 27 29 -29 -6
right_child=1 -3 -4 4 26 6 8 -9 9 10 -12 15 14 25 -16 -17 -18 -19 19 21 -22 22 24 -25 -26 -27 -28 28 -30 -31
leaf_value=-0.73045043910637031 0.36002361454394244 1.7364305066861072 0.20696231386407304 -0.4279448611782854 0.021891638317317968 -0.69361106373596759 -0.19028387128773772 0.32010763602445363 0.24729186543080017 0.031995800095620835 -0.33106443716343048 0.15883487261745302 0.55605037774030674 -0.33110303229904314 -0.0075410272670484342 -0.020883918339589795 -0.0045951743593838044 0.42252343913825086 0.14022363576873628 -0.076126053953435927 -0.0018096349929942333 0.76770861574147375 0.0092230233387198268 -0.76109958429707547 -0.29133943930489692 -0.0012807311791959819 -0.16235667020374792 0.48371024704727217 -0.094284589854694192 -0.28958506050453281
leaf_weight=28 23 23 55 42 22 22 35 41 32 38 28 33 21 92 34 28 259 109 24 112 23 35 38 29 39 31 25 22 22 36
leaf_count=28 23 23 55 42 22 22 35 41 32 38 28 33 21 92 34 28 259 109 24 112 23 35 38 29 39 31 25 22 22 36
internal_value=-0.00186163 -0.00146288 -0.00182087 -0.00224537 -0.00723529 -0.00149068 -0.00287313 0.00194444 -0.00226343 -0.00168675 -0.00480392 -0.00334532 -0.00608295 -0.00981481 0.00482143 0.00629032 0 0.000475113 -0.00144144 -0.00334532 0.00803571 -0.00507874 0 -0.00908451 -0.005 -0.0137903 -0.00304688 0 0.008 -0.00610169
internal_weight=1401 1373 1350 1295 169 1126 803 323 781 746 305 277 216 161 55 61 282 441 332 277 55 253 112 141 77 123 127 102 44 58
internal_count=1401 1373 1350 1295 169 1126 803 323 781 746 305 277 216 161 55 61 282 441 332 277 55 253 112 141 77 123 127 102 44 58
is_linear=0
shrinkage=0.03


Tree=115
num_leaves=31
num_cat=0
split_feature=0 11 20 16 8 8 29 5 17 26 21 26 13 26 16 9 17 5 21 20 3 18 6 20 25 19 4 3 15 16
split_gain=13.9263 10.253 10.4561 9.85327 8.39546 13.7024 8.07583 7.4358 6.24867 6.0604 8.83003 10.0178 8.44402 9.02148 8.86215 7.79738 7.70204 7.44739 8.66473 7.42525 7.23086 6.05487 6.7401 7.24132 5.68621 6.53967 5.86305 5.34119 5.22854 5.18109
threshold=90.500000000000014 565.00000000000011 7.3500000000000005 24.500000000000004 369.71428571428578 325.64285714285717 -0.6652727025667432 470.50000000000006 27477.845000000005 22.650000000000002 34.150000000000013 37.650000000000013 86.500000000000014 33.050000000000004 2648.0000000000005 48.015000000000008 715.92000000000235 310.50000000000006 21.550000000000004 21.750000000000004 357.50000000000006 11.450000000000001 129.00000000000003 14.350000000000003 23.750000000000004 0.98321746822993605 317.50000000000006 254.50000000000003 7494.5000000000009 152.50000000000003
decision_type=2 2 2 10 10 10 2 10 10 2 2 2 10 2 10 2 8 10 2 2 10 2 10 2 2 2 10 10 10 10
left_child=3 2 -2 -1 5 6 -3 9 -6 16 12 19 13 20 -14 -15 17 18 -4 -12 21 -11 -23 -24 -13 26 27 -26 -10 -21
right_child=1 4 7 -5 8 -7 -8 -9 28 10 11 24 14 15 -16 -17 -18 -19 -20 29 -22 22 23 -25 25 -27 -28 -29 -30 -31
leaf_value=-0.014065691183243842 0.34094503250732938 -0.080707843043012414 0.33382815213570183 -0.66307225743509923 0.61021393980969063 -0.055951046831710018 0.40418962169697864 -0.26620595957152859 -0.28446136678399625 -0.14565473044792832 0.011342894881668996 0.43549906038007802 0.62880916419405197 0.34658949624448154 -0.078204093641046482 0.019276961334633001 -0.44363506790940643 -0.041065440026901566 -0.24143564222335853 -0.049588900358845077 0.29207690683995224 0.019502645916431617 0.073702765330658337 -0.22610218991588452 0.015677316078157446 -0.041147362074206342 0.3488599656614812 -0.36891246150207962 1.0202515938207652 -0.4530242184358686
leaf_weight=28 73 20 22 44 28 46 43 32 21 102 32 26 48 25 25 80 22 81 22 64 41 35 50 111 67 20 26 29 23 88
leaf_count=28 73 20 22 44 28 46 43 32 21 102 32 26 48 25 25 80 22 81 22 64 41 35 50 111 67 20 26 29 23 88
internal_value=-0.00122182 -0.000506523 -0.00157754 -0.0139726 0.0060989 0.000818182 0.00984375 -0.00234509 0.0139726 -0.00188791 -0.000931034 -0.00458924 0.00156371 0 0.0109459 0.00764151 -0.0075 -0.00452381 0.00533333 -0.00940541 -0.00238235 -0.00401338 -0.000913706 -0.00351852 0.000710059 -0.00167832 0.00097561 -0.00247423 0.00666667 -0.0121569
internal_weight=1374 1302 1121 72 181 109 63 1048 72 1016 869 352 517 444 73 105 147 125 44 184 339 298 196 161 168 142 122 96 44 152
internal_count=1374 1302 1121 72 181 109 63 1048 72 1016 869 352 517 444 73 105 147 125 44 184 339 298 196 161 168 142 122 96 44 152
is_linear=0
shrinkage=0.03


Tree=116
num_leaves=31
num_cat=0
split_feature=23 2 20 26 18 20 26 29 16 3 26 21 25 9 25 20 20 16 6 26 21 6 14 14 2 2 2 14 14 12
split_gain=9.34302 12.7564 8.36045 7.06349 8.16232 7.88432 6.64855 9.21692 8.77433 8.22684 6.48526 6.26615 8.26843 6.09254 5.42726 6.75118 5.28557 9.52777 10.3204 9.23739 8.65294 7.62058 6.67926 9.60643 6.03223 11.0516 6.71423 5.41455 11.0924 5.60326
threshold=12.550000000000002 80.500000000000014 6.5500000000000007 20.950000000000003 14.050000000000002 11.350000000000003 32.550000000000004 0.04621408538533487 11830.500000000002 129.00000000000003 35.95000000000001 31.650000000000002 16.850000000000005 61.155000000000008 27.250000000000004 27.450000000000003 25.250000000000004 34.500000000000007 310.50000000000006 28.450000000000003 27.550000000000004 167.50000000000003 1098.5000000000002 415.50000000000006 293.50000000000006 269.50000000000006 379.50000000000006 43.500000000000007 11.500000000000002 28.500000000000004
decision_type=2 10 2 2 2 2 2 2 10 10 2 2 2 2 2 2 2 10 10 2 2 10 10 10 10 10 10 10 8 10
left_child=2 -2 -1 4 -4 -5 8 9 11 -8 -11 12 -7 -13 16 -16 19 21 -19 20 27 -18 23 24 25 -21 -26 28 -3 -29
right_child=1 14 3 5 -6 6 7 -9 -10 10 -12 13 -14 -15 15 -17 17 18 -20 22 -22 -23 -24 -25 26 -27 -28 29 -30 -31
leaf_value=1.788165974171126 -0.78434859795979073 -0.17429376682202927 -0.27278560561361359 0.49084866689257406 0.05280180420290264 -0.088447554051197697 0.33875781515471404 0.56912551452697413 0.42021885164250899 -0.17055224082097523 0.12533824922981465 -0.094163266284504055 0.12021498360799789 -0.63761409152662063 0.10994295655340323 -0.010851569550964654 -0.15521681771701479 -0.3863667122711662 0.031391899523891029 0.0087867844641306182 -1.0256449562222711 0.44163378411042881 0.56723263383970812 -0.21242226677572601 0.14938494772004729 -0.47301107439344237 -0.057555775756608224 -0.46399457906429542 0.12785688859047981 -0.02713740075083905
leaf_weight=24 34 34 32 70 22 87 21 35 38 46 34 32 44 28 46 55 41 91 36 164 29 20 24 27 51 21 23 20 84 70
leaf_count=24 34 34 32 70 22 87 21 35 38 46 34 32 44 28 46 55 41 91 36 164 29 20 24 27 51 21 23 20 84 70
internal_value=-0.000932081 -0.00282434 0.00227626 0.00140816 -0.00872727 0.00268349 0.000901639 0.00613139 -0.00221739 0.00147059 -0.00296296 -0.00484375 -0.00113636 -0.0127869 -0.00207885 0.00441176 -0.00297554 -0.00730159 -0.0119531 -0.0014781 -0.00592437 0.00241935 0.00192926 0.000627178 0.00242308 -0.000483871 0.0096 -0.00373206 0.000504202 -0.00923077
internal_weight=1383 870 513 489 54 435 365 136 229 101 80 191 131 60 836 101 735 188 127 547 237 61 310 286 259 185 74 208 118 90
internal_count=1383 870 513 489 54 435 365 136 229 101 80 191 131 60 836 101 735 188 127 547 237 61 310 286 259 185 74 208 118 90
is_linear=0
shrinkage=0.03


Tree=117
num_leaves=31
num_cat=0
split_feature=1 17 5 8 10 10 29 4 28 4 5 1 27 8 29 5 26 5 29 6 13 25 29 1 10 25 6 5 11 12
split_gain=13.2469 6.49597 8.32903 7.0625 7.14201 7.96478 7.82096 6.02479 5.29336 6.66522 5.09833 5.9655 5.76251 4.93996 6.68248 4.72389 6.95431 4.41991 6.47174 4.34475 9.97179 9.10254 11.12 8.7617 7.3016 6.22483 7.7398 8.30564 9.62366 5.84784
threshold=90.500000000000014 55412.480000000003 492.50000000000006 433.78571428571433 159.60000000000002 164.97500000000005 -0.98212955754013376 308.50000000000006 -0.79384350655589164 61.000000000000007 213.50000000000003 232.50000000000003 1.0000000180025095e-35 417.71428571428578 0.99611390731392835 177.50000000000003 30.750000000000004 154.50000000000003 -0.6523320455745395 347.50000000000006 1020.5000000000001 11.450000000000001 0.97263757644091875 333.50000000000006 247.60000000000005 20.050000000000004 123.50000000000001 247.50000000000003 20.500000000000004 17.500000000000004
decision_type=10 10 8 8 8 8 2 10 2 8 10 10 2 10 2 10 2 10 2 10 10 2 2 10 10 2 10 8 2 10
left_child=8 2 3 4 7 -6 -7 10 -1 -10 15 12 -12 14 19 16 -2 18 -18 20 25 22 24 -23 -21 29 -27 -28 -29 -8
right_child=1 -3 -4 -5 5 6 13 -9 9 -11 11 -13 -14 -15 -16 -17 17 -19 -20 21 -22 23 -24 -25 -26 26 27 28 -30 -31
leaf_value=0.0029513864265766185 -0.30299021313879931 0.91059967138787301 -0.15745612580237206 0.77339188719784602 -0.37308652921427576 -0.53573197122889982 -0.46451550836244238 0.093793598627679844 -0.64853908238567293 -0.81291555669937388 0.024702770253130807 0.038964484428643115 -0.58647114300886549 -0.38605249854482337 0.91083353940809131 0.078058795746093493 0.14346724255638618 -0.04684301417677645 0.0053877576869224694 0.17676559582256743 -0.11713065045981466 -0.004866992755220281 0.29348056911828224 0.4502819685742136 -0.14391234562715141 -0.14530016468502083 0.060229118698186139 -0.51200918687352104 0.0092738342834434197 -0.022054214474384819
leaf_weight=20 22 30 33 41 26 28 60 42 22 30 22 31 37 26 22 41 42 31 47 23 29 63 25 72 50 31 146 21 93 187
leaf_count=20 22 30 33 41 26 28 60 42 22 30 22 31 37 26 22 41 42 31 47 23 29 63 25 72 50 31 146 21 93 187
internal_value=-0.000710187 -2.26929e-05 -0.000348297 4.76569e-05 -0.000369458 -0.00172757 -0.00123147 0.00351266 -0.0131507 -0.0181132 0.00186131 -0.00395604 -0.0095 -0.000706714 -0.000291616 0.00472826 0.0020979 0.00495868 0.00833333 -0.000749064 -0.00216549 0.00269231 -0.00424242 0.00772059 -0.0101351 -0.00122449 0.00174658 0.00344828 -0.0026087 -0.00471774
internal_weight=1393 1321 1291 1258 1217 902 876 315 72 52 273 90 59 848 822 183 142 120 89 800 567 233 98 135 73 538 291 260 114 247
internal_count=1393 1321 1291 1258 1217 902 876 315 72 52 273 90 59 848 822 183 142 120 89 800 567 233 98 135 73 538 291 260 114 247
is_linear=0
shrinkage=0.03


Tree=118
num_leaves=31
num_cat=0
split_feature=0 27 10 7 6 13 28 8 4 4 29 6 14 19 14 24 20 29 24 24 24 23 4 10 0 18 14 17 3 12
split_gain=11.6864 7.31321 7.09216 11.1733 7.10921 7.7037 6.80575 9.91217 8.06182 7.71989 8.18566 7.28267 7.13784 6.80745 7.14653 7.11743 6.22187 6.55108 6.15063 6.03581 5.18298 5.12467 5.06656 4.71913 7.32299 7.12464 4.9679 9.40666 7.3244 5.22321
threshold=49.335000000000008 2.1500000000000008 154.79000000000002 187.16666666666671 116.50000000000001 1.5000000000000002 -0.72696319516528884 379.35714285714295 349.50000000000006 502.50000000000006 0.97263757644091875 92.500000000000014 1627.5000000000002 0.98897820466835418 704.00000000000011 0.99687937417578498 8.7500000000000018 0.75438814418115718 0.91702515554752073 0.11319890333640036 -0.7603770116708749 17.650000000000002 404.50000000000006 207.79500000000004 232.50000000000003 23.050000000000004 71.500000000000014 217.77000000000098 134.50000000000003 7.5000000000000009
decision_type=2 2 10 10 10 10 2 10 10 8 2 10 10 2 10 2 2 2 2 2 2 2 10 8 2 2 10 10 10 10
left_child=-1 6 3 4 -3 -6 7 8 11 10 12 -2 13 14 15 23 -15 -18 22 21 -13 -4 -12 26 -25 -26 27 28 -8 -30
right_child=1 2 19 -5 5 -7 9 -9 -10 -11 18 20 -14 16 -16 -17 17 -19 -20 -21 -22 -23 -24 24 25 -27 -28 -29 29 -31
leaf_value=-0.89233461345879761 -0.30091777838319872 0.041765519050005362 -0.78008494141935181 0.36596461556964216 0.015160993751581486 -0.46740485750930866 0.15378771617608988 1.0012257031764755 -0.24881216593060287 -0.16790443700945501 -0.057155057862657371 -0.021392588040152986 -0.35442563016041106 0.25182752896837884 0.12194412241901545 0.23148357018482044 -0.028827654424007958 -0.19062058366743287 0.70472321929961479 0.034404480083715043 0.10730866518784068 -0.088428118138986628 0.47451370700458767 -0.3030609498962068 -0.026187883471491202 0.52423341750182539 -0.028301730835952697 0.16926973539276721 -0.00049890151831974091 -0.18176068164337322
leaf_weight=20 23 47 38 27 21 32 20 45 21 27 23 27 24 20 37 55 90 26 42 20 134 34 20 52 243 21 46 76 52 27
leaf_count=20 23 47 38 27 21 32 20 45 21 27 23 27 24 20 37 55 90 26 42 20 134 34 20 52 243 21 46 76 52 27
internal_value=-0.000647017 -0.000306346 -0.00531818 -0.000703125 -0.00534653 -0.0127778 0.000651042 0.00501992 0.00218447 -0.00056541 -6.85714e-05 0.00421622 -0.00102532 -0.000509138 0.000809524 0 -0.00656934 -0.00923077 0.00872093 -0.0116129 0.00648148 -0.0156164 0.000681818 -0.00105948 -0.00340694 -0.00135849 0.0022973 0.00460227 -0.0015 -0.005625
internal_weight=1390 1370 219 127 100 53 1151 250 205 901 874 184 789 765 629 592 136 116 85 92 161 72 43 537 316 264 221 175 99 79
internal_count=1390 1370 219 127 100 53 1151 250 205 901 874 184 789 765 629 592 136 116 85 92 161 72 43 537 316 264 221 175 99 79
is_linear=0
shrinkage=0.03


Tree=119
num_leaves=31
num_cat=0
split_feature=1 28 12 17 16 5 20 26 20 25 26 18 24 20 8 24 24 24 0 6 23 10 3 16 9 23 6 9 15 20
split_gain=13.2239 6.73469 6.58795 8.4459 7.99561 8.35982 7.81385 6.16113 6.80945 9.03498 5.67507 8.0443 8.72229 7.9174 10.9298 8.59689 9.51693 7.04648 6.64113 10.1935 6.62026 6.33983 5.94509 9.24289 8.46677 5.62984 5.55549 7.11546 8.26267 7.1871
threshold=90.500000000000014 -0.8041866928211282 2498.5000000000005 27477.845000000005 7913.5000000000009 470.50000000000006 13.050000000000002 18.350000000000005 27.450000000000003 26.350000000000005 32.550000000000004 16.350000000000005 0.9426055981926128 10.550000000000002 300.07142857142861 0.54463903501502697 0.93038214053199464 -0.97988739209073461 365.50000000000006 343.50000000000006 14.450000000000001 370.71000000000009 131.50000000000003 78.500000000000014 77.055000000000021 13.050000000000002 213.50000000000003 95.65000000000002 59.500000000000007 25.750000000000004
decision_type=10 2 10 8 8 10 2 2 2 2 2 2 2 2 10 2 2 2 2 10 2 10 10 10 2 2 10 2 10 2
left_child=1 -1 3 4 5 7 -7 -2 10 -10 13 12 22 14 -9 -16 -17 -15 19 26 -14 -20 -12 -24 -25 -21 27 28 29 -19
right_child=2 -3 -4 -5 -6 6 -8 8 9 -11 11 -13 20 17 15 16 -18 18 21 25 -22 -23 23 24 -26 -27 -28 -29 -30 -31
leaf_value=0.051387016236431007 -0.063082355106084259 -0.61632437349797087 0.53644913972236508 -0.12614743781463006 0.32381445023860322 0.12397302296891269 -0.31175558281226129 0.74206131550804111 -0.82056550649059545 -0.041807787754007252 0.12727935512104266 -0.00356693188842911 0.60548164023786799 -0.54252996131487552 0.87402767052977426 -0.17055847753952888 0.16390780207883893 0.15413074520292297 -0.68845706233527948 0.70471122790589358 0.017046190271748571 -0.093134954496921413 -0.27751234494414917 0.094643031678220385 -0.0016533096510136147 0.0034642018989185885 -0.21260262102209054 0.094851424397967746 -0.47123455363986222 -0.21895166991804019
leaf_weight=21 32 54 35 49 32 20 21 29 22 82 33 179 33 20 42 45 65 51 29 28 40 37 30 37 89 20 142 26 24 33
leaf_count=21 32 54 35 49 32 20 21 29 22 82 33 179 33 20 42 45 65 51 29 28 40 37 30 37 89 20 142 26 24 33
internal_value=-0.000856531 -0.0130263 -0.000158371 -0.000511232 -2.41546e-05 -0.000421488 -0.0135714 5.13259e-05 0.000422164 -0.00685714 0.00116167 0.00373303 0.00707224 -0.000760135 0.00445055 0.00117647 -0.00324324 -0.00306569 -0.00214834 -0.000369231 0.0158108 -0.0107463 0.00363158 0.0011465 0.00472441 0.0122449 -0.00259928 0.00177778 -0.00165138 0.00282353
internal_weight=1400 75 1325 1290 1241 1209 41 1168 1136 104 1032 441 262 591 181 152 110 410 390 324 73 66 189 156 126 48 276 134 108 84
internal_count=1400 75 1325 1290 1241 1209 41 1168 1136 104 1032 441 262 591 181 152 110 410 390 324 73 66 189 156 126 48 276 134 108 84
is_linear=0
shrinkage=0.03


Tree=120
num_leaves=31
num_cat=0
split_feature=2 17 20 20 26 10 26 9 19 18 21 6 19 26 23 5 27 26 15 12 23 17 27 6 5 9 5 29 6 18
split_gain=14.9181 7.66227 6.55094 5.49452 5.61539 9.27173 8.23386 7.26072 9.23972 6.65541 6.13998 8.96876 6.43018 6.6018 8.66704 7.9804 12.6632 6.00184 5.89805 11.3172 7.90962 5.23953 6.75132 8.62107 10.0536 9.23113 7.76276 8.48347 6.40713 6.32225
threshold=80.500000000000014 55412.480000000003 29.650000000000002 7.0500000000000007 22.550000000000004 274.7000000000001 21.350000000000005 202.47000000000006 0.26722820045975987 15.950000000000001 23.150000000000002 310.50000000000006 0.98897820466835418 39.350000000000001 20.950000000000003 213.50000000000003 1.0000000180025095e-35 39.650000000000013 184.50000000000003 118.50000000000001 16.750000000000004 4.4150000000009522 0.15000000000000005 339.00000000000006 417.50000000000006 126.09500000000001 288.50000000000006 -0.082691941062253513 95.500000000000014 13.050000000000002
decision_type=10 10 2 2 2 10 2 2 2 2 2 10 2 2 2 10 2 2 10 10 2 10 2 10 10 2 10 2 10 2
left_child=-1 2 3 -2 5 6 9 -7 -9 -5 11 -6 13 14 21 -16 -17 -14 -15 -20 -21 -12 23 25 -25 -23 27 28 -24 -30
right_child=1 -3 -4 4 10 7 -8 8 -10 -11 12 -13 17 18 15 16 -18 -19 19 20 -22 22 26 24 -26 -27 -28 -29 29 -31
leaf_value=-0.53772256987773759 0.43018250652934598 1.0004960250662147 -0.58443417915279661 -0.010318031247931571 0.58120132108241573 -0.20596107932661481 -0.18813245488203675 -1.2839154801151373 0.37724046008576462 0.20656416566295491 0.35325298603844302 0.056354999249178798 -0.018057959036082989 0.48562202021281475 -0.72125284703112635 -0.15861894431804244 0.11024791776577786 -0.15469112704478674 -0.075992865562153039 -0.0028994972470587754 0.37838544366105054 0.0082099698137415092 0.16442547180370468 0.29522199874988186 -0.13399966974404093 -0.090340905862013862 -0.23161732085335698 0.10900745390718725 -0.32534151185515015 -0.019063122894841342
leaf_weight=55 58 32 25 31 20 35 29 20 30 25 32 40 110 26 30 22 27 21 23 29 33 215 23 80 38 77 47 20 47 93
leaf_count=55 58 32 25 31 20 35 29 20 30 25 32 40 110 26 30 22 27 21 23 29 33 215 23 80 38 77 47 20 47 93
internal_value=-0.000365854 0.000268857 -9.18133e-05 0.000210608 -0.000220588 -0.00526316 0.00174419 -0.0122093 -0.00470588 0.00842105 0.000597723 0.00983607 3.01811e-05 0.000973349 -3.98936e-05 -0.009375 -0.0018 -0.00613636 0.00776786 0.00383721 0.0104762 0.00106984 0.000468019 0.00277372 0.00957983 0 -0.00363636 -0.000815217 -0.00310976 -0.00553191
internal_weight=1393 1338 1306 1281 1223 170 85 85 50 56 1053 60 993 862 751 79 49 131 111 85 62 672 640 410 118 292 230 183 163 140
internal_count=1393 1338 1306 1281 1223 170 85 85 50 56 1053 60 993 862 751 79 49 131 111 85 62 672 640 410 118 292 230 183 163 140
is_linear=0
shrinkage=0.03


Tree=121
num_leaves=31
num_cat=0
split_feature=1 20 16 10 12 24 19 9 22 24 8 12 11 4 19 10 20 20 25 24 15 24 4 4 23 9 3 10 9 8
split_gain=10.1869 7.73976 6.74785 6.30909 5.55769 5.39811 10.419 5.29847 4.65617 10.4374 6.31332 6.81744 7.16748 6.16846 9.91785 5.74638 9.00532 8.31286 5.72965 6.70052 5.54329 5.18625 5.05105 7.20397 7.28959 5.87483 5.586 5.47219 7.33103 5.03704
threshold=80.500000000000014 29.550000000000004 5.5000000000000009 469.73000000000008 134.50000000000003 0.99140711019144623 0.9681107762825325 31.085000000000004 0.8500000000000002 0.52247866957162958 326.35714285714295 362.50000000000006 896.50000000000011 280.50000000000006 -0.87032255546191706 225.26500000000001 25.250000000000004 19.350000000000005 25.850000000000005 -0.90992662233962529 635.00000000000011 -0.98624804680367273 308.50000000000006 368.50000000000006 12.65 163.94500000000002 437.50000000000006 266.79000000000008 194.16000000000003 116.53571428571429
decision_type=10 2 10 10 10 2 2 2 2 2 10 10 2 10 2 10 2 2 2 2 10 2 10 10 2 2 10 10 2 10
left_child=7 2 -2 5 -5 8 -7 -1 10 13 11 20 -13 14 -10 16 17 -11 19 -12 21 -4 -21 27 26 -26 -25 -24 -29 -16
right_child=1 -3 3 4 -6 6 -8 -9 9 15 18 12 -14 -15 29 -17 -18 -19 -20 22 -22 -23 23 24 25 -27 -28 28 -30 -31
leaf_value=-0.65845718455918767 0.22100824039755196 -0.52983611089396643 0.25530964581201276 -0.010014873430578745 1.5376603619410343 0.25089922520765612 -0.022036566850855054 -0.19486522248357543 -0.055741938641426715 -0.00082186880568357878 0.11784058124611163 -0.15931639688472729 0.029760884961037275 0.008121534236119601 -0.077012475857255111 -0.60550883656734777 -0.022365982865723309 0.1838316732530289 -0.093573200952580746 0.24551027616037457 0.26962195775540604 0.0024494019189498315 -0.402415105291617 0.3568294660829508 0.0061449497175203758 -0.26596136156269212 -0.26555923234195633 0.0012443855400226765 -0.21670157350349994 -0.67001549314201847
leaf_weight=24 25 27 22 26 25 113 48 26 40 22 44 36 22 28 26 27 27 27 22 25 32 414 25 54 33 40 22 31 34 48
leaf_count=24 25 27 22 26 25 113 48 26 40 22 44 36 22 28 26 27 27 27 22 25 32 414 25 54 33 40 22 31 34 48
internal_value=-0.00095339 -0.000461201 -0.000134429 -0.00043379 0.00980769 -0.000855107 0.00425926 -0.0141176 -0.00160617 -0.0052439 -0.000560093 0.00148008 -0.00813559 -0.0104895 -0.0135652 0.00201923 0.00623377 0.0138 -0.00380665 -0.00271845 0.00268657 0.0017849 -0.0045283 -0.005875 -0.0018 -0.00851351 0.00467532 -0.0125275 -0.00772727 -0.02
internal_weight=1415 1365 1338 1313 51 1262 161 50 1101 245 856 526 58 142 114 103 76 49 330 308 468 436 264 239 149 73 76 90 65 74
internal_count=1415 1365 1338 1313 51 1262 161 50 1101 245 856 526 58 142 114 103 76 49 330 308 468 436 264 239 149 73 76 90 65 74
is_linear=0
shrinkage=0.03


Tree=122
num_leaves=31
num_cat=0
split_feature=0 29 2 15 22 24 26 21 26 21 23 13 0 5 5 23 23 9 3 28 9 9 26 15 12 18 14 24 3 1
split_gain=8.21397 5.07022 8.58036 5.57778 6.78341 4.5373 4.07141 6.74044 8.94403 7.16432 6.28601 5.07361 4.93489 7.22599 6.4442 12.1089 7.39108 9.00274 8.17997 8.48752 7.03052 7.31242 8.14461 10.1116 11.5032 11.1478 9.0603 6.80321 5.93357 5.7041
threshold=61.000000000000007 -0.98212955754013376 187.50000000000003 1.5000000000000002 8.5000000000000018 0.64942331933852337 18.350000000000005 19.750000000000004 22.750000000000004 23.150000000000002 12.950000000000001 74.500000000000014 454.50000000000006 450.50000000000006 396.50000000000006 12.750000000000002 13.750000000000002 175.52500000000003 228.50000000000003 -0.99467753128998015 40.255000000000003 95.15000000000002 30.650000000000002 150.50000000000003 25.500000000000004 15.450000000000001 2.5000000000000004 -0.92384435400961373 259.50000000000006 217.50000000000003
decision_type=2 2 8 8 2 2 2 2 2 2 2 10 2 10 10 2 2 2 10 2 2 2 2 10 10 2 10 2 10 10
left_child=-1 2 -2 -3 6 -6 -5 10 11 -10 -8 -9 13 14 16 -16 17 18 19 -11 -18 22 -22 24 26 -25 -24 -23 -20 -29
right_child=1 3 -4 4 5 -7 7 8 9 12 -12 -13 -14 -15 15 -17 20 -19 28 -21 21 27 23 25 -26 -27 -28 29 -30 -31
leaf_value=-0.54380774568869517 -0.31762490572135105 0.22344008761948117 0.15544994697084064 -0.038924792219689267 -0.5329920364145817 -0.0030352435402170386 0.70755509785244441 -0.028198450650314157 0.42374809472895547 0.11948255844042442 -0.013826174779314044 -0.57330227610067019 0.74855051756341418 -0.30590990199180224 0.79157672471839358 -0.045881616217398002 0.098934012517540346 -0.19060184038131522 0.20678941178325261 -0.054114241339920495 -1.0265629930479951 0.16676252549030096 0.2007800104732837 0.13295117887902846 0.34339789635838258 -0.34947676075191181 -0.065011340904101184 0.2371256468802791 -0.0024906531332393911 0.00060259354781351244
leaf_weight=28 47 21 27 31 31 27 39 124 53 24 22 24 43 31 23 25 28 47 35 124 26 22 29 26 33 68 56 24 102 155
leaf_count=28 47 21 27 31 31 27 39 124 53 24 22 24 43 31 23 25 28 47 35 124 26 22 29 26 33 68 56 24 102 155
internal_value=-0.000752149 -0.000416667 -0.008 2.31839e-05 -0.000235664 -0.0101695 0.000246914 0.000532095 0 0.00104615 0.0101613 -0.00684564 0.000422993 -6.82594e-05 0.000459906 0.0110204 -0.0001875 -0.0036036 -0.00157343 -0.00644295 0.00224359 0.00129545 -0.00225941 -0.00028169 0.00554622 -0.00757895 -0.000348837 0.00549505 0.00369565 0.0035
internal_weight=1395 1367 74 1293 1272 58 1214 1183 1122 974 61 148 921 878 847 48 799 332 285 148 467 439 238 212 118 94 85 201 137 179
internal_count=1395 1367 74 1293 1272 58 1214 1183 1122 974 61 148 921 878 847 48 799 332 285 148 467 439 238 212 118 94 85 201 137 179
is_linear=0
shrinkage=0.03


Tree=123
num_leaves=31
num_cat=0
split_feature=6 25 29 20 17 18 5 10 9 24 5 13 14 1 0 17 11 12 24 19 17 0 19 19 26 5 24 5 14 17
split_gain=10.9841 7.1136 8.78196 7.27272 6.09384 5.83758 6.01009 18.8082 10.959 5.75119 5.6865 7.78106 5.71459 5.29142 11.1823 8.93646 9.47826 5.08467 12.1439 13.468 8.66426 6.85795 6.46231 6.14774 5.74452 5.43651 5.61384 9.81961 9.0212 7.58398
threshold=68.500000000000014 27.750000000000004 -0.57077231802681661 29.050000000000004 4.4150000000009522 10.950000000000001 162.50000000000003 123.99500000000002 55.895000000000003 -0.82409480842201666 266.50000000000006 565.00000000000011 118.50000000000001 136.50000000000003 197.50000000000003 39.635000000000908 14.500000000000002 28.500000000000004 0.81408451933196979 0.74892720285008318 183.26000000000414 219.50000000000003 0.99901018088683491 0.98321746822993605 20.950000000000003 185.50000000000003 0.9426055981926128 247.50000000000003 32.500000000000007 640.73000000000025
decision_type=10 2 2 2 10 2 10 8 2 2 10 10 10 10 2 10 2 10 2 2 10 2 2 2 2 10 2 10 10 10
left_child=-1 2 4 9 -2 -6 7 -7 -8 -3 -10 12 -12 15 -15 -4 -17 18 19 -16 24 -19 25 -22 -20 -23 28 -28 -27 -30
right_child=1 3 13 -5 5 6 8 -9 10 -11 11 -13 -14 14 17 16 -18 21 20 -21 23 22 -24 -25 -26 26 27 -29 29 -31
leaf_value=-0.5603113404623048 0.012881914167468551 0.0027897479777476519 0.15668985707756214 -0.19900461171491543 -0.10050756916885972 0.10024281030290894 -0.4931064503011704 -0.35469188075775648 -0.15592009178973312 0.41388377068561311 -0.015795011688768738 -0.030324564128786449 0.26132220351283081 -0.058716477517479854 -0.085655084960924333 -0.30016542720596334 0.17645448542049905 0.18318665920877891 -0.033186769464469988 0.69299716832822467 -0.10279152042943948 -0.15439984778291801 0.375588135066659 -0.2742031242301422 0.037543312258577544 -0.35784768107562226 0.48467103837634962 0.061589204906006501 0.36000729907783069 -0.0079772125961304133
leaf_weight=41 35 26 28 29 27 32 48 36 60 35 21 28 21 95 43 21 24 22 26 47 64 20 29 29 48 47 26 144 37 196
leaf_count=41 35 26 28 29 27 32 48 36 60 35 21 28 21 95 43 21 24 22 26 47 64 20 29 29 48 47 26 144 37 196
internal_value=-0.00132035 -0.000847584 -0.00143426 0.00725275 -0.00582524 -0.00733577 -0.00582996 0.00173913 -0.00871508 0.0130645 -0.00412214 0.00169014 0.00976744 0 -0.000652174 0.0077027 -0.000652174 0.000539153 -0.00290698 0.00593407 -0.00767857 0.00224138 0.0015 -0.0137234 0 0.000636943 0.00133038 0.00561404 -0.00128114 0.00115385
internal_weight=1385 1344 1254 90 308 273 246 68 178 61 130 70 42 946 873 73 45 778 257 90 167 521 499 93 74 470 450 170 280 233
internal_count=1385 1344 1254 90 308 273 246 68 178 61 130 70 42 946 873 73 45 778 257 90 167 521 499 93 74 470 450 170 280 233
is_linear=0
shrinkage=0.03


Tree=124
num_leaves=31
num_cat=0
split_feature=10 9 26 0 23 1 8 28 28 12 10 6 21 9 6 15 12 24 6 6 6 25 8 9 25 6 4 19 25 8
split_gain=7.61917 6.69968 6.17422 6.0276 4.45867 7.44946 9.26623 9.65668 7.48304 7.56569 7.36672 9.40951 6.10489 6.01206 8.6986 6.19257 7.80446 5.91428 5.6919 5.56852 5.5152 5.38624 5.18182 6.22016 4.64232 4.45397 9.4842 6.75581 5.25507 7.97089
threshold=1.0000000180025095e-35 31.085000000000004 41.45000000000001 474.50000000000006 17.850000000000005 183.50000000000003 269.21428571428578 0.71503381463111937 0.71503381463111937 27.500000000000004 175.19000000000003 357.50000000000006 25.850000000000005 96.670000000000016 188.50000000000003 21.500000000000004 20.500000000000004 -0.92384435400961373 329.50000000000006 246.50000000000003 206.50000000000003 26.350000000000005 296.35714285714295 129.12500000000003 24.250000000000004 423.50000000000006 408.50000000000006 0.91702515554752073 16.250000000000004 261.78571428571439
decision_type=10 2 2 2 2 10 10 2 2 10 10 10 2 2 10 10 10 2 10 10 10 2 10 2 2 10 10 2 2 10
left_child=1 -1 3 4 10 21 8 18 -7 -10 11 12 -2 15 -15 -12 -17 -14 -8 20 -19 24 -9 -24 -6 28 -27 -28 -16 -30
right_child=2 -3 -4 -5 5 6 7 22 9 -11 13 -13 17 14 25 16 -18 19 -20 -21 -22 -23 23 -25 -26 26 27 -29 29 -31
leaf_value=-0.75286274507022299 -0.060359890380825044 -0.10068863560942652 0.16881793803480064 0.70754711245024682 -0.10636540298532907 0.31917413703981651 -0.34609811187839112 -0.10415355412827011 -0.23914430042162735 0.0080265055290990976 0.060586124614818146 0.080300531118060112 -0.18893037580099409 0.22138047323217733 -0.055696177792631543 -0.53706733773054005 -0.013784617158955967 0.038413614617770264 -0.11555587285479874 0.10442326221635127 -0.29562982582916275 -0.012301434022613193 0.22141243794328658 -0.099299065761322816 -0.65621188933245578 0.54732486770122191 -0.34306579031402579 0.51133773219940615 -0.13368231371596664 0.10208233611501839
leaf_weight=20 34 24 57 49 20 35 30 21 26 33 28 26 36 26 236 36 66 158 28 46 25 29 28 25 23 40 23 21 35 101
leaf_count=20 34 24 57 49 20 35 30 21 26 33 28 26 36 26 236 36 66 158 28 46 25 29 28 25 23 40 23 21 35 101
internal_value=-0.00119048 -0.0133333 -0.000782414 -0.00121401 -0.00162621 -0.00481605 -0.00211454 -0.00721805 0.00505263 -0.0015 -0.000607676 0.00303681 0.0015 -0.00254486 -0.000993789 -0.00824427 -0.0116505 0.00304511 -0.0162712 0.00482609 0.00244565 -0.0131507 0 0.005 -0.0197727 -0.00196937 0.00423529 -0.00533333 -0.00337802 0.00131387
internal_weight=1385 44 1341 1284 1235 298 226 132 94 59 937 325 299 612 482 130 102 265 58 229 183 72 74 53 43 456 84 44 372 136
internal_count=1385 44 1341 1284 1235 298 226 132 94 59 937 325 299 612 482 130 102 265 58 229 183 72 74 53 43 456 84 44 372 136
is_linear=0
shrinkage=0.03


Tree=125
num_leaves=31
num_cat=0
split_feature=10 16 4 11 9 1 29 10 10 29 28 25 29 9 9 22 1 5 0 28 18 7 14 9 18 10 8 7 9 9
split_gain=10.4601 7.58496 8.81033 8.2387 6.90665 6.39571 6.01284 4.30462 6.29837 5.64945 5.59277 7.85352 6.7392 6.48084 6.66111 6.9377 6.31864 6.63656 6.25246 6.59975 5.30303 5.25117 5.07325 7.17477 5.58401 4.87013 4.40644 5.39798 7.19885 6.86519
threshold=47.550000000000004 8644.5000000000018 492.50000000000006 1050.0000000000002 26.060000000000002 366.50000000000006 0.99855310097228334 159.60000000000002 164.97500000000005 -0.97111920233974802 0.73865729060996177 15.550000000000002 -0.94137724084408114 43.410000000000004 53.025000000000006 1.0000000180025095e-35 185.50000000000003 163.50000000000003 114.50000000000001 -0.85227431625818906 15.750000000000002 450.83333333333343 6.5000000000000009 66.89500000000001 15.750000000000002 137.41500000000002 396.64285714285717 316.83333333333343 78.040000000000006 93.530000000000015
decision_type=10 8 10 2 2 10 2 10 10 2 2 2 2 2 2 2 10 10 2 2 2 10 10 2 2 10 10 10 2 2
left_child=4 2 6 -3 -1 -5 7 10 -9 -10 12 -12 16 18 -15 25 17 -2 19 -14 -13 22 24 -24 -11 -16 27 28 -25 -30
right_child=1 3 -4 5 -6 -7 -8 8 9 21 11 20 13 14 15 -17 -18 -19 -20 -21 -22 -23 23 26 -26 -27 -28 -29 29 -31
leaf_value=-0.6699484526291084 0.073916453261574866 0.4333817695968824 -0.28828830736980704 -0.080731404230051568 -0.097667976541143633 0.66711405556930059 1.0561034854978641 -0.31345409548710135 -0.51503141188888912 -0.013751303284847154 -0.009214986079777816 0.14526553507120241 0.1194442686803022 -0.20189385440121355 -0.32800019921602214 0.093171471911526568 0.38566072157506853 -0.043151179714791536 0.13269069392882613 -0.25522327907407855 0.26162683648345247 0.54320265521715216 -0.12917574539943261 0.10424498821509189 0.56823197455811703 -6.9148063794131079e-05 -0.14226511047294479 0.022882489739043877 -0.080533355277637206 -0.007619811047587177
leaf_weight=22 22 22 29 26 36 47 21 24 36 37 32 20 25 39 21 39 25 26 26 23 21 27 45 48 38 20 51 270 77 203
leaf_count=22 22 22 29 26 36 47 21 24 36 37 32 20 25 39 21 39 25 26 26 23 21 27 45 48 38 20 51 270 77 203
internal_value=-0.000857756 -0.000313199 -0.000939005 0.0078125 -0.0132203 0.00283784 -0.000542317 -0.000827759 -0.00196033 -0.00151261 0.00202941 0.00932432 0 -0.00293814 -0.00725 -0.00222222 0.0077027 0.00122449 0.004 -0.00244898 0.0178571 -0.00097867 -0.00144156 -0.0022446 0.00592105 -0.0107143 -0.00143077 -0.000701169 -0.00328267 -0.00512456
internal_weight=1398 1340 1245 95 58 73 1216 1195 856 832 339 73 266 193 119 80 73 48 74 48 41 796 769 694 75 41 649 598 328 280
internal_count=1398 1340 1245 95 58 73 1216 1195 856 832 339 73 266 193 119 80 73 48 74 48 41 796 769 694 75 41 649 598 328 280
is_linear=0
shrinkage=0.03


Tree=126
num_leaves=31
num_cat=0
split_feature=2 28 8 29 13 26 17 2 21 2 13 24 29 27 2 13 2 10 9 10 1 2 7 27 19 17 15 26 2 6
split_gain=8.47766 7.53797 9.43837 9.88644 7.5258 6.91547 10.2419 10.2518 9.94758 7.51597 16.2603 11.0325 6.77679 6.71634 9.34634 5.18778 9.43038 7.07955 6.62412 9.00307 6.01357 4.85461 9.77882 4.77174 4.39067 4.47858 11.4414 8.17871 7.96402 7.42241
threshold=397.50000000000006 -0.72696319516528884 392.50000000000006 0.83730377313544024 36.500000000000007 22.550000000000004 548.51500000000374 342.50000000000006 21.950000000000003 177.50000000000003 3.5000000000000004 0.52247866957162958 0.98005052076767474 1.0000000180025095e-35 165.50000000000003 4.5000000000000009 213.50000000000003 116.75500000000001 60.070000000000007 162.03500000000003 231.50000000000003 189.50000000000003 206.16666666666671 5.3500000000000005 0.99901018088683491 565.90000000000202 172.50000000000003 33.550000000000004 307.50000000000006 188.50000000000003
decision_type=10 2 8 2 10 2 8 10 2 10 10 2 2 2 10 10 10 10 2 10 10 10 10 2 2 10 10 2 10 10
left_child=5 -2 -3 -4 -5 6 7 8 -1 10 11 -7 -8 14 -12 16 -11 -17 -19 -20 -18 -21 -23 -15 25 27 -27 28 -24 -28
right_child=1 2 3 4 -6 9 12 -9 -10 15 13 -13 -14 23 -16 17 20 18 19 21 -22 22 24 -25 -26 26 29 -29 -30 -31
leaf_value=0.19174941992964703 1.0921550509642275 0.19397181641198413 -0.3202211920791464 -0.2111372733951154 0.47620792317314908 -0.081549238161378379 -0.37402959965083027 -0.084273509633292179 -0.67452689186630566 0.24381330336229695 0.0018234378878921121 0.12838027122537837 -0.32371100677849851 -0.354526478092479 -0.44124281877812477 0.29398946520884889 -0.080612263208812179 -0.28569874916034821 0.095297891870448834 0.41051828335831542 -0.007150327041812829 -0.48231342358229479 -0.64270035742107379 -0.30478331359085159 0.93481585723718719 0.32379840953766031 0.099732348205318996 0.015700010137132948 0.0023711195557405062 -0.010677242667135829
leaf_weight=57 43 53 36 26 37 80 27 38 20 23 65 50 20 62 22 30 25 41 41 23 25 23 47 37 20 50 25 61 40 239
leaf_count=57 43 53 36 26 37 80 27 38 20 23 65 50 20 62 22 30 25 41 41 23 25 23 47 37 20 50 25 61 40 239
internal_value=-0.00103821 0.0047449 0.00156863 -0.0039 0.00328125 -0.00198826 -0.00773006 -0.00284483 0.00346154 -0.00107767 -0.00492114 0.00320611 -0.019375 -0.0105882 -0.00443182 0.000630252 -0.00689189 0.00149766 0.000785597 0.00163158 -0.0141176 0.000567108 -5.92885e-05 -0.0159 0.000869565 0.000259179 0.00228571 -0.00402685 -0.00988636 -0.000226415
internal_weight=1386 195 152 99 63 1191 162 115 77 1029 316 130 47 186 87 713 73 640 610 569 50 528 505 99 482 462 314 148 87 264
internal_count=1386 195 152 99 63 1191 162 115 77 1029 316 130 47 186 87 713 73 640 610 569 50 528 505 99 482 462 314 148 87 264
is_linear=0
shrinkage=0.03


Tree=127
num_leaves=31
num_cat=0
split_feature=10 9 17 17 11 2 15 26 29 19 23 24 13 28 26 11 0 23 29 0 4 9 2 12 27 12 26 26 19 19
split_gain=10.8478 6.64891 6.39102 5.68212 10.0562 7.84601 6.76512 6.23788 5.84247 5.27048 4.76146 8.1657 10.6136 8.34325 7.70398 7.58825 11.6336 7.61032 6.31695 9.49 6.82391 9.94467 8.76023 7.15472 6.22396 5.57921 7.9008 5.39955 8.30601 10.0892
threshold=41.475000000000009 30.025000000000002 39179.060000000005 26482.995000000006 933.50000000000011 368.50000000000006 1851.0000000000002 41.650000000000013 -0.96687281075841669 0.91702515554752073 19.350000000000005 0.90255091666790854 56.500000000000007 0.93544191479114935 33.150000000000013 5.5000000000000009 354.50000000000006 11.250000000000002 0.48877522411129348 262.50000000000006 165.50000000000003 62.230000000000011 126.50000000000001 3.5000000000000004 2.7500000000000004 9.5000000000000018 29.050000000000004 22.750000000000004 0.96359376111369366 -0.13917310096006555
decision_type=10 2 10 10 2 10 10 2 2 2 2 2 10 2 2 2 2 2 2 2 10 2 10 10 2 10 2 2 2 2
left_child=1 -1 3 4 6 -6 7 8 -2 -8 14 12 24 -13 18 -16 17 -17 19 20 22 -22 23 -10 -12 -23 -27 -20 29 -29
right_child=2 -3 -4 -5 5 -7 9 -9 10 -11 11 13 -14 -15 15 16 -18 -19 27 -21 21 25 -24 -25 -26 26 -28 28 -30 -31
leaf_value=-0.70058887410028092 -0.053521281562387057 -0.16043367366398639 0.47966599564528817 -0.15499418786924138 0.0012849574530002883 0.98916549804752407 -0.0042056644726324068 0.24859020883923874 -0.19339056162433535 -0.32824073220564842 0.26511020338413416 -0.1527692112874891 -0.3081581268774663 -0.002728249403998859 0.32597779306976887 0.25556447744501598 1.0282420680341551 -0.0060263249847150747 -0.0046335986084109493 -0.72358052680273188 -0.28801851452311977 0.56744313996954077 0.21173854777360815 0.11857448781425191 -0.15676550680384763 -0.45844477900522063 0.018348626026655664 0.34047753846097234 0.40242377716958089 -0.075884792945535073
leaf_weight=22 101 28 52 42 23 22 29 32 29 20 46 41 32 30 27 36 29 145 210 54 49 20 41 21 20 21 30 27 52 66
leaf_count=22 101 28 52 42 23 22 29 32 29 20 46 41 32 30 27 36 29 145 210 54 49 20 41 21 20 21 30 27 52 66
internal_value=-0.000536481 -0.0141176 -2.22552e-05 -0.000439815 -7.17703e-05 0.0136957 -0.000595533 -0.00012931 -0.000505319 -0.0114 0.000175268 -0.00441176 0.00121212 -0.0120833 0.00108392 0.00567227 0.00369668 0.000824176 -0.000676329 -0.00417293 -0.00127358 -0.00595041 0.0048913 -0.00352941 0.0080597 0.00125 -0.00403846 0.0019382 0.00636986 0.000957447
internal_weight=1397 50 1347 1295 1253 45 1208 1159 1127 49 1026 169 98 71 857 237 210 181 620 265 211 120 91 50 66 71 51 355 145 93
internal_count=1397 50 1347 1295 1253 45 1208 1159 1127 49 1026 169 98 71 857 237 210 181 620 265 211 120 91 50 66 71 51 355 145 93
is_linear=0
shrinkage=0.03


Tree=128
num_leaves=31
num_cat=0
split_feature=6 24 0 16 24 4 14 18 8 28 27 8 24 8 26 5 20 4 6 24 15 23 14 18 26 23 26 26 26 3
split_gain=8.32336 5.45102 5.72154 5.29083 8.1143 6.40927 4.81788 9.6413 9.02533 9.69605 6.2808 6.1188 4.8653 5.82711 7.17922 10.9919 10.5829 7.92421 6.41635 6.33511 6.26248 8.52995 5.85492 5.71616 5.64817 5.04244 5.80228 4.74726 6.18163 7.00295
threshold=68.500000000000014 0.99140711019144623 396.50000000000006 11830.500000000002 0.67556448321067852 492.50000000000006 2.5000000000000004 16.750000000000004 135.50000000000003 -0.23537230790205757 3.2500000000000004 101.64285714285715 0.98321746822993605 433.78571428571433 28.550000000000004 227.50000000000003 18.350000000000005 262.50000000000006 319.50000000000006 0.77159520228797451 1817.0000000000002 18.750000000000004 49.500000000000007 13.750000000000002 41.150000000000013 11.950000000000001 22.550000000000004 40.150000000000013 37.650000000000013 106.50000000000001
decision_type=8 2 2 10 2 8 10 2 10 2 2 8 2 8 2 10 2 10 10 2 10 2 10 2 2 2 2 2 2 10
left_child=-1 3 -3 5 -5 6 7 8 10 -10 -2 -8 13 14 15 -13 22 -17 25 -20 24 -22 -16 -14 27 -19 -27 28 29 -18
right_child=1 2 -4 4 -6 -7 11 -9 9 -11 -12 12 23 -15 16 17 20 18 19 -21 21 -23 -24 -25 -26 26 -28 -29 -30 -31
leaf_value=-0.57366571416657353 0.14259901625114665 0.0085874509464539985 0.89279018102268082 -0.079026652099135217 1.4528678183069896 -0.17014849328162795 -0.23170483251009649 0.37203776068819822 -0.20603940223848893 0.22631145048678178 -0.0053419476624864612 -0.74053227150533629 -0.0074642965610883039 0.46206069343620637 0.080512010120055919 0.68955693240379445 0.11091963419847907 0.25998058700666205 -0.0020344054117666134 -0.18793314111487006 -0.17308972013124674 0.021000146352516538 0.27735405810613456 -0.65598212638681908 0.12639535155338819 -0.14047519856052304 0.2042826088884834 -0.072678977548399637 0.031014013186400007 -0.035023053022137131
leaf_weight=34 22 141 28 24 28 24 27 37 51 25 23 32 28 25 42 20 20 23 66 102 41 20 26 20 43 23 28 31 77 236
leaf_count=34 22 141 28 24 28 24 27 37 51 25 23 32 28 25 42 20 20 23 66 102 41 20 26 20 43 23 28 31 77 236
internal_value=-0.000986842 -0.000607196 0.00441176 -0.00133906 0.00792453 -0.00177898 -0.00143251 0.00339623 -0.000737705 -0.00701299 0.00978261 -0.00225564 -0.00182522 -0.00129673 -0.00173285 -0.00549153 0.000335196 -0.00342205 -0.00493827 -0.00816568 -0.00127932 -0.0101613 0.0113043 -0.0110204 7.35294e-05 0.0024 -0.00288462 -0.00115068 -8.98204e-05 -0.00233463
internal_weight=1367 1333 169 1164 52 1112 1088 158 121 76 45 930 903 855 830 294 536 262 242 168 468 61 68 48 407 74 51 364 333 256
internal_count=1367 1333 169 1164 52 1112 1088 158 121 76 45 930 903 855 830 294 536 262 242 168 468 61 68 48 407 74 51 364 333 256
is_linear=0
shrinkage=0.03


Tree=129
num_leaves=31
num_cat=0
split_feature=6 25 20 25 3 27 10 28 0 13 16 3 25 29 3 6 5 19 11 9 24 13 17 24 2 3 28 10 19 5
split_gain=7.12914 6.50753 5.64637 4.98501 5.04534 4.88949 4.70163 4.55255 6.72641 9.54447 5.28054 5.03493 9.15703 8.78609 7.54733 9.21517 7.8096 6.5733 6.63515 5.94725 5.78002 5.73623 8.91146 7.5757 7.49479 7.24416 7.17598 6.45783 5.90523 7.1102
threshold=61.000000000000007 6.2500000000000009 28.850000000000005 27.450000000000003 265.50000000000006 0.55000000000000016 194.59500000000006 -0.99467753128998015 102.50000000000001 3.5000000000000004 5.5000000000000009 247.50000000000003 11.250000000000002 0.99748108949426018 384.50000000000006 392.50000000000006 320.50000000000006 0.64942331933852337 43.500000000000007 89.435000000000016 0.93663652364155514 21.500000000000004 2198.9800000000023 -0.13917310096006555 297.50000000000006 327.50000000000006 -0.71504373327588355 157.21000000000001 0.91702515554752073 265.50000000000006
decision_type=8 2 2 2 10 2 10 2 2 10 8 10 2 2 10 8 10 2 2 2 2 10 10 2 10 10 2 8 2 10
left_child=-1 -2 3 7 6 -4 -5 -3 9 -9 -10 17 13 14 16 -16 -13 19 -19 -12 -18 27 28 25 -25 -24 -26 -14 29 -23
right_child=1 2 5 4 -6 -7 -8 8 10 -11 11 12 21 -15 15 -17 20 18 -20 -21 -22 22 23 24 26 -27 -28 -29 -30 -31
leaf_value=-0.55645574274157605 0.51024177399458781 0.084231135571390822 -0.0004285780660563887 0.065240279822383507 -0.010267535581152742 -0.85578483623116941 0.83027242630428277 0.028442781632442262 0.20904311934545361 -0.32981908539174182 -0.020004649604886425 0.0036516692590905109 0.053933226664828596 0.80534484771006021 0.73543688829255749 -0.091625887976680351 -0.17624878992680548 0.030783848931334602 -0.026941190464801819 -0.50384002147023099 -0.038615758296569991 0.0096203900231442672 0.0033448922453450788 0.48927590364437007 0.41768342742238701 -0.18410314067167205 -0.099248554552774523 -0.15921257629977134 0.0085253766427399562 0.34125115375696624
leaf_weight=32 32 38 23 29 20 22 27 29 20 41 133 42 36 22 28 36 46 128 69 53 43 24 28 30 59 42 67 64 71 76
leaf_count=32 32 38 23 29 20 22 27 29 20 41 133 42 36 22 28 36 46 128 69 53 43 24 28 30 59 42 67 64 71 76
internal_value=-0.000765415 -0.000435098 -0.000757238 -0.000391705 0.00701299 -0.011087 0.0115789 -0.000856444 -0.00118687 -0.0101408 -0.000617174 -0.000901639 0.000587413 -0.00454128 -0.00658163 0.00184615 -0.0106818 -0.00367187 0.000151515 -0.00770053 -0.0156667 0.00283133 0.00444724 0.000528634 0.00420382 -0.00760563 0.000944882 -0.00356436 0.00959302 0.0142574
internal_weight=1410 1378 1346 1301 76 45 56 1225 1187 70 1117 1097 714 217 195 64 131 383 197 186 89 497 397 226 156 70 126 100 171 100
internal_count=1410 1378 1346 1301 76 45 56 1225 1187 70 1117 1097 714 217 195 64 131 383 197 186 89 497 397 226 156 70 126 100 171 100
is_linear=0
shrinkage=0.03


Tree=130
num_leaves=31
num_cat=0
split_feature=0 29 29 20 28 7 1 16 26 20 23 27 5 26 1 13 23 13 7 14 1 19 0 21 21 16 14 15 23 25
split_gain=9.99858 5.62061 5.35376 5.22996 4.08054 4.2226 7.35367 5.03018 4.75638 11.4218 7.14381 5.61562 10.8237 7.23214 7.17321 5.45165 5.37507 8.71873 8.34523 8.0627 6.2636 5.50343 5.20064 5.11287 7.30855 5.47015 5.7292 7.15324 5.10433 4.27243
threshold=55.165000000000006 -0.97111920233974802 -0.9575230291762723 6.1500000000000012 0.9962888416657264 86.466666666666669 90.500000000000014 20860.000000000004 30.850000000000005 16.950000000000003 17.850000000000005 1.7500000000000002 153.50000000000003 36.150000000000013 123.50000000000001 4.5000000000000009 14.250000000000002 23.500000000000004 241.16666666666671 51.500000000000007 273.50000000000006 0.96359376111369366 367.50000000000006 32.45000000000001 30.850000000000005 65.500000000000014 30.500000000000004 171.50000000000003 18.850000000000005 18.050000000000004
decision_type=2 2 2 2 2 8 10 8 2 2 2 2 10 2 10 10 2 10 10 10 10 2 2 2 2 10 10 10 2 2
left_child=-1 -2 -3 -4 5 -5 -7 8 9 16 15 14 -13 -14 -10 -11 18 -18 -8 21 -20 -19 23 24 -16 -25 28 -28 -27 -17
right_child=1 2 3 4 -6 6 7 -9 11 10 -12 12 13 -15 22 29 17 19 20 -21 -22 -23 -24 25 -26 26 27 -29 -30 -31
leaf_value=-0.63786926223202023 -0.03409484622924211 0.42017240661289346 0.75886332128171485 0.11451078475632073 0.012641529265753916 -0.27972203110581895 0.090316995436665187 0.44346765442922387 0.19691192356419249 0.01342094388434603 -1.0351873121858843 0.030297727474197414 -0.78866264921785811 -0.0012136281025229322 -0.14734769928276137 -0.24254985863065115 -0.20169188500732588 0.31836912225611597 -0.13734771395657161 -0.14478281925290815 0.0042382725870567127 -0.018906305650635318 0.17416154874691983 0.21859859150423885 0.31179589695427723 -0.28407739321321201 0.34243043281056429 -0.0088762103618775252 0.0011163072718028389 -0.48746170547790857
leaf_weight=25 102 23 30 23 44 22 38 29 36 20 29 36 35 20 25 26 52 30 25 50 242 23 67 23 40 49 26 160 21 20
leaf_count=25 102 23 30 23 44 22 38 29 36 20 29 36 35 20 25 26 52 30 25 50 242 23 67 23 40 49 26 160 21 20
internal_value=-0.00118534 -0.000833943 -0.000284585 -0.000555556 -0.000866337 -0.00120719 -0.00146725 -0.00112199 -0.00145338 -0.00339928 -0.0128125 0.000556586 -0.00619565 -0.0144643 0.00194196 -0.00716418 -0.00143167 -0.00596154 0.000882353 -0.000865385 -0.00100746 0.00722222 0.000800971 -0.000695652 0.00681818 -0.00246429 -0.00373541 -0.000962567 -0.0109859 -0.012766
internal_weight=1391 1366 1264 1241 1211 1167 1144 1122 1093 555 95 538 91 55 447 66 460 155 305 103 267 53 411 344 65 279 256 186 70 46
internal_count=1391 1366 1264 1241 1211 1167 1144 1122 1093 555 95 538 91 55 447 66 460 155 305 103 267 53 411 344 65 279 256 186 70 46
is_linear=0
shrinkage=0.03


Tree=131
num_leaves=31
num_cat=0
split_feature=10 9 20 26 16 21 26 29 24 24 6 16 17 5 24 5 14 15 4 4 15 8 10 26 26 20 28 6 26 14
split_gain=10.0974 6.02854 5.83796 7.10911 7.46068 7.24047 7.53961 6.12311 5.8986 9.24512 6.41566 5.76498 5.6305 4.95926 9.75377 6.74878 10.5544 5.09032 4.97051 4.89619 4.87013 4.59843 6.25325 7.22775 4.05527 4.2508 3.4732 6.37968 3.59864 4.83884
threshold=1.0000000180025095e-35 30.025000000000002 6.8500000000000005 22.750000000000004 482.00000000000006 23.150000000000002 25.350000000000005 0.88917497572200743 0.93663652364155514 -0.50751903745502724 332.50000000000006 264.50000000000006 556.09000000000242 318.50000000000006 -0.93663652364155492 342.50000000000006 61.500000000000007 1.5000000000000002 332.50000000000006 327.50000000000006 58.500000000000007 373.78571428571433 324.33000000000004 28.750000000000004 26.750000000000004 14.450000000000001 -0.99467753128998015 153.50000000000003 41.550000000000004 24.500000000000004
decision_type=10 2 2 2 10 2 2 2 2 2 8 8 10 10 2 10 10 10 10 10 10 10 10 2 2 2 2 10 2 10
left_child=1 -1 -2 4 8 12 7 -7 9 -4 -10 20 -5 17 -15 18 -17 -8 -16 -18 -12 -21 -23 -24 -19 -26 27 -27 29 -28
right_child=2 -3 3 5 -6 6 13 -9 10 -11 11 -13 -14 14 15 16 19 24 -20 21 -22 22 23 -25 25 26 28 -29 -30 -31
leaf_value=-0.6268994922071297 0.46975247108478524 -0.031756338955541703 0.0084652739429424174 -0.059292260206676842 -0.30693654876455129 -0.30711665619432665 0.19509085393022274 0.48507615214868305 0.13419108937594815 -0.35656164668420814 -0.0015874702373844228 0.077433520871949491 0.68585997110467356 -0.060950390916121644 0.3151290764091263 -0.15182094907186736 0.61357567215961861 -0.43313517123055645 0.005560105480358288 -0.028095089989833469 -0.1902486352056536 0.69273408459064145 -0.13271763546633222 0.59476886576517163 0.076449809784706418 -0.009532646161175648 -2.903028889448933e-05 0.17622190903526275 0.069347974798392331 -0.042663981588974595
leaf_weight=21 53 23 31 24 20 42 22 22 31 47 20 20 30 28 30 44 21 20 21 33 21 20 27 30 28 20 323 24 39 263
leaf_count=21 53 23 31 24 20 42 22 22 31 47 20 20 30 28 30 44 21 20 21 33 21 20 27 30 28 20 323 24 39 263
internal_value=-0.000686204 -0.0146667 -0.000221402 -0.00062212 -0.00596859 0.000296763 -0.000255198 -0.0101538 -0.00385965 -0.00987342 0.00129032 -0.00435484 0.0109091 0.000392354 0.004 0.0060793 0.00323864 -0.000851351 0.0155769 0.0075 -0.0107143 0.00486486 0.00884615 0.00362069 -0.00129526 -0.000902579 -0.00138806 0.00666667 -0.00196486 -0.00255537
internal_weight=1398 44 1354 1301 190 1111 1057 64 170 78 92 61 54 993 254 226 175 739 51 131 41 110 77 57 717 697 669 44 625 586
internal_count=1398 44 1354 1301 190 1111 1057 64 170 78 92 61 54 993 254 226 175 739 51 131 41 110 77 57 717 697 669 44 625 586
is_linear=0
shrinkage=0.03


Tree=132
num_leaves=31
num_cat=0
split_feature=20 25 10 24 7 10 19 26 12 3 16 9 8 10 24 0 29 8 12 24 10 24 22 10 16 26 3 21 20 26
split_gain=9.09751 6.51934 9.32224 9.0743 8.92487 10.0299 6.3482 8.79487 5.41883 5.20513 8.4515 6.47837 4.66115 4.12128 4.05866 8.51264 7.41952 7.32225 8.92307 6.95888 8.80686 6.50719 9.72138 12.9957 11.5256 7.91802 6.56933 5.72638 8.11761 7.38746
threshold=25.250000000000004 25.950000000000003 265.47500000000008 -0.6360540003681886 248.50000000000003 159.60000000000002 0.68832836526074803 40.050000000000004 2498.5000000000005 206.50000000000003 132.50000000000003 46.680000000000007 244.50000000000003 88.52500000000002 0.99140711019144623 384.50000000000006 0.90803977035715633 312.4285714285715 29.500000000000004 0.78257835753184646 103.82000000000001 0.64942331933852337 0.15000000000000005 323.50500000000005 482.00000000000006 22.150000000000002 248.50000000000003 37.95000000000001 18.350000000000005 29.150000000000002
decision_type=2 2 8 2 10 10 2 2 10 10 10 2 10 10 2 2 2 10 10 2 10 2 2 10 10 2 10 2 2 2
left_child=8 3 6 13 5 -5 9 -8 14 10 11 -3 -4 -2 19 16 17 18 -16 21 -21 22 23 -1 25 -25 -24 28 29 -22
right_child=1 2 12 4 -6 -7 7 -9 -10 -11 -12 -13 -14 -15 15 -17 -18 -19 -20 20 27 -23 26 24 -26 -27 -28 -29 -30 -31
leaf_value=0.046162076268900308 -0.047188173001735972 0.028942321841591505 -0.42497932810937644 -0.041649674557637933 0.29719697332616363 -0.49238586987892358 0.31411178683672941 0.00012964068940107153 0.72522949950812177 0.070012733050096185 -0.26732922532642889 -0.14849512366311743 -0.0090904508303609067 -0.80696540832225139 -0.0094184784849522876 0.90914085040154702 0.29211383997108353 -0.26916337885213892 0.37528849319258711 0.040175637438430271 -0.039737504458208832 0.40984853146395595 -0.65493395613789118 -0.053845907254091684 -0.15702117256594816 0.5270568725342718 0.029014688609752568 0.06105436346805334 -0.041384062141304981 0.080183014506703496
leaf_weight=143 20 24 46 42 31 24 25 28 33 47 22 24 35 43 35 24 24 30 28 27 229 48 37 24 40 27 32 27 107 42
leaf_count=143 20 24 46 42 31 24 25 28 33 47 22 24 35 43 35 24 24 30 28 27 229 48 37 24 40 27 32 27 107 42
internal_value=-0.000131483 -0.00385922 -0.000833333 -0.00857143 -0.0027551 -0.00895522 0.00315789 0.0116667 0.00147182 -0.000762712 -0.00591549 0.00122449 -0.00914634 -0.0173437 0.00103784 0.00570423 0.00228814 -0.00159574 0.00421875 0.000191327 -0.00235566 0.00332386 0.00167763 0.00459574 -0.00423913 0.00519231 -0.00814286 -0.00347291 -0.00443272 -0.00165441
internal_weight=1368 411 251 160 97 66 170 53 957 117 70 48 81 63 924 141 117 93 63 783 432 351 303 234 91 51 69 405 378 271
internal_count=1368 411 251 160 97 66 170 53 957 117 70 48 81 63 924 141 117 93 63 783 432 351 303 234 91 51 69 405 378 271
is_linear=0
shrinkage=0.03


Tree=133
num_leaves=31
num_cat=0
split_feature=5 12 12 12 1 18 9 8 10 10 0 1 2 12 6 8 1 18 29 2 11 10 14 10 24 15 18 24 20 16
split_gain=10.3015 8.75572 5.6861 8.04718 13.7813 8.64591 7.74428 8.33897 7.45871 9.02085 6.92305 6.77682 6.31309 5.33666 6.39653 9.17989 7.65848 5.47821 5.96056 5.23165 6.66241 6.38082 5.07344 7.19694 4.89303 4.82363 4.77876 4.51974 10.2398 7.0717
threshold=90.500000000000014 1.5000000000000002 24.500000000000004 39.500000000000007 173.50000000000003 16.650000000000002 81.91500000000002 229.07142857142858 122.20500000000003 97.460000000000022 183.50000000000003 118.50000000000001 220.50000000000003 157.50000000000003 368.50000000000006 334.9285714285715 329.50000000000006 13.550000000000002 0.98486764554468398 263.50000000000006 43.500000000000007 254.45000000000002 1.0000000180025095e-35 129.29000000000005 0.98624804680367306 172.50000000000003 10.350000000000003 0.81408451933196979 24.950000000000003 74.500000000000014
decision_type=10 8 10 10 10 2 2 10 8 10 2 10 10 10 10 10 10 2 2 10 2 10 10 10 2 10 2 2 2 10
left_child=1 -1 8 12 -5 6 -6 -8 9 10 11 -2 -4 17 15 -15 -16 18 -9 -14 21 -21 -10 -24 -7 -19 -17 28 -25 -29
right_child=2 -3 3 4 5 24 7 13 22 -11 -12 -13 19 14 16 26 -18 25 -20 20 -22 -23 23 27 -26 -27 -28 29 -30 -31
leaf_value=0.27148738430929853 -0.19577438189979018 -0.28122284940425629 0.092985901399674012 -0.32176966824250841 0.14642972047231326 -0.089504032497198266 -0.36328207118456035 -0.067208479670988475 0.10586274242714978 0.053968319319870513 -0.2406833362241545 0.054236532404681272 -0.29896621889723374 0.43343552563336346 -0.012662098054578621 -0.18059560355257531 0.6046292590766984 0.30002084682225244 0.62859784261654106 0.49397831118510283 -0.014099000466752755 0.094366974260400971 -0.43007786444149082 0.19600601772732373 0.1189067018988922 -0.0039932709084962428 0.0015739812429774245 0.010769130723016645 -0.27700620104245033 -0.13197629706718431
leaf_weight=20 42 57 50 41 40 146 24 101 27 46 20 52 21 48 20 21 63 22 24 21 32 28 20 81 35 30 27 33 58 136
leaf_count=20 42 57 50 41 40 146 24 101 27 46 20 52 21 48 20 21 63 22 24 21 32 28 20 81 35 30 27 33 58 136
internal_value=-0.000562365 -0.0111538 6.87023e-05 0.00166038 0.000186625 0.00134551 0.00370546 0.0023622 -0.00238372 0.00298137 -0.00156522 0.00189474 0.00784314 0.00352941 0.00716667 0.00185567 0.0132143 -0.000168539 -0.00357143 0.00349515 0.00695122 0.0138 -0.00480337 -0.00583587 -0.00412088 0.00792453 -0.00734694 -0.00466019 -0.000642857 -0.00794118
internal_weight=1386 77 1309 794 642 601 420 380 515 160 114 94 152 356 179 96 83 177 125 102 81 49 355 328 181 52 48 308 139 169
internal_count=1386 77 1309 794 642 601 420 380 515 160 114 94 152 356 179 96 83 177 125 102 81 49 355 328 181 52 48 308 139 169
is_linear=0
shrinkage=0.03


Tree=134
num_leaves=31
num_cat=0
split_feature=10 26 16 28 29 12 24 26 25 17 29 23 18 22 5 3 3 8 29 0 7 17 3 0 6 8 24 3 17 24
split_gain=14.0885 6.6879 7.94131 10.1176 9.74239 10.8952 11.5017 7.65355 14.04 9.25489 7.08464 6.54107 6.32039 6.27453 5.63626 5.59434 6.73103 5.36501 9.78442 5.40656 5.8195 7.86845 6.72145 11.6028 7.82298 6.40126 5.12121 5.60762 5.11997 4.69938
threshold=41.475000000000009 37.550000000000004 120.50000000000001 -0.52766804058324157 0.04621408538533487 39.500000000000007 0.93038214053199464 22.550000000000004 7.4500000000000011 217.77000000000098 0.94909129669788206 15.550000000000002 17.250000000000004 1.3500000000000003 208.50000000000003 95.500000000000014 131.50000000000003 214.28571428571431 0.1318557721318592 291.50000000000006 298.16666666666669 480.8250000000001 326.50000000000006 470.50000000000006 367.50000000000006 412.64285714285717 0.97233289553061597 389.50000000000006 485.62000000000359 0.92384435400961407
decision_type=10 2 8 2 2 10 2 2 2 10 2 2 2 2 10 10 10 10 2 2 10 10 10 2 10 10 2 10 10 2
left_child=11 2 3 12 5 6 -4 8 26 -9 17 -1 14 -3 15 -2 -17 -11 -19 28 -21 -22 29 24 -24 -26 27 -6 -20 -23
right_child=1 13 4 -5 7 -7 -8 9 -10 10 -12 -13 -14 -15 -16 16 -18 18 19 20 21 22 23 -25 25 -27 -28 -29 -30 -31
leaf_value=-0.20009511511873596 -0.27634579131129788 0.0086900342311670899 0.019427764468103632 0.032950446873937833 -0.26838210001631435 -0.54901342216957405 -0.18395021841963738 -0.29023894915587617 -0.11883849100591817 -0.0073049997192777029 1.2319497368795074 -0.60682947474816407 0.19362074330561868 0.39828938316447932 -0.26555894184809459 0.13813363463281858 -0.090875214523077966 0.39459549171694674 -0.00085859460246169301 -0.1880095888501222 0.37492415725708611 0.23390727354116564 -0.22236784816548152 1.2537369048082501 0.11354746626754916 -0.22198484504173394 0.67106153502890487 0.16426364914147257 0.27112089414433282 -0.021336575042805634
leaf_weight=21 24 202 64 184 20 86 20 23 125 35 26 35 32 21 23 31 34 20 30 21 27 28 65 29 34 33 21 24 37 25
leaf_count=21 24 202 64 184 20 86 20 23 125 35 26 35 32 21 23 31 34 20 30 21 27 28 65 29 34 33 21 24 37 25
internal_value=-0.00012848 0.000490706 -0.000454545 0.00346505 -0.00207809 -0.00842105 -0.000705882 -0.000336538 -0.00534031 0.00186636 0.00291971 -0.0147368 -0.00248276 0.00522321 -0.00584071 -0.00233333 0.00227273 0.00187013 0.003 0.00172727 -0.000228137 0.0011157 -0.000837209 -0.00388889 -0.00766917 -0.000441176 0.00590909 0 0.00926471 0.00833333
internal_weight=1400 1344 1121 328 793 170 84 623 190 433 410 56 144 223 112 89 65 384 349 329 262 241 214 161 132 67 65 44 67 53
internal_count=1400 1344 1121 328 793 170 84 623 190 433 410 56 144 223 112 89 65 384 349 329 262 241 214 161 132 67 65 44 67 53
is_linear=0
shrinkage=0.03


Tree=135
num_leaves=31
num_cat=0
split_feature=0 26 20 9 24 18 24 18 6 15 9 26 10 23 28 26 20 18 10 27 7 14 18 25 15 26 2 25 1 5
split_gain=8.62666 6.18334 11.2171 8.87094 7.9103 6.14295 6.58515 6.0737 5.76765 9.11899 7.04129 6.01852 7.02424 5.73928 5.63214 6.73719 9.7757 8.22809 5.60814 5.35122 6.27162 8.19828 6.82695 5.17942 5.16964 6.47515 5.61926 5.36059 5.12121 7.05682
threshold=55.165000000000006 27.950000000000003 12.350000000000003 232.08000000000004 0.99535829673000953 9.4500000000000011 -0.44618082326431219 10.050000000000002 287.50000000000006 94.500000000000014 60.070000000000007 31.550000000000004 223.20500000000004 14.450000000000001 -0.91597725483594616 36.250000000000007 17.950000000000003 19.550000000000004 269.06500000000005 5.3500000000000005 199.16666666666671 8.5000000000000018 16.850000000000005 26.350000000000005 76.500000000000014 22.550000000000004 302.50000000000006 7.6500000000000012 337.50000000000006 357.50000000000006
decision_type=2 2 2 2 2 2 2 2 10 10 2 2 8 2 2 2 2 2 10 2 10 10 2 2 10 2 10 2 10 8
left_child=-1 2 4 5 24 6 -3 -7 9 11 -10 -9 19 -11 -12 16 -16 -17 -14 20 22 -22 23 -13 28 27 -27 -26 29 -2
right_child=1 3 -4 -5 -6 7 -8 8 10 13 14 12 18 -15 15 17 -18 -19 -20 -21 21 -23 -24 -25 25 26 -28 -29 -30 -31
leaf_value=-0.58287057377405882 -0.10520557539478545 0.0039967335018937433 -0.18742725780216118 1.0482020165311177 0.31448470342101587 -0.11607273911473555 0.47818326296984703 -0.16950523590250682 -0.44252210668620151 -0.094945299894187374 0.38711428339682358 -0.005500135383391864 -0.42349762421037385 -0.0092558210229610437 0.06320284810445656 0.18064284138318029 -0.11615644123143312 -0.07278722330718039 0.80261439295860892 0.24668527539117632 -0.4558233279142101 0.0070637095323053244 0.35428046809825248 0.070719041225146245 -0.0044747430669866617 -0.077134736425262806 0.43642858564660286 -0.25664568644361024 0.35076338725898037 0.14010943586295013
leaf_weight=22 23 35 146 33 47 41 31 76 20 77 22 39 42 138 33 66 38 36 27 27 20 25 31 22 42 24 61 70 21 21
leaf_count=22 23 35 146 33 47 41 31 76 20 77 22 39 42 138 33 66 38 36 27 27 20 25 31 22 42 24 61 70 21 21
internal_value=-4.42152e-05 0.000269663 -0.00256579 0.00173864 0.000677419 0.00113341 0.00985075 0.000384123 0.00101351 -0.000685714 0.00513889 0.0026129 0.005 -0.00541667 0.00688776 0.005 -0.00208333 0.00990291 -0.003 0.00836364 0.00586957 -0.00326087 0.0103226 0.00435484 -0.00136882 -0.00378788 0.00244186 -0.00849558 0.00590909 0
internal_weight=1356 1334 455 879 309 846 66 780 739 524 215 309 233 215 195 173 71 102 69 164 137 45 92 61 262 197 85 112 65 44
internal_count=1356 1334 455 879 309 846 66 780 739 524 215 309 233 215 195 173 71 102 69 164 137 45 92 61 262 197 85 112 65 44
is_linear=0
shrinkage=0.03


Tree=136
num_leaves=31
num_cat=0
split_feature=0 16 10 16 20 10 11 10 6 20 25 28 12 6 29 10 13 13 18 3 3 6 18 26 28 5 10 7 6 26
split_gain=6.69832 6.06958 4.4516 8.9504 8.11037 5.10896 5.00934 4.95896 5.99979 7.58921 13.3174 5.3199 4.94154 5.76295 4.3856 4.25628 4.81309 10.7951 5.84502 6.27002 6.53917 6.32298 7.98719 6.08275 5.51522 5.15543 4.93113 4.52374 4.47482 4.19245
threshold=55.165000000000006 5.5000000000000009 123.99500000000002 20.500000000000004 25.750000000000004 77.140000000000001 2.5000000000000004 129.29000000000005 213.50000000000003 26.850000000000005 27.450000000000003 0.89787622492179153 4.5000000000000009 228.50000000000003 -0.96234030595689413 159.60000000000002 5.5000000000000009 9.5000000000000018 11.950000000000001 306.50000000000006 225.50000000000003 382.50000000000006 10.550000000000002 41.550000000000004 0.94704596667653973 236.50000000000003 311.74500000000006 279.83333333333343 332.50000000000006 28.050000000000004
decision_type=2 8 8 10 2 10 2 8 10 2 2 2 10 10 2 10 10 10 2 10 10 10 2 2 2 10 10 10 10 2
left_child=-1 -2 3 4 -3 -5 -7 -4 9 11 14 -9 -10 -14 -11 -15 -17 -18 19 20 -19 22 26 24 25 -20 -21 -26 -28 -23
right_child=1 2 7 5 -6 6 -8 8 12 10 -12 -13 13 15 -16 16 17 18 23 21 -22 29 -24 -25 27 -27 28 -29 -30 -31
leaf_value=-0.55121544065984007 0.25768851961263295 0.026100182201396933 -0.15714806868710723 -0.010192066637205456 -0.20639089504598332 0.12589959454645594 0.039475025846781475 0.1347984854637653 -0.044451805565628173 -0.87538887610630212 0.026486864778046879 -0.0035122470879758792 -0.17068002346332037 0.046807290679739141 -0.066097505094924291 0.3573750940282005 -0.62100264313332953 -0.015048199890264015 -0.4439896681009034 -0.21490869453464936 0.32846169762468574 0.10977989679027814 0.19566988009042915 0.44433343922941898 -0.0016330311413338449 -0.023014227446726637 0.12267857970932397 0.42990851208080866 -0.10827271045205634 0.5569536442548263
leaf_weight=25 22 31 26 34 38 23 85 126 40 20 39 59 43 38 20 24 26 20 23 23 41 68 45 28 27 308 24 24 31 21
leaf_count=25 22 31 26 34 38 23 85 126 40 20 39 59 43 38 20 24 26 20 23 23 41 68 45 28 27 308 24 24 31 21
internal_value=8.5531e-05 0.000370102 0.000110619 0.00410377 -0.00471429 0.00839161 0.0115596 -0.000628821 -0.000321716 0.00362264 -0.004125 0.00693548 -0.00154386 -0.00103067 -0.0160976 -0.000427461 -0.000940054 -0.00139437 -0.000657895 0.00273723 0.011129 0.00028169 -0.0041129 -0.00291971 -0.00391645 -0.00533133 -0.00987342 0.00519231 -0.00482143 0.00633333
internal_weight=1402 1377 1355 211 69 142 108 1144 1118 264 79 185 854 814 40 771 733 709 683 273 61 212 123 410 382 331 78 51 55 89
internal_count=1402 1377 1355 211 69 142 108 1144 1118 264 79 185 854 814 40 771 733 709 683 273 61 212 123 410 382 331 78 51 55 89
is_linear=0
shrinkage=0.03


Tree=137
num_leaves=31
num_cat=0
split_feature=0 10 28 27 13 6 22 20 26 2 20 6 6 8 7 20 7 8 19 19 22 16 24 26 3 18 25 16 20 10
split_gain=8.83984 7.73148 8.89479 8.18386 8.36364 7.61022 5.95207 6.26625 6.36392 7.67041 8.34972 7.05006 5.78835 8.10657 7.39982 10.5431 6.23699 6.18141 6.1293 6.09093 5.78791 5.64663 8.53764 5.62126 5.24848 5.66033 8.41725 5.92423 9.17848 6.57442
threshold=49.335000000000008 157.21000000000001 -0.62588817255938378 1.2500000000000002 3.5000000000000004 337.50000000000006 5.8500000000000005 28.250000000000004 41.550000000000004 148.50000000000003 25.650000000000002 367.50000000000006 252.50000000000003 276.07142857142861 316.83333333333343 24.150000000000002 356.66666666666669 213.28571428571431 0.70088257582277247 0.91702515554752073 15.950000000000001 159.50000000000003 0.9426055981926128 38.45000000000001 277.50000000000006 11.950000000000001 11.350000000000003 482.00000000000006 15.050000000000002 280.7050000000001
decision_type=2 8 2 2 10 10 2 2 2 8 2 10 8 10 10 2 10 10 2 2 2 10 2 2 10 2 2 10 2 10
left_child=-1 2 3 -2 -5 20 7 8 9 10 -3 12 14 19 15 17 -16 -11 -17 -14 21 -4 -23 -9 -13 26 -26 29 -29 -27
right_child=1 6 5 4 -6 -7 -8 23 -10 11 -12 24 13 -15 16 18 -18 -19 -20 -21 -22 22 -24 -25 25 27 -28 28 -30 -31
leaf_value=-0.57424355953132333 0.0042488830482422203 0.26102587438532365 0.071859013106668354 -0.03407451325079066 -0.43289984690251243 -0.014964447710811441 -0.61513604076681583 -0.7730108075430665 0.33668903908804965 -0.28596540771767875 -0.015507690138817337 0.1967652142915223 -0.56770876055776698 -0.022170271050311496 0.35431533625289402 -0.012559889792968874 -0.032043468609854527 -0.0034106392059999277 0.11615782458420923 -0.014407845998907759 -0.1421996024486932 0.17508528745918384 -0.077462662420362274 -0.066997635552131382 -0.046876768110764147 0.11914644253326059 0.48756605985361035 -0.23903599377536466 -0.030974357248362876 -0.063840853437614559
leaf_weight=20 65 28 98 32 21 27 26 24 41 46 37 30 42 284 20 31 22 65 34 37 20 45 26 33 55 29 70 21 48 31
leaf_count=20 65 28 98 32 21 27 26 24 41 46 37 30 42 284 20 31 22 65 34 37 20 45 26 33 55 29 70 21 48 31
internal_value=-0.000681334 -0.000388769 0.00358209 -0.00302521 -0.0116667 0.00718894 -0.00164929 -0.0012828 -0.000709877 -0.00122449 0.00863636 -0.0019746 -0.00386598 -0.00618132 0 -0.00271186 0.0111628 -0.00830357 0.00681818 -0.014625 0.00931579 0.0111176 0.00458333 -0.0108621 0.00189474 0.000470588 0.005 -0.00392308 -0.00985714 0.00295082
internal_weight=1408 1388 334 118 53 216 1054 1028 971 930 65 865 581 363 218 176 42 111 65 79 189 169 71 57 284 254 125 129 69 60
internal_count=1408 1388 334 118 53 216 1054 1028 971 930 65 865 581 363 218 176 42 111 65 79 189 169 71 57 284 254 125 129 69 60
is_linear=0
shrinkage=0.03


Tree=138
num_leaves=31
num_cat=0
split_feature=10 9 18 4 4 22 14 26 29 4 25 25 3 24 3 3 20 3 12 28 28 10 21 21 22 1 24 25 24 7
split_gain=6.59383 10.7804 6.22027 13.0094 12.5229 9.34245 6.02103 7.12057 11.3641 11.0053 9.06171 7.53473 6.73341 6.52779 6.3244 6.19794 5.94826 7.96943 5.28023 5.25769 5.07439 6.57266 8.08367 6.85576 6.36378 6.08846 4.34028 4.31924 4.19229 4.65918
threshold=123.99500000000002 30.025000000000002 9.4500000000000011 319.50000000000006 395.00000000000006 7.5000000000000009 2.5000000000000004 37.550000000000004 -0.59867820553660911 245.50000000000003 26.550000000000004 28.250000000000004 148.50000000000003 0.33379414889141285 318.50000000000006 177.50000000000003 21.750000000000004 213.50000000000003 11.500000000000002 0.77244481603295057 0.091259403071267925 103.82000000000001 32.150000000000013 29.450000000000003 3.4500000000000006 225.50000000000003 0.91702515554752073 17.350000000000005 0.81408451933196979 279.83333333333343
decision_type=8 2 2 8 8 2 10 2 2 10 2 2 10 2 10 10 2 10 10 2 2 10 2 2 2 10 2 2 2 10
left_child=20 -2 3 -3 -5 6 13 8 18 11 28 19 -10 -4 -12 -14 17 27 -8 -9 21 22 23 -1 -24 -22 -18 -17 -11 -30
right_child=1 2 5 4 -6 -7 7 9 12 10 14 -13 15 -15 -16 16 26 -19 -20 -21 25 -23 24 -25 -26 -27 -28 -29 29 -31
leaf_value=-0.231750918077022 -0.54000172459598961 0.30162760737259475 -0.017974056449101213 -0.21633635320597192 0.30535392184591043 -0.43053101226514823 -0.046714921881707595 -0.32995375458250437 0.12163552283675577 0.40730720638496082 0.045530517889506537 0.10869506462517335 -0.58253357288209073 0.30594408549841062 -0.2643729181346387 0.00082097038800156954 -0.7982069346089955 -0.015234472658784739 -0.74464588640228124 -0.0083004832121349632 0.16983272883540834 0.059061874043722463 -0.35991657651696979 0.035727346462581903 -0.0076660925169529997 0.0018052082730679331 -0.00410005339253189 0.42628964353146842 -0.0067073083728371331 1.1212072321437825
leaf_weight=20 20 61 26 38 35 22 25 28 32 26 27 31 28 40 20 21 47 477 47 31 29 40 25 64 22 35 24 21 21 29
leaf_count=20 20 61 26 38 35 22 25 28 32 26 27 31 28 40 20 21 47 477 47 31 29 40 25 64 22 35 24 21 21 29
internal_value=-0.000636943 -0.00155348 -0.0011658 0.00488889 -0.00364865 -0.00196289 -0.00152695 -0.00214744 -0.00356846 0.00266355 0.00846774 -0.00527473 -0.00230415 0.00716418 -0.001875 -0.00300485 -0.00233503 -0.00121154 -0.0147945 -0.0115 0.00394068 0.00122093 -0.00204545 0.00352941 -0.011875 0.0110769 -0.0104167 0.0111628 0.0148052 0.00941176
internal_weight=1412 1177 1157 134 73 1023 1001 935 722 213 123 90 650 66 47 618 590 519 72 59 235 171 131 84 47 64 71 42 76 50
internal_count=1412 1177 1157 134 73 1023 1001 935 722 213 123 90 650 66 47 618 590 519 72 59 235 171 131 84 47 64 71 42 76 50
is_linear=0
shrinkage=0.03


Tree=139
num_leaves=31
num_cat=0
split_feature=6 17 5 11 4 8 8 0 28 4 23 5 26 8 23 20 26 14 17 16 16 15 18 18 15 20 5 13 19 19
split_gain=5.58701 5.36935 4.77708 6.54687 7.88497 6.08032 8.45165 7.86466 7.09085 6.69627 7.56124 8.16757 7.21741 11.1514 6.52674 6.58851 9.17166 6.32479 7.88517 5.65321 8.18574 6.89921 5.43277 5.54564 5.31708 5.25108 4.97899 5.94913 4.92944 5.11188
threshold=61.000000000000007 2.5900000000008956 396.50000000000006 1997.5000000000002 492.50000000000006 325.64285714285717 331.00000000000006 296.50000000000006 -0.8041866928211282 309.50000000000006 23.750000000000004 261.50000000000006 23.750000000000004 289.21428571428578 15.65 21.550000000000004 29.950000000000003 850.50000000000011 2198.9800000000023 482.00000000000006 339.00000000000006 432.50000000000006 9.4500000000000011 10.850000000000003 113.50000000000001 22.950000000000003 234.50000000000003 76.500000000000014 -0.92384435400961373 0.52247866957162958
decision_type=8 8 10 2 10 10 10 2 2 10 2 8 2 10 2 2 2 10 10 10 8 10 2 2 10 2 10 10 2 2
left_child=-1 -2 5 4 19 9 -7 -8 -9 10 11 22 -11 25 15 16 -13 18 -10 20 -4 -21 -3 24 -24 -14 28 -28 -25 -30
right_child=1 2 3 -5 -6 6 7 8 17 12 -12 14 13 -15 -16 -17 -18 -19 -20 21 -22 -23 23 26 -26 -27 27 -29 29 -31
leaf_value=-0.560457750466125 0.085143303062877956 0.1714364828288707 0.036547853227636297 1.1859450042374116 -0.1792147389759941 -0.35698459688492279 0.057248873184691997 -0.15351571320387619 -0.0130007962810393 -0.064912706672202766 0.075437894490799948 -0.012422930782738035 0.12257983997276539 0.29257877915141645 -0.3140859721213704 -0.2782511218519414 0.73629556583933431 0.65520471825809146 -0.18447364592958451 -0.13807388282136598 0.96839953155473657 0.20964096996722162 -0.25186192031209687 0.050524663967217477 0.0024208806593583178 -0.2826134543308228 0.34506280975436737 -0.095854103532617502 -0.10576959101737174 0.0014276165194252143
leaf_weight=29 26 48 56 20 23 27 25 37 150 30 52 38 21 51 64 45 20 26 22 26 21 47 36 38 20 20 33 26 111 207
leaf_count=29 26 48 56 20 23 27 25 37 150 30 52 38 21 51 64 45 20 26 22 26 21 47 36 38 20 20 33 26 111 207
internal_value=-0.00019341 8.77835e-05 -0.000178971 0.00417526 0.00224138 -0.000914634 -0.0046875 -0.00298851 -0.00470339 0.000348432 -0.000730717 -0.00157205 0.00682927 0.0109677 -0.00732143 -0.00259615 0.0040678 -0.00241206 -0.00450867 0.00476821 0.0103846 -0.00121622 0.000288462 -0.000699153 -0.00947368 -0.000714286 0.000504808 0.0085 -0.000840336 -0.00206897
internal_weight=1395 1366 1340 193 173 1147 287 260 235 860 738 686 122 92 167 103 58 198 172 150 77 73 519 471 56 41 415 59 356 318
internal_count=1395 1366 1340 193 173 1147 287 260 235 860 738 686 122 92 167 103 58 198 172 150 77 73 519 471 56 41 415 59 356 318
is_linear=0
shrinkage=0.03


Tree=140
num_leaves=31
num_cat=0
split_feature=0 20 26 14 5 5 25 6 5 8 5 11 15 9 25 17 20 7 29 12 12 15 19 19 21 26 25 21 21 6
split_gain=9.89093 5.07035 6.67084 6.52643 6.18129 5.81369 5.41951 5.33412 5.19987 6.58613 4.72356 4.5696 3.86879 3.68037 4.91074 7.71035 6.04887 5.47631 8.9877 7.33431 10.7375 9.50415 12.7091 6.45472 6.87921 6.18084 11.8762 6.01918 10.9526 5.95159
threshold=61.000000000000007 7.3500000000000005 22.550000000000004 59.500000000000007 437.50000000000006 310.50000000000006 9.8500000000000032 425.50000000000006 492.50000000000006 433.78571428571433 339.00000000000006 53.500000000000007 68.500000000000014 35.555000000000007 28.250000000000004 593.34000000000356 28.250000000000004 206.16666666666671 -0.94137724084408114 42.500000000000007 16.500000000000004 13.500000000000002 -0.382668860952593 -0.66259481767468253 28.550000000000004 38.650000000000013 24.850000000000005 34.250000000000007 33.550000000000004 274.50000000000006
decision_type=2 2 2 10 10 8 2 10 10 10 8 2 8 2 2 10 2 10 2 10 10 10 2 2 2 2 2 2 2 10
left_child=-1 7 3 4 5 -3 -4 11 9 13 -7 -2 -12 -8 16 -16 17 19 -19 20 21 22 -15 24 -20 27 -27 28 29 -25
right_child=1 2 6 -5 -6 10 8 -9 -10 -11 12 -13 -14 14 15 -17 -18 18 23 -21 -22 -23 -24 25 -26 26 -28 -29 -30 -31
leaf_value=-0.4393208574233472 -0.081915941011712901 0.0236367020014643 0.63685662769501072 -0.29255093646021318 0.039554446636230693 -0.24540508778749709 0.014830215901044141 0.94765145390037731 -0.13865833367369873 1.27749094172387 0.0076906810731668428 0.063718150645869109 -0.079270206140127461 -0.2089731310362532 0.3331359424207011 -0.10680268766279936 -0.71785476565479367 0.34742943383145314 0.34416487086653491 -0.27230605349171627 0.26097371247194984 -0.26830928848649138 0.13041049058826146 -0.13750756434872186 0.009298118712787868 0.72704338185880968 -0.0052693760032670412 -0.058219864306425388 0.44384162363085977 0.0016658612915290405
leaf_weight=30 39 34 26 26 22 21 51 20 31 25 24 22 27 59 31 35 31 20 37 54 47 63 40 93 106 26 52 107 20 186
leaf_count=30 39 34 26 26 22 21 51 20 31 25 24 22 27 59 31 35 31 20 37 54 47 63 40 93 106 26 52 107 20 186
internal_value=-0.000661451 -0.00028343 -0.000741313 -0.00658065 -0.00372093 -0.00672897 5.25855e-05 0.00695122 -0.000269058 8.30258e-05 -0.0115068 0.00241935 -0.00634615 -0.000283286 -0.000684524 0.00716418 -0.00124204 -0.00079034 0.000694444 -0.00443182 -0.00185714 -0.00552147 0.0003 4.77707e-05 0.005625 -0.00160825 0.00607595 -0.00309582 -0.0009 -0.00246429
internal_weight=1405 1375 1294 154 128 106 1140 81 1114 1083 72 61 51 1058 1007 66 941 910 647 263 209 162 99 627 143 484 78 406 299 279
internal_count=1405 1375 1294 154 128 106 1140 81 1114 1083 72 61 51 1058 1007 66 941 910 647 263 209 162 99 627 143 484 78 406 299 279
is_linear=0
shrinkage=0.03


Tree=141
num_leaves=31
num_cat=0
split_feature=0 26 17 20 25 5 5 18 24 22 18 21 21 16 9 3 10 22 26 11 12 10 21 20 10 23 28 23 1 6
split_gain=9.31301 6.46778 7.5147 6.35436 5.97293 4.96599 4.50134 4.34667 6.00694 9.97322 8.62504 4.69959 8.20406 7.62868 12.6661 7.14252 7.05464 5.88428 7.77177 5.515 7.57238 10.0475 5.88646 6.84305 7.16472 5.46133 5.0582 4.62977 4.62563 5.53288
threshold=49.335000000000008 22.550000000000004 856.90000000000202 10.550000000000002 9.8500000000000032 485.50000000000006 300.50000000000006 19.350000000000005 0.31729257441605202 1.0000000180025095e-35 23.450000000000003 34.550000000000004 32.95000000000001 17.500000000000004 44.060000000000009 126.50000000000001 111.41500000000002 1.5500000000000003 36.850000000000001 45.500000000000007 17.500000000000004 150.28500000000003 25.950000000000003 17.150000000000002 264.01000000000005 16.850000000000005 0.15951094710994371 10.350000000000003 225.50000000000003 288.50000000000006
decision_type=2 2 8 2 2 10 10 2 2 2 2 2 2 10 2 10 8 2 2 2 10 10 2 2 10 2 2 2 10 10
left_child=-1 2 3 6 -3 7 -2 11 9 -9 -10 12 13 14 -6 -13 -14 18 26 20 21 25 -21 -24 -25 -15 -17 -22 -20 -30
right_child=1 4 -4 -5 5 -7 -8 8 10 -11 -12 15 16 19 -16 17 -18 -19 28 22 27 -23 23 24 -26 -27 -28 -29 29 -31
leaf_value=-0.51764316516255093 0.30905543808284019 0.6177509288641605 -0.41297981590684685 -0.20576767455544312 0.017136248662034035 -0.14204130675584792 -0.012263868821087555 0.24407753859761 -0.10116122512421327 -0.29386662331941693 0.36689368374435616 -0.32331139227964112 -0.07046134677139157 0.048223206432140273 -0.52648869992359382 -0.014192699617661333 0.12046846965024741 0.047160011863283981 0.06792959970722677 -0.079229054191904416 0.64989870268139949 -0.40368247267293239 0.26731900791628194 0.1156111643684494 -0.16157648787780998 -0.26741524166268182 -0.27354237891540517 0.10728703381189518 -0.039910907818808995 0.16946789517369126
leaf_weight=20 24 28 22 45 35 27 120 32 97 42 39 21 22 58 39 42 108 26 46 54 20 36 70 21 40 20 29 67 54 46
leaf_count=20 24 28 22 45 35 27 120 32 97 42 39 21 22 58 39 42 108 26 46 54 20 36 70 21 40 20 29 67 54 46
internal_value=-0.000177646 0.000135237 -0.00466981 -0.00268421 0.00104464 0.000686813 0.000413793 0.00101408 -0.0028436 0.004 -0.00656934 0.00196491 0.00345178 0.00156182 -0.0072 -0.00135849 0.0100763 0.000122951 -0.00151376 0.00325581 0.00668317 0.00156522 -0.000483871 0.00295455 -0.00435484 0.00759494 -0.00958333 0.0132955 0.00244898 -0.00118812
internal_weight=1350 1330 211 189 1119 1091 144 1064 210 74 136 854 590 460 74 264 130 243 217 386 201 114 185 131 61 78 71 87 146 100
internal_count=1350 1330 211 189 1119 1091 144 1064 210 74 136 854 590 460 74 264 130 243 217 386 201 114 185 131 61 78 71 87 146 100
is_linear=0
shrinkage=0.03


Tree=142
num_leaves=31
num_cat=0
split_feature=10 9 26 3 20 10 26 23 9 17 17 19 9 1 29 23 14 1 23 23 11 26 29 29 1 4 28 8 9 3
split_gain=7.28992 11.4864 5.54938 7.06239 6.11845 5.98105 5.32074 4.84356 5.05501 6.03112 7.72457 5.4472 4.88474 4.28702 4.30482 4.26894 4.04772 4.04666 3.39758 4.48509 7.6599 4.29446 8.00789 7.33996 6.85084 10.3783 6.24665 5.30851 5.65263 6.79786
threshold=123.99500000000002 30.025000000000002 41.050000000000004 252.50000000000003 7.2500000000000009 515.56500000000017 19.950000000000003 17.850000000000005 63.690000000000005 28.664999999999864 17.399999999999888 -0.16504132135358054 42.795000000000009 466.00000000000006 0.99024581825578073 12.15 8.5000000000000018 204.50000000000003 25.000000000000004 21.150000000000002 21.500000000000004 31.950000000000003 -0.59867820553660911 -0.49812626372919411 354.50000000000006 240.50000000000003 0.84773968378660736 336.71428571428572 130.01500000000001 227.50000000000003
decision_type=8 2 2 10 2 8 2 2 2 10 10 2 2 10 2 2 10 10 2 2 2 2 2 2 10 10 2 10 2 10
left_child=7 -2 4 -4 6 13 15 8 9 10 11 12 -1 14 18 -3 -7 -11 19 21 -21 26 -23 -24 25 -25 27 28 29 -6
right_child=1 2 3 -5 5 16 -8 -9 -10 17 -12 -13 -14 -15 -16 -17 -18 -19 -20 20 -22 22 23 24 -26 -27 -28 -29 -30 -31
leaf_value=0.028188369097552055 -0.5593451777850672 0.94943920400948623 -0.041245886129367478 0.18028274102919339 0.077687185763111871 -0.1459466340974373 0.67583268501935123 -0.0067175695489891038 -0.14898940880650172 0.15153571529880536 -0.27437250053541745 0.21071157805986274 -0.18021528667756243 -0.28934316619015249 0.43659539156510274 -0.10098862105260821 1.0802009534427157 0.0043867542667902623 0.042819849191278646 0.057266572594436981 -0.42303008050715418 -0.074216077737111877 0.33965872207701581 0.022155017343581562 0.3773901956556841 -0.045110316030636567 -0.29487842878104487 -0.038453154950390742 0.050441403055761211 -0.21335218519856708
leaf_weight=23 21 21 30 38 29 25 28 35 31 45 21 21 20 36 33 23 26 21 29 21 45 138 23 91 31 93 84 183 78 51
leaf_count=23 21 21 30 38 29 25 28 35 31 45 21 21 20 36 33 23 26 21 29 21 45 138 23 91 31 93 84 183 78 51
internal_value=-0.000774194 -0.00170628 -0.00129646 0.00695652 -0.00181818 -0.00241888 0.00657534 0.00426606 0.00622951 0.00848684 0.00313953 0.00830769 0.00204545 -0.00295031 -0.00254839 0 0.0075 0.0152239 -0.00294314 -0.00328341 -0.0107463 -0.00265586 -0.000318302 0.00301255 0.00125 -0.000972973 -0.00471831 -0.00289474 0.00113208 -0.00444444
internal_weight=1394 1177 1156 68 1088 1016 72 217 182 151 85 64 43 965 929 44 51 66 896 867 66 801 376 238 215 184 425 341 158 80
internal_count=1394 1177 1156 68 1088 1016 72 217 182 151 85 64 43 965 929 44 51 66 896 867 66 801 376 238 215 184 425 341 158 80
is_linear=0
shrinkage=0.03


Tree=143
num_leaves=31
num_cat=0
split_feature=10 0 28 1 1 24 17 16 16 19 3 7 29 10 26 26 11 14 3 21 10 7 10 2 28 3 28 1 10 18
split_gain=9.08931 7.00187 9.87403 7.52601 7.73603 6.58338 7.49066 6.57573 9.72598 9.32244 7.45214 10.1188 6.43137 7.44436 6.18686 5.81133 9.03041 6.92109 8.33762 5.74796 6.22078 4.7945 4.74853 4.89162 4.628 9.4162 8.87188 7.57875 7.13562 12.0057
threshold=159.60000000000002 197.50000000000003 -0.79384350655589164 223.50000000000003 208.50000000000003 -0.061046214993534811 579.60000000000241 12739.000000000002 2493.0000000000005 -0.44618082326431219 434.00000000000006 367.16666666666669 -0.36648370705903521 212.38500000000002 41.300000000000004 32.750000000000007 56.500000000000007 25.500000000000004 266.50000000000006 28.850000000000005 67.13000000000001 164.16666666666671 100.63000000000001 111.50000000000001 0.8697513045430848 266.50000000000006 0.93544191479114935 316.50000000000006 239.05500000000004 11.350000000000003
decision_type=8 2 2 10 10 2 10 8 10 2 10 10 2 10 2 2 2 10 8 2 10 10 10 10 2 10 2 10 10 2
left_child=15 2 -2 4 12 -4 21 8 14 -9 11 -10 -3 -14 24 17 -17 18 19 -1 -21 -7 23 -22 25 -5 -26 -27 -29 -30
right_child=1 3 5 7 -6 6 -8 9 10 -11 -12 -13 13 -15 -16 16 -18 -19 -20 20 22 -23 -24 -25 26 27 -28 28 29 -31
leaf_value=-0.2147397073796648 0.072780752364182535 0.064743892922319468 -0.47869339933550759 0.19153060680886652 0.43865499542782233 -0.072274326907341618 0.017016254132271057 -0.19518219617804902 -0.035358402944847281 0.8139834435550023 -0.52589222153479198 0.030191216427472793 0.084453186511348255 -0.28288639081531713 0.17340372266665838 0.075424717804367838 -0.015245135336264041 -0.25690044017879554 0.089772338487820486 0.22745939148331379 -0.28319743857736285 -0.30386155818523464 0.044690783438746565 0.0036752225153365713 -0.17056296589126715 -0.12362669124608344 -0.0098808587344797159 0.058387844167534127 0.16720283591084581 -0.16427055591680301
leaf_weight=23 22 34 48 91 27 29 21 20 91 40 20 44 24 26 21 119 34 31 35 20 21 23 39 29 46 86 85 43 117 99
leaf_count=23 22 34 48 91 27 29 21 20 91 40 20 44 24 26 21 119 34 31 35 20 21 23 39 29 46 86 85 43 117 99
internal_value=-0.000170334 -0.00155955 -0.00770833 -0.000590164 0.00669643 -0.0110656 -0.00527027 -0.00160448 -0.00237903 0.00786885 -0.00903846 -0.00639706 0.00211765 -0.00470588 -0.000611205 0.00400568 0.00837662 0.000603015 0.00303571 -0.000451128 0.00245455 -0.0113208 -0.001 -0.00705882 -0.00121479 0.0002746 -0.00613636 -0.00199422 0.000576923 -0.00165899
internal_weight=1408 1057 143 914 111 121 73 803 743 60 155 135 84 50 588 351 153 198 167 132 109 52 89 50 567 436 131 345 259 216
internal_count=1408 1057 143 914 111 121 73 803 743 60 155 135 84 50 588 351 153 198 167 132 109 52 89 50 567 436 131 345 259 216
is_linear=0
shrinkage=0.03


Tree=144
num_leaves=31
num_cat=0
split_feature=10 22 9 23 25 3 4 25 28 6 3 6 26 8 28 13 17 1 13 16 6 15 19 11 3 23 11 27 1 28
split_gain=9.66302 10.9184 9.35819 8.62492 8.12864 11.7501 8.77429 7.57017 5.28155 6.71053 7.98024 5.68759 5.65011 5.49063 7.0625 5.9889 5.12391 9.48551 7.46401 7.63132 7.6955 6.02962 5.42107 7.65621 5.03723 4.99971 4.97392 8.34783 5.69555 4.95505
threshold=230.45000000000002 1.0000000180025095e-35 139.62500000000003 12.850000000000003 26.450000000000003 328.50000000000006 343.50000000000006 16.450000000000003 0.99053107487289871 213.50000000000003 197.50000000000003 419.50000000000006 22.550000000000004 411.35714285714295 -0.2270106897347694 721.00000000000011 1033.2150000000017 390.50000000000006 112.50000000000001 2425.0000000000005 330.50000000000006 131.50000000000003 -0.026175951569892126 945.00000000000011 230.50000000000003 15.350000000000003 6.5000000000000009 8.2500000000000018 263.50000000000006 0.039769539193789977
decision_type=8 2 2 2 2 8 10 2 2 8 8 10 2 10 2 10 10 10 10 10 10 10 2 2 10 2 2 2 10 2
left_child=2 8 3 26 5 7 -7 -5 9 24 -11 12 29 14 -13 -15 17 21 -18 -20 -21 -14 -22 -24 -2 -6 27 -1 -28 -12
right_child=1 -3 -4 4 25 6 -8 -9 -10 10 11 13 16 15 -16 -17 18 -19 19 20 22 -23 23 -25 -26 -27 28 -29 -30 -31
leaf_value=-0.083877117497772241 -0.00012785002090225816 -0.33738158983503436 0.082238628420885501 -0.32152719948855374 -0.030465604939052753 0.17277753850106989 -0.012522205748904013 -0.023065503012999783 -0.23835383945352162 0.27798988975868555 -0.0078692618253273852 -0.0010789380690962957 -0.0971845930742819 -0.17454018031880536 0.5340572516555494 0.49749741444142387 -0.36208801460087459 0.71806572988017647 0.15115521313062458 -0.17380646327413443 -0.054469466116951248 0.021380811159607445 -0.10065045711592603 0.40313771551113831 0.26280295845600787 0.027289015496482136 0.10921543738295725 0.12665889472820255 -0.0032350958894642188 -0.10593502439132407
leaf_weight=68 27 152 36 49 21 21 28 206 22 24 31 20 37 35 27 25 26 21 33 55 20 32 20 20 32 71 93 22 37 67
leaf_count=68 27 152 36 49 21 21 28 206 22 24 31 20 37 35 27 25 26 21 33 55 20 32 20 20 32 71 93 22 37 67
internal_value=-0.00108774 -0.0034663 0.00156202 0.000680713 -0.00196474 -0.00432787 0.009 -0.00691406 -0.00156522 -0.000976492 -0.00212551 -0.003 -0.00479339 0.00305556 0.010625 -0.00295082 -0.00249057 0.0032967 -0.00548571 -0.00281879 -0.00646552 -0.00214286 0.000983607 0.00731707 0.0085 0.00580645 0.00542986 0 0.00916031 -0.0109091
internal_weight=1378 726 652 616 396 304 49 255 574 552 493 469 362 107 47 60 264 90 174 148 115 69 60 40 59 92 220 90 130 98
internal_count=1378 726 652 616 396 304 49 255 574 552 493 469 362 107 47 60 264 90 174 148 115 69 60 40 59 92 220 90 130 98
is_linear=0
shrinkage=0.03


Tree=145
num_leaves=31
num_cat=0
split_feature=6 17 9 3 7 24 5 20 19 20 28 5 5 19 21 25 20 24 24 20 20 25 6 12 23 19 21 10 24 18
split_gain=7.67746 5.39884 4.92554 4.4048 10.2501 6.95794 5.75346 6.1896 4.72169 8.42092 6.21894 6.43893 5.17389 4.95272 7.45063 6.30337 7.92886 7.3772 7.65968 7.57288 6.78532 5.60696 5.50248 5.40584 5.38665 5.3215 9.12813 8.33632 6.5347 7.5744
threshold=55.165000000000006 2.5900000000008956 25.235000000000003 136.50000000000003 135.33333333333334 -0.90255091666790832 110.50000000000001 25.950000000000003 0.98897820466835418 11.450000000000001 -0.65234524191686594 351.50000000000006 365.50000000000006 -0.97988739209073461 29.150000000000002 15.550000000000002 16.950000000000003 0.97233289553061597 -0.87878364999916125 11.250000000000002 10.850000000000003 16.850000000000005 126.50000000000001 22.500000000000004 11.750000000000002 -0.88697705852364728 37.550000000000004 167.71000000000001 -0.35019404643548441 11.550000000000002
decision_type=8 8 2 10 10 2 8 2 2 2 2 10 8 2 2 2 2 2 2 2 2 2 10 10 2 2 2 10 2 2
left_child=-1 -2 -3 5 -5 -4 7 -7 13 12 -11 -12 -10 14 -6 17 21 18 20 23 -15 -17 -18 -19 -21 27 28 -24 -27 -30
right_child=1 2 3 4 8 6 -8 -9 9 10 11 -13 -14 15 -16 16 22 19 -20 24 -22 -23 25 -25 -26 26 -28 -29 29 -31
leaf_value=-0.4603922611886665 0.062124209810327784 -0.15631394497630055 -0.32154740379617547 -0.26646964014199892 0.29618844093402513 0.044290426509310518 0.1029871767401923 -0.12196041982067342 0.12521629463821768 0.35243848282806878 -0.020672792125076854 -0.66640277008962467 -0.026761415995244134 0.76751840549572359 -0.4589296968067319 0.12820298529464252 -0.093436060927076306 -0.018637713678118926 -0.080536929813135316 0.015152550053673792 -0.039986304042678 0.64015759888349633 0.24912794032866004 0.46692574018825578 -0.13927987218956844 -0.076197738123707101 0.068792533923744945 0.014779882897915115 0.32790628785723924 -0.0043567357152170414
leaf_weight=25 25 24 23 31 21 36 71 24 36 21 78 20 22 25 31 36 27 20 177 22 20 27 37 40 27 86 143 48 41 117
leaf_count=25 25 24 23 31 21 36 71 24 36 21 78 20 22 25 31 36 27 20 177 22 20 27 37 40 27 86 143 48 41 117
internal_value=0.00115051 0.0014591 0.00119369 0.00144495 0.000805893 0.00619355 0.00886364 0.00196721 0.00128228 -0.00320225 -0.00775 -0.0109091 0.00610169 0.00212474 -0.00679245 0.00265101 0.00458259 -0.00063253 -0.00376682 0.00572727 0.00717391 0.0145312 0.0033 0.0127869 -0.003 0.0040592 0.00255155 0.010814 -0.000979592 0.00264151
internal_weight=1381 1356 1331 1307 1153 154 131 60 1122 177 119 98 58 945 52 893 562 331 222 109 45 63 499 60 49 472 387 85 244 158
internal_count=1381 1356 1331 1307 1153 154 131 60 1122 177 119 98 58 945 52 893 562 331 222 109 45 63 499 60 49 472 387 85 244 158
is_linear=0
shrinkage=0.03


Tree=146
num_leaves=31
num_cat=0
split_feature=24 22 5 19 26 23 10 13 9 5 22 21 11 23 23 28 23 15 16 4 15 7 6 18 17 11 27 6 28 29
split_gain=5.14888 7.95296 6.844 7.52829 5.82137 6.02227 6.19489 8.32315 8.18814 9.69438 8.5385 7.63509 7.46672 8.94509 8.95384 7.81714 6.55083 6.36431 6.12105 6.10886 5.79189 12.6539 12.8021 5.39088 5.35979 8.30323 4.83263 4.31998 4.11477 5.10638
threshold=0.99140711019144623 1.0500000000000003 187.50000000000003 0.98624804680367306 18.550000000000004 10.350000000000003 208.405 1.5000000000000002 117.12500000000001 106.50000000000001 2.3500000000000001 29.550000000000004 56.500000000000007 20.750000000000004 16.650000000000002 0.49812943072827093 12.950000000000001 88.500000000000014 101.50000000000001 280.50000000000006 16.500000000000004 201.33333333333334 189.50000000000003 18.650000000000002 131.57000000000235 63.500000000000007 3.4500000000000006 339.00000000000006 -0.72696319516528884 -0.96234030595689413
decision_type=2 2 10 2 2 2 8 10 2 10 2 2 2 2 2 2 2 10 10 10 10 10 8 2 10 2 2 10 2 2
left_child=4 2 -2 -4 -1 23 8 -8 9 10 -7 16 13 14 17 -14 -11 18 28 -18 -9 -22 -23 24 26 -26 -6 -27 -13 -30
right_child=1 -3 3 -5 5 6 7 20 -10 11 -12 12 15 -15 -16 -17 19 -19 -20 -21 21 22 -24 -25 25 27 -28 -29 29 -31
leaf_value=-0.18044852556901758 -0.33038399687677472 0.16824806065664147 0.19085451726564201 -0.042789384914956367 -0.21229301110106888 -0.062843073464469434 -0.63647057295203746 0.19464320905310686 0.48849115234002821 0.015309441268767045 0.12025882721963256 -0.041075517270801921 -0.59508539785417769 0.27673283386447495 -0.065854413473672074 -0.0028352751616137085 -0.68938391716682546 0.31692355313039344 -0.027245238610058634 -0.090864132171264766 -0.38118659893784468 0.24344620118222279 -0.023228956777147401 -0.15423217132960204 0.39522258248249725 -0.015039139984253325 0.0069829661254587451 0.39818046430525383 -0.014435395149809835 0.1464372456955145
leaf_weight=28 20 25 101 27 25 22 23 23 22 21 31 25 24 22 59 38 36 27 23 22 51 48 424 22 73 40 29 48 20 26
leaf_count=28 20 25 101 27 25 22 23 23 22 21 31 25 24 22 59 38 36 27 23 22 51 48 424 22 73 40 29 48 20 26
internal_value=-0.000525947 0.00431034 0.00161074 0.00418605 -0.00119713 -0.000881633 -0.00191296 -0.00394737 0.000859189 -0.000151134 0.0116667 -0.00200581 0.00045283 0.00325123 0.000994475 -0.00857143 -0.010125 0.00565574 0.00189474 -0.0152542 -0.00318099 -0.00383588 -0.0022833 0.00340336 0.00486111 0.00759259 -0.00327273 0.00134831 0.00625 0.0114894
internal_weight=1425 173 148 128 1252 1224 987 569 418 396 53 343 264 202 180 62 79 121 94 58 546 523 472 237 215 161 54 88 71 46
internal_count=1425 173 148 128 1252 1224 987 569 418 396 53 343 264 202 180 62 79 121 94 58 546 523 472 237 215 161 54 88 71 46
is_linear=0
shrinkage=0.03


Tree=147
num_leaves=31
num_cat=0
split_feature=20 26 13 20 10 13 24 29 17 10 25 18 13 13 26 28 21 24 28 2 2 18 24 4 9 25 24 20 1 0
split_gain=6.35274 6.05608 8.12773 5.28459 6.1896 13.4195 13.0902 10.2109 9.42855 7.40364 9.40992 8.33434 6.72623 7.20874 7.96665 6.61436 9.62939 7.4739 14.9329 6.75798 5.8404 5.83749 5.79917 7.11268 5.01798 5.80357 5.74087 5.66071 5.00471 11.2665
threshold=29.650000000000002 41.050000000000004 213.50000000000003 6.1500000000000012 270.39500000000004 111.50000000000001 -0.47714059151611371 0.92519182738459482 964.25000000000193 303.73000000000008 26.850000000000005 16.850000000000005 73.500000000000014 45.500000000000007 33.750000000000007 0.86548282553247169 32.45000000000001 0.9482875459472353 0.95998215779580554 191.50000000000003 145.00000000000003 13.550000000000002 0.74892720285008318 245.50000000000003 210.72000000000003 9.5500000000000025 0.93663652364155514 14.950000000000001 345.50000000000006 221.50000000000003
decision_type=2 2 8 2 8 10 2 2 8 10 2 2 10 10 2 2 2 2 2 10 10 2 2 10 2 2 2 2 10 2
left_child=1 3 -3 -1 7 8 -7 12 9 10 -6 24 13 14 15 16 -5 18 -17 20 -18 -16 -23 -24 25 -11 -26 -27 29 -14
right_child=-2 2 -4 4 5 6 -8 -9 -10 11 -12 -13 28 -15 21 17 19 -19 -20 -21 -22 22 23 -25 26 27 -28 -29 -30 -31
leaf_value=0.63897137889421374 -0.66966245169757777 0.33356457363000686 -0.015513265366517429 0.010916213675384369 -0.24771373507791983 -0.057905518852065255 0.25229102916520529 0.12238990586295756 -0.43658356731940201 -0.40571534884428728 0.029350349338675377 0.41339452572666119 0.0032901796805853679 0.094850119618287182 0.058336790230938788 -0.54434957579308385 -0.08618388740788617 -0.19921769949985019 0.15563094028652785 -0.71480663331273298 0.080236596811630811 0.05900155951816842 -0.25472601628336278 0.086213918926144398 -0.023098611415794605 0.035136207318015519 0.28596171763920836 -0.51919372471360192 0.18871273853353612 -0.051532939673119525
leaf_weight=32 20 33 29 195 76 59 140 38 38 21 20 26 54 79 52 23 44 49 29 24 21 48 22 28 45 35 29 20 21 60
leaf_count=32 20 33 29 195 76 59 140 38 38 21 20 26 54 79 52 23 44 49 29 24 21 48 22 28 45 35 29 20 21 60
internal_value=-0.000765415 -0.000517613 0.00857143 -0.000948081 -0.00124904 -0.00382353 0.00225 0.000418782 -0.00771704 -0.00571429 -0.0123711 -0.0020339 -0.00036 0.00097561 -0.000279851 -0.00256477 -0.000210526 -0.00911765 -0.00113208 -0.00833333 -0.00318182 0.00556291 0.00121212 -0.00588235 -0.00476821 -0.0101299 0.0008 -0.00482143 -0.00639706 -0.00886957
internal_weight=1410 1390 62 1328 1296 509 199 787 310 272 96 176 749 614 535 385 284 101 52 89 65 150 98 50 150 76 74 55 135 114
internal_count=1410 1390 62 1328 1296 509 199 787 310 272 96 176 749 614 535 385 284 101 52 89 65 150 98 50 150 76 74 55 135 114
is_linear=0
shrinkage=0.03


Tree=148
num_leaves=31
num_cat=0
split_feature=10 9 14 20 22 9 26 5 18 28 29 2 23 7 6 16 28 21 21 15 29 29 6 9 2 3 18 0 9 9
split_gain=8.5723 8.60804 8.65493 6.90398 6.6298 6.58615 8.11132 6.26006 5.54361 5.18391 10.9086 7.57241 10.1658 7.22586 9.22268 7.13117 7.04754 7.47879 6.36761 6.29604 9.03278 7.88461 6.16266 10.5895 7.00572 8.63873 5.86624 5.7287 8.61077 7.95771
threshold=159.60000000000002 56.415000000000013 29.500000000000004 28.250000000000004 5.8500000000000005 46.680000000000007 33.050000000000004 131.50000000000003 16.750000000000004 0.8697513045430848 0.3484035575467645 297.50000000000006 13.050000000000002 116.16666666666669 238.50000000000003 4241.5000000000009 -0.59869031648930193 32.95000000000001 36.850000000000001 190.50000000000003 -0.23537842981696178 -0.11692317777808843 286.50000000000006 95.65000000000002 334.50000000000006 339.00000000000006 15.450000000000001 301.50000000000006 130.01500000000001 147.56500000000003
decision_type=8 2 10 2 2 2 2 8 2 2 2 8 2 10 10 10 2 2 2 10 2 2 10 2 8 8 2 2 2 2
left_child=1 2 5 4 9 6 8 -3 -1 11 19 12 16 -14 26 18 17 -2 -16 20 -11 -22 24 -24 -13 -26 -15 -25 -29 -30
right_child=3 7 -4 -5 -6 -7 -8 -9 -10 10 -12 22 13 14 15 -17 -18 -19 -20 -21 21 -23 23 27 25 -27 -28 28 29 -31
leaf_value=-0.10408002061757329 -0.38683354392273273 -0.3937315988542221 -0.22061231612372487 -0.37653832974761003 -0.46865658932421123 -0.070659787435194368 0.14199204051640918 0.044526387356894334 0.19088629269447097 0.033842651751585892 -0.93094032907288804 -0.20169416944384208 -0.41286249966219518 0.0058784065989425467 -0.083750125187072796 -0.4876357350036008 0.32311319877368816 0.10276373236440178 0.30038627212880614 -0.068891833473556111 -0.073046640124993581 0.0036537804911539237 0.50850566975158673 0.11289001980804186 0.27610790205475921 -0.049681721490479731 0.31946595994790983 -0.25877454825933738 0.35235710837728956 -0.017028012453103258
leaf_weight=52 29 20 36 58 31 54 25 128 34 37 26 40 27 29 28 22 66 25 27 28 23 86 24 39 22 32 35 24 25 280
leaf_count=52 29 20 36 58 31 54 25 128 34 37 26 40 27 29 28 22 66 25 27 28 23 86 24 39 22 32 35 24 25 280
internal_value=0.000127389 0.0042 0.000148515 -0.00121241 -0.000626243 0.00307229 0.00723214 0.00966443 0.00275862 -0.000184615 -0.00447761 0.000929032 0.00477509 0 0.00274648 -0.00423077 0.011405 0.00327273 0.00160714 -0.00171429 0.000816327 -0.00354545 -0.00135524 0.000305344 -0.00821053 -0.00109091 0.0110769 -0.00097561 -0.00227273 -0.000882353
internal_weight=1412 349 201 1063 1005 165 111 148 86 974 200 774 288 168 141 77 120 54 55 174 146 109 486 392 94 54 64 368 329 305
internal_count=1412 349 201 1063 1005 165 111 148 86 974 200 774 288 168 141 77 120 54 55 174 146 109 486 392 94 54 64 368 329 305
is_linear=0
shrinkage=0.03


Tree=149
num_leaves=31
num_cat=0
split_feature=6 14 19 10 28 3 19 19 29 23 19 27 17 25 14 15 19 22 23 28 17 25 29 15 14 1 9 24 2 8
split_gain=8.83246 7.88546 13.8343 5.91528 8.51921 7.90338 6.65673 7.27869 5.58164 5.15385 6.51515 4.95383 7.67182 7.62965 6.83647 5.66201 4.93681 6.08074 4.71429 4.61298 4.50917 5.06341 6.41271 5.7797 5.91797 5.44481 8.53746 6.81857 6.35832 7.6598
threshold=55.165000000000006 2.5000000000000004 -0.26722820045975981 159.60000000000002 -0.9905448150984083 312.50000000000006 0.99961926108774357 0.99353402350479769 -0.98212955754013376 13.850000000000003 0.90255091666790854 1.0000000180025095e-35 313.99500000000182 15.550000000000002 4.5000000000000009 220.50000000000003 -0.92384435400961373 4.1500000000000012 16.450000000000003 -0.42180583328916638 103.80500000000001 25.950000000000003 -0.6652727025667432 127.50000000000001 218.50000000000003 322.50000000000006 132.28000000000003 0.99353402350479769 236.50000000000003 232.92857142857147
decision_type=8 10 2 8 2 10 2 2 2 2 2 2 10 2 10 10 2 2 2 2 10 2 2 10 10 10 2 2 10 10
left_child=-1 2 16 5 -5 11 7 8 -6 10 -4 13 14 -3 -13 18 -2 -18 -15 -9 -10 22 -22 -23 -25 26 28 -27 29 -24
right_child=1 3 9 4 6 -7 -8 19 20 -11 -12 12 -14 15 -16 -17 17 -19 -20 -21 21 23 25 24 -26 27 -28 -29 -30 -31
leaf_value=-0.47425593458744481 0.084517819849554032 -0.15649202946712676 -0.023349816036066499 0.026447408236473676 -0.382289900521468 0.17786578560096486 0.16779618628498325 0.021594554088271989 -0.13269285800284766 0.27453606207748177 0.014720616483923834 -0.1894815662377094 -0.40597661121029582 0.30323455132722699 0.045005716942726794 -0.2651515531309816 -0.48325722821192896 0.0026231047208818835 0.0055634932376560182 -0.085759244804776244 -0.37962748151773779 0.59212923247941429 -0.0010277619964222139 -0.09130727520829382 0.038563476803770126 0.0017852251246932838 -0.10270372622902982 0.48178147579945857 -0.062967514105550029 0.28245982144539455
leaf_weight=22 21 21 20 23 25 28 23 20 62 49 21 21 22 41 49 22 23 35 20 79 26 23 42 48 38 314 83 35 92 28
leaf_count=22 21 21 20 23 25 28 23 20 62 49 21 21 22 41 49 22 23 35 20 79 26 23 42 48 38 314 83 35 92 28
internal_value=0.000174292 0.000487085 0.00652941 -0.000379427 -0.00140333 0.004 -0.00185304 -0.00225983 -0.00132191 0.0145055 0.00642857 0.00182741 -0.00322581 0.00628571 0.00169014 0.0103571 -0.002625 -0.00711864 0.015 -0.0099 -0.000871212 -0.000205479 -0.00125604 0.00572727 0.00206897 -0.000605042 -0.00402439 0.0018 0 0.00676056
internal_weight=1376 1354 169 1185 961 224 938 915 816 90 41 196 92 104 70 83 79 58 61 99 791 729 620 109 86 594 245 349 162 70
internal_count=1376 1354 169 1185 961 224 938 915 816 90 41 196 92 104 70 83 79 58 61 99 791 729 620 109 86 594 245 349 162 70
is_linear=0
shrinkage=0.03


Tree=150
num_leaves=31
num_cat=0
split_feature=24 10 9 8 25 24 9 5 19 20 13 13 23 28 12 19 17 28 19 15 14 23 10 10 9 25 4 13 24 17
split_gain=6.67285 6.00039 5.91503 7.32635 7.05467 5.47897 5.4464 5.41396 5.20613 6.64293 5.61319 4.98721 8.11418 4.87424 6.12827 5.11103 5.84059 6.04254 9.58646 6.52204 12.6106 8.10822 5.28883 4.82926 6.73497 6.70262 5.33156 4.57127 4.34829 4.05552
threshold=0.99140711019144623 159.60000000000002 56.415000000000013 163.14285714285717 24.850000000000005 0.1478037830001481 32.555000000000007 189.50000000000003 0.96359376111369366 12.350000000000003 19.500000000000004 2.5000000000000004 16.950000000000003 -0.9905448150984083 1.5000000000000002 -0.97988739209073461 55412.480000000003 0.52766072109828632 0.99353402350479769 1851.0000000000002 218.50000000000003 18.650000000000002 255.44500000000002 219.30500000000004 103.34000000000002 18.950000000000003 280.50000000000006 3.5000000000000004 -0.88697705852364728 475.79000000000002
decision_type=2 8 2 10 2 2 2 8 2 2 8 10 2 2 10 2 10 2 2 10 10 2 10 8 2 2 10 10 2 10
left_child=1 2 3 4 -1 28 -3 -7 10 -10 -2 -5 -13 -8 -15 -16 17 -17 19 20 23 -21 -20 25 -25 26 -19 -6 -4 -12
right_child=8 6 5 11 27 7 13 -9 9 -11 29 12 -14 14 15 16 -18 18 22 21 -22 -23 -24 24 -26 -27 -28 -29 -30 -31
leaf_value=-0.18057882697384683 -0.003664880444904952 -0.40230139398232351 0.01340112929240803 -0.28482251472792625 0.040520607228842209 -0.25040143217928262 0.0067916835153545201 0.037816253604484019 0.023032410066873864 -0.040331728392383186 0.38588625058776244 0.10176764866568618 -0.51987354645224315 0.13010080125154658 -0.35671524867774579 -0.024019721972387911 0.60144017838704089 -0.078581403017588508 -0.40237376564807165 -0.32139490153606859 0.1456601965723098 0.020217472015504966 -0.0026747457270505492 -0.26951259718062004 0.0054492821814403668 0.25504428448020278 0.091434704145694351 -0.0068422386069499908 0.36396920465026111 0.28499427077642508
leaf_weight=22 37 20 29 35 55 26 21 37 24 32 23 23 20 27 34 458 29 23 23 21 22 20 33 22 106 30 23 31 35 60
leaf_count=22 37 20 29 35 55 26 21 37 24 32 23 23 20 27 34 458 29 23 23 21 22 20 33 22 106 30 23 31 35 60
internal_value=-2.1398e-05 -0.000807504 0.0027707 -0.000641711 0.00440367 0.00773437 -0.00203724 0.00140625 0.00542373 -0.00210526 0.00892562 -0.00759494 -0.000681818 -0.00167973 -0.00202982 -0.00248521 -0.00199753 -0.00249361 0.000648148 0.00302239 0.00502203 -0.00785714 -0.0105263 0.00263415 -0.000930233 0.00857143 0.0012766 0.00827586 0.0138462 0.0132143
internal_weight=1401 1225 313 186 108 127 912 63 176 56 120 78 43 892 871 844 810 781 323 267 226 41 56 204 128 76 46 86 64 83
internal_count=1401 1225 313 186 108 127 912 63 176 56 120 78 43 892 871 844 810 781 323 267 226 41 56 204 128 76 46 86 64 83
is_linear=0
shrinkage=0.03


Tree=151
num_leaves=31
num_cat=0
split_feature=10 20 21 12 26 20 7 28 16 25 6 29 12 8 7 12 12 26 5 1 1 4 5 8 24 28 26 21 1 19
split_gain=6.75781 6.01388 8.53292 7.10095 5.9427 13.1707 6.23233 5.76199 5.9969 7.58642 6.91955 6.70966 6.16984 6.62652 14.2692 8.89854 7.20202 7.33169 5.85312 5.44441 8.59675 6.37622 5.42089 5.35019 5.15995 5.28385 5.01956 10.3128 8.87071 4.72368
threshold=157.21000000000001 7.3500000000000005 20.550000000000004 57.500000000000007 37.150000000000013 27.850000000000005 503.00000000000006 -0.99467753128998015 30.500000000000004 10.050000000000002 349.50000000000006 0.41202506375868281 4.5000000000000009 326.35714285714295 323.50000000000006 315.00000000000006 69.500000000000014 35.750000000000007 339.00000000000006 342.50000000000006 379.50000000000006 451.50000000000006 320.50000000000006 362.9285714285715 0.98624804680367306 0.95998215779580554 30.750000000000004 29.950000000000003 225.50000000000003 0.9426055981926128
decision_type=8 2 2 10 2 2 10 2 8 2 10 2 10 10 10 10 10 2 10 10 10 10 10 10 2 2 2 2 10 2
left_child=26 3 29 -2 5 6 7 -4 -9 22 12 -12 -11 14 15 16 17 24 -15 -13 -21 -22 -10 -24 25 -14 27 28 -1 -3
right_child=1 2 4 -5 -6 -7 -8 8 9 10 11 19 13 18 -16 -17 -18 -19 -20 20 21 -23 23 -25 -26 -27 -28 -29 -30 -31
leaf_value=0.01977114015631045 0.34600522119302751 -0.0090321759383778042 0.025450235483918959 -0.049274422851316328 0.0083534568640533276 -0.67643455416920484 1.0397941187668089 0.064145103653626592 0.50267831064762358 -0.65929905558765201 0.070330011256795333 -0.095901494403547644 -0.23049459115508297 -0.3731972620959047 0.30043576081561013 -0.17858346019452256 0.17301252362422018 0.024308376935638022 -0.066403733391250053 0.18990875489068712 -0.14433988716666021 0.32100884770946864 -0.15141516221611709 0.20963679165615531 -0.24539772871598983 0.013411534211677463 0.020690724798740946 -0.48448019982489854 -0.037889386507814038 -0.16054796654800271
leaf_weight=26 54 29 21 20 221 21 22 47 26 25 33 39 78 44 27 27 25 27 42 30 49 24 21 27 28 34 250 37 34 27
leaf_count=26 54 29 21 20 221 21 22 47 26 25 33 39 78 44 27 27 25 27 42 30 49 24 21 27 28 34 250 37 34 27
internal_value=-0.000614407 -0.00179607 -0.00241206 0.0064 -0.00172524 -0.00305014 -0.00232425 -0.00284444 -0.00334862 -0.00415157 -0.00540338 -0.000511364 -0.0077933 -0.00666667 -0.00412955 -0.00668182 -0.00435233 -0.00660714 -0.0137931 -0.00335664 0.000288462 -0.00527027 0.0048 -0.00122449 -0.0093617 -0.00637168 0.00301724 -0.0027551 0.00491803 -0.0136842
internal_weight=1415 1068 994 74 938 717 696 674 653 606 532 175 357 332 246 219 192 167 86 142 103 73 74 48 140 112 347 97 60 56
internal_count=1415 1068 994 74 938 717 696 674 653 606 532 175 357 332 246 219 192 167 86 142 103 73 74 48 140 112 347 97 60 56
is_linear=0
shrinkage=0.03


Tree=152
num_leaves=31
num_cat=0
split_feature=10 0 20 1 5 6 5 9 4 6 6 16 26 24 3 29 26 12 18 2 5 20 26 5 16 24 20 14 24 6
split_gain=9.1327 6.83485 6.86554 6.34876 6.33648 7.87879 6.1709 9.97024 5.94593 5.37394 7.55711 5.3121 6.8101 6.62048 5.84635 5.22571 6.02657 8.34291 6.48033 11.4155 7.9904 7.14525 8.07599 6.09182 6.47794 5.29642 5.62984 5.2438 7.65027 6.86147
threshold=159.60000000000002 197.50000000000003 27.150000000000002 223.50000000000003 247.50000000000003 324.50000000000006 165.50000000000003 31.085000000000004 243.50000000000003 337.50000000000006 284.50000000000006 193.50000000000003 33.150000000000013 0.9681107762825325 174.50000000000003 0.97263757644091875 26.150000000000002 58.500000000000007 9.4500000000000011 360.50000000000006 360.50000000000006 26.450000000000003 37.650000000000013 408.50000000000006 8862.5000000000018 0.49240481012316878 23.150000000000002 35.500000000000007 0.83385407025023295 362.50000000000006
decision_type=8 2 2 8 8 10 10 2 10 10 10 10 2 2 10 2 2 10 2 10 10 2 2 10 10 2 2 10 2 10
left_child=9 2 6 4 -3 -6 7 -2 -8 10 11 13 -13 -1 -14 16 17 27 19 -18 21 22 -20 -22 -25 -24 -27 -5 -29 -30
right_child=1 3 -4 15 5 -7 8 -9 -10 -11 -12 12 14 -15 -16 -17 18 -19 20 -21 23 -23 25 24 -26 26 -28 28 29 -31
leaf_value=0.012536575393550037 -0.38813873435683871 0.031370241111805371 -0.3818998234037137 0.010584982060692028 -0.023969276197233567 0.25083002723220488 -0.26968411882032484 0.10306336768932908 -0.095517254761820422 -0.058460232416118169 0.12335085646705678 -0.24263298255376695 0.05286660569967537 0.079379172825717034 -0.10339596454715745 0.097359658226391158 0.2512775808714508 -0.086628433086179374 -0.060951734096962862 -0.20672969036660901 0.13440668844682646 -0.14871424650780737 -0.071474916553378023 -0.13983017249799332 0.3322288847312086 0.0026605299412557314 0.87142709396562246 0.16659995817855475 -0.056966231555673513 -0.39121826290628547
leaf_weight=202 20 62 28 87 32 21 25 39 33 26 36 21 20 22 24 96 24 75 166 24 57 67 24 23 27 20 28 22 21 20
leaf_count=202 20 62 28 87 32 21 25 39 33 26 36 21 20 22 24 96 24 75 166 24 57 67 24 23 27 20 28 22 21 20
internal_value=-0.00017229 -0.00158349 -0.00760274 -0.000602007 0.00594828 -0.00166667 -0.00432203 0.0025 -0.0111864 0.00400568 0.00506135 0.00341379 -0.00409091 0.0056 0.00266667 -0.00157289 -0.00249271 -0.00650442 -0.000520607 0.00979592 -0.00174334 -0.00421569 -0.00175732 0.00527778 -0.00235294 0.00657534 0.0122449 -0.00238411 -0.00890625 -0.0164286
internal_weight=1392 1041 145 896 115 53 117 59 58 351 325 289 65 224 44 781 685 225 460 48 412 305 238 107 50 72 48 150 63 41
internal_count=1392 1041 145 896 115 53 117 59 58 351 325 289 65 224 44 781 685 225 460 48 412 305 238 107 50 72 48 150 63 41
is_linear=0
shrinkage=0.03


Tree=153
num_leaves=31
num_cat=0
split_feature=0 17 26 11 21 2 12 24 26 17 16 12 29 1 2 0 2 1 6 29 1 8 26 5 11 6 9 15 24 12
split_gain=6.11465 4.91216 3.00275 4.7437 4.06343 3.9901 3.34196 7.84587 10.0869 8.92933 7.27375 9.53341 7.00947 6.40873 6.08839 5.17935 9.59924 7.66996 6.27392 9.57062 11.6354 7.9045 5.05847 5.74167 5.04936 4.79613 6.28742 5.59715 5.84015 7.32424
threshold=55.165000000000006 3.2850000000008692 41.550000000000004 132.50000000000003 40.550000000000004 302.50000000000006 28.500000000000004 0.99140711019144623 22.550000000000004 780.53000000000031 282.00000000000006 291.50000000000006 -0.75013812021657655 305.50000000000006 411.50000000000006 280.50000000000006 236.50000000000003 340.50000000000006 349.50000000000006 0.68274389090025245 429.00000000000006 344.64285714285717 32.150000000000013 261.50000000000006 48.500000000000007 362.50000000000006 66.210000000000022 23.500000000000004 -0.80382625221112003 13.500000000000002
decision_type=2 8 2 2 2 10 10 2 2 10 8 10 2 10 10 2 10 10 10 2 10 10 2 10 2 8 2 10 2 10
left_child=-1 -2 4 -4 6 -6 24 8 14 13 -9 -12 -11 22 -8 16 -14 -17 21 -20 -21 -19 23 -10 25 26 -3 -28 -29 -30
right_child=1 2 3 -5 5 -7 7 10 9 12 11 -13 15 -15 -16 17 -18 18 19 20 -22 -23 -24 -25 -26 -27 27 28 29 -31
leaf_value=-0.3652412854310077 0.030318237987625025 0.0043737951000877469 0.23870965017191395 -0.0032428195614181729 -0.013624644058560875 -0.23454095780924816 -0.11353452033380676 0.31960466917396702 -0.81967646909608161 -0.35627103391259224 -0.024017787011407561 0.78355358571290312 -0.0093482887365030354 0.35266025359232001 0.17934986184337076 -0.02138923703751857 0.12884848684013661 0.27155031659929701 0.42170748859197854 0.1868303126548892 -0.20590154036917227 -0.16995939047503839 0.04940052717531998 0.1552209317106201 -0.13732921754464142 0.043750106702246681 -0.21558507411923314 0.030173366949548492 0.0012764084329910475 -0.2162624110305984
leaf_weight=24 31 244 24 29 33 24 73 34 21 23 43 23 32 54 22 67 47 22 48 21 22 33 56 23 32 74 36 37 61 73
leaf_count=24 31 244 24 29 33 24 73 34 21 23 43 23 32 54 22 67 47 22 48 21 22 33 56 23 32 74 36 37 61 73
internal_value=0.000302812 0.000572267 0.000292793 0.00722222 0 -0.00775862 0.000368249 0.00180451 0.000424779 0.00223404 0.00950495 0.00358209 -0.000664557 0.00812903 -0.0084375 0.000614334 0.007125 -0.00182243 0.00204082 0.00684783 -0.00340909 -0.00589286 0.00356436 -0.004 -0.00134409 -0.000627376 -0.00179204 -0.005625 -0.00331395 -0.00622222
internal_weight=1386 1362 1331 53 1278 57 1221 664 564 469 100 66 315 154 95 292 79 213 146 91 43 55 100 44 557 525 451 207 171 134
internal_count=1386 1362 1331 53 1278 57 1221 664 564 469 100 66 315 154 95 292 79 213 146 91 43 55 100 44 557 525 451 207 171 134
is_linear=0
shrinkage=0.03


Tree=154
num_leaves=31
num_cat=0
split_feature=5 6 18 19 27 15 5 9 18 26 17 13 24 24 21 26 9 9 5 20 8 0 13 21 4 27 16 26 9 7
split_gain=8.32186 10.8412 8.58339 10.2785 10.2813 15.0004 11.5248 8.55992 7.83391 7.1085 7.05626 12.8181 8.24802 7.45423 6.37922 7.13744 6.37374 12.4633 9.91051 6.29319 7.02145 5.59798 5.4221 7.50946 5.24953 5.0649 4.9868 4.94618 4.8201 4.77718
threshold=254.50000000000003 55.165000000000006 9.4500000000000011 -0.92384435400961373 0.25000000000000006 13.500000000000002 102.50000000000001 59.105000000000011 15.850000000000003 31.950000000000003 993.42000000000405 95.500000000000014 -0.608738249238853 -0.44618082326431219 18.550000000000004 19.750000000000004 80.340000000000018 89.435000000000016 225.50000000000003 7.3500000000000005 251.78571428571431 291.50000000000006 54.500000000000007 33.850000000000001 354.50000000000006 7.1500000000000012 157.50000000000003 21.350000000000005 179.63500000000002 327.66666666666669
decision_type=8 10 2 2 2 10 10 2 2 2 8 10 2 2 2 2 2 2 10 2 8 2 10 2 10 2 10 2 2 10
left_child=1 -1 -3 -4 9 6 -6 -2 25 26 13 -12 21 24 -15 -16 -11 -18 -19 -17 -21 -13 23 27 -9 -8 -5 -22 29 -29
right_child=7 2 3 4 5 -7 8 10 -10 16 11 12 -14 14 15 19 17 18 -20 20 22 -23 -24 -25 -26 -27 -28 28 -30 -31
leaf_value=-0.38832538743598294 -0.13466508439113936 0.11480569739301799 0.05931123887843142 0.028185344998760086 0.12637421307632962 -0.34045501631315883 -0.26255104164864035 0.012187466002618236 0.072915744485131731 0.039374277686958406 -0.28537536915831596 0.017042021033512638 0.0021695199059763581 0.39883015893888768 -0.3693603760962702 0.23852934753580682 -0.15814777089780974 -0.010304233445386899 0.32229277283855934 0.29147474714851057 0.0017367960101003631 -0.10010224960922358 0.010347227758356042 0.01693019634498796 0.40855175118074044 0.0031547450698424483 -0.17075572725465121 -0.10732819962896968 -0.0064735364931760835 -0.1739971104910043
leaf_weight=24 47 58 60 30 21 103 23 59 26 111 43 21 190 28 44 26 24 44 29 25 24 44 44 31 41 21 45 50 25 26
leaf_count=24 47 58 60 30 21 103 23 59 26 111 43 21 190 28 44 26 24 44 29 25 24 44 44 31 41 21 45 50 25 26
internal_value=-2.16138e-05 0.00256452 0.00337248 0.00217472 0.000690377 -0.00461538 0.00423913 -0.00210663 -0.00169014 0.00433099 -0.00128809 -0.00481605 -0.00222656 0.00120283 -0.00101852 -0.00233108 0.00717703 0.00153061 0.0077027 -0.000357143 -0.00199115 -0.0113636 -0.0038806 -0.00649682 0.00831683 -0.00933333 -0.00355263 -0.0097619 -0.0126471 -0.0163636
internal_weight=1387 619 595 537 477 194 91 768 70 283 721 298 255 423 323 295 208 97 73 251 225 65 200 156 100 44 75 125 101 76
internal_count=1387 619 595 537 477 194 91 768 70 283 721 298 255 423 323 295 208 97 73 251 225 65 200 156 100 44 75 125 101 76
is_linear=0
shrinkage=0.03


Tree=155
num_leaves=31
num_cat=0
split_feature=26 23 4 17 28 6 11 26 19 17 13 22 13 19 7 13 29 5 9 28 21 15 28 12 14 28 11 26 19 29
split_gain=8.01377 10.6449 7.03205 5.7887 5.73581 5.88504 7.34193 8.69691 6.70646 6.65805 7.96843 6.46847 6.26737 6.16381 8.20733 11.9617 9.40923 5.98346 5.41561 5.37202 5.30971 6.95806 5.20944 9.20135 8.67978 8.14091 11.9516 5.23271 5.02857 4.83251
threshold=41.550000000000004 18.150000000000002 507.00000000000006 3.2850000000008692 -0.98803845231459242 419.50000000000006 30.500000000000004 35.650000000000013 0.99901018088683491 387.81000000000228 51.500000000000007 8.5000000000000018 34.500000000000007 0.008726203218641598 95.833333333333357 14.500000000000002 0.50370931781787065 265.50000000000006 136.20500000000001 -0.99866806308218525 35.050000000000004 48.500000000000007 0.7210268013660811 28.500000000000004 30.500000000000004 -0.18492532721306487 16.500000000000004 39.850000000000001 0.97625883275952063 -0.72694848937061807
decision_type=2 2 8 10 2 8 2 2 2 10 10 2 10 2 10 10 2 10 2 2 2 10 2 10 10 2 2 2 2 2
left_child=1 2 3 -1 19 6 7 11 9 -8 12 13 -11 -6 -15 17 -17 -16 -7 -5 -9 -22 24 -24 25 -3 -27 -26 -2 -12
right_child=28 22 -4 4 5 18 8 20 -10 10 29 -13 -14 14 15 16 -18 -19 -20 -21 21 -23 23 -25 27 26 -28 -29 -30 -31
leaf_value=0.083311075458889758 0.13868598252879366 -0.26010185738623887 -0.19597751041290962 -0.18998655191632535 0.035669642333475339 -0.056276528531495271 -0.12452060044255688 0.19692433834849835 0.054680517179453714 -0.0013409087606819979 -0.27203326646631198 -0.19363126540254172 0.31440562756107965 -0.22474979844699533 0.11385321455695326 -0.53674041317170407 0.04026607527845584 0.00082508777016798262 0.29518589606463136 0.098611032544079644 -0.010448476238159969 0.55193762964004678 -0.040533842930615405 0.02748083691533992 -0.59652557238296122 0.66895704537700706 -0.076990127546272824 -0.009960491988530577 -0.00098403561760875393 -0.015783152909650367
leaf_weight=32 34 54 26 20 126 22 38 20 22 40 28 53 44 21 52 46 40 36 84 27 20 22 56 81 50 21 22 23 20 208
leaf_count=32 34 54 26 20 126 22 38 20 22 40 28 53 44 21 52 46 40 36 84 27 20 22 56 81 50 21 22 23 20 208
internal_value=0.000777538 0.000314607 0.00178016 0.00218563 0.00176289 0.0012351 0.000367197 0.00302059 -0.00267717 -0.00367688 -0.00224299 0.00128 0.00564706 0.0028882 -0.000459184 0.00171429 -0.0062069 0.0094382 0.00785047 0.011875 0.0133333 0.00697674 -0.00457792 -0.000217391 -0.00807018 -0.00214286 0.0075 -0.0158108 0.012 -0.00506329
internal_weight=1388 1334 1027 1001 969 922 816 436 380 358 320 374 84 321 195 174 86 88 106 47 62 42 307 137 170 97 43 73 54 236
internal_count=1388 1334 1027 1001 969 922 816 436 380 358 320 374 84 321 195 174 86 88 106 47 62 42 307 137 170 97 43 73 54 236
is_linear=0
shrinkage=0.03


Tree=156
num_leaves=31
num_cat=0
split_feature=13 7 23 10 2 6 6 0 9 26 21 28 28 21 13 2 10 24 27 27 0 16 14 5 13 18 3 0 24 7
split_gain=6.11761 8.6647 9.2671 7.86192 7.45901 7.06552 11.41 6.47861 5.84402 6.07415 10.0467 5.82905 6.62785 6.06692 5.37637 5.35613 5.18534 4.85975 6.2103 6.43108 5.40844 5.15715 6.42317 5.12807 4.802 4.60859 4.56426 4.39452 10.2562 6.80452
threshold=3.5000000000000004 141.83333333333334 12.050000000000002 157.21000000000001 174.50000000000003 213.50000000000003 228.50000000000003 252.50000000000003 66.89500000000001 40.850000000000001 40.550000000000004 -0.84315017450793706 -0.76141707087277943 31.750000000000004 9.5000000000000018 324.50000000000006 103.82000000000001 0.99140711019144623 0.25000000000000006 2.1500000000000008 367.50000000000006 12739.000000000002 2698.5000000000005 481.00000000000006 56.500000000000007 15.550000000000002 463.50000000000006 296.50000000000006 0.9426055981926128 305.83333333333343
decision_type=8 8 2 8 10 10 10 2 2 2 2 2 2 2 10 10 8 2 2 2 2 10 10 10 10 2 10 2 2 10
left_child=7 2 -2 4 -3 -5 -7 11 -8 10 14 -1 -13 25 -10 -6 -15 18 21 24 -19 23 -23 26 -20 -14 27 28 -16 -29
right_child=1 3 -4 5 15 6 8 -9 9 -11 -12 12 13 16 17 -17 -18 20 19 -21 -22 22 -24 -25 -26 -27 -28 29 -30 -31
leaf_value=0.14756898812188965 0.035145613906729663 -0.18782232744046581 -0.24446306081282709 0.017789261867766581 0.077281297931626511 -0.32691046851547767 -0.17850082471548318 -0.16245780049539477 -0.028130195179469124 0.31853560827298194 -0.33477743853660286 -0.33765583415919409 -0.10305777993779613 0.011818892861930408 -0.010243421290113019 -0.0027583015868130186 0.10063151610860942 0.0088929086359127042 0.37165357224871254 -0.094867938267876178 0.76045538713162553 0.98514592015145752 -0.035772859323027428 -0.12633397807523239 0.0079520987640745479 0.021899933670438968 0.24514598739317506 -0.73389803406428511 0.084529269895181183 -0.018029229222107687
leaf_weight=29 20 27 76 168 93 40 28 26 34 38 31 22 40 29 55 26 42 54 22 34 29 22 27 21 26 20 24 26 33 217
leaf_count=29 20 27 76 168 93 40 28 26 34 38 31 22 40 29 55 26 42 54 22 34 29 22 27 21 26 20 24 26 33 217
internal_value=0.000152174 -0.000691126 -0.00927835 8.36431e-05 0.00653061 -0.000935484 -0.00216535 0.00488038 -0.00128809 -0.00073487 -0.00141768 0.00688525 0.00448052 0.00704545 -0.000576 0.00975 0.0129167 0.000101523 -0.00100394 0.00650602 0.00678571 -0.00246479 0.0066 -0.00366048 0.0134694 0 -0.0027809 -0.00370482 0.00202247 -0.00577869
internal_weight=1379 1171 96 1075 146 929 761 208 721 693 655 182 153 131 624 119 71 590 507 82 83 425 49 376 48 60 355 331 88 243
internal_count=1379 1171 96 1075 146 929 761 208 721 693 655 182 153 131 624 119 71 590 507 82 83 425 49 376 48 60 355 331 88 243
is_linear=0
shrinkage=0.03


Tree=157
num_leaves=31
num_cat=0
split_feature=6 10 10 10 13 0 8 10 6 9 17 16 16 25 10 2 11 24 29 26 25 15 15 26 12 26 3 20 28 9
split_gain=9.98023 6.33227 6.73783 5.1601 5.241 5.1763 10.8707 5.82833 4.90144 12.1909 9.18859 8.61303 7.60283 6.35985 5.44431 6.97017 7.43802 4.70742 4.67787 4.32638 7.5809 7.42789 9.08879 7.37638 11.7512 7.53637 4.98998 4.70465 7.68152 5.69248
threshold=55.165000000000006 157.21000000000001 170.13000000000002 180.75500000000002 45.500000000000007 173.50000000000003 190.1428571428572 191.01000000000002 109.50000000000001 56.415000000000013 188.09500000000324 181.50000000000003 103.50000000000001 26.250000000000004 62.435000000000009 169.50000000000003 2.5000000000000004 0.76037701167087512 0.99855310097228334 38.150000000000013 26.650000000000002 673.50000000000011 190.50000000000003 34.95000000000001 145.00000000000003 33.550000000000004 239.50000000000003 17.350000000000005 -0.77245553105869302 121.00500000000001
decision_type=8 10 10 10 10 2 10 10 10 2 10 10 10 2 8 10 2 2 2 2 2 10 10 2 10 2 10 2 2 2
left_child=-1 8 -3 4 -4 -5 17 -8 13 11 12 14 -11 -2 -10 16 -16 -7 19 23 21 22 -21 25 26 27 -25 28 -9 -29
right_child=1 2 3 5 -6 6 7 18 9 10 -12 -13 -14 -15 15 -17 -18 -19 -20 20 -22 -23 -24 24 -26 -27 -28 29 -30 -31
leaf_value=-0.37572680796290342 0.018691062548282674 -0.033233385220325713 0.012842202773771304 -0.40428162962744668 0.1321065754650442 0.039739335302407426 -0.056285213176673204 0.97105123129870863 0.27647514639297993 0.018199854417406413 0.079890273547143231 -0.31170872632837371 -0.13424379275625256 0.078160432313687384 0.015202526595496693 0.031063386981380177 -0.26502985372451143 0.17387257011469329 0.83569820155116192 0.76176426050634971 -0.0075709669017874149 0.59736914130376528 -0.036022381423164801 0.018680865769433126 -1.2851739905429069 0.25992137515102626 -0.17154797260389387 0.0076386511066488076 -0.0041825990677614297 -0.1646186839730592
leaf_weight=23 53 51 29 26 21 20 30 26 20 49 65 36 22 23 27 37 24 26 22 21 56 37 21 21 29 38 39 44 397 63
leaf_count=23 53 51 29 26 21 20 30 26 20 49 65 36 22 23 27 37 24 26 22 21 56 37 21 21 29 38 39 44 397 63
internal_value=0.000429492 0.000764192 -0.000442043 0.000124095 0.00941176 -0.000392585 0 -0.000781065 0.00420168 0.00234875 0.00875912 -0.00372414 0.00125 0.0109091 0.000550459 -0.00269663 -0.00980769 0.0140426 -0.000294479 -0.000680958 0.00419118 0.010125 0.00139535 -0.00168693 -0.00966667 -0.000421793 -0.00196721 -0.00135593 7.07547e-05 -0.00694444
internal_weight=1396 1373 1017 966 50 916 890 844 356 280 136 144 71 76 108 88 51 46 814 792 135 79 42 657 89 568 60 530 423 107
internal_count=1396 1373 1017 966 50 916 890 844 356 280 136 144 71 76 108 88 51 46 814 792 135 79 42 657 89 568 60 530 423 107
is_linear=0
shrinkage=0.03


Tree=158
num_leaves=31
num_cat=0
split_feature=5 18 18 25 24 7 4 12 18 10 4 2 10 16 20 0 25 10 3 20 24 9 24 17 25 22 18 4 27 6
split_gain=5.29825 4.63507 10.8636 7.83604 4.71332 7.56606 10.759 6.67975 5.36855 5.13393 4.56225 4.89972 4.59169 4.45303 5.15084 4.44945 6.28889 4.7301 8.6565 7.41854 4.5387 7.88257 8.01028 7.21656 6.72793 9.63109 6.57066 14.2705 8.38989 5.7339
threshold=496.50000000000006 9.4500000000000011 9.6500000000000004 11.850000000000003 0.97233289553061597 243.83333333333334 219.50000000000003 28.500000000000004 11.15 144.79500000000004 274.50000000000006 370.50000000000006 270.39500000000004 14.500000000000002 24.450000000000003 413.50000000000006 16.350000000000005 323.50500000000005 337.50000000000006 22.250000000000004 0.087155742747658027 115.94500000000001 -0.4067366430758001 240.11500000000098 26.250000000000004 2.4500000000000006 16.750000000000004 145.00000000000003 2.6500000000000008 162.50000000000003
decision_type=10 2 2 2 2 10 10 10 2 10 10 10 10 10 2 2 2 10 8 2 2 2 2 10 2 2 2 10 2 10
left_child=1 3 -3 -1 15 7 -7 9 -8 -6 -10 12 -12 -5 -15 17 -17 20 19 -19 21 22 23 26 25 -22 28 -28 -4 -25
right_child=-2 2 4 13 5 6 8 -9 10 -11 11 -13 -14 14 -16 16 -18 18 -20 -21 24 -23 -24 29 -26 -27 27 -29 -30 -31
leaf_value=-0.059099107667238679 -0.13075383367539956 -0.24631072168262674 -0.19017828980536691 -0.060024869379898149 0.031130326264366771 -0.15193064663749226 0.31070387079754025 0.081028967895216075 -0.12102006730629171 -0.011558321670559622 0.34837616186412246 -0.044337201367283113 -0.041243645289687263 0.17297109564482013 0.13171481336409868 -0.0066830648196889797 0.59006697726010593 0.15970880103866364 -0.10456380648063543 -0.4041159943942344 -0.014011990259081984 0.097195635586416237 0.086683566079722912 0.043675070538463957 0.012145058612003651 -0.28055820887709915 -0.18315055851907325 0.42519518408121898 0.029989338857493806 -0.22697448468111645
leaf_weight=40 36 22 38 20 20 23 28 38 21 27 36 33 22 61 20 39 23 36 66 21 264 52 36 23 83 45 20 22 57 103
leaf_count=40 36 22 38 20 20 23 28 38 21 27 36 33 22 61 20 39 23 36 66 21 264 52 36 23 83 45 20 22 57 103
internal_value=-0.000152616 0.000156716 -0.000450375 0.00528169 -5.09771e-05 0.00361446 -0.000182927 0.010814 0.00297872 0.003125 0 0.00293478 0.00813559 0.00970588 0.0128049 -0.00103337 0.00666667 -0.0015917 -0.00701613 0.00155172 -0.000685484 0.00178977 -0.0001 -0.00193182 -0.00290076 -0.00493548 0.00282609 0.0125581 -0.0015625 -0.00708661
internal_weight=1375 1339 1198 141 1176 248 163 85 140 47 112 91 58 101 81 928 62 866 123 57 743 351 299 263 392 309 137 42 95 126
internal_count=1375 1339 1198 141 1176 248 163 85 140 47 112 91 58 101 81 928 62 866 123 57 743 351 299 263 392 309 137 42 95 126
is_linear=0
shrinkage=0.03


Tree=159
num_leaves=31
num_cat=0
split_feature=10 10 19 19 26 29 9 21 25 27 11 12 28 12 7 7 14 29 2 12 12 10 19 10 10 22 21 6 9 9
split_gain=7.48232 8.40091 7.4535 7.34613 7.12334 8.44514 9.43655 8.40882 8.2182 8.13054 5.67828 5.27255 7.07561 7.90393 4.93232 5.78971 7.90194 6.82035 6.59922 8.46894 6.43889 4.59141 4.49674 4.48788 5.01427 4.47145 4.44259 4.10538 4.60868 5.73251
threshold=221.12000000000003 217.18000000000004 0.99140711019144623 -0.97988739209073461 40.850000000000001 -0.6652727025667432 81.13000000000001 41.550000000000004 26.850000000000005 0.35000000000000003 23.500000000000004 21.500000000000004 0.77788564761185042 13.500000000000002 316.83333333333343 262.50000000000006 8.5000000000000018 -0.065537083312030994 197.50000000000003 37.500000000000007 18.500000000000004 141.01500000000001 -0.66259481767468253 162.03500000000003 84.375000000000014 8.5000000000000018 36.95000000000001 188.50000000000003 233.89500000000001 184.00000000000003
decision_type=8 10 2 2 2 2 2 2 2 2 2 10 2 8 10 10 10 2 10 10 10 10 2 10 10 2 2 8 2 2
left_child=1 2 3 -1 5 8 -7 -6 -2 -10 -4 12 13 -8 15 18 -17 -18 19 22 21 -20 25 24 -24 -5 -22 -13 29 -29
right_child=4 -3 10 14 7 6 11 -9 9 -11 -12 27 -14 -15 -16 16 17 -19 20 -21 26 -23 23 -25 -26 -27 -28 28 -30 -31
leaf_value=-0.024719496333600259 -0.41598268515118991 0.26207840619193945 0.0056553154944577952 0.02183245278115848 0.47482145465956876 0.23492441005233841 0.088901204368304426 -0.0094881540794051478 -0.52797581540652228 0.081310136099848968 -0.19563021532657471 0.034828854309897676 -0.46031930481628675 -0.23699904943138733 0.33799385784195973 -0.3836861668838466 0.10066131108378557 -0.038626684043139223 0.02976713361357923 -0.32651087597612927 0.12376900948060381 -0.047583336386684751 0.0064697840276663494 -0.002269638430087326 0.10033105929327149 -0.18953311766607478 0.074410396401778198 -0.0013847057911766569 0.23354573788603572 -0.10842269279151821
leaf_weight=36 56 28 23 52 27 27 41 25 24 31 37 21 37 30 39 20 23 32 39 41 59 34 29 32 58 24 26 233 112 104
leaf_count=36 56 28 23 52 27 27 41 25 24 31 37 21 37 30 39 20 23 32 39 41 59 34 29 32 58 24 26 233 112 104
internal_value=0.000428266 0.0028436 0.00208264 0.00319266 -0.00156047 -0.0023431 -0.000940594 0.0090566 -0.00991071 -0.00160714 -0.00786885 -0.00176166 -0.00770642 -0.00208333 0.00412574 0.00325532 -0.00434211 0.00160714 0.00470886 0.00151899 0.00943396 0.00283784 0.00413265 0.00775 0.01125 -0.00155844 0.015 -0.000382166 -0.001 -0.00275148
internal_weight=1400 632 604 544 768 716 605 52 111 55 60 578 108 71 508 469 75 55 394 236 158 73 195 119 87 76 85 470 449 337
internal_count=1400 632 604 544 768 716 605 52 111 55 60 578 108 71 508 469 75 55 394 236 158 73 195 119 87 76 85 470 449 337
is_linear=0
shrinkage=0.03


Tree=160
num_leaves=31
num_cat=0
split_feature=24 12 26 20 29 4 20 12 24 7 15 23 26 20 27 21 20 3 23 18 0 29 29 4 21 3 11 23 23 23
split_gain=5.81965 4.91633 4.91457 7.91994 6.10729 5.85822 5.73405 7.64586 10.4875 8.67634 8.41806 6.05559 5.41778 7.20657 7.54233 5.65284 5.56125 5.34155 5.22642 5.82757 4.98951 4.8344 4.66339 5.50655 8.95901 6.21118 4.64495 4.31848 9.55731 7.76984
threshold=0.99140711019144623 28.500000000000004 26.650000000000002 7.7500000000000009 0.99249573635719013 397.50000000000006 16.950000000000003 362.50000000000006 -0.4067366430758001 293.83333333333343 635.00000000000011 13.450000000000001 31.050000000000004 27.450000000000003 0.15000000000000005 39.050000000000004 27.050000000000004 324.50000000000006 17.850000000000005 15.350000000000003 300.50000000000006 0.60383265664488517 0.94066717844141279 340.50000000000006 21.950000000000003 408.50000000000006 1299.5000000000002 10.250000000000002 14.950000000000001 17.450000000000003
decision_type=2 10 2 2 2 10 2 10 2 10 10 2 2 2 2 2 2 10 2 2 2 2 2 10 2 10 2 2 2 2
left_child=2 -2 3 5 22 17 11 10 -9 -10 12 21 18 16 -15 -16 27 -1 19 -8 -13 -4 23 24 -5 -25 -11 -14 -29 -30
right_child=1 -3 6 4 -6 -7 7 8 9 26 -12 20 13 14 15 -17 -18 -19 -20 -21 -22 -23 -24 25 -26 -27 -28 28 29 -31
leaf_value=-0.0408782644702552 -0.0033008141968485913 0.22069832406664658 0.18738103745494186 0.0089781627527058556 0.15574142597695184 -0.17517097358782194 -0.28064204468005044 -0.50209146833953466 -0.073158356698099558 -0.0011336989804772201 0.20700094311142378 -0.30140897529665606 0.033751424082368399 0.022156613742565126 -0.44741492913742198 -0.16282921793995853 0.075959171613242518 0.389074734439738 -0.57314250396499966 0.068602050744025436 0.059874124338072932 0.088467857131732039 -0.61945008044136551 0.017155951468160707 -0.37154543501147047 -0.18879570930398018 0.55420001423405041 -0.025027241987872626 0.095892059884230815 0.0010059268412257439
leaf_weight=26 65 111 39 22 27 24 29 45 27 37 38 22 66 37 32 30 28 32 22 32 28 22 41 68 57 20 26 125 70 129
leaf_count=26 65 111 39 22 27 24 29 45 27 37 38 22 66 37 32 30 28 32 22 32 28 22 41 68 57 20 26 125 70 129
internal_value=0.00102322 0.00610169 0.000274542 -0.00292453 -0.00572034 0.00506024 0.00142373 0.000503876 -0.00595588 0 0.00187793 0.00776786 0.000998336 0.00214286 -0.0051 -0.0114286 0.00386635 0.0101695 -0.00607143 -0.00145161 0 0.0140323 -0.00746411 -0.00517857 -0.010875 0 0.00609375 0.0029156 0.00147692 0.00555
internal_weight=1377 176 1201 317 235 82 884 773 135 90 638 111 600 517 99 62 418 58 83 61 50 61 208 167 79 88 63 390 324 199
internal_count=1377 176 1201 317 235 82 884 773 135 90 638 111 600 517 99 62 418 58 83 61 50 61 208 167 79 88 63 390 324 199
is_linear=0
shrinkage=0.03


Tree=161
num_leaves=31
num_cat=0
split_feature=10 29 9 2 10 29 3 21 9 19 19 22 3 19 2 19 5 5 23 10 16 18 10 13 16 21 16 6 5 7
split_gain=9.79813 7.06837 5.85999 7.29543 6.52497 5.65639 4.87625 6.19878 5.79606 4.96937 6.84258 5.90494 5.26675 6.21923 4.87914 4.59522 5.17268 5.76874 7.49376 4.48876 4.28991 4.8991 7.62597 6.35479 8.85334 5.29957 4.47472 5.22667 3.98579 5.48487
threshold=157.21000000000001 -0.98212955754013376 50.240000000000009 169.50000000000003 193.32000000000002 -0.83375966452616657 312.50000000000006 29.450000000000003 69.815000000000012 -0.608738249238853 0.087155742747658027 1.0000000180025095e-35 174.50000000000003 -0.86159635224327535 102.50000000000001 0.99140711019144623 228.50000000000003 310.50000000000006 14.350000000000003 88.52500000000002 59.500000000000007 9.0500000000000025 374.19000000000005 21.500000000000004 152.50000000000003 37.250000000000007 209.50000000000003 269.50000000000006 179.50000000000003 206.16666666666671
decision_type=8 2 2 10 10 2 8 2 2 2 2 2 10 2 10 2 10 10 2 10 10 2 10 10 10 2 10 10 10 10
left_child=6 -2 5 4 -4 -3 7 8 -1 11 -11 -9 19 -14 -12 20 -17 -18 -19 -13 -5 22 -22 25 -25 26 27 -23 -26 -30
right_child=1 2 3 15 -6 -7 -8 9 -10 10 14 12 13 -15 -16 16 17 18 -20 -21 21 23 -24 24 28 -27 -28 -29 29 -31
leaf_value=0.0011135549015602918 -0.30536740154599534 -0.40314288486945421 -0.0026114725186545226 0.030924881631413825 0.061146693540413889 0.003757959733705647 0.091720364912210917 -0.28741770554441359 -0.17761049800256501 0.17142942719180709 -0.00059577861853128407 0.017999178074620658 0.222661607415059 -0.030612018673981681 0.033048604660952274 -0.12000195982731952 0.02250370508583046 0.0038464688658666544 -0.093283300272964303 -0.26490231926122121 0.22759842872108266 -0.3280210945497461 -0.077710224932866362 0.3257959805843802 -0.43559993075238634 0.45959244590155773 -0.32315380275430372 0.003345433629780814 -0.31060990437199959 0.0028398980322776879
leaf_weight=43 34 28 29 25 40 23 35 23 20 21 29 33 29 22 66 25 41 41 29 25 32 24 27 23 26 21 26 50 25 471
leaf_count=43 34 28 29 25 40 23 35 23 20 21 29 33 29 22 66 25 41 41 29 25 32 24 27 23 26 21 26 50 25 471
internal_value=0.000994953 -0.000461095 0 0.000533473 0.00985714 -0.00980769 0.00536023 0.00413462 -0.00421875 0.00626506 0.0107692 0.00225564 0.00518182 0.0121154 0.0071875 -0.000202931 -0.00525547 -0.00241071 -0.00760563 -0.00101695 0.000719041 0.000289256 0.0085 -0.000449775 0.000934066 -0.00663934 -0.00950495 -0.0056 0.000114723 0.000724346
internal_weight=1386 1040 1006 955 69 51 346 311 63 248 116 132 109 51 95 886 136 111 70 58 750 725 59 666 545 121 100 74 522 496
internal_count=1386 1040 1006 955 69 51 346 311 63 248 116 132 109 51 95 886 136 111 70 58 750 725 59 666 545 121 100 74 522 496
is_linear=0
shrinkage=0.03


Tree=162
num_leaves=31
num_cat=0
split_feature=6 5 20 25 18 24 19 18 15 18 24 9 23 11 17 17 21 9 27 7 1 17 12 7 8 6 11 29 8 8
split_gain=5.76459 6.74592 5.7937 8.28056 5.67107 7.90407 7.70455 6.921 6.12682 8.62783 5.72456 4.92318 6.33356 4.9828 4.91587 5.33597 4.70169 6.63347 5.5109 8.30337 5.3433 4.55339 11.6756 9.05418 9.3056 7.44971 8.88527 7.36585 6.61625 7.41037
threshold=55.165000000000006 254.50000000000003 28.950000000000003 28.250000000000004 19.450000000000003 0.97625883275952063 0.96359376111369366 17.750000000000004 31.500000000000004 22.750000000000004 -0.95878322595067711 71.200000000000017 10.65 59.500000000000007 80.75000000000189 51.02999999999998 34.150000000000013 62.230000000000011 7.3500000000000005 173.16666666666671 90.500000000000014 841.23000000000172 90.500000000000014 248.50000000000003 326.35714285714295 396.50000000000006 247.00000000000003 0.68274389090025245 404.9285714285715 433.78571428571433
decision_type=8 8 2 2 2 2 2 2 10 2 2 2 2 2 10 8 2 2 2 10 10 10 10 10 10 10 2 2 10 10
left_child=-1 2 3 4 5 7 -7 10 -6 -10 -2 16 -13 -14 15 -3 17 18 19 20 -12 28 -23 -24 -25 26 -26 -27 -16 -30
right_child=1 14 -4 -5 8 6 -8 -9 9 -11 11 12 13 -15 21 -17 -18 -19 -20 -21 -22 22 23 24 25 27 -28 -29 29 -31
leaf_value=-0.32226660179667427 0.045228979383757348 -0.015387263034561442 -0.27595139183512302 0.46328672150398831 0.02741402947111574 0.17542896807809255 0.0013940060843560787 0.2614092871330993 -0.28249628353664974 0.022624219237691534 -0.12188559497700452 0.043273270936547023 -0.30129160724084042 0.00040777779667109824 0.0094781149217843096 -0.10619588494635195 -0.26878450641160356 0.28440972362754036 -0.21821485783025721 -0.1855465051363214 0.10472262724912085 -0.11226945070125509 -0.30251237602748632 0.11819726469372085 0.10622507468597063 0.73030701953819233 -0.11476484466081331 -0.026103236886679041 -0.32803881764813381 0.06776229267135761
leaf_weight=25 31 24 31 24 30 49 27 38 33 24 21 34 53 33 336 21 29 22 30 21 54 66 29 52 34 41 75 40 24 29
leaf_count=25 31 24 31 24 30 49 27 38 33 24 21 34 53 33 336 21 29 22 30 21 54 66 29 52 34 41 75 40 24 29
internal_value=0.0013034 0.0015708 0.004 0.00471119 0.00390566 0.00528217 0.014026 0.00343324 -0.00306818 -0.0087931 0.00200608 0.000704698 -0.00396694 -0.00827586 -0.000272021 -0.00978261 0.0038764 0.00604027 0.00330709 0.00680412 0.0114474 0.000330124 -0.00221893 0.000551471 0.00246914 -0.000628272 -0.00572727 0.00621951 0.00253846 -0.00722222
internal_weight=1380 1355 584 553 529 442 76 366 87 57 328 297 120 86 771 45 177 148 126 96 75 726 337 271 242 190 109 81 389 53
internal_count=1380 1355 584 553 529 442 76 366 87 57 328 297 120 86 771 45 177 148 126 96 75 726 337 271 242 190 109 81 389 53
is_linear=0
shrinkage=0.03


Tree=163
num_leaves=31
num_cat=0
split_feature=7 7 14 0 15 0 20 25 8 22 12 7 17 15 16 16 15 19 1 20 20 11 24 25 8 4 14 7 19 12
split_gain=5.30299 10.2188 6.72872 7.30515 9.47662 5.83512 5.43938 5.78949 7.91472 6.74189 11.0136 7.31101 5.24434 8.39037 8.78565 6.33359 14.198 7.95955 6.42039 6.22396 6.16112 5.10779 6.11175 10.0089 4.91295 7.56187 5.59461 6.96203 10.2593 6.33246
threshold=359.50000000000006 363.16666666666669 1728.5000000000002 114.50000000000001 13.500000000000002 123.50000000000001 29.050000000000004 25.850000000000005 214.28571428571431 2.5500000000000003 9.5000000000000018 202.50000000000003 226.90500000000236 84.500000000000014 259.50000000000006 482.00000000000006 1419.5000000000002 -0.026175951569892126 408.50000000000006 12.050000000000002 18.350000000000005 579.50000000000011 -0.35019404643548441 26.750000000000004 228.07142857142858 206.50000000000003 2.5000000000000004 319.50000000000006 0.86159635224327558 26.500000000000004
decision_type=8 10 10 2 10 2 2 2 8 2 10 10 8 10 10 10 10 2 10 2 2 2 2 2 10 10 10 10 2 10
left_child=2 -2 3 4 -1 -5 7 8 9 10 -7 -12 -3 -14 -15 19 18 -18 -17 -16 -19 22 23 -9 25 -10 -26 29 -29 -28
right_child=1 12 -4 5 -6 6 -8 21 24 -11 11 -13 13 14 15 16 17 20 -20 -21 -22 -23 -24 -25 26 -27 27 28 -30 -31
leaf_value=0.0094651433783242561 -0.49196959841394683 -0.23696481562961763 -0.22618270871272328 0.042888844408242761 -0.20048016020056714 0.14679357210014957 -0.24754282663466057 0.15853509369189567 0.0052896900303372263 -0.64518109955453995 -0.00074413823092427827 -0.48757202673192124 0.38020786472230694 -0.27099361347311457 0.34908461984899475 -0.080159185726084839 -0.20685741090262638 0.4470791302075301 -0.44164924130245309 -0.051815490626563869 -0.02484150316892169 -0.015977309734709594 0.22284924992741592 -0.012592536241986066 0.52227535501414024 0.24359182809335436 -0.10301000839796075 0.20838557872588437 -0.0005766363690224807 0.0047262984950594954
leaf_weight=81 23 21 23 25 58 27 32 27 23 34 68 27 24 20 46 33 23 54 31 20 27 20 75 47 24 21 115 80 79 197
leaf_count=81 23 21 23 25 58 27 32 27 23 34 68 27 24 20 46 33 23 54 31 20 27 20 75 47 24 21 115 80 79 197
internal_value=0.000960171 -0.00241486 0.00196494 0.00231857 -0.00407143 0.00328633 0.00287625 0.00332948 0.00211207 -0.00382166 -0.000487805 -0.0053125 -0.0009 0.000215054 -0.00141176 0.000255319 -0.00284024 0.004 -0.0138462 0.0080597 0.00841463 0.00829412 0.0102 0.004 0.00383333 0.0133333 0.00296371 0.00222458 0.0073125 -0.000383387
internal_weight=1405 322 1083 1060 139 921 896 864 695 156 122 95 299 278 254 234 168 104 64 66 81 169 149 74 539 44 495 471 159 312
internal_count=1405 322 1083 1060 139 921 896 864 695 156 122 95 299 278 254 234 168 104 64 66 81 169 149 74 539 44 495 471 159 312
is_linear=0
shrinkage=0.03


Tree=164
num_leaves=31
num_cat=0
split_feature=19 2 12 29 23 12 25 23 28 24 13 17 3 24 6 19 21 25 2 24 11 19 12 23 24 18 27 26 10 27
split_gain=8.15858 7.32474 8.74285 9.04009 7.76057 8.03838 7.89562 7.27979 9.08453 6.4063 13.1972 8.0673 10.895 11.6593 9.10469 8.51329 7.76423 7.06146 6.2272 5.82438 10.4265 5.94519 5.82188 5.4902 5.31868 5.51361 6.60802 5.43939 5.30862 5.03329
threshold=0.52247866957162958 231.50000000000003 2139.5000000000005 0.99611390731392835 10.450000000000001 65.500000000000014 25.950000000000003 18.450000000000003 0.52766072109828632 -0.7933231318270072 124.50000000000001 15242.205000000007 439.50000000000006 0.96359376111369366 252.50000000000003 0.9426055981926128 21.950000000000003 17.550000000000004 199.50000000000003 0.70088257582277247 61.500000000000007 0.21643137258081221 23.500000000000004 14.750000000000002 0.36648727148060622 12.050000000000002 1.9500000000000002 32.150000000000013 205.46500000000003 5.0500000000000007
decision_type=2 10 10 2 2 10 2 2 2 2 10 10 10 2 10 2 2 2 10 2 2 2 10 2 2 2 2 2 10 2
left_child=7 4 3 9 -2 6 18 19 -9 10 -3 12 13 14 -11 -15 -17 -18 22 20 24 -21 28 -13 25 29 -27 -28 -6 -1
right_child=1 2 -4 -5 5 -7 -8 8 -10 11 -12 23 -14 15 -16 16 17 -19 -20 21 -22 -23 -24 -25 -26 26 27 -29 -30 -31
leaf_value=0.11570979696861286 0.082846631127769105 0.31359077229018706 0.33338363098154217 0.75136201601159991 -0.0016697046695826146 -0.10035697350416001 0.23512474380255546 -0.36582552388822925 0.00078506507453695912 0.007143978711939951 -0.091805015765672515 -0.012583707614748788 -0.42839976406337937 0.25169297919852596 -0.10247181696938241 0.14135553319788471 -0.47294486592996349 0.0064488786100193353 0.037737154724241294 0.043996365118471485 -0.32589352775969499 -0.15007578655864279 0.022052304958088485 1.2460392814446739 -0.23227381429389837 -0.13601082277667331 -0.082458562485153375 0.10251756182125124 -0.44101724720984747 -0.011330091833310546
leaf_weight=41 45 55 25 27 38 45 54 72 62 48 26 30 27 51 151 22 33 33 36 150 61 22 27 20 25 47 39 32 22 22
leaf_count=41 45 55 25 27 38 45 54 72 62 48 26 30 27 51 151 22 33 33 36 150 61 22 27 20 25 47 39 32 22 22
internal_value=0.000388769 0.00231618 0.000327869 -0.000515267 0.0063806 0.00403587 0.00691011 -0.00235192 -0.00844444 -0.00144869 0.00621951 -0.00295673 -0.0045082 -0.00300885 -0.00765 0.00364286 -0.00202247 -0.00716418 0.00266129 -0.000477273 -0.00324627 0.00381503 -0.00170455 0.00823529 0 0.00181319 -0.00201681 0.00375 -0.00688525 0.00890625
internal_weight=1388 815 548 523 267 222 177 573 134 496 81 415 365 338 199 139 88 66 123 439 267 172 87 50 206 181 118 71 60 63
internal_count=1388 815 548 523 267 222 177 573 134 496 81 415 365 338 199 139 88 66 123 439 267 172 87 50 206 181 118 71 60 63
is_linear=0
shrinkage=0.03


Tree=165
num_leaves=31
num_cat=0
split_feature=6 5 5 13 23 7 8 9 10 0 23 10 7 17 18 5 1 0 8 11 28 24 8 21 10 10 11 13 19 28
split_gain=8.01801 5.13461 12.8416 11.4114 8.04875 6.84213 8.96927 5.99856 5.96086 4.74534 7.86146 7.22419 6.9989 6.32141 5.71028 5.65175 5.80314 5.63788 9.55528 5.63657 5.94213 8.55853 5.03936 4.95101 4.18307 4.97239 4.21941 5.99884 3.94549 3.60316
threshold=55.165000000000006 159.50000000000003 136.50000000000003 2.5000000000000004 18.350000000000005 141.83333333333334 186.50000000000003 47.090000000000011 129.29000000000005 301.50000000000006 12.65 240.87000000000003 382.66666666666669 437.51000000000187 9.9500000000000011 179.50000000000003 165.50000000000003 332.50000000000006 323.50000000000006 896.50000000000011 0.61237135649459018 0.68832836526074803 345.4285714285715 24.350000000000005 391.53500000000003 367.59500000000008 31.500000000000004 116.00000000000001 -0.64942331933852315 0.9916835347852474
decision_type=8 10 8 10 2 10 10 2 8 2 2 10 10 10 2 10 10 2 10 2 2 2 10 2 10 10 2 10 2 2
left_child=-1 2 3 -2 8 -3 -7 -8 -5 15 11 -11 19 -14 -15 -9 -17 23 -19 20 21 -13 -23 -12 25 26 -20 -28 -4 -18
right_child=1 5 28 4 -6 6 7 9 -10 10 17 12 13 14 -16 16 29 18 24 -21 -22 22 -24 -25 -26 -27 27 -29 -30 -31
leaf_value=-0.40917032664496694 0.062217777826614903 -0.29424504346550207 0.073107460427210419 -0.094890922006605996 -0.2858440053519869 0.027606564211700969 -0.39594079492287676 -0.22585687815833777 0.045657160925803734 0.24180353264707605 0.0016711459657841488 -0.2575351463542927 -0.24746681999661432 0.012794179551375464 0.8240369730996463 -0.26320881472426377 0.012148219848885731 0.58802427825093329 0.088519138138141218 -0.22071711840489569 -0.17712359937178035 0.32409017187326922 0.0044724104772859621 -0.10663004488990167 0.1294990711508214 -0.35254507732987689 -0.46907371630565758 -0.0010423669310262085 0.21482956194858943 0.074596533185423933
leaf_weight=20 63 37 24 44 35 35 31 38 43 34 21 24 24 37 53 22 365 37 23 21 26 27 33 59 48 25 25 37 38 35
leaf_count=20 63 37 24 44 35 35 31 38 43 34 21 24 24 37 53 22 365 37 23 21 26 27 33 59 48 25 25 37 38 35
internal_value=0.00125632 0.00153846 0.00544355 0.00145161 -0.00390244 0.000670841 0.00111008 0.000602294 0.00102273 0.00100493 -0.000864865 0.00267857 0.000853659 0.00626087 0.00989011 0.0032538 0.00425532 -0.00445652 -0.00168367 -0.00386364 -0.00108108 0.00282353 0.00885246 -0.0111111 -0.00490566 -0.00810811 -0.00453488 -0.00857143 0.0171429 0.00508728
internal_weight=1384 1364 247 185 122 1117 1080 1045 87 1014 554 279 245 114 90 460 422 275 195 131 110 84 60 80 158 110 85 62 62 400
internal_count=1384 1364 247 185 122 1117 1080 1045 87 1014 554 279 245 114 90 460 422 275 195 131 110 84 60 80 158 110 85 62 62 400
is_linear=0
shrinkage=0.03


Tree=166
num_leaves=31
num_cat=0
split_feature=17 5 14 4 5 1 9 9 27 13 25 10 11 11 8 6 17 3 6 10 9 25 20 5 5 28 4 0 6 14
split_gain=5.8703 8.37236 6.55207 5.48551 4.94549 4.88931 10.6954 7.89237 6.68881 11.8495 9.15854 8.92625 8.03022 9.06159 6.28897 8.72541 6.73672 6.19203 8.54113 5.96753 6.90946 5.49136 11.4742 10.9505 8.44549 9.07861 8.33092 6.26364 6.0625 6.02364
threshold=39179.060000000005 468.50000000000006 67.500000000000014 411.50000000000006 454.50000000000006 223.50000000000003 94.285000000000011 121.00500000000001 1.0000000180025095e-35 2.5000000000000004 26.050000000000004 223.20500000000004 53.500000000000007 134.50000000000003 207.6428571428572 188.50000000000003 27477.845000000005 154.50000000000003 110.50000000000001 102.65000000000002 48.015000000000008 11.450000000000001 11.450000000000001 291.50000000000006 329.50000000000006 0.3261394409934788 300.50000000000006 365.50000000000006 373.50000000000006 15.500000000000002
decision_type=10 10 10 10 8 8 2 2 2 10 2 8 2 2 10 10 10 10 10 10 2 2 2 10 10 2 10 2 10 10
left_child=1 4 -3 -2 5 6 8 -8 11 19 -11 12 -1 -14 -7 -16 21 18 -12 20 -10 22 24 29 26 27 -17 -26 -27 -23
right_child=3 2 -4 -5 -6 14 7 -9 9 10 17 -13 13 -15 15 16 -18 -19 -20 -21 -22 23 -24 -25 25 28 -28 -29 -30 -31
leaf_value=0.072358637189861949 0.004690636925924991 -0.0072584106190925011 -0.26448238706264787 1.3723155858982818 0.19606652872299604 -0.24411992271593788 0.084880995199070802 -0.0007847817066601692 0.018301424464192449 -0.35175153089564259 0.0089701757423254237 -0.085750025485403253 -0.48173594817411569 0.037008198978929839 0.20922980278750855 -0.14761311082401904 -0.46054499844276248 0.067040784313824417 -0.26433616654051811 0.088552312965219065 -0.30214351154827268 0.015940496485338258 -0.39486577824370556 0.055604923093041235 0.012804148169586256 -0.10460995777056836 0.24305199585686835 -0.19109951442095394 -0.059773930980854567 -0.054748299824703958
leaf_weight=113 30 20 22 23 21 41 47 21 55 83 21 21 20 24 50 23 29 27 20 40 20 47 45 230 32 27 40 39 20 149
leaf_count=113 30 20 22 23 21 41 47 21 55 83 21 21 20 24 50 23 29 27 20 40 20 47 45 230 32 27 40 39 20 149
internal_value=0.000856531 0.000467359 -0.0125581 0.0105556 0.000895865 0.000653696 0.00292398 0.013913 0.00121348 -0.00179775 -0.00730263 0.00569832 0.00816456 -0.00266667 -0.000853816 -0.000204918 -0.00109971 0.000869565 -0.00642857 0.00543103 0.000394737 -0.000459418 -0.00422907 0.00154567 -0.000824176 -0.00554622 0.00796875 0.00125 -0.015625 -0.00365482
internal_weight=1400 1347 42 53 1305 1284 512 68 444 266 151 178 157 44 772 731 681 68 41 115 75 652 226 426 181 118 63 71 47 196
internal_count=1400 1347 42 53 1305 1284 512 68 444 266 151 178 157 44 772 731 681 68 41 115 75 652 226 426 181 118 63 71 47 196
is_linear=0
shrinkage=0.03


Tree=167
num_leaves=31
num_cat=0
split_feature=28 16 2 10 15 2 19 4 1 8 9 13 13 5 0 7 10 28 23 23 24 13 1 0 21 28 21 25 23 14
split_gain=5.71477 6.18148 10.1126 5.45406 13.0933 5.65639 4.74965 10.4857 4.61327 11.796 8.00977 6.21956 6.32381 4.84884 4.82362 6.46564 3.96901 3.833 3.82286 5.56537 3.56781 8.09862 6.44896 7.93623 6.62583 4.78223 4.72467 12.1651 5.05513 6.73884
threshold=-0.99467753128998015 30.500000000000004 90.500000000000014 102.65000000000002 18.500000000000004 177.50000000000003 0.73724926354828246 174.50000000000003 223.50000000000003 203.78571428571431 84.445000000000007 18.500000000000004 44.500000000000007 227.50000000000003 263.50000000000006 196.83333333333334 67.13000000000001 -0.99866806308218525 17.250000000000004 13.65 -0.53727914962411594 124.50000000000001 292.50000000000006 377.50000000000006 35.350000000000001 0.52766072109828632 37.95000000000001 26.250000000000004 15.65 1020.5000000000001
decision_type=2 10 10 10 10 10 2 8 10 10 2 10 10 10 2 10 10 2 2 2 2 10 10 2 2 2 2 2 2 10
left_child=17 6 -3 5 -5 -4 7 16 10 -10 11 18 -13 -14 15 -12 -2 -1 19 -6 21 22 24 25 -11 -24 28 -28 -22 -30
right_child=1 2 3 4 8 -7 -8 -9 9 20 14 12 13 -15 -16 -17 -18 -19 -20 -21 26 -23 23 -25 -26 -27 27 -29 29 -31
leaf_value=0.013618325175810497 0.090615156606631192 -0.25764578045830616 -0.014677289652541673 -0.20851553518116844 0.032085229068562454 0.26476098276164589 0.16754797431765325 -0.24795831878086202 -0.45233717523386685 -0.65246479068522234 0.0021542706649734099 -0.23054427409822495 0.053795719380215698 -0.2648877819796428 0.00077061592445829767 0.10970329734839367 0.031295107103201117 0.087669631535246706 0.073547477222323465 -0.0071910447853133514 -0.00089892863242596371 -0.047091309653577579 0.013765571227071973 0.16787865334149274 0.048087866901630319 0.19805131974328274 0.55760194848662192 -0.051993406728381326 -0.095748603088163117 1.0205365756354343
leaf_weight=22 29 35 23 30 26 28 46 33 20 20 21 34 29 21 26 45 64 21 20 23 352 68 25 32 32 34 51 36 120 20
leaf_count=22 29 35 23 30 26 28 46 33 20 20 21 34 29 21 26 45 64 21 20 23 352 68 25 32 32 34 51 36 120 20
internal_value=0.000951694 0.000602679 -0.000179181 0.000316623 -0.000138122 0.00980769 0.00589595 0.00283465 0.000426136 -0.000665845 0.00402439 -0.000194805 -0.00564706 0.00117647 0.0109677 0.0152239 0.00797872 0.0115909 0.00642857 0.0018 -7.58534e-05 0.00325472 0.00729167 0.0120652 -0.00113208 0.0185 -0.0012931 0.00511364 -0.00243408 -0.00723404
internal_weight=1386 1343 1171 1136 1085 51 172 126 1055 810 245 153 84 50 92 66 93 43 69 49 790 211 143 91 52 59 579 87 492 140
internal_count=1386 1343 1171 1136 1085 51 172 126 1055 810 245 153 84 50 92 66 93 43 69 49 790 211 143 91 52 59 579 87 492 140
is_linear=0
shrinkage=0.03


Tree=168
num_leaves=31
num_cat=0
split_feature=28 16 3 29 10 20 13 6 7 3 6 6 11 19 9 10 18 28 26 2 6 21 15 21 19 12 9 9 12 19
split_gain=6.07982 5.24156 9.133 5.59798 8.83755 5.59283 5.06239 5.0266 11.9148 6.26825 7.74806 10.991 10.1204 9.87356 7.31481 9.85841 6.16737 7.98405 6.67568 6.95833 5.90675 5.89899 5.71643 9.04784 4.96278 6.83649 5.24222 8.63478 5.31587 6.21524
threshold=-0.99467753128998015 11830.500000000002 431.50000000000006 0.97263757644091875 367.59500000000008 12.850000000000003 29.500000000000004 204.50000000000003 141.83333333333334 156.50000000000003 286.50000000000006 262.50000000000006 5.5000000000000009 0.95368063612909459 126.09500000000001 288.96500000000009 10.050000000000002 0.8697513045430848 23.350000000000005 327.50000000000006 179.50000000000003 32.850000000000001 137.50000000000003 34.550000000000004 0.52247866957162958 1.5000000000000002 95.65000000000002 75.375000000000014 17.500000000000004 0.90255091666790854
decision_type=2 8 10 2 10 2 10 10 10 10 10 10 2 2 2 10 2 2 2 10 10 2 10 2 2 10 2 2 10 2
left_child=-1 2 3 7 -5 6 -4 20 -9 -10 11 12 -11 -12 15 22 -15 18 19 -18 24 -20 23 -14 -2 -26 27 28 29 -27
right_child=1 -3 5 4 -6 -7 -8 8 9 10 13 -13 14 16 -16 -17 17 -19 21 -21 -22 -23 -24 -25 25 26 -28 -29 -30 -31
leaf_value=0.04616712260896378 -0.0077260337959572205 0.098792559680561567 -0.22220253519554745 0.23712125253213401 -0.049709067878582404 -0.44704006534563628 0.19305699095395085 -0.47253064421187074 0.073962251465360396 0.082417385947465782 0.018071043248949648 -0.27722668073647866 -0.10435505582235549 -0.13026104731458871 -0.10865483800592983 0.65380925866426987 0.012731408295269944 -0.2481354231933065 0.15386410747208004 -0.11586097639759771 0.12560728211851355 -0.0032349735535717626 -0.23344022719800023 0.28305130888891877 0.17647939570943422 0.016813528517170367 0.065519872049904393 -0.23461700563819787 0.13148629952403623 -0.20210604938889076
leaf_weight=43 167 67 20 35 38 37 31 21 21 31 285 79 34 23 33 23 23 33 35 20 86 32 41 22 24 29 21 21 22 20
leaf_count=43 167 67 20 35 38 37 31 21 21 31 285 79 34 23 33 23 23 33 35 20 86 32 41 22 24 29 21 21 22 20
internal_value=0.00061354 0.000261818 -0.00016055 0.000516393 0.00851351 -0.0094382 -0.00288462 0 -0.00142668 -0.000774457 -0.00125874 -0.00534091 -0.0012973 0.00112832 -0.00448052 -0.000991736 -0.00467066 -0.00229167 0.00162162 -0.0075 0.00276215 0.0075 -0.00520408 0.00105263 0.000786885 0.005 0.00184211 -0.00129032 0.00375 -0.0018
internal_weight=1417 1374 1307 1219 73 88 51 1146 756 735 714 263 184 451 153 120 166 143 110 43 390 67 97 56 304 137 113 92 71 49
internal_count=1417 1374 1307 1219 73 88 51 1146 756 735 714 263 184 451 153 120 166 143 110 43 390 67 97 56 304 137 113 92 71 49
is_linear=0
shrinkage=0.03


Tree=169
num_leaves=31
num_cat=0
split_feature=10 29 25 4 1 3 8 5 15 17 17 16 6 28 6 20 6 13 6 29 28 2 4 12 10 4 16 20 4 5
split_gain=6.74477 8.70871 7.34589 6.16866 8.24594 7.34152 11.4998 8.24129 6.84794 7.13214 8.24977 6.59272 5.54162 5.42843 5.98582 8.77874 6.98138 6.91381 5.95015 5.83059 5.80665 5.47858 7.00706 6.86146 7.14286 6.7366 6.09524 5.17041 5.15985 5.17569
threshold=270.39500000000004 -0.67801649466304881 27.650000000000002 206.50000000000003 327.50000000000006 312.50000000000006 349.9285714285715 313.50000000000006 1419.5000000000002 1212.2650000000019 387.81000000000228 15678.500000000002 358.50000000000006 0.99700008544936913 213.50000000000003 21.050000000000004 230.50000000000003 8.5000000000000018 238.50000000000003 0.93469109537144635 0.97314989601849466 347.50000000000006 227.50000000000003 18.500000000000004 175.19000000000003 199.50000000000003 134.50000000000003 10.350000000000003 368.50000000000006 330.50000000000006
decision_type=8 2 2 8 10 10 10 10 10 10 10 10 10 2 8 2 10 8 10 2 2 10 10 10 10 10 10 2 10 8
left_child=13 2 -2 -3 28 7 -7 -6 9 10 27 -10 -12 14 15 20 17 -16 -18 21 -1 22 25 24 -24 26 -20 -8 29 -5
right_child=1 3 -4 4 5 6 8 -9 11 -11 12 -13 -14 -15 16 -17 18 -19 19 -21 -22 -23 23 -25 -26 -27 -28 -29 -30 -31
leaf_value=0.15341529959768677 -0.33849046116546827 0.095591078122564357 0.013664982701412498 -0.016335408699605123 -0.14656841759732003 -0.088205428527960511 -0.18186373183742546 0.62010030047156361 0.488040021817161 -0.28676256215650764 0.8691920848744541 -0.04807916801633013 0.04960197010122272 0.12424198712867564 0.015871708029931143 0.0083790361166433056 0.30887965888554875 -0.20685392994116256 0.060561109980367712 0.4120723073156759 0.076379475541576189 -0.037475490737033962 0.0062804662152507263 0.061575964799149854 -0.88425960407949589 -0.25748327981772179 -0.4401830966025474 0.042573068194677433 0.011785984688380609 -0.17518786825425364
leaf_weight=42 65 36 30 60 25 39 25 27 50 37 24 34 49 34 21 290 22 42 20 26 24 68 35 142 27 25 20 20 29 34
leaf_count=42 65 36 30 60 25 39 25 27 50 37 24 34 49 34 21 290 22 42 20 26 24 68 35 142 27 25 20 20 29 34
internal_value=0.000421644 -0.00205128 -0.0103125 -0.000428571 -0.00138767 0.00108761 -0.000860215 0.0113208 0.001625 -0.00211538 0.00151261 0.00847059 0.0077027 0.00214541 0.00163975 0.00453782 -0.000668151 -0.00984375 0.000854922 -8.24176e-05 0.0143284 -0.00115385 0.000777778 0.0035122 -0.0047619 -0.00772727 0 -0.00847826 -0.00798387 -0.0113684
internal_weight=1422 584 95 489 453 330 278 52 239 155 118 84 73 838 804 356 448 63 385 363 66 337 269 204 62 65 40 45 123 94
internal_count=1422 584 95 489 453 330 278 52 239 155 118 84 73 838 804 356 448 63 385 363 66 337 269 204 62 65 40 45 123 94
is_linear=0
shrinkage=0.03


Tree=170
num_leaves=31
num_cat=0
split_feature=0 19 14 25 18 6 0 28 25 18 23 25 26 10 28 28 10 28 7 16 15 27 5 21 21 2 18 9 26 5
split_gain=7.5423 6.51706 12.3549 6.55212 7.11404 7.52987 6.48896 6.53068 6.79682 6.71075 10.2806 6.27936 6.1377 5.76537 5.7244 5.34959 5.10342 7.27675 5.89926 5.8173 10.4838 9.98302 9.71996 6.47456 5.43062 5.09524 4.64364 4.63556 5.64811 6.55254
threshold=329.50000000000006 0.72534675097891099 2.5000000000000004 14.15 9.4500000000000011 357.50000000000006 320.50000000000006 0.97508442350096236 19.750000000000004 10.65 13.15 23.750000000000004 18.750000000000004 255.44500000000002 0.87397152483179585 0.43733377705052551 123.99500000000002 -0.62588817255938378 105.16666666666667 301.50000000000006 50.500000000000007 1.1500000000000001 247.50000000000003 32.350000000000001 34.050000000000004 286.50000000000006 15.850000000000003 158.64000000000001 29.950000000000003 370.50000000000006
decision_type=2 2 10 2 2 10 2 2 2 2 2 2 2 10 2 2 8 2 10 10 10 2 10 2 2 10 2 2 2 10
left_child=1 3 -3 -1 -5 16 7 9 -9 -4 11 15 -2 14 -12 -11 17 18 -6 20 23 22 -21 -18 -25 -17 -19 28 -14 -30
right_child=12 2 6 4 5 -7 -8 8 -10 10 13 -13 27 -15 -16 25 19 26 -20 21 -22 -23 -24 24 -26 -27 -28 -29 29 -31
leaf_value=-0.3918784990877634 -0.58935300772528698 0.18457451778933062 -0.14432568212291755 0.080105021524318962 0.012492214769418978 0.25027390561204016 0.10830925680272571 0.0025076673367851752 0.19993897728592686 0.46665102324335861 -0.0064100395473943193 -0.12596722676017058 -0.33372695402221719 0.013068688969290178 -0.14474375249588647 0.24804329349843782 -0.24792313937387891 0.0030688161752295429 -0.31109482170350644 0.032665521252353925 -0.55909430289546225 0.26308095164656919 -0.30607477897171464 0.098944971838716034 -0.1914862027901168 -0.059300790058727557 0.074289192747280172 0.0050585559943954195 -0.051621163884737482 0.37173232862332267
leaf_weight=35 27 65 27 54 24 25 22 31 29 40 93 20 36 58 36 21 36 48 29 33 35 22 44 30 24 20 44 295 68 23
leaf_count=35 27 65 27 54 24 25 22 31 29 40 93 20 36 58 36 21 36 48 29 33 35 22 44 30 24 20 44 295 68 23
internal_value=0.000731183 0.00225159 0.00479482 -0.00018595 0.000801782 -0.000607595 0.00278894 0.00183511 0.0108197 9.49367e-05 0.00145329 0.00911765 -0.00246667 -0.00271277 -0.00623077 0.0128049 -0.0017027 0.00267123 -0.00611111 -0.00453333 -0.00880952 0.0009 -0.00423077 -0.0032967 0.00327273 0.005 0.00774194 -0.00156028 -0.00632812 -0.00228261
internal_weight=1394 945 462 483 448 394 397 375 60 315 288 101 449 187 129 81 369 145 53 224 125 99 77 90 54 41 92 422 127 91
internal_count=1394 945 462 483 448 394 397 375 60 315 288 101 449 187 129 81 369 145 53 224 125 99 77 90 54 41 92 422 127 91
is_linear=0
shrinkage=0.03


Tree=171
num_leaves=31
num_cat=0
split_feature=17 16 0 21 26 15 19 0 3 4 15 26 21 21 3 25 16 11 26 18 29 12 16 14 4 13 20 0 26 18
split_gain=5.91487 6.28383 6.36695 14.3128 13.9107 6.61724 6.16676 8.10255 6.66552 6.04758 5.37723 6.06755 7.04544 6.7812 6.44759 6.19668 8.99048 6.07373 5.9614 9.04631 6.39216 6.08074 5.77767 5.28381 6.64561 8.18395 9.32264 6.55678 8.525 5.05108
threshold=820.92500000000007 398.50000000000006 324.50000000000006 34.750000000000007 37.650000000000013 888.50000000000011 -0.5806808443217597 454.50000000000006 313.50000000000006 318.50000000000006 182.50000000000003 33.250000000000007 19.650000000000002 34.150000000000013 126.50000000000001 8.4500000000000011 264.50000000000006 16.500000000000004 35.150000000000013 14.15 -0.97111920233974802 32.500000000000007 173.50000000000003 39.500000000000007 309.50000000000006 17.500000000000004 14.450000000000001 313.50000000000006 22.550000000000004 9.7500000000000018
decision_type=10 10 2 2 2 10 2 2 10 10 10 2 2 2 10 2 10 2 2 2 2 10 8 8 10 10 2 2 2 2
left_child=10 -2 3 5 -5 -3 -4 8 -8 -10 11 12 17 -13 -15 16 -14 -1 -16 -20 -21 -22 -19 24 25 29 -27 -25 -29 -17
right_child=1 2 6 4 -6 -7 7 -9 9 -11 -12 13 15 14 18 23 -18 22 19 20 21 -23 -24 27 -26 26 -28 28 -30 -31
leaf_value=-0.022785968231938226 -0.07967350514843588 0.16017153168776729 -0.18407226794331108 -0.3461840906838603 0.017945028242385204 0.01038954789226551 0.038697670962498022 0.54148360324397915 -0.29593391127468632 -0.023507945358984442 0.49566881097251581 0.17285304881528163 -0.4000803063285403 -0.040257151062088992 -0.04514756544401223 0.081597781624835969 0.22847719991877283 0.0087646805644340017 0.12679015374743727 -0.29486922822019834 -0.012689733965562481 0.36517575746077224 0.76557173837994763 -0.31128181400902294 0.13863122705357966 0.0053237854215345236 -0.73507639387466384 -0.57961122083202099 0.067302791807608744 0.00046420984611557966
leaf_weight=37 43 32 38 45 92 36 35 39 21 91 31 93 24 22 34 32 20 21 33 23 35 23 22 42 73 27 37 21 39 219
leaf_count=37 43 32 38 45 92 36 35 39 21 91 31 93 24 22 34 32 20 21 33 23 35 23 22 42 73 27 37 21 39 219
internal_value=0.000564808 -0.00215645 -0.00104651 0.00276699 -0.00282609 0.013913 -0.00453333 -0.00224599 -0.00547297 -0.00902655 0.0019802 0.00153759 -9.7561e-05 0.00534091 0.00175439 -0.00134579 -0.012 0.00814815 0.00402685 0.00730435 0.00182927 0.00711864 0.0156818 -0.000366599 0.00123393 -0.000664557 -0.0101538 -0.00640777 0 0.00178571
internal_weight=1380 472 429 205 137 68 224 186 147 112 908 877 614 263 170 534 44 80 148 114 81 58 43 490 388 315 64 102 60 251
internal_count=1380 472 429 205 137 68 224 186 147 112 908 877 614 263 170 534 44 80 148 114 81 58 43 490 388 315 64 102 60 251
is_linear=0
shrinkage=0.03


Tree=172
num_leaves=31
num_cat=0
split_feature=23 6 8 5 21 11 24 2 19 14 14 26 1 2 25 20 23 10 11 3 10 9 2 23 26 18 25 24 8 8
split_gain=8.92069 6.76032 6.15498 8.38493 8.78625 8.27195 6.60687 7.59429 5.3333 9.84403 10.0411 7.17222 5.88629 6.65598 5.08448 12.263 7.02635 6.4735 5.54238 5.67823 5.48278 5.64821 7.39786 8.76726 9.46158 8.64916 6.63316 6.35464 6.86147 6.17797
threshold=8.6500000000000004 55.165000000000006 326.35714285714295 371.50000000000006 22.950000000000003 1997.5000000000002 0.96359376111369366 382.50000000000006 0.98897820466835418 48.500000000000007 80.500000000000014 20.650000000000002 449.50000000000006 382.50000000000006 26.050000000000004 25.250000000000004 18.550000000000004 380.02000000000004 1.5000000000000002 126.50000000000001 308.78000000000003 51.455000000000005 300.50000000000006 13.350000000000003 30.050000000000004 10.850000000000003 19.850000000000005 0.81408451933196979 228.07142857142858 311.57142857142861
decision_type=2 8 10 10 2 2 2 10 2 10 10 2 10 10 2 2 2 8 2 10 10 2 10 2 2 2 2 2 10 10
left_child=-1 -2 14 4 6 8 7 -4 9 11 -11 -5 13 -12 15 17 -17 20 -16 -20 21 -3 23 25 -25 -23 -27 28 -26 -24
right_child=1 2 3 5 -6 -7 -8 -9 -10 10 12 -13 -14 -15 18 16 -18 -19 19 -21 -22 22 29 24 27 26 -28 -29 -30 -31
leaf_value=0.34570052184795558 -0.36026634079980341 0.060880708396282013 -0.18558772996826292 -0.079279118931600862 -0.11733462416434746 0.7300210424663186 0.10922255645273765 0.19420567880450618 -0.19840039059211106 -0.33713222062687731 -0.046468690690133485 0.45454592358379753 -0.14316760685053651 0.44975896667840459 0.047314866892856453 -0.043001419037016431 -0.68968088376357706 -0.18012272266780568 -0.010065203492643846 0.018794580339939273 0.31348448859241129 -0.041042621731927513 0.051098346287824371 -0.44010618121318612 0.26620685768455105 0.011879065828544526 0.21892812158451533 -0.018822361510373468 -0.19613246015053021 -0.037334847075393751
leaf_weight=66 23 63 29 28 129 27 23 20 29 24 35 40 22 29 49 106 29 20 38 166 48 32 58 58 20 58 28 61 21 22
leaf_count=66 23 63 29 28 129 27 23 20 29 24 35 40 22 29 49 106 29 20 38 166 48 32 58 58 20 58 28 61 21 22
internal_value=6.4194e-05 -0.000471557 -0.000182788 -0.00309633 -0.00757426 0.000765957 0.000821918 -0.0054 -0.00129808 0.000670391 -0.00486486 0.00956522 0 0.00461538 0.00126424 -0.000192 -0.00816176 0.00202041 0.00484252 0.00263415 0.00274468 0.00163507 0.000167131 -0.00215054 -0.00670807 0.00403361 0.00896552 -0.00116505 0.00785714 0.00814815
internal_weight=1401 1335 1312 435 201 234 72 49 207 178 110 68 86 64 877 624 135 489 253 204 469 421 358 278 160 118 86 102 41 80
internal_count=1401 1335 1312 435 201 234 72 49 207 178 110 68 86 64 877 624 135 489 253 204 469 421 358 278 160 118 86 102 41 80
is_linear=0
shrinkage=0.03


Tree=173
num_leaves=31
num_cat=0
split_feature=20 22 10 26 22 29 11 8 3 8 13 21 14 27 24 27 19 27 13 5 20 24 24 10 19 26 8 10 10 20
split_gain=5.06161 6.70795 4.55387 5.39695 5.32714 4.30127 3.88438 3.76267 9.65733 4.64302 6.54422 10.0892 9.89277 6.34713 6.72284 5.91343 7.27273 5.70073 4.57014 4.99134 3.45866 10.4293 8.67545 6.02969 6.25557 7.8781 5.94163 5.89305 9.42503 6.02967
threshold=27.450000000000003 1.0000000180025095e-35 181.81500000000003 41.45000000000001 18.600000000000005 -0.96687281075841669 56.500000000000007 321.71428571428572 315.50000000000006 165.28571428571431 41.500000000000007 31.350000000000005 162.50000000000003 6.3500000000000005 0.90255091666790854 3.1500000000000008 -0.7603770116708749 1.0000000180025095e-35 2.5000000000000004 126.50000000000001 11.450000000000001 0.99687937417578498 -0.96811077628253217 191.01000000000002 -0.68832836526074781 25.550000000000004 433.78571428571433 225.26500000000001 212.38500000000002 17.350000000000005
decision_type=2 2 8 2 2 2 2 10 8 10 10 2 10 2 2 2 2 2 10 10 2 2 2 8 2 2 10 8 10 2
left_child=2 6 4 20 7 -3 -2 8 9 13 11 17 -12 14 18 16 -13 -11 -1 -20 21 22 -4 -22 -25 -26 27 28 -27 -29
right_child=1 5 3 -5 -6 -7 -8 -9 -10 10 12 15 -14 -15 -16 -17 -18 -19 19 -21 23 -23 -24 24 25 26 -28 29 -30 -31
leaf_value=0.22629504066648834 0.063406342904499979 -0.54789809652317301 0.58757967011743173 0.18001868069285051 -0.20411240388273783 -0.17004841020875808 -0.055713241910544581 -0.0087890032216654378 0.23601350495925713 -0.009274353330573604 0.30357834124283328 -0.23956220353013349 -0.031714344955286293 -0.068950614782345099 -0.0014342224343630505 0.16056679978663382 0.04201303150655647 -0.41390981731246484 -0.035947103305577884 0.21761401874577244 -0.061533631427525673 0.26210361797998188 -0.014442617423151774 0.030854244447070051 -0.25695248792683345 -0.093775017084047646 0.88377069077973258 0.013851758759032577 0.097363664717790926 -0.035695668223865766
leaf_weight=36 26 23 20 36 30 34 31 29 28 41 25 21 22 35 28 26 32 33 20 21 31 27 201 126 53 42 28 57 31 198
leaf_count=36 26 23 20 36 30 34 31 29 28 41 25 21 22 35 28 26 32 33 20 21 31 27 201 126 53 42 28 57 31 198
internal_value=-0.00075431 -0.00678261 -0.000211268 -0.00148061 0.00231308 -0.0139655 0.000517241 0.00324121 0.00406504 0.0026393 -0.000298507 -0.00331169 0.009375 0.00680851 0.0104717 0.004125 -0.00166667 -0.0112 0.015 0.00785714 -0.00198773 0.000963855 -0.00121622 -0.00328042 -0.00251866 -0.00431707 -0.00268908 -0.00382979 0.00364865 -0.00597656
internal_weight=1391 114 1277 850 427 57 57 397 368 340 200 153 47 140 105 79 53 74 77 41 814 248 221 566 535 409 356 328 73 255
internal_count=1391 114 1277 850 427 57 57 397 368 340 200 153 47 140 105 79 53 74 77 41 814 248 221 566 535 409 356 328 73 255
is_linear=0
shrinkage=0.03


Tree=174
num_leaves=31
num_cat=0
split_feature=21 26 11 12 13 20 26 4 2 1 7 2 1 8 11 15 20 23 28 26 17 23 3 21 12 26 2 11 24 29
split_gain=6.40056 8.90183 5.43888 6.20952 5.08069 5.01249 8.10246 7.70438 7.27944 5.14554 8.97029 4.7574 6.35765 6.66206 7.94746 13.3965 9.39396 8.21364 6.67227 6.53369 6.25544 8.96182 6.83448 9.2716 5.04249 4.57143 5.83023 4.54592 4.1792 5.64831
threshold=18.550000000000004 18.750000000000004 55.500000000000007 86.500000000000014 31.500000000000004 28.850000000000005 35.45000000000001 145.00000000000003 232.50000000000003 390.50000000000006 359.83333333333343 358.50000000000006 315.50000000000006 199.85714285714289 15.500000000000002 13.500000000000002 25.350000000000005 16.850000000000005 -0.93545489084327571 32.550000000000004 9.814999999999932 10.550000000000002 309.50000000000006 33.250000000000007 7.5000000000000009 31.950000000000003 108.50000000000001 32.500000000000007 -0.95368063612909437 -0.6652727025667432
decision_type=2 2 2 10 10 2 2 10 10 10 10 10 10 10 2 10 2 2 2 2 10 2 10 2 10 2 10 2 2 2
left_child=-1 -2 3 5 -4 6 9 -8 -9 10 11 12 13 14 15 16 -3 24 -15 25 -20 -22 23 27 -17 26 -18 -23 -6 -30
right_child=1 2 4 -5 28 -7 7 8 -10 -11 -12 -13 -14 18 -16 17 19 -19 20 -21 21 22 -24 -25 -26 -27 -28 -29 29 -31
leaf_value=0.40928428867860361 -0.57066121682162307 0.13651581928810527 -0.10897111107517901 0.25004096841116874 -0.083188319277035988 -0.4765027445518622 -0.0023881063811280966 0.20325178407792791 0.011074544665697203 0.13553126472063212 -0.28061078773051573 -0.094032128250112798 0.13980746934695162 -0.48911032658138226 0.08114338755191923 -0.18159863909458437 -0.24275590749343037 -0.35975185576579383 -0.16964051973963448 0.072362831795501417 0.13868890072992784 -0.41825571884181045 0.0736363843583797 0.028981564451035523 0.0580362421337648 -0.27614270160596427 0.047639053276376159 -0.002670369510207138 -0.08063306945730972 0.0048601848259740166
leaf_weight=37 23 40 55 23 36 22 20 42 62 56 29 25 57 24 40 21 22 28 21 51 28 57 33 27 22 20 20 23 84 344
leaf_count=37 23 40 55 23 36 22 20 42 62 56 29 25 57 24 40 21 22 28 21 51 28 57 33 27 22 20 20 23 84 344
internal_value=-0.000301508 -0.000641593 -0.000315079 0.00121622 -0.00271154 0.000758534 0.00117035 0.00816 0.0114286 -0.000186047 -0.00101868 -0.000160714 0.000448598 -0.000690377 0.00249057 0.000266667 0.00525974 -0.0104167 -0.00462617 0.000789474 -0.00268421 -0.000710059 -0.00382979 -0.0075 -0.00204545 -0.00571429 0 -0.0125926 -0.00167742 -0.000839161
internal_weight=1392 1355 1332 813 519 790 768 124 104 644 588 559 534 477 264 224 153 71 213 113 189 168 140 107 43 62 42 80 464 428
internal_count=1392 1355 1332 813 519 790 768 124 104 644 588 559 534 477 264 224 153 71 213 113 189 168 140 107 43 62 42 80 464 428
is_linear=0
shrinkage=0.03


Tree=175
num_leaves=31
num_cat=0
split_feature=8 23 23 2 23 8 19 19 10 13 0 7 15 19 13 21 16 16 21 14 0 26 19 10 11 28 3 7 4 7
split_gain=6.8771 7.3732 10.0961 7.14227 6.60617 6.56244 6.56122 7.34814 7.11141 6.06663 7.11479 6.348 8.1446 7.89622 8.47738 6.55227 6.4436 6.69324 6.57143 5.96281 8.02435 6.04569 5.64693 5.49356 7.46089 8.76139 7.14641 8.22237 7.49951 7.79629
threshold=326.35714285714295 12.950000000000001 13.750000000000002 342.50000000000006 11.550000000000002 328.57142857142861 -0.87032255546191706 0.80382625221112025 172.99000000000004 16.500000000000004 307.50000000000006 503.00000000000006 268.50000000000006 0.98321746822993605 157.50000000000003 28.750000000000004 346.50000000000006 193.50000000000003 21.650000000000002 2.5000000000000004 95.500000000000014 30.050000000000004 0.9426055981926128 118.25500000000001 18.500000000000004 0.39036257410962044 183.50000000000003 204.83333333333334 274.50000000000006 232.83333333333334
decision_type=8 2 2 10 2 10 2 2 8 10 2 10 10 2 10 2 10 10 2 10 2 2 2 10 2 2 10 10 10 10
left_child=1 4 -3 19 6 -2 -1 -8 -9 22 -11 12 16 14 -14 -16 17 -12 -19 -4 -21 -22 -7 -23 25 -25 -26 -28 29 -29
right_child=5 2 3 -5 -6 9 7 8 -10 10 11 -13 13 -15 15 -17 -18 18 -20 20 21 23 -24 24 26 -27 27 28 -30 -31
leaf_value=0.063436173741460919 -0.13873131848202006 -0.084373464384958366 0.063538156722279096 0.21643917643178412 0.094059087284592807 -0.011288965505667931 -0.10071040721398304 0.21979674815027805 -0.00021101916103560825 0.14954726555716122 0.20038438032476336 0.80608792809921759 -1.0821014479350999 0.055398641634047292 0.0020186054995494371 -0.080253713180506447 0.16960532481627269 -0.44736495051201075 -0.003317393883602335 -0.23363007960244581 -0.12179554925207582 0.052112170660574643 -0.19707571765728402 -0.30921795398249541 0.049372164954708635 0.0031410609475463502 -0.4203597527520529 0.20585131854930466 0.067464903661548017 -0.013103351625132972
leaf_weight=38 22 62 88 35 87 21 71 30 66 53 34 22 20 32 54 65 74 27 35 41 79 36 21 36 48 30 20 20 46 74
leaf_count=38 22 62 88 35 87 21 71 30 66 53 34 22 20 32 54 65 74 27 35 41 79 36 21 36 48 30 20 20 46 74
internal_value=0.00028098 0.00181718 -4.87013e-05 0.00124549 0.00573379 -0.00261954 0.00276699 0.000178571 0.00556701 -0.00183007 -0.000719424 -0.00222527 -0.00324561 -0.00784884 -0.0109286 -0.00775 0.00140351 -0.00371134 -0.00952381 0.000346821 -0.00111369 0.000230769 -0.0125581 0.00212219 0.000654545 -0.0080597 0.00344498 0.000372671 0.00297872 -0.00189474
internal_weight=1387 907 615 553 292 480 205 167 96 458 416 363 341 171 139 119 170 96 62 518 430 389 42 310 274 66 208 160 140 94
internal_count=1387 907 615 553 292 480 205 167 96 458 416 363 341 171 139 119 170 96 62 518 430 389 42 310 274 66 208 160 140 94
is_linear=0
shrinkage=0.03


Tree=176
num_leaves=31
num_cat=0
split_feature=8 23 6 4 29 28 6 18 6 3 23 4 25 2 23 1 6 5 5 1 8 15 27 25 23 12 23 14 14 2
split_gain=8.04732 9.04444 8.24094 8.09247 6.46399 9.67689 8.14231 5.84467 5.38006 6.27309 8.77195 6.23594 5.32652 4.88939 6.29194 4.82963 4.6437 4.39699 4.78628 6.03973 4.75718 7.59832 5.39057 5.36074 5.13706 6.00389 5.81168 5.50737 8.88318 5.95851
threshold=336.71428571428572 9.7500000000000018 354.50000000000006 378.50000000000006 0.57605713708605399 0.91596454896554913 345.50000000000006 10.050000000000002 55.165000000000006 116.50000000000001 18.050000000000004 126.50000000000001 26.150000000000002 333.50000000000006 13.950000000000001 379.50000000000006 398.50000000000006 108.50000000000001 159.50000000000003 183.50000000000003 212.07142857142858 8.5000000000000018 2.7500000000000004 25.850000000000005 20.550000000000004 7.5000000000000009 12.350000000000003 8.5000000000000018 16.500000000000004 337.50000000000006
decision_type=10 2 10 10 2 2 10 2 10 10 2 10 2 10 2 10 10 10 10 10 10 10 2 2 2 10 2 10 10 10
left_child=3 2 -2 8 5 16 15 -4 -1 10 11 12 -10 -8 -15 -6 -3 -11 -19 -20 23 -22 24 -21 25 -23 -27 -28 -29 -30
right_child=1 4 7 -5 6 -7 13 -9 9 17 -12 -13 -14 14 -16 -17 -18 18 19 20 21 22 -24 -25 -26 26 27 28 29 -31
leaf_value=-0.24072745748100458 -0.20891700219949483 -0.26612307881290803 0.0018297954764511814 0.35381630687667209 -0.0080478900106245987 0.28653448015942984 0.0161677708381751 0.8447690367365408 0.0016509340827595054 -0.14508415798299637 -0.20087191812259519 0.16304168048464929 0.083246254609354753 -0.25754469260495627 0.0044280261087308757 0.5001366773976571 -0.035091612162357247 0.05042570753004625 -0.02792626095060555 0.00436628359659835 -0.19743344329533941 0.022916372604482687 -0.25567367081333442 0.23546248671003639 0.036809758252309026 0.01465844403926269 -0.12181333878452733 0.097799224630662138 -0.058614776021243244 0.083488101673849249
leaf_weight=27 22 54 31 29 22 22 29 34 47 31 23 25 32 84 50 27 22 100 120 32 20 40 36 22 66 134 21 22 140 30
leaf_count=27 22 54 31 29 22 22 29 34 47 31 23 25 32 84 50 27 22 100 120 32 20 40 36 22 66 134 21 22 140 30
internal_value=0.000215054 -0.00339196 0.00511364 0.00165331 -0.00578778 -0.0121212 -0.0028169 0.0104545 0.00117647 0.00156051 0.00773437 0.0114286 0.007125 -0.00603659 -0.00844444 0.0078 -0.0171429 0.000588957 0.00103316 0.000131579 0.00143617 0.000529412 0.00128571 0.00981818 0.00218062 0.000850515 -0.000431034 -0.00350467 -0.00186528 -0.00421053
internal_weight=1394 397 87 997 310 98 212 65 968 941 127 104 79 163 134 49 76 814 783 683 563 509 489 54 453 387 347 213 192 170
internal_count=1394 397 87 997 310 98 212 65 968 941 127 104 79 163 134 49 76 814 783 683 563 509 489 54 453 387 347 213 192 170
is_linear=0
shrinkage=0.03


Tree=177
num_leaves=31
num_cat=0
split_feature=4 23 9 23 27 6 9 24 26 10 13 24 10 29 10 1 2 26 26 20 18 21 11 26 21 3 26 19 23 6
split_gain=10.0665 6.23936 6.02381 5.50632 5.00714 5.92697 8.12077 7.13333 5.82868 9.44982 5.1678 4.84752 6.45051 7.20117 4.79334 4.67741 6.61689 8.67291 3.90871 12.3779 6.55138 4.81427 7.72802 5.93377 8.80868 6.00076 5.73013 8.76807 5.49743 6.69418
threshold=189.50000000000003 25.000000000000004 47.090000000000011 22.050000000000004 0.65000000000000002 88.500000000000014 51.455000000000005 0.81408451933196979 32.550000000000004 122.20500000000003 2.5000000000000004 0.99687937417578498 184.99500000000003 0.91159213926341531 170.13000000000002 163.50000000000003 191.50000000000003 35.45000000000001 22.550000000000004 8.0500000000000025 15.450000000000001 41.050000000000004 225.50000000000003 38.750000000000007 36.650000000000013 261.50000000000006 34.050000000000004 0.30069434954884205 16.050000000000004 268.50000000000006
decision_type=8 2 2 2 2 10 2 2 2 10 10 2 10 2 10 10 10 2 2 2 2 2 2 2 2 10 2 2 2 10
left_child=3 2 -2 4 5 -1 -7 -8 10 -10 -6 15 -13 -14 -9 -4 17 -17 19 -18 -21 23 -23 24 26 -26 28 -28 29 -20
right_child=1 -3 11 -5 8 6 7 14 9 -11 -12 12 13 -15 -16 16 18 -19 21 20 -22 22 -24 -25 25 -27 27 -29 -30 -31
leaf_value=-0.12685136516715453 -0.51851946153548112 0.10157537107903281 -0.24614842176831786 -0.20730480309979896 0.014295241815447069 0.1043014436989074 0.21390672290794027 -0.009346585656765001 0.1835067297215201 -0.13983509454536502 -0.20632743911226653 0.17839632070634323 -0.044618170692259582 0.27541769737801358 0.012336117523227016 -0.0011270269464620241 0.01568273771302927 0.92796766256371255 -0.017131912651792192 -0.15127275076137606 -0.007606504448019677 0.00038842928476526592 -0.17883908648440752 0.083913996276539254 0.012187212622960714 -0.47786220670650703 0.19915626111936405 -0.0020105232397992267 -0.074486387391365261 0.012476329435895933
leaf_weight=22 37 28 35 32 51 42 44 20 40 23 50 20 45 21 45 35 85 21 58 65 35 25 21 64 21 42 25 37 89 222
leaf_count=22 37 28 35 32 51 42 44 20 40 23 50 20 45 21 45 35 85 21 58 65 35 25 21 64 21 42 25 37 89 222
internal_value=0.000214133 -0.00130814 -0.00170319 0.00445946 0.00559172 0.00913793 0.01125 0.00681818 0.00181818 0.00890625 -0.00264706 -0.00124095 0.00551724 0.000895522 0.000454545 -0.00190692 -0.0014539 0.00842105 -0.00216456 -0.00596774 -0.0130693 -0.000991736 -0.0102128 -0.000214669 -0.00133333 -0.0117188 0.000208333 0.00857143 -0.00121622 0.000854093
internal_weight=1400 1031 1003 369 337 173 151 109 164 63 101 966 86 66 65 880 845 56 789 185 100 604 46 558 494 63 431 62 369 280
internal_count=1400 1031 1003 369 337 173 151 109 164 63 101 966 86 66 65 880 845 56 789 185 100 604 46 558 494 63 431 62 369 280
is_linear=0
shrinkage=0.03


Tree=178
num_leaves=31
num_cat=0
split_feature=10 29 9 24 5 1 26 24 2 20 5 13 10 2 8 29 21 7 6 5 20 14 29 19 15 16 18 24 29 27
split_gain=6.64189 5.40071 13.5091 7.42397 9.66694 9.88294 5.44378 5.31889 7.96006 6.74465 6.18969 7.16226 8.72177 6.68639 6.65437 7.83539 6.63594 6.17914 5.30089 6.61537 9.41678 9.52729 7.71196 5.04164 4.95673 4.83463 4.54134 8.35193 7.0227 5.0842
threshold=227.22500000000002 -0.62587551141915865 82.345000000000013 0.99353402350479769 296.50000000000006 358.50000000000006 41.650000000000013 -0.92384435400961373 328.50000000000006 22.550000000000004 291.50000000000006 1.5000000000000002 80.135000000000005 111.50000000000001 135.50000000000003 -0.85225707553516283 25.850000000000005 331.83333333333343 156.50000000000003 259.50000000000006 18.950000000000003 65.500000000000014 -0.77243990499604276 -0.83385407025023273 94.500000000000014 20860.000000000004 10.050000000000002 -0.81408451933196946 0.86004965528756494 1.0000000180025095e-35
decision_type=8 2 2 2 8 10 2 2 10 2 8 10 10 10 10 2 2 10 10 10 2 10 2 2 10 10 2 2 2 2
left_child=7 6 -3 25 -5 -6 -2 9 10 -1 11 14 -13 -14 -9 -16 -12 24 -15 20 -20 -22 -23 -11 -10 26 29 28 -28 -4
right_child=1 2 3 4 5 -7 -8 8 17 23 16 12 13 18 15 -17 -18 -19 19 -21 21 22 -24 -25 -26 -27 27 -29 -30 -31
leaf_value=0.044919052099182011 -0.21927314957420413 0.29987351103064352 -0.030852028780373644 1.0019732370583099 -0.1527590411953986 0.46550802031251859 0.16807192968346157 0.21054293938435342 -0.27153653493580876 -0.17797676959574943 -0.000741369394563236 -0.11063179442996755 0.13954233030592264 -0.059984170193301052 0.2841649628365735 -0.051133956400434923 0.17186748775501726 0.0078849633112952223 -0.049113877219739949 -0.074455784673617409 0.24745741303637231 -0.2505074285528579 0.038935631133488614 -0.20492358024753968 -0.01696842045942077 0.31627452519112864 0.0003767764062217793 -0.017379496585919581 1.1784105290259574 -0.25558365775228992
leaf_weight=25 134 20 86 28 22 26 23 34 24 29 30 36 33 47 21 34 62 35 49 36 45 20 20 32 24 22 47 287 22 23
leaf_count=25 134 20 86 28 22 26 23 34 24 29 30 36 33 47 21 34 62 35 49 36 45 20 20 32 24 22 47 287 22 23
internal_value=-0.000174292 -0.00210526 -0.000770548 -0.00164894 0.00701299 -0.00122449 -0.00702532 0.00207221 0.00315789 -0.00482759 0.00467949 0.00295213 0.000627178 0.00262948 0.0103333 0.00375 0.0116129 -0.00535714 0.000688073 0.00315789 0.00622222 0.0122093 0.00146341 -0.0101613 -0.0122449 -0.0030123 -0.00366953 -0.00201681 0.00728571 -0.009
internal_weight=1376 740 583 563 76 48 157 636 550 86 467 375 286 250 89 55 92 83 217 170 134 85 40 61 48 487 465 356 69 109
internal_count=1376 740 583 563 76 48 157 636 550 86 467 375 286 250 89 55 92 83 217 170 134 85 40 61 48 487 465 356 69 109
is_linear=0
shrinkage=0.03


Tree=179
num_leaves=31
num_cat=0
split_feature=26 18 19 29 18 23 24 23 0 0 24 15 24 6 5 12 8 5 5 9 9 18 18 18 25 25 10 18 10 27
split_gain=6.08438 5.6355 4.94751 5.17693 4.11507 4.3797 13.7217 6.4775 6.21651 14.6172 6.49414 5.5716 5.49462 6.41679 7.31675 4.86746 4.69346 8.591 4.99302 8.56839 8.29206 7.29475 5.95961 9.34596 8.1821 7.98158 8.55153 6.68025 5.41217 5.12274
threshold=41.550000000000004 16.850000000000005 -0.99353402350479758 -0.99273797715557011 25.300000000000004 17.850000000000005 -0.90255091666790832 17.550000000000004 328.50000000000006 254.50000000000003 0.85260769842926931 250.50000000000003 -0.6755644832106783 108.50000000000001 204.50000000000003 35.500000000000007 109.78571428571429 108.50000000000001 154.50000000000003 56.415000000000013 66.210000000000022 14.750000000000002 11.750000000000002 10.050000000000002 11.350000000000003 13.950000000000001 380.02000000000004 9.3500000000000032 118.25500000000001 0.15000000000000005
decision_type=2 2 2 2 2 2 2 2 2 2 2 10 2 10 10 10 8 10 10 2 2 2 2 2 2 2 10 2 8 2
left_child=2 -2 -1 -4 5 7 11 16 9 12 -11 -7 -8 -14 -15 -16 -5 -18 21 28 -21 -19 23 24 -22 -26 27 -27 -20 -24
right_child=1 -3 3 4 -6 6 8 -9 -10 10 -12 -13 13 14 15 -17 17 18 19 20 22 -23 29 -25 25 26 -28 -29 -30 -31
leaf_value=-0.10561828644306259 0.18962655234767567 -0.0087618444377068269 -0.020799610523758928 0.052383268726384241 0.20255616453307682 0.14189844473541482 -0.34611023390487855 0.23243586596273699 -0.071730410872046943 0.19413972169667829 0.0029446074094892083 -0.0084817092452502147 0.057415322949652604 -0.20832223862278099 -0.10293897821500764 0.042611958603360735 -0.35470244778492782 0.0022125625964041261 -0.0028136378564637709 0.22369079311436563 -0.07930199633395546 0.17030987489742358 -0.0047962004489517087 0.16247573323883216 0.36573523066011887 0.11264745705994102 -0.24791614801972059 -0.022790158052356728 -0.40830907965235325 -0.1646238484540484
leaf_weight=36 31 25 48 73 34 37 25 23 57 22 39 20 20 27 25 27 22 44 44 41 50 20 315 129 25 30 21 22 24 52
leaf_count=36 31 25 48 73 34 37 25 23 57 22 39 20 20 27 25 27 22 44 44 41 50 20 315 129 25 30 21 22 24 52
internal_value=-0.00012775 0.00947368 -0.000532151 -0.00022779 0.000141844 -0.000145749 -0.0033 0.000865385 -0.00641975 -0.00370968 0.00822581 0.00982759 -0.0096 -0.0063 -0.010125 -0.00339623 0.000460022 -0.000178571 0.000330073 -0.00035809 0.000655977 0.00830769 -0.000186047 0.0031295 -0.00201342 0.0030303 -0.00202703 0.0045283 -0.0104348 -0.00269022
internal_weight=1408 56 1352 1316 1268 1234 299 935 242 185 61 57 124 99 79 52 912 839 817 753 685 64 644 277 148 98 73 52 68 367
internal_count=1408 56 1352 1316 1268 1234 299 935 242 185 61 57 124 99 79 52 912 839 817 753 685 64 644 277 148 98 73 52 68 367
is_linear=0
shrinkage=0.03


Tree=180
num_leaves=31
num_cat=0
split_feature=25 17 20 6 19 5 14 15 29 11 11 2 17 6 10 8 19 15 2 1 8 26 7 3 29 6 8 8 14 14
split_gain=4.94889 8.86487 5.14274 5.63282 4.29541 7.04721 5.59267 4.47807 7.21455 6.75406 11.8465 8.48401 8.07066 7.63677 10.0763 7.14834 7.14192 9.78101 12.5295 6.32242 6.20801 5.58803 7.36383 5.35463 5.23165 9.61791 4.97021 7.89369 7.37406 7.51686
threshold=28.250000000000004 593.34000000000356 27.450000000000003 254.50000000000003 -0.90255091666790832 382.50000000000006 2139.5000000000005 1817.0000000000002 -0.67801649466304881 17.500000000000004 31.500000000000004 347.50000000000006 68.254999999999981 134.50000000000003 208.405 266.57142857142861 -0.77159520228797429 9.5000000000000018 233.50000000000003 183.50000000000003 209.35714285714286 20.650000000000002 317.83333333333343 384.50000000000006 -0.55656394595157355 343.50000000000006 402.28571428571433 433.78571428571433 95.500000000000014 315.00000000000006
decision_type=2 10 2 10 2 10 10 8 2 2 2 10 10 10 8 8 2 10 10 10 10 2 10 10 2 10 10 10 10 10
left_child=2 -2 4 -4 5 -1 7 9 -9 12 11 -11 16 -12 20 -14 -6 18 -18 -19 -15 -17 -23 -13 -10 -26 28 -28 -16 -30
right_child=1 -3 3 -5 6 -7 -8 8 24 10 13 23 15 14 26 21 17 19 -20 -21 -22 22 -24 -25 25 -27 27 -29 29 -31
leaf_value=0.03758877228674478 0.32063745212411304 -0.0075394592557881876 -0.33572692688773215 0.083000358371994876 -0.19744590032106202 -0.11241878939266371 0.056079423382955441 -0.28635324912252413 0.25221428424881992 0.07358827795215965 -0.40303953934145609 -0.19636125970153728 -0.18201837289055048 -0.0060167579125740642 -0.015707391753401793 -0.11727335761803317 0.0059785983176614361 0.085602200035243214 -0.04780133807035554 0.2254627899838556 0.084186869717745194 -0.0088295423457188348 0.44007572970765435 0.20711302019217867 -0.051429874114616039 0.11162335014787515 -0.40005483017633164 0.010488022649349773 0.16870344102715051 -0.071736251160817513
leaf_weight=163 33 41 47 21 41 36 37 20 21 114 22 22 79 29 181 26 67 31 23 21 60 28 20 26 42 39 20 22 50 24
leaf_count=163 33 41 47 21 41 36 37 20 21 114 22 22 79 29 181 26 67 31 23 21 60 28 20 26 42 39 20 22 50 24
internal_value=-0.000298507 0.0072 -0.00072018 -0.00869565 -0.000284585 0.00375 -0.00104128 -0.00145773 -0.00682927 -0.000727674 0.00126095 0.00809816 -0.00409496 -0.00146699 -0.000465116 -0.00915584 0.000163043 0.00335664 -0.00263736 0.0135849 0.00833333 -0.0024 0.00367347 -0.00244898 -0.00349515 -0.00695122 -0.00312081 -0.0125581 -0.00152344 0.0064
internal_weight=1406 74 1332 68 1264 199 1065 1028 122 906 570 162 336 408 386 153 183 142 90 52 89 74 48 48 102 81 297 42 255 74
internal_count=1406 74 1332 68 1264 199 1065 1028 122 906 570 162 336 408 386 153 183 142 90 52 89 74 48 48 102 81 297 42 255 74
is_linear=0
shrinkage=0.03


Tree=181
num_leaves=31
num_cat=0
split_feature=26 25 26 14 17 15 29 3 6 17 28 7 11 28 19 3 18 24 19 18 2 28 11 21 19 21 16 26 12 18
split_gain=5.41038 5.24173 5.73183 11.0458 8.59981 9.79055 5.48342 5.93975 14.992 7.8934 7.88814 9.10973 5.34836 6.49704 5.19653 4.91952 4.63137 7.99375 5.25362 5.11621 12.2091 8.32858 5.26058 7.52088 6.8121 6.77449 8.16002 10.8246 10.6742 8.25917
threshold=40.850000000000001 6.2500000000000009 22.750000000000004 29.500000000000004 548.51500000000374 105.50000000000001 0.90803977035715633 329.50000000000006 370.50000000000006 11783.425000000007 0.75014288946266361 330.83333333333343 1528.5000000000002 -0.78326540922535159 0.9681107762825325 392.50000000000006 9.4500000000000011 -0.74892720285008296 0.052327985223313264 10.850000000000003 210.50000000000003 -0.99467753128998015 55.500000000000007 37.350000000000001 0.81408451933196979 27.750000000000004 30.500000000000004 30.150000000000002 4.5000000000000009 16.850000000000005
decision_type=2 2 2 8 8 10 2 10 10 10 2 10 2 2 2 10 2 2 2 2 10 2 2 2 2 2 10 2 10 2
left_child=1 -1 3 -3 5 -5 7 16 10 15 -9 -12 -11 -14 -2 -10 17 -4 -19 20 -18 -21 23 25 -25 -23 29 -28 -29 -27
right_child=14 2 6 4 -6 -7 -8 8 9 12 11 -13 13 -15 -16 -17 19 18 -20 21 -22 22 -24 24 -26 26 27 28 -30 -31
leaf_value=0.21869890628434005 0.072746136775110701 0.011224999816857349 -0.0055298733497242836 -0.30360080911947701 -0.31261589477803908 0.14586358742768424 0.42342135538478798 -0.19517139805502778 0.027711071213293508 0.42584281996576517 0.13766959916982557 -0.062217039603276021 1.693119031671984 -0.23789120616293558 -0.0059387789455712433 -0.21264836790720493 -0.2078334752489929 0.3287965768388656 0.018807091710782514 0.055591073592966035 0.019699605664009141 0.039495029931521514 -0.017661306160894695 0.6800097270267268 -0.005106031635798018 -0.00043272905118811876 -0.63457553946697531 -0.18267701493290087 0.0039835667285783669 0.14578464744643382
leaf_weight=33 49 96 23 40 48 25 44 93 25 27 20 22 21 22 30 22 46 29 23 23 36 61 157 28 20 80 22 44 160 41
leaf_count=33 49 96 23 40 48 25 44 93 25 27 20 22 21 22 30 22 46 29 23 23 36 61 157 28 20 80 22 44 160 41
internal_value=0.000297661 -0.000157658 -0.000461894 -0.005 -0.0113158 -0.00409091 0.000412844 -2.86807e-05 -0.00403162 0.00381356 -0.0108088 0 0.0101408 0.00340909 0.007875 -0.005625 0.00124685 0.00828947 0.014717 0.000500695 -0.00650602 0.00141287 0.000732899 0.00236324 0.0134694 0.00102689 -0.000603448 -0.00396476 -0.0017561 0.00565574
internal_weight=1410 1331 1298 209 113 65 1089 1045 252 117 135 42 70 43 79 47 793 75 52 718 82 636 613 456 48 408 347 226 204 121
internal_count=1410 1331 1298 209 113 65 1089 1045 252 117 135 42 70 43 79 47 793 75 52 718 82 636 613 456 48 408 347 226 204 121
is_linear=0
shrinkage=0.03


Tree=182
num_leaves=31
num_cat=0
split_feature=20 10 16 6 10 24 9 21 21 3 27 18 27 22 6 16 0 6 24 10 4 4 0 6 12 26 20 26 24 7
split_gain=7.90552 6.93009 6.43241 5.35635 4.622 3.90151 3.85903 7.38452 7.37354 5.08239 5.0089 3.95185 5.35019 4.82362 3.84673 8.55109 4.59172 7.09402 6.66129 5.88846 5.5351 7.68362 6.72473 7.4283 6.54275 5.48249 5.57765 10.499 9.70946 7.14896
threshold=7.4500000000000011 159.60000000000002 489.50000000000006 419.50000000000006 164.97500000000005 0.99687937417578498 78.040000000000006 29.450000000000003 33.350000000000001 95.500000000000014 0.15000000000000005 12.450000000000001 3.2500000000000004 2.7500000000000004 61.000000000000007 30.500000000000004 150.50000000000003 199.50000000000003 0.9482875459472353 251.27000000000001 234.50000000000003 261.50000000000006 305.50000000000006 293.50000000000006 82.500000000000014 21.550000000000004 17.350000000000005 28.450000000000003 -0.22491679320871374 379.83333333333343
decision_type=2 8 8 10 8 2 2 2 2 10 2 2 2 2 8 8 2 8 2 10 10 10 2 10 10 2 2 2 2 10
left_child=3 2 5 -1 -3 6 7 -2 9 -9 -10 12 -11 -13 -6 -16 -17 -18 19 -19 -21 -22 -23 24 -24 -25 27 29 -28 -27
right_child=1 4 -4 -5 14 -7 -8 8 10 11 -12 13 -14 -15 15 16 17 18 -20 20 21 22 23 25 -26 26 28 -29 -30 -31
leaf_value=0.065019034185373803 -0.013126663795759726 -0.17815981711482151 0.041758035355934309 0.37513308821970409 -0.26195272197391778 0.065951869651394893 0.029264623225141121 -0.059819068222974323 0.013764178464847275 -0.0028945252624495766 -0.12360477732084475 0.20423871394170673 0.29428673240881736 0.018326767099072896 0.18334882402866809 -0.19866154424378754 0.0083576955033842631 -0.052288490957891294 0.0021492396176267903 0.040744694383419072 -0.32751075017085196 0.070091107440285891 -0.090785469640024416 -0.72386814351935491 -0.35197378265443491 0.045555651039955479 -0.67702445220858209 1.0577892631254115 0.49741325384310925 -0.073338201023958896
leaf_weight=52 49 25 30 22 26 22 33 30 28 27 33 30 21 39 35 33 115 156 257 36 22 33 20 22 23 42 24 20 26 50
leaf_count=52 49 25 30 22 26 22 33 30 28 27 33 30 21 39 35 33 115 156 257 36 22 33 20 22 23 42 24 20 26 50
internal_value=-0.000672938 -0.0012156 0.00244898 0.0088 -0.00251553 0.00115016 0.000206186 -0.00104651 0.00143541 0.00506757 -0.00725806 0.00788136 0.00122449 0.0124286 -0.00216791 -0.00183607 -0.00242045 -0.00198347 -0.00307377 -0.00517895 -0.00282132 -0.00424028 -0.00275862 -0.00460526 -0.0156818 -0.00194595 0 0.00371681 -0.00823529 -0.000645161
internal_weight=1381 1307 342 74 965 312 290 257 208 147 61 117 48 69 940 914 879 846 731 474 318 282 260 227 43 184 162 112 50 92
internal_count=1381 1307 342 74 965 312 290 257 208 147 61 117 48 69 940 914 879 846 731 474 318 282 260 227 43 184 162 112 50 92
is_linear=0
shrinkage=0.03


Tree=183
num_leaves=31
num_cat=0
split_feature=28 6 14 6 22 10 8 8 27 27 6 24 8 8 7 23 11 18 14 2 8 19 19 2 7 28 23 6 2 23
split_gain=7.36158 5.50735 7.09137 6.6737 8.05337 6.16841 5.20473 12.7134 6.75923 7.89924 11.5384 7.32687 6.98129 7.40968 8.32421 7.9187 6.93812 6.65498 7.09255 6.18595 6.07928 5.69363 7.04215 5.97736 5.9806 8.6475 6.6765 5.97803 5.66408 5.79834
threshold=-0.99467753128998015 108.50000000000001 1.0000000180025095e-35 98.40000000000002 2.7500000000000004 78.700000000000017 336.71428571428572 347.07142857142861 0.15000000000000005 0.35000000000000003 236.50000000000003 -0.95368063612909437 165.28571428571431 267.50000000000006 287.83333333333343 10.15 1.5000000000000002 16.350000000000005 326.50000000000006 326.50000000000006 232.00000000000003 -0.95368063612909437 0.98897820466835418 349.50000000000006 369.50000000000006 0.27694220057652758 9.7500000000000018 396.50000000000006 280.50000000000006 14.65
decision_type=2 10 10 10 2 10 10 10 2 2 10 2 10 10 10 2 2 2 10 10 10 2 2 10 10 2 2 10 10 2
left_child=-1 2 -2 4 -4 -3 8 -8 12 -10 11 -11 -7 -14 28 -16 -13 18 19 -17 -12 -9 23 27 25 -25 -26 -23 29 -15
right_child=1 5 3 -5 -6 6 7 21 9 10 20 16 13 14 15 17 -18 -19 -20 -21 -22 22 -24 24 26 -27 -28 -29 -30 -31
leaf_value=0.049458706995743285 0.18843524602378792 -0.017549602926782412 -0.12502651205832976 0.02459987750177042 0.089626011036417805 0.050624213621945274 -0.19605969903588261 -0.46998157307053728 -0.11219323747350415 0.06007246889272011 -0.20607677699676941 0.06440823977092662 -0.0023528574468031139 0.92817717786834664 -0.11962163620058362 0.13419960476942946 -0.16780674970105494 -0.026870804492566548 -0.033204624930571074 0.26406814330312045 0.053221421198010717 0.0037044231599691101 -0.076186307054433647 -0.34836241021612208 0.60022578116851122 0.014961051168776293 -0.0046125052905733807 0.60086986254157637 0.33679649270614559 -0.0099461774645226344
leaf_weight=39 22 56 47 20 26 29 46 30 38 23 21 29 251 26 30 49 83 54 20 24 74 23 61 24 40 23 133 21 23 24
leaf_count=39 22 56 47 20 26 29 46 30 38 23 21 29 251 26 30 49 83 54 20 24 74 23 61 24 40 23 133 21 23 24
internal_value=6.38298e-05 -0.000306346 0.00594828 0.00223404 -0.00202703 -0.000883758 -0.000425 -0.00320896 0.00097622 -0.00289963 -0.000779221 -0.00639706 0.00293785 0.00209163 0.00573705 0.00219101 -0.00955752 0.00506757 0.00989362 0.0141892 0.0071875 -0.00126404 -9.20245e-05 0.00203774 0 -0.009375 0.00258621 0.012 0.0141892 0.00823529
internal_weight=1409 1370 115 93 73 1255 1199 401 798 268 230 135 530 501 250 177 112 147 93 73 95 355 325 264 220 47 173 44 73 50
internal_count=1409 1370 115 93 73 1255 1199 401 798 268 230 135 530 501 250 177 112 147 93 73 95 355 325 264 220 47 173 44 73 50
is_linear=0
shrinkage=0.03


Tree=184
num_leaves=31
num_cat=0
split_feature=28 5 3 15 15 9 23 28 26 21 26 5 20 9 26 3 26 13 20 24 8 5 5 19 2 20 24 5 6 20
split_gain=7.90526 4.47711 7.6636 7.68911 9.17209 7.5171 7.09502 6.36649 5.96208 7.19982 7.60737 5.54935 5.02997 4.69674 4.62571 4.6046 4.25204 9.20451 6.61784 6.77956 7.70232 5.49687 4.01646 4.69967 8.0713 5.65816 6.71165 6.4811 6.08128 5.83023
threshold=-0.99467753128998015 153.50000000000003 221.50000000000003 5.5000000000000009 8.5000000000000018 51.455000000000005 16.750000000000004 -0.30163705152652742 40.850000000000001 38.550000000000004 38.650000000000013 90.500000000000014 6.8500000000000005 125.40000000000002 19.950000000000003 252.50000000000003 22.550000000000004 62.500000000000007 11.350000000000003 0.87878364999916148 359.07142857142861 175.50000000000003 492.50000000000006 -0.66259481767468253 213.50000000000003 11.050000000000002 0.58068084432175959 233.50000000000003 266.50000000000006 9.5500000000000025
decision_type=2 10 10 8 10 2 2 2 2 2 2 10 2 2 2 10 2 10 2 2 10 10 10 2 10 2 2 10 10 2
left_child=-1 2 3 -2 -5 -3 11 -8 9 10 12 -6 14 -11 -7 -10 17 18 19 -14 -21 -18 23 24 -23 26 -25 -27 -29 -28
right_child=1 5 -4 4 6 8 7 -9 15 13 -12 -13 16 -15 -16 -17 21 -19 -20 20 -22 22 -24 25 -26 27 29 28 -30 -31
leaf_value=0.067643012900969093 0.045804228842240773 -0.19474384015000396 0.15604464708205198 -0.24402874324551063 -0.064185705525863168 -0.022221064941054462 -0.24322526182648524 0.043707732725774801 -0.0075300728509640176 -0.099029893072827238 0.21091919180058566 0.062502859267455399 -0.22354609646872689 0.0060058963877455086 0.69596847118733818 0.07511069590610929 -0.15073466944268119 -0.18792652512446409 -0.43708468776772746 0.21144340825416746 -0.013966354385839281 -0.40849765773556296 -0.17899154115922897 0.98326893157054196 0.064237267379315025 0.037466541760105089 -0.18688186056680109 -0.13366746949548555 -0.0052841307764919061 0.21882281786163418
leaf_weight=41 44 81 20 29 29 27 28 33 28 75 40 48 42 22 24 41 27 33 32 38 25 20 29 21 98 69 22 66 227 20
leaf_count=41 44 81 20 29 29 27 28 33 28 75 40 48 42 22 24 41 27 33 32 38 25 20 29 21 98 69 22 66 227 20
internal_value=-0.000673913 -0.00107543 0.00271552 0.000990566 -0.00196429 -0.00186823 0.00129496 -0.00629032 -0.00116845 -0.00178497 -0.000905923 0.00730769 -0.00153471 -0.0094898 0.0075 0.00728571 -0.00214286 -0.00631579 -0.00282609 0.000849057 0.00703125 -0.00095 -0.000314136 0.000275735 0.00554622 -0.00119718 0.00703125 -0.00264463 -0.00459184 0
internal_weight=1379 1338 231 211 167 1107 138 61 1026 957 860 77 820 97 51 69 769 170 137 105 63 599 572 543 118 425 63 362 293 42
internal_count=1379 1338 231 211 167 1107 138 61 1026 957 860 77 820 97 51 69 769 170 137 105 63 599 572 543 118 425 63 362 293 42
is_linear=0
shrinkage=0.03


Tree=185
num_leaves=31
num_cat=0
split_feature=20 10 20 0 22 3 4 26 21 21 11 1 0 12 12 14 26 15 22 6 10 0 6 9 23 19 5 3 3 13
split_gain=7.16598 8.5884 6.8517 7.49853 7.65449 6.67465 7.01759 5.38016 5.42427 7.06257 6.59894 5.1378 6.5692 9.58514 6.05139 10.0874 5.13185 4.80024 4.71776 5.33635 5.39358 9.33818 4.71451 4.70224 4.58783 5.06268 7.74201 9.33942 8.00922 5.56489
threshold=6.8500000000000005 159.60000000000002 27.150000000000002 206.50000000000003 1.0000000180025095e-35 266.50000000000006 265.50000000000006 35.550000000000004 33.350000000000001 30.350000000000005 3.5000000000000004 238.50000000000003 245.50000000000003 32.500000000000007 9.5000000000000018 9.5000000000000018 32.95000000000001 7.5000000000000009 5.5500000000000007 175.50000000000003 208.405 232.50000000000003 116.50000000000001 59.105000000000011 8.9500000000000011 0.99901018088683491 197.50000000000003 306.50000000000006 223.50000000000003 22.500000000000004
decision_type=2 8 2 2 2 10 10 2 2 2 2 10 2 10 10 10 2 10 2 10 10 2 8 2 2 2 8 10 10 10
left_child=-1 5 11 -4 -5 6 7 8 9 10 -2 18 13 -13 15 -14 17 -11 19 22 -21 -22 -3 -7 -16 26 -26 28 -28 -29
right_child=1 2 3 4 -6 23 -8 -9 -10 16 -12 12 14 -15 24 -17 -18 -19 -20 20 21 -23 -24 -25 25 -27 27 29 -30 -31
leaf_value=0.44833916017026748 -0.034849456393638435 0.0096471809863504631 -0.30770824945019348 0.017477759262010863 -0.47468203578061657 0.0004731536483217269 -0.43124828852924818 0.049084893519677875 -0.12365457391491987 0.043473100660385879 0.008926339251131097 -0.39910712373998919 -0.39286328562744954 0.011022936137160854 0.42448589320795971 0.24888468875507272 0.10187197177772361 -0.1460316050211054 -0.17807790387177561 0.011470163068455008 -0.31487591428793421 0.0041041644017178669 0.14683209189391319 0.099394831271017656 -0.43357484305863664 0.21837278143105293 -0.041401574139360374 -0.20467054317662559 0.031948530754100375 -0.019807900692932208
leaf_weight=53 30 43 29 41 23 23 20 30 49 48 24 22 21 23 39 31 33 40 21 65 21 51 32 50 21 32 29 44 99 297
leaf_count=53 30 43 29 41 23 23 20 30 49 48 24 22 21 23 39 31 33 40 21 65 21 51 32 50 21 32 29 44 99 297
internal_value=0.000953069 0.000518018 -0.000913706 -0.00861702 -0.00276923 0.00456897 0.0024 0.00376471 0.00213333 0.00460227 -0.00436364 -0.000100897 -0.00145675 -0.0123913 -0.000635179 0.0090566 0.00860656 0.0047191 0.00371795 0.00507042 0.00152174 -0.00410959 0.0114474 0.0125676 -0.00154804 -0.00229446 -0.00305499 -0.00223404 0.00465116 -0.00482456
internal_weight=1384 1331 984 93 64 347 274 254 224 175 54 891 658 45 613 52 121 88 233 212 137 72 75 73 561 522 490 469 128 341
internal_count=1384 1331 984 93 64 347 274 254 224 175 54 891 658 45 613 52 121 88 233 212 137 72 75 73 561 522 490 469 128 341
is_linear=0
shrinkage=0.03


Tree=186
num_leaves=31
num_cat=0
split_feature=19 13 26 28 26 13 27 28 17 0 26 20 7 1 8 15 18 28 12 13 9 15 23 1 18 8 15 26 1 25
split_gain=6.55002 7.53915 7.22311 6.9485 5.68219 6.34938 8.00357 7.42625 5.85423 6.90925 5.68617 12.4941 9.1119 9.11923 8.12278 9.09055 6.93603 5.57288 5.64001 5.30191 5.80261 5.16205 5.13807 4.90274 6.17914 5.32672 7.33004 4.89096 6.89446 5.68352
threshold=0.99140711019144623 9.5000000000000018 18.150000000000002 -0.72696319516528884 40.850000000000001 2.5000000000000004 2.1500000000000008 -0.82415615971448097 993.42000000000405 90.500000000000014 28.450000000000003 17.750000000000004 406.16666666666669 340.50000000000006 318.64285714285717 268.50000000000006 21.150000000000002 -0.35846811432664222 7.5000000000000009 85.500000000000014 45.645000000000003 1097.0000000000002 17.350000000000005 337.50000000000006 9.9500000000000011 279.9285714285715 85.500000000000014 29.550000000000004 187.50000000000003 25.850000000000005
decision_type=2 10 2 2 2 10 2 2 10 2 2 2 10 10 10 10 2 2 10 10 2 10 2 10 2 8 10 2 10 2
left_child=2 -2 -1 -3 5 7 8 -4 9 -7 12 -12 13 -10 15 -13 21 -8 -19 20 -11 -17 -6 25 -25 26 -22 -9 29 -29
right_child=1 3 4 -5 22 6 17 27 10 19 11 14 -14 -15 -16 16 -18 18 -20 -21 23 -23 -24 24 -26 -27 -28 28 -30 -31
leaf_value=-0.075577262230659123 -0.10432781598812596 0.35693491126219751 0.22708145078244987 -0.01184397240128959 0.010692248053045432 -0.17068939374835668 -0.2726151584302437 0.14987625830790705 -0.13889326905135618 0.047342757938673687 0.63259899952276444 -0.084085782568441791 -0.45625296317749242 0.056817309705871254 -0.093627493946148374 0.059372258072169753 -0.18762223391763938 0.06574191353853763 -0.095053815438042186 0.40632738857891165 -0.00095951805442865627 0.012289429463071143 0.16784094575292413 -0.026439199208278977 0.22432028415625269 -0.070821570043173659 0.05794551290268906 -0.0053185768977739656 -0.15727333994354695 0.014360647875968623
leaf_weight=24 31 20 28 122 35 24 39 20 20 25 37 21 33 42 61 35 24 20 71 22 137 33 30 27 114 103 90 27 29 55
leaf_count=24 31 20 28 122 35 24 39 20 20 25 37 21 33 42 61 35 24 20 71 22 137 33 30 27 114 103 90 27 29 55
internal_value=0.000792857 -0.00465517 0.00156479 -0.00167832 0.00189526 0.00139719 0.000490296 0.0069375 0.00155477 0.00342541 -0.00175896 0.000990566 -0.0078125 -0.000952381 -0.0024 0.00236842 0.00645161 -0.00641221 -0.00228261 0.00416185 0.00350101 0.0113043 0.0104545 0.00273305 0.00739437 0.000725076 0.00328947 0.00386364 0.00133929 0.00578313
internal_weight=1399 173 1226 142 1202 1137 978 159 848 542 306 211 95 62 174 113 92 130 91 518 496 68 65 471 141 330 227 131 111 82
internal_count=1399 173 1226 142 1202 1137 978 159 848 542 306 211 95 62 174 113 92 130 91 518 496 68 65 471 141 330 227 131 111 82
is_linear=0
shrinkage=0.03


Tree=187
num_leaves=31
num_cat=0
split_feature=10 27 8 12 1 4 29 1 15 28 6 10 1 4 27 14 29 0 16 28 26 20 21 20 19 16 11 6 4 10
split_gain=8.69765 11.4132 15.3018 15.3665 8.19736 7.88601 6.8751 6.6187 5.74154 5.51681 5.18145 7.55802 5.38881 4.90495 4.66083 4.57741 5.04207 4.32396 4.2408 5.99911 4.17724 4.66737 8.61827 6.28819 5.22542 7.56519 5.18076 5.14563 6.19161 6.38182
threshold=180.75500000000002 1.0000000180025095e-35 271.64285714285717 37.500000000000007 134.50000000000003 194.50000000000003 -0.97111920233974802 322.50000000000006 88.500000000000014 -0.72696319516528884 188.50000000000003 209.38000000000002 268.50000000000006 187.50000000000003 2.9500000000000006 1.0000000180025095e-35 -0.96234030595689413 191.50000000000003 30.500000000000004 -0.31799228562170639 41.550000000000004 11.450000000000001 23.350000000000005 9.6500000000000004 0.96359376111369366 9066.0000000000018 8.5000000000000018 268.50000000000006 259.50000000000006 271.18500000000006
decision_type=8 2 10 10 10 8 2 10 10 2 8 10 10 10 2 10 2 2 10 2 2 2 2 2 2 10 2 10 10 10
left_child=1 4 3 9 -1 8 -2 17 -6 -3 11 18 -13 15 -15 -11 -17 -7 -8 -20 21 23 -23 -12 26 -26 -24 28 29 -28
right_child=6 2 -4 -5 5 7 10 -9 -10 13 20 12 -14 14 -16 16 -18 -19 19 -21 -22 22 24 -25 25 -27 27 -29 -30 -31
leaf_value=0.038865421697834107 -0.16463946639320956 -0.049848782689301742 0.31659634454692764 -0.46927940229344894 -0.064691240977649472 0.0099002677190389923 0.073775722840012312 -0.010729450284268296 0.0067274240221519219 -0.018413949716957347 -0.0061664396021654964 0.059358456715453936 0.10851943516182701 -0.12669038256213552 0.023158024705777363 0.037368084184513747 0.10252478244287132 0.065887167653047238 -0.18004718559101546 0.033894293746912753 0.1977715665751387 -0.95146997502522046 0.0081035694616298313 0.033426468041396901 -0.072128396051229518 0.34973721388171525 -0.10883354803977738 0.001394463867037814 -0.26057265973739618 0.34211149545290026
leaf_weight=45 40 50 21 29 24 41 20 25 25 23 160 42 32 23 24 25 38 49 25 21 34 23 29 89 106 20 29 222 52 21
leaf_count=45 40 50 21 29 24 41 20 25 25 23 160 42 32 23 24 25 38 49 25 21 34 23 29 89 106 20 29 222 52 21
internal_value=0.000447443 0.00392777 -0.000641026 -0.00309859 0.009 0.00581818 -0.00114907 0.0100862 -0.0042 0.000163043 -0.000615551 0.00468085 0.0112 0.00335821 -0.004375 0.00758621 0.0117188 0.0138462 -0.00268657 -0.00765957 -0.00156489 -0.00203457 -0.00369781 0.00132 -0.0028125 -0.0080315 -0.000932203 -0.00203077 -0.00757282 0
internal_weight=1407 442 233 212 209 164 965 115 49 183 925 140 74 133 47 86 63 90 66 46 785 751 502 249 479 126 353 324 102 50
internal_count=1407 442 233 212 209 164 965 115 49 183 925 140 74 133 47 86 63 90 66 46 785 751 502 249 479 126 353 324 102 50
is_linear=0
shrinkage=0.03


Tree=188
num_leaves=31
num_cat=0
split_feature=0 7 25 29 25 24 6 14 8 10 4 7 18 24 0 7 20 24 15 6 15 12 7 20 10 24 22 2 10 25
split_gain=8.69618 8.84517 7.78361 11.034 8.19869 7.68602 7.40861 7.01657 6.5351 9.25257 7.26516 6.19671 7.6949 6.42222 6.19137 4.83983 8.63294 8.02508 6.53333 7.43471 8.79655 7.79885 6.48047 8.53957 6.35228 6.15412 6.11392 5.42748 9.28571 6.5203
threshold=329.50000000000006 346.50000000000006 26.350000000000005 -0.83375966452616657 25.550000000000004 0.68832836526074803 266.50000000000006 106.50000000000001 334.9285714285715 361.04000000000002 312.50000000000006 363.16666666666669 11.65 0.43830438074012318 92.500000000000014 181.16666666666671 22.450000000000003 -0.82409480842201666 96.500000000000014 343.50000000000006 48.500000000000007 28.500000000000004 301.16666666666669 14.450000000000001 217.94500000000002 0.92384435400961407 0.15000000000000005 257.50000000000006 200.55000000000004 15.050000000000002
decision_type=2 10 2 2 2 2 10 10 10 10 10 10 2 2 2 10 2 2 10 8 10 10 10 2 10 2 2 10 8 2
left_child=1 2 3 4 -1 6 7 14 10 11 -2 -10 -13 -14 -4 16 -5 26 19 20 24 -22 27 -24 25 -19 -17 28 -20 -29
right_child=8 -3 5 15 -6 -7 -8 -9 9 -11 -12 12 13 -15 -16 17 -18 18 22 -21 21 -23 23 -25 -26 -27 -28 29 -30 -31
leaf_value=-0.00061344302212361867 -0.022795550289226866 0.43202891388176706 0.07453053087028251 0.10400650309285212 -0.23624906811039878 0.044932209152003959 -0.1039344122832162 0.1065549964013158 -0.17931807915164882 -0.0020218143953817957 0.21143220328949552 0.14743963668236659 0.0010992344307948086 -0.2015721235404328 -0.061796304318571339 0.06391055262345588 0.0028139935205283703 -0.39842674837807035 0.43780745655129066 0.0049162606962546819 -0.28257261936692402 -0.0050213211399005786 0.01349723365015393 -0.033446374163326596 0.040465467307566026 0.00010626252564122751 -0.23353564231189694 -0.10022959200388357 -0.048703722371508884 0.075402998777191213
leaf_weight=40 89 34 25 38 44 66 24 22 47 178 38 36 21 44 73 57 114 27 27 36 40 25 23 27 29 33 27 23 51 43
leaf_count=40 89 34 25 38 44 66 24 22 47 178 38 36 21 44 73 57 114 27 27 36 40 25 23 27 29 33 27 23 51 43
internal_value=0.000706134 0.0023393 0.00177049 0.000255319 -0.00988235 0.00682464 0.00289655 0.00595041 -0.00270925 -0.00495413 0.00304688 -0.0104698 -0.00617647 -0.0122727 0.00242424 0.00164251 0.00627451 0.000127932 -0.00171429 -0.00565445 -0.00851613 -0.0168182 0.00215385 -0.00705882 -0.00233333 -0.00786885 0.00847059 0.00537931 0 0.0116418
internal_weight=1401 948 914 704 84 210 144 120 453 326 127 148 101 65 98 620 152 468 384 190 154 65 194 50 89 60 84 144 78 66
internal_count=1401 948 914 704 84 210 144 120 453 326 127 148 101 65 98 620 152 468 384 190 154 65 194 50 89 60 84 144 78 66
is_linear=0
shrinkage=0.03


Tree=189
num_leaves=31
num_cat=0
split_feature=5 8 3 28 11 29 27 28 28 25 19 11 29 5 3 3 6 6 9 10 19 16 28 23 24 23 10 27 23 13
split_gain=5.16298 6.03166 4.82776 5.17041 4.99407 7.59709 7.00439 7.81087 6.76463 6.53637 5.96865 7.18611 5.63786 5.88405 5.13457 9.18104 5.11715 5.44011 9.1072 5.8652 7.84658 7.03755 5.7599 5.73779 7.71143 5.05106 5.0253 4.98721 4.97465 4.56164
threshold=481.00000000000006 460.07142857142861 449.50000000000006 0.022575936829235418 39.500000000000007 0.97648852793709995 0.75000000000000011 0.83849049182116964 0.78325454425165997 28.450000000000003 0.95878322595067733 78.500000000000014 0.94909129669788206 397.50000000000006 273.50000000000006 167.50000000000003 55.165000000000006 110.50000000000001 31.085000000000004 100.63000000000001 -0.88697705852364728 193.50000000000003 -0.94139628442229062 15.950000000000001 0.21643137258081221 16.950000000000003 324.33000000000004 2.1500000000000008 13.750000000000002 615.00000000000011
decision_type=10 8 10 2 2 2 2 2 2 2 2 2 2 10 10 10 10 10 2 10 2 10 2 2 2 2 10 2 2 10
left_child=1 2 4 -4 5 9 7 8 14 12 11 -9 13 16 15 -6 -1 18 -18 20 -19 22 -21 24 -20 28 -24 -8 -23 -17
right_child=-2 -3 3 -5 6 -7 27 10 -10 -11 -12 -13 -14 -15 -16 29 17 19 23 21 -22 25 26 -25 -26 -27 -28 -29 -30 -31
leaf_value=-0.30403345549167593 -0.070872270677579369 0.51013764569789199 0.097977735246438727 -0.31545816931726278 0.0068309779340741273 0.23561549435383766 0.055384748350176094 -0.071000846821204958 0.1102851076810822 0.52013841889879864 -0.090916907209542611 0.30805323583504046 -0.32113464897840943 0.21913377529914782 0.0010662573978709132 -0.04724261070036391 -0.011512936590549288 0.0233667839236287 0.12800682202191524 -0.33600571760416642 -0.13820805031907382 -0.085581916920602338 0.014638695574899998 0.31910846576379015 -0.066508550625724958 -0.14860792617477869 -0.022111683780549923 -0.018638351858793954 0.22312027260712966 -0.11043409273765632
leaf_weight=21 48 23 20 25 30 21 43 21 27 22 39 23 24 24 255 69 24 41 27 27 63 41 224 27 24 45 23 35 29 21
leaf_count=21 48 23 20 25 30 21 43 21 27 22 39 23 24 24 255 69 24 41 27 27 63 41 224 27 24 45 23 35 29 21
internal_value=0.000994953 0.00134429 0.00107143 -0.00847826 0.00141621 0.00309322 -0.000691489 -0.00203704 -0.000297767 0.00253275 -0.0103571 -0.00266667 0.00198496 0.0025273 -0.00135638 -0.00644628 0.00194489 0.00246644 0.00873786 0.00115385 -0.00514286 0.00284615 0.00545455 0.0136709 0.0075 -0.00336207 0.00689516 0.00759494 0.00169014 -0.0112088
internal_weight=1386 1338 1315 45 1270 707 563 485 402 686 83 44 664 640 375 120 616 595 102 493 104 389 274 78 51 115 247 78 70 90
internal_count=1386 1338 1315 45 1270 707 563 485 402 686 83 44 664 640 375 120 616 595 102 493 104 389 274 78 51 115 247 78 70 90
is_linear=0
shrinkage=0.03


Tree=190
num_leaves=31
num_cat=0
split_feature=26 20 27 29 25 20 24 22 10 20 18 25 23 18 25 19 18 24 19 0 14 4 4 8 21 6 25 26 13 12
split_gain=6.77663 6.33538 7.85491 5.87886 5.41188 6.60722 6.40126 6.11065 6.58469 9.30717 5.364 5.22473 5.28616 8.49391 4.91485 4.13041 3.86428 5.38748 9.55013 6.83397 5.30327 10.3348 6.56321 10.2117 7.4638 5.95306 5.58113 6.6018 5.42549 5.96657
threshold=40.95000000000001 27.450000000000003 0.15000000000000005 -0.98521978256641018 26.350000000000005 26.050000000000004 -0.74892720285008296 0.35000000000000003 100.63000000000001 26.150000000000002 16.950000000000003 6.3500000000000005 8.9500000000000011 9.5500000000000025 25.550000000000004 0.81408451933196979 22.750000000000004 -0.87878364999916125 0.54463903501502697 248.50000000000003 1041.5000000000002 330.50000000000006 340.50000000000006 316.4285714285715 27.550000000000004 396.50000000000006 25.550000000000004 32.650000000000013 142.00000000000003 326.50000000000006
decision_type=2 2 2 2 2 2 2 2 10 2 2 2 2 2 2 2 2 2 2 2 8 8 10 10 2 8 2 2 10 10
left_child=1 4 -3 -4 5 11 -7 -6 9 -9 -2 -1 13 -13 -8 -15 17 18 19 -14 21 26 -23 -24 -25 -22 28 -28 -19 -30
right_child=10 2 3 -5 7 6 14 8 -10 -11 -12 12 16 15 -16 -17 -18 20 -20 -21 25 22 23 24 -26 -27 27 -29 29 -31
leaf_value=0.10183057380076974 0.13786974137067148 0.1948435256131883 -0.4560766383047633 -0.21216214972646069 -0.0078470918874614885 0.0084536215296694191 -0.014219388206053195 -0.16095140739230016 0.2164266644289165 0.075042595041778737 0.00265784424632443 -0.018634321522095546 0.042737374187083357 0.011509382005793042 -0.44304361048496255 0.72907197703161775 0.044661098200421703 0.00040846329505257018 0.079556580501512139 -0.21230837705761188 -0.0040335808828405109 -0.2875694949253807 0.17140577866624113 -0.010565986455877691 -0.35439440573301623 0.51573628356705681 0.012451310260456693 -0.11792630758954231 0.8188507831723485 0.0020872658945501141
leaf_weight=32 39 20 20 43 38 29 28 22 39 26 33 27 28 22 20 28 54 337 62 25 37 25 22 128 41 36 22 25 20 30
leaf_count=32 39 20 20 43 38 29 28 22 39 26 33 27 28 22 20 28 54 337 62 25 37 25 22 128 41 36 22 25 20 30
internal_value=0.000971302 0.0004662 -0.0075 -0.0126562 0.00102159 0.000333642 -0.00807692 0.00690476 0.01125 0.00367347 0.00986301 0.000988024 0.000587629 0.00807692 -0.0146939 0.0152941 -6.71892e-05 -0.00057211 0.00543103 -0.00388889 -0.00153315 -0.00239631 -0.00774194 -0.00578125 -0.00829412 0.00608108 0.000275862 -0.009375 0.00146907 0.0105882
internal_weight=1358 1286 83 63 1203 1078 77 125 87 48 72 1001 969 77 48 50 892 838 115 53 723 650 216 191 169 73 434 47 387 50
internal_count=1358 1286 83 63 1203 1078 77 125 87 48 72 1001 969 77 48 50 892 838 115 53 723 650 216 191 169 73 434 47 387 50
is_linear=0
shrinkage=0.03


Tree=191
num_leaves=31
num_cat=0
split_feature=27 9 6 29 0 9 25 18 18 19 24 11 13 10 15 20 23 18 18 16 25 19 6 14 3 3 25 8 21 24
split_gain=7.50607 6.03679 5.49735 5.59624 7.51567 7.09123 5.98129 6.01564 5.74992 11.6189 6.0712 5.79738 5.3231 6.36728 4.96127 7.40796 5.54496 5.59323 5.26936 11.2866 10.516 4.6004 11.0431 6.35185 6.72469 10.7512 4.94148 5.71063 6.60683 10.1967
threshold=13.000000000000002 63.150000000000013 55.165000000000006 0.9980355542543059 324.50000000000006 141.21500000000003 10.15 10.65 10.850000000000003 -0.26722820045975981 0.9482875459472353 7.5000000000000009 18.500000000000004 313.78500000000003 112.50000000000001 16.950000000000003 18.250000000000004 15.65 11.65 10558.000000000002 19.750000000000004 0.52247866957162958 383.50000000000006 2.5000000000000004 342.50000000000006 298.50000000000006 16.450000000000003 292.4285714285715 33.150000000000013 0.35019404643548474
decision_type=2 2 10 2 2 2 2 2 2 2 2 2 10 10 10 2 2 2 2 10 2 2 10 10 10 10 2 10 2 2
left_child=2 -2 -1 4 5 8 7 -6 9 11 -11 -4 -9 -14 15 -8 18 -18 -16 20 -20 26 23 -23 25 -25 -10 28 -28 -30
right_child=1 -3 3 -5 6 -7 14 12 21 10 -12 -13 13 -15 16 -17 17 -19 19 -21 -22 22 -24 24 -26 -27 27 -29 29 -31
leaf_value=-0.16309698190440822 0.20562963594188588 -0.0058895034572100258 -0.020664165370849617 0.70483883746140319 -0.1267032385454803 0.037346281711764108 0.34451807015227925 -0.47028291595266636 -0.44274003822446301 -0.043118946277793384 -0.012017126254349364 0.15956129177360154 -0.24717292711264177 0.13193293441907997 0.043161089640195764 -0.10582437149484007 -0.057171726212583276 -0.012742594152667834 -0.16712329712254984 0.45642603434533013 0.0978556590589892 0.17391091407738968 -0.11531100676165977 0.0091382646231528489 0.12791853933801917 -0.016144382255448023 0.019657700407774925 0.053178794569457177 -0.1650991341985393 0.006618435996712151
leaf_weight=26 25 20 31 24 35 44 37 20 33 34 27 30 21 36 120 29 21 29 46 26 32 45 36 236 42 33 94 29 80 47
leaf_count=26 25 20 31 24 35 44 37 20 33 34 27 30 21 36 120 29 21 29 46 26 32 45 36 236 42 33 94 29 80 47
internal_value=0.000475162 0.0123913 6.69643e-05 0.000341426 6.95518e-05 0.00174584 -0.00304636 -0.00902655 0.00109023 -0.00487805 -0.0140323 0.00435484 -0.00423077 0.000517241 -0.00105572 0.00626866 -0.00283636 -0.0117647 -0.0008 -0.00571429 -0.0113924 0.00217456 0.00427481 0.00588235 0.00432692 0.00255556 -0.000739437 0.000717131 -0.000945946 -0.00539062
internal_weight=1388 45 1343 1317 1293 841 452 112 797 122 61 61 77 57 340 66 274 50 224 104 78 675 392 356 311 269 283 250 221 127
internal_count=1388 45 1343 1317 1293 841 452 112 797 122 61 61 77 57 340 66 274 50 224 104 78 675 392 356 311 269 283 250 221 127
is_linear=0
shrinkage=0.03


Tree=192
num_leaves=31
num_cat=0
split_feature=16 17 9 26 17 25 19 16 1 16 3 6 6 19 18 26 21 26 25 12 1 5 9 2 9 23 1 14 4 6
split_gain=5.17782 7.78656 8.10209 6.70973 8.83304 7.21039 10.0668 6.60972 6.83397 5.82546 6.11862 7.14862 8.77138 8.90206 5.72397 6.34587 13.0072 5.70288 5.49159 6.48828 5.62802 6.39891 6.22008 5.49093 4.8903 4.87188 4.37422 4.24313 4.03568 8.78019
threshold=193.50000000000003 341.68500000000006 53.025000000000006 37.550000000000004 600.46500000000412 26.850000000000005 0.97233289553061597 219.50000000000003 301.50000000000006 175.50000000000003 404.50000000000006 356.50000000000006 310.50000000000006 0.8869770585236475 15.950000000000001 35.45000000000001 34.350000000000001 36.650000000000013 25.150000000000002 16.500000000000004 88.500000000000014 145.00000000000003 54.955000000000005 90.500000000000014 48.605000000000011 19.550000000000004 269.50000000000006 16.500000000000004 333.50000000000006 293.50000000000006
decision_type=10 10 2 2 10 2 2 10 10 8 10 10 10 2 2 2 2 2 2 10 10 10 2 10 2 2 10 10 10 10
left_child=9 7 -3 17 -5 6 -6 -2 -9 10 11 12 14 -14 15 16 18 28 19 -1 -20 24 -23 -16 -22 -25 -7 -13 -4 -30
right_child=1 2 3 4 5 26 -8 8 -10 -11 -12 27 13 -15 23 -17 -18 -19 20 -21 21 22 -24 25 -26 -27 -28 -29 29 -31
leaf_value=-0.14963311027240705 -0.56673802551687291 -0.095326225821861357 0.0053544387986340777 0.45211688226569718 0.18852508693806327 0.036867385286977021 -0.023232259668598088 0.013535268907863838 -0.28277996625775925 0.083250069644539904 -0.39979027200191891 0.21442464541565753 -0.38813348310142815 0.00096037884084978478 -0.052392915166617086 0.029610691520054501 -0.62926598071664674 -0.25186917722160473 -0.1030249273366988 0.054952990609731384 0.1167680138057377 -0.14982160048422513 0.008945067039668117 0.052571380624313518 0.028814291109222123 -0.093891778232478768 -0.11031856192466108 0.0015202555946854091 -0.37059330598004803 -0.0039144925861654654
leaf_weight=58 26 35 230 21 62 38 28 28 25 43 20 21 20 23 31 31 22 25 25 30 32 21 24 123 20 21 36 21 31 245
leaf_count=58 26 35 230 21 62 38 28 28 25 43 20 21 20 23 31 31 22 25 25 30 32 21 24 123 20 21 36 21 31 245
internal_value=0.000296401 -0.00122744 -0.000279255 0.00041841 0.00532258 0.00290909 0.00857143 -0.010125 -0.00388889 0.00245315 0.00159926 0.00223282 0.00118257 -0.0115909 0.00246014 -0.000340909 -0.00206009 -0.00129699 0.00028436 -0.00539326 0.00439024 0.00765306 -0.000652174 0.00664773 0.014717 0.00910345 -0.004 0.0139535 -0.000591716 -0.00303249
internal_weight=1416 830 751 716 185 164 90 79 53 586 543 523 481 43 438 263 232 531 210 88 122 97 45 175 52 144 74 42 506 276
internal_count=1416 830 751 716 185 164 90 79 53 586 543 523 481 43 438 263 232 531 210 88 122 97 45 175 52 144 74 42 506 276
is_linear=0
shrinkage=0.03


Tree=193
num_leaves=31
num_cat=0
split_feature=20 8 8 25 13 11 25 7 24 24 2 20 24 20 11 21 9 23 28 14 24 14 21 3 7 29 10 18 10 6
split_gain=4.52589 9.06266 12.9899 9.0474 8.42248 9.63634 7.3321 6.95362 6.93148 8.34877 7.76543 6.8961 7.30283 6.76876 6.3839 7.75414 6.32548 7.10848 9.61982 10.5471 6.28886 7.8681 6.18711 5.98133 9.07188 5.3879 5.62084 5.32249 6.49635 8.26948
threshold=11.450000000000001 325.64285714285717 296.35714285714295 26.350000000000005 18.500000000000004 28.500000000000004 14.65 493.50000000000006 0.99535829673000953 -0.44618082326431219 337.50000000000006 26.850000000000005 -0.4067366430758001 26.250000000000004 529.50000000000011 38.150000000000013 132.28000000000003 18.250000000000004 0.95752911693909493 6.5000000000000009 0.93038214053199464 72.500000000000014 19.650000000000002 322.50000000000006 313.16666666666669 -0.98521978256641018 171.98000000000002 14.050000000000002 284.71500000000009 370.50000000000006
decision_type=2 10 8 2 10 2 2 10 2 2 10 2 2 2 2 2 2 2 2 10 2 10 2 10 10 2 8 2 10 8
left_child=8 2 3 13 -3 -6 -4 27 9 10 -1 12 -5 14 15 16 17 -2 19 -19 21 22 -11 24 -22 -13 -27 28 -7 -30
right_child=1 4 6 11 5 7 -8 -9 -10 20 -12 25 -14 -15 -16 -17 -18 18 -20 -21 23 -23 -24 -25 -26 26 -28 -29 29 -31
leaf_value=-0.0064209223291864246 0.0046262376587209528 -0.34752558113927562 -0.10815164722481981 0.00097447593368684684 0.20101038328699872 -0.051297213113489872 0.18296351037099612 0.98390946240903698 0.32124634049843959 0.0064325137058807514 0.51441314953702089 -0.047857221208457187 0.21620238591425134 -0.15330041143594086 0.058202538973027913 -0.065735023120853955 -0.24029495851926072 0.0018549476711504553 0.012966134315184091 -0.51572316962178888 0.29034672817598361 0.012529389005223379 -0.27618130636173843 0.23229026511289361 -0.20794595336262831 0.13944168387710248 0.0052458506512773791 -0.0044038736786619383 -0.077361911904158948 0.035687622960132899
leaf_weight=22 296 27 20 37 29 25 61 20 36 25 41 35 60 83 29 22 22 25 35 35 21 21 48 59 21 21 60 92 42 50
leaf_count=22 296 27 20 37 29 25 61 20 36 25 41 35 60 83 29 22 22 25 35 35 21 21 48 59 21 21 60 92 42 50
internal_value=0.000760028 -0.000106477 0.00146081 0.000236531 -0.00472028 -0.00301158 0.0128049 -0.00508696 0.0040678 0.0023166 0.0117188 0.00546729 0.0113265 -0.00180657 -0.000387097 -0.00130734 -0.000362319 0.000535714 -0.0065625 -0.0137705 -0.000765306 -0.00631579 -0.0109459 0.00441176 -0.00418605 0.000512821 0.0047561 -0.00671429 -0.0109322 -0.00709677
internal_weight=1420 1126 841 760 285 258 81 229 294 258 63 213 97 547 464 435 413 391 95 60 195 94 73 101 42 116 81 209 117 92
internal_count=1420 1126 841 760 285 258 81 229 294 258 63 213 97 547 464 435 413 391 95 60 195 94 73 101 42 116 81 209 117 92
is_linear=0
shrinkage=0.03


Tree=194
num_leaves=31
num_cat=0
split_feature=3 24 18 3 26 21 18 15 24 20 24 0 6 6 23 20 0 3 19 22 23 22 3 10 13 12 20 12 23 10
split_gain=4.71961 3.76187 7.38037 3.63636 3.45123 9.2588 9.06656 5.59544 10.4083 7.10947 6.96858 6.51757 6.45766 6.38371 6.20132 7.34111 5.15836 4.58083 4.16926 7.27433 4.06223 4.00925 5.43612 6.59926 5.04657 4.63038 4.62473 4.48923 4.68248 9.81637
threshold=474.50000000000006 0.99687937417578498 19.050000000000004 531.50000000000011 33.550000000000004 34.150000000000013 15.65 150.50000000000003 0.81408451933196979 22.250000000000004 0.89490028524376763 189.50000000000003 194.50000000000003 189.50000000000003 21.550000000000004 26.350000000000005 265.50000000000006 192.50000000000003 0.9681107762825325 1.0000000180025095e-35 18.250000000000004 9.2500000000000018 114.50000000000001 102.65000000000002 2.5000000000000004 1.0000000180025095e-35 25.550000000000004 1.5000000000000002 12.950000000000001 164.97500000000005
decision_type=10 2 2 10 2 2 2 10 2 2 2 2 10 10 2 2 2 10 2 2 2 2 10 10 10 10 2 10 2 10
left_child=1 4 -3 -2 5 21 -7 8 14 -9 -10 -11 -13 -12 15 -6 -15 -17 19 20 -14 22 23 24 -1 -24 -23 -27 29 -29
right_child=3 2 -4 -5 7 6 -8 9 10 11 13 12 18 16 -16 17 -18 -19 -20 -21 -22 26 25 -25 -26 27 -28 28 -30 -31
leaf_value=0.0065827082287015061 -0.19985172858795891 0.11205549865797394 -0.26206528196552087 0.14876011614794094 0.1763284231478903 -0.510596610263363 -0.0037779450782829825 0.24510714831659086 -0.14711473291300889 -0.21196011662400138 -0.011382475739320483 0.057276368593978756 0.1575775546457433 0.16291689030714906 0.5208237083735423 -0.14853674807204184 -0.0092726235040042574 0.0072878530245213818 -0.036643612266483383 -0.008884155293514908 -0.0027744582177589906 -0.22273609461465474 -0.015323339262156991 0.15902362765624828 -0.12612331279606223 0.10615806851284219 0.0046302512388635359 0.033635206476366475 -0.013331610936197648 0.00070572204817011654
leaf_weight=23 32 85 23 21 58 20 23 38 20 36 20 23 28 28 21 24 22 23 29 42 33 38 20 29 27 22 28 31 268 266
leaf_count=23 32 85 23 21 58 20 23 38 20 36 20 23 28 28 21 24 22 23 29 42 33 38 20 29 27 22 28 31 268 266
internal_value=0.000363766 0.000711638 0.00605505 -0.00833333 0.000241741 -0.000942211 -0.0143182 0.00235426 0.00580645 -0.000913043 -0.00197802 -0.00328125 -0.000576923 0.00253521 0.0113386 0.00820755 0.00823529 -0.000625 -0.00315789 -0.000288462 0.00629032 -0.000159363 0.000524017 0.007875 0.00117647 -0.000444079 -0.00716418 5.10204e-05 -0.000477032 0.00211409
internal_weight=1401 1348 108 53 1240 795 43 445 216 229 90 191 155 70 126 105 50 47 132 103 61 752 686 79 50 607 66 587 565 297
internal_count=1401 1348 108 53 1240 795 43 445 216 229 90 191 155 70 126 105 50 47 132 103 61 752 686 79 50 607 66 587 565 297
is_linear=0
shrinkage=0.03


Tree=195
num_leaves=31
num_cat=0
split_feature=10 20 20 6 25 16 26 6 8 5 3 4 6 16 15 9 29 3 15 26 16 16 7 19 13 6 19 7 3 10
split_gain=4.89902 5.77747 7.6981 14.0531 6.57975 7.56533 9.82687 6.75664 6.09113 7.03399 5.76771 5.63445 7.71579 6.04947 6.06629 5.56286 5.43269 5.42666 5.33333 4.90373 9.33174 6.1066 9.82872 6.88327 4.78782 8.63687 7.63107 6.61443 5.41087 5.26834
threshold=159.60000000000002 15.550000000000002 19.550000000000004 329.50000000000006 22.450000000000003 30.500000000000004 35.95000000000001 259.50000000000006 325.64285714285717 185.50000000000003 266.50000000000006 376.50000000000006 188.50000000000003 261.50000000000006 152.50000000000003 59.105000000000011 -0.59867820553660911 215.50000000000003 8.5000000000000018 22.550000000000004 471.00000000000006 363.50000000000006 352.16666666666669 0.97233289553061597 1.5000000000000002 247.50000000000003 0.81408451933196979 105.16666666666667 179.50000000000003 80.135000000000005
decision_type=8 2 2 10 2 10 2 10 10 10 8 10 10 10 10 2 2 10 10 2 8 10 10 2 10 10 2 10 10 10
left_child=10 19 3 17 8 18 7 16 9 -4 24 12 -8 -14 -15 -12 -7 -3 -6 20 21 22 23 -2 28 26 27 -26 29 -1
right_child=1 2 4 -5 5 6 11 -9 -10 -11 15 -13 13 14 -16 -17 -18 -19 -20 -21 -22 -23 -24 -25 25 -27 -28 -29 -30 -31
leaf_value=0.16459678060050009 0.20175033693276503 -0.013568318234625849 -0.089194390791076605 0.002689249093371586 0.0025044085569714981 -0.22461860227270369 0.045516402615838558 -0.4110302744902492 -0.064235550004662939 0.21913142167121422 -0.0030754874569720414 0.13901584478661022 -1.0355693878581842 0.51250849799645715 -0.027046978372616194 0.19497188714284247 0.0063815509969521143 -0.14133484257250445 0.20970434393565623 0.035488087797429839 -0.18473836239911975 0.1472477730444251 -0.10194138097647226 -0.097634516270378516 0.0057297227259066824 0.02740473783376032 0.032036524846709255 -0.10306609772130407 -0.0073664913876685034 0.0077380815804343681
leaf_weight=29 48 20 20 77 28 39 40 23 24 66 23 34 21 20 111 50 25 62 20 212 23 37 62 26 26 46 43 84 24 37
leaf_count=29 48 20 20 77 28 39 40 23 24 66 23 34 21 20 111 50 25 62 20 212 23 37 62 26 26 46 43 84 24 37
internal_value=0.000471092 -0.000577478 -0.00237718 -0.0080625 -0.000444915 -0.00240331 -0.00410828 -0.0126136 0.00594595 0.00965517 0.00347107 -0.000792952 -0.00279793 -0.00588235 -0.00340909 0.0109459 -0.00738462 -0.0166265 0.00857143 0.00220049 -0.00121827 0.0012069 -0.00175182 0.0056 0.00155172 -0.00105 -0.00448052 -0.00864865 0.00725275 0.0116418
internal_weight=1400 1038 630 159 471 361 313 87 110 86 362 226 192 152 131 73 64 82 48 408 196 173 136 74 289 199 153 110 90 66
internal_count=1400 1038 630 159 471 361 313 87 110 86 362 226 192 152 131 73 64 82 48 408 196 173 136 74 289 199 153 110 90 66
is_linear=0
shrinkage=0.03


Tree=196
num_leaves=31
num_cat=0
split_feature=21 9 21 26 1 20 21 23 29 10 25 18 1 8 18 11 12 23 8 18 19 10 5 5 26 21 19 26 24 10
split_gain=5.99065 5.6868 6.00245 5.06684 4.55285 4.52955 4.94008 5.17847 4.6462 7.62796 7.63458 7.5716 7.68827 6.3801 6.22493 8.46696 9.11304 6.87229 5.67913 4.88382 5.75994 4.77505 4.60384 6.34513 5.94574 5.85399 12.4813 11.9341 10.1442 14.0246
threshold=40.550000000000004 100.41000000000001 41.750000000000007 18.550000000000004 354.50000000000006 7.1500000000000012 39.350000000000001 16.550000000000004 -0.59867820553660911 225.26500000000001 26.850000000000005 22.750000000000004 134.50000000000003 153.07142857142858 12.250000000000002 28.500000000000004 2.5000000000000004 16.150000000000002 192.14285714285717 19.350000000000005 0.90992662233962551 170.13000000000002 481.00000000000006 451.50000000000006 22.550000000000004 28.650000000000002 -0.33379414889141251 32.050000000000004 0.8869770585236475 189.29500000000004
decision_type=2 2 2 2 8 2 2 2 2 8 2 2 10 8 2 2 10 2 8 2 2 10 10 8 2 2 2 2 2 10
left_child=3 2 -2 4 -1 -5 8 -8 9 14 -11 12 -10 -14 -7 16 17 -16 -15 22 -21 -13 23 24 -20 26 -26 -27 29 -29
right_child=1 -3 -4 5 -6 6 7 -9 11 10 -12 21 13 18 15 -17 -18 -19 19 20 -22 -23 -24 -25 25 27 -28 28 -30 -31
leaf_value=0.0069483013435896624 -0.035599704868593561 -0.12861146598320913 0.041962408590108281 0.12917563599565396 -0.10649658838758057 -0.01405350333372894 -0.077357306793109329 0.27259115501920672 0.080920796610216283 -0.26856823316293982 0.013856459392196995 0.028032240825639859 -0.42922162937363861 0.037558642026005486 -0.089747166184561272 -0.18798079612084492 0.092817316322797008 0.14041086598509686 -0.022458691025475444 0.058959882967801885 -0.099982938958190035 0.42672579796221327 -0.09217577231921438 0.4361669485606518 0.2732863852123833 -0.12208071496313891 0.0013068385645669876 0.3741138544136457 0.031799034501236889 -0.076855606919439906
leaf_weight=20 32 40 20 52 20 64 20 32 80 52 29 21 20 38 37 38 47 26 103 28 42 27 37 25 42 94 150 20 86 64
leaf_count=20 32 40 20 52 20 64 20 32 80 52 29 21 20 38 37 38 47 26 103 28 42 27 37 25 42 94 150 20 86 64
internal_value=-0.000383795 -0.00774194 -0.00113208 0.000136882 -0.0102439 0.000470588 9.81194e-05 0.0090566 -0.00030743 -0.00357143 -0.0113415 0.000785877 0.000108434 -0.00084 -0.00056338 0.00281879 0.00702703 -0.00046875 -0.000369863 -0.00099711 -0.0084507 0.0122449 -0.000144695 0.000512821 -0.000160714 0.00131291 0.00528497 -0.00158491 0.00315789 -0.00423529
internal_weight=1406 92 52 1314 40 1274 1222 52 1170 293 81 877 829 749 212 148 110 63 729 691 70 48 621 584 559 456 192 264 170 84
internal_count=1406 92 52 1314 40 1274 1222 52 1170 293 81 877 829 749 212 148 110 63 729 691 70 48 621 584 559 456 192 264 170 84
is_linear=0
shrinkage=0.03


Tree=197
num_leaves=31
num_cat=0
split_feature=28 28 9 6 21 5 25 25 20 29 10 17 9 15 14 16 4 24 13 14 1 5 11 1 20 7 4 16 8 2
split_gain=5.78234 6.39823 5.24156 5.73285 10.1892 9.51006 4.8739 4.77849 7.00803 5.26333 11.2111 5.24417 14.8795 4.30485 4.15406 5.83276 4.88945 3.67702 6.33352 7.30491 7.32998 7.26542 4.22902 6.61146 6.60961 4.37679 7.28064 5.56759 4.69324 4.38718
threshold=-0.99467753128998015 -0.99866806308218525 32.555000000000007 102.50000000000001 34.150000000000013 109.50000000000001 26.350000000000005 26.050000000000004 26.550000000000004 -0.97111920233974802 125.35000000000001 600.46500000000412 51.940000000000005 12.500000000000002 597.50000000000011 2493.0000000000005 293.50000000000006 0.99140711019144623 10.500000000000002 14.500000000000002 368.50000000000006 295.50000000000006 2092.5000000000005 434.00000000000006 10.65 395.16666666666669 392.50000000000006 7401.0000000000009 392.50000000000006 301.50000000000006
decision_type=2 2 2 8 2 10 2 2 2 2 10 10 2 10 10 10 10 2 10 10 10 10 2 10 2 10 10 10 10 10
left_child=1 -1 6 4 13 -5 -2 8 17 10 -9 12 -11 -4 15 16 -13 22 -19 -20 21 -21 23 25 -25 27 -27 28 29 -7
right_child=2 -3 3 5 -6 7 -8 9 -10 11 -12 14 -14 -15 -16 -17 -18 18 19 20 -22 -23 -24 24 -26 26 -28 -29 -30 -31
leaf_value=-0.0016184262596786424 -0.10659012733825676 0.14021618298341793 0.12671683615212137 -0.12780527816776455 -0.026066812543497946 -0.0082854344128423917 0.0027178542350893052 0.058543445221188359 -0.13932525516606631 -0.18465430929199611 -0.12976862683875823 0.055260576603741354 0.36680386708410168 0.0056936134536054788 0.020478935388740779 -0.33774140321912155 -0.026600462248654821 -0.016438447898991057 0.2249628845243177 0.1122796754254243 0.48626603767297977 -0.14941490746940131 0.049246005746266232 0.13895507077322405 -0.21934998600846825 -0.012226335387624658 0.31404377946026613 -0.20251645185459438 -0.17110451121752646 0.0067535862964018629
leaf_weight=21 43 23 26 29 24 347 24 24 37 21 35 33 42 20 20 20 23 22 30 32 36 26 46 29 44 31 27 33 23 227
leaf_count=21 43 23 26 29 24 347 24 24 37 21 35 33 42 20 20 20 23 22 30 32 36 26 46 29 44 31 27 33 23 227
internal_value=8.45666e-05 0.0106667 -0.000261818 0.00016055 0.0084507 -0.000315024 -0.00838235 9.92556e-05 -0.000787084 0.00410959 -0.0035 0.0069375 0.0135937 0.0165957 0.00247423 -0.000779221 0.00421053 -0.000283019 0.00408163 0.00672 0.00252632 -0.0040678 -0.00107673 -0.00161417 -0.0101351 -0.000696662 0.00711864 -0.00142631 -0.000752508 -0.000208696
internal_weight=1418 44 1374 1307 70 1237 67 1208 990 218 59 159 63 46 96 76 56 953 146 124 94 58 807 761 73 688 58 630 597 574
internal_count=1418 44 1374 1307 70 1237 67 1208 990 218 59 159 63 46 96 76 56 953 146 124 94 58 807 761 73 688 58 630 597 574
is_linear=0
shrinkage=0.03


Tree=198
num_leaves=31
num_cat=0
split_feature=4 20 26 19 29 12 12 15 12 14 5 3 19 9 9 26 29 24 7 6 1 19 8 25 12 5 26 28 3 8
split_gain=6.18904 4.01489 6.24141 5.46325 4.19515 5.50174 5.20497 9.48807 4.92732 9.29392 5.95488 8.03443 6.5528 9.02249 5.89001 8.18289 6.69904 5.4428 11.2508 5.11118 4.96555 4.30028 5.18637 5.33624 4.29934 7.35384 4.16098 4.13346 7.76961 7.47862
threshold=492.50000000000006 28.850000000000005 40.350000000000001 0.98321746822993605 0.99249573635719013 48.500000000000007 53.500000000000007 141.50000000000003 27.500000000000004 18.500000000000004 252.50000000000003 252.50000000000003 0.008726203218641598 78.040000000000006 45.645000000000003 33.050000000000004 -0.89404254237865755 0.82409480842201688 313.16666666666669 206.50000000000003 244.50000000000003 -0.92384435400961373 196.92857142857147 21.650000000000002 3.5000000000000004 126.50000000000001 38.850000000000001 0.34235194516023087 347.50000000000006 207.6428571428572
decision_type=8 2 2 2 2 10 10 10 10 10 10 10 2 2 2 2 2 2 10 10 10 2 10 2 10 10 2 2 10 10
left_child=1 2 4 -4 6 -6 8 -8 10 -10 11 14 20 -14 15 16 -1 -15 -19 -13 -12 -16 -23 -24 25 -18 -3 28 29 -9
right_child=-2 26 3 -5 5 -7 7 27 9 -11 12 19 13 17 21 -17 24 18 -20 -21 -22 22 23 -25 -26 -27 -28 -29 -30 -31
leaf_value=-0.12782577335602341 -0.11924414699254128 -0.50717713741581061 0.088397055666034841 -0.010096777437517516 -0.19745216090704445 0.66795186011844598 -0.40751331500210763 -0.034352981607347885 0.21530934637775714 0.0039068212072839968 -0.046388200736829643 0.014608308131407739 -0.047039938045995343 0.039196563513660292 0.099033165869629444 0.14946801346786492 -0.012375884166185642 0.0057572334848066476 -0.17730698011333118 0.23061157407554161 0.033870697506997373 -0.030817016586700274 -0.11830623708745519 0.19345278141190989 0.050119814892878763 0.11578347575999273 0.0035240254160585492 -0.035242835537690094 -0.036328118747271106 0.048261963226216835
leaf_weight=29 42 21 64 25 20 26 23 23 47 137 22 22 28 33 21 32 33 37 43 26 44 109 21 40 23 23 26 144 125 91
leaf_count=29 42 21 64 25 20 26 23 23 47 137 22 22 28 33 21 32 33 37 43 26 44 109 21 40 23 23 26 144 125 91
internal_value=4.28266e-05 0.000397351 0.000708841 0.00833333 0.000147179 0.00893617 -0.000203908 -0.0029484 0.00124514 0.00551351 -0.000102215 0.00213158 -0.00418269 -0.0078169 0.000451807 0.00510638 0.00110092 -0.00394737 -0.00814815 0.0134694 0.00358209 -0.00296875 -0.0045614 0.00241935 0.005625 0.00105263 -0.008125 -0.00179688 0.000625 0.00626087
internal_weight=1400 1358 1311 89 1222 46 1176 406 770 184 586 379 207 141 331 140 108 113 80 48 66 191 170 61 79 56 47 383 239 114
internal_count=1400 1358 1311 89 1222 46 1176 406 770 184 586 379 207 141 331 140 108 113 80 48 66 191 170 61 79 56 47 383 239 114
is_linear=0
shrinkage=0.03


Tree=199
num_leaves=31
num_cat=0
split_feature=1 7 18 18 29 4 8 8 17 8 8 22 6 21 12 18 25 8 16 6 12 0 22 29 19 6 24 25 5 23
split_gain=3.7379 9.67857 4.23302 11.3611 9.68589 9.64721 8.92307 5.52786 5.21772 6.5861 7.78365 5.0219 4.75355 7.37168 5.71117 7.54918 8.4098 8.41558 6.85595 6.68 9.32461 6.60606 5.52745 6.57038 5.29085 9.68407 9.55099 10.2407 4.8948 4.63863
threshold=466.00000000000006 503.00000000000006 9.4500000000000011 10.550000000000002 0.97062204580664158 319.50000000000006 362.9285714285715 220.35714285714286 34808.150000000009 392.50000000000006 373.78571428571433 7.5000000000000009 204.50000000000003 27.050000000000004 23.500000000000004 17.950000000000003 19.050000000000004 267.50000000000006 159.50000000000003 268.50000000000006 908.50000000000011 208.50000000000003 1.0000000180025095e-35 -0.54219087765047058 0.96359376111369366 332.50000000000006 -0.80382625221112003 16.050000000000004 283.50000000000006 11.350000000000003
decision_type=10 8 2 2 2 10 10 8 10 10 10 2 10 2 10 2 2 10 10 10 10 2 2 2 2 10 2 2 10 2
left_child=2 -2 5 -4 8 7 -7 -1 9 10 11 12 13 -5 15 16 -14 -18 -17 21 24 -16 23 -23 26 28 -21 -28 -26 -6
right_child=1 -3 3 4 29 6 -8 -9 -10 -11 -12 -13 14 -15 19 18 17 -19 -20 20 -22 22 -24 -25 25 -27 27 -29 -30 -31
leaf_value=0.023962087809272319 -0.14986156197191974 0.33217481586668779 -0.023658150417069805 0.16567264561781087 0.68959160831625355 -0.095826064198226105 0.069892583079480916 0.22132113712423687 0.094029180411481256 -0.10159432072614891 0.48883631389666332 -0.094059155026824257 -0.17889777538981833 0.0029178818329431522 0.041733589809101655 0.053439069346287053 -0.38637216649312778 0.013360916564627416 -0.22598185250212324 -0.0097947635362770312 -0.14269702422116068 0.19751340081264757 -0.66199140764964048 -0.052546539174993537 -0.026996461502077122 -0.089730311374748906 0.016707741160233949 0.38096344656723347 0.037456571028151302 0.0055348577823008324
leaf_weight=44 41 26 142 20 31 28 35 37 20 39 26 70 59 285 31 39 32 27 20 36 26 26 20 47 20 41 32 50 31 29
leaf_count=44 41 26 142 20 31 28 35 37 20 39 26 70 59 285 31 39 32 27 20 36 26 26 20 47 20 41 32 50 31 29
internal_value=-0.000637845 -0.0075 -0.000290179 -0.000875 0.000198488 0.00455172 -0.00421875 0.0113415 -0.000511022 -0.000828221 -0.000319489 -0.000788609 -0.000142349 0.00284314 -0.00184015 -0.00623596 -0.0105882 -0.0025 0.0025 0.00033241 0.00329114 -0.00528 -0.00925532 -0.00527027 0.00540284 0 0.00957983 0.0151807 0.00865385 0.0118033
internal_weight=1410 67 1343 1199 1057 144 63 81 997 977 938 912 842 305 537 177 118 59 59 360 236 124 93 73 210 92 118 82 51 60
internal_count=1410 67 1343 1199 1057 144 63 81 997 977 938 912 842 305 537 177 118 59 59 360 236 124 93 73 210 92 118 82 51 60
is_linear=0
shrinkage=0.03


Tree=200
num_leaves=31
num_cat=0
split_feature=12 12 19 26 8 1 10 3 12 20 5 6 26 19 9 14 3 8 10 2 7 6 5 27 21 0 22 29 12 15
split_gain=6.8408 7.71626 6.04964 5.39779 6.36341 6.71232 5.58624 6.72298 7.89401 5.6849 13.1232 8.10031 6.91362 6.46351 6.60846 6.5727 6.26167 6.06341 5.38711 5.04972 8.75643 4.68291 4.64326 3.9211 5.77291 4.78499 3.90603 3.9029 3.65402 4.96933
threshold=1.5000000000000002 2.5000000000000004 -0.95368063612909437 40.350000000000001 291.07142857142861 247.50000000000003 159.60000000000002 266.50000000000006 32.500000000000007 22.050000000000004 247.50000000000003 358.50000000000006 35.45000000000001 1.0000000180025095e-35 79.835000000000022 4.5000000000000009 259.50000000000006 241.85714285714289 170.13000000000002 221.50000000000003 143.83333333333334 174.50000000000003 183.50000000000003 10.850000000000003 32.750000000000007 106.50000000000001 3.2500000000000004 -0.29342786347392819 11.500000000000002 74.500000000000014
decision_type=8 10 2 2 10 10 8 8 10 2 10 10 2 2 2 10 10 10 10 8 10 8 8 2 2 2 2 2 10 10
left_child=2 26 -1 6 5 -5 7 8 19 12 13 -12 18 -11 15 -15 -14 -16 -8 20 27 -20 -23 24 25 -4 -2 -3 -24 -30
right_child=1 3 23 4 -6 -7 9 -9 -10 10 11 -13 16 14 17 -17 -18 -19 21 -21 -22 22 28 -25 -26 -27 -28 -29 29 -31
leaf_value=-0.15821132679041547 -0.24997586064433178 -0.019182797283491124 0.088409286980609778 0.053409502088159116 0.060427578383492032 -0.074321444904073525 -0.021025569109091861 0.095491522211092958 -0.13245414684649134 -0.1052317728289912 -0.38592965980261768 -0.011093289655465809 0.43947892049616338 0.0012661879567735922 -0.23022138975522777 0.26207668448781363 -0.0061820764565317177 0.35270844956876757 0.044742987184550595 -0.13081546352818377 0.15455905218639598 -0.15143317093887163 -0.14417320634457695 0.27883723368691266 0.01953407913037182 -0.0074981038493544356 -0.083059903018233419 0.0060922771522861291 0.020328294801902302 -0.0032424716760692716
leaf_weight=20 23 38 21 33 44 22 22 55 48 55 74 31 26 23 23 23 23 22 31 20 29 21 34 21 29 41 23 20 53 431
leaf_count=20 23 38 21 33 44 22 22 55 48 55 74 31 26 23 23 23 23 22 31 20 29 21 34 21 29 41 23 20 53 431
internal_value=-0.000152174 -0.000841346 0.00631579 -0.000374376 0.0063 -0.000535714 -0.000979148 0.00341232 0.000192308 -0.00201568 -0.00583333 -0.0138679 -0.000514019 0 0.0048913 0.012766 0.0102 -0.00326087 -0.00141653 0.00472222 0.00784091 -0.00084063 -0.0015 0.00902655 0.00619565 0.000952381 -0.012766 0.00101695 -0.000924855 -0.000247423
internal_weight=1379 1247 132 1201 99 55 1102 210 155 892 251 105 641 146 91 46 49 45 592 107 87 570 539 112 91 62 46 58 518 484
internal_count=1379 1247 132 1201 99 55 1102 210 155 892 251 105 641 146 91 46 49 45 592 107 87 570 539 112 91 62 46 58 518 484
is_linear=0
shrinkage=0.03


Tree=201
num_leaves=31
num_cat=0
split_feature=25 20 3 8 26 24 11 20 6 8 2 28 23 5 28 28 3 24 28 24 28 26 16 6 20 25 26 21 13 13
split_gain=5.53775 8.59361 5.49873 9.00016 6.24499 5.0781 7.01114 5.42891 4.86475 4.6351 5.86295 4.58985 7.01402 6.80217 3.97828 13.8889 6.15686 5.26769 9.26786 6.41872 6.35294 9.01492 10.157 8.43516 6.49982 5.81717 5.37564 6.4417 4.86113 5.67199
threshold=26.350000000000005 26.450000000000003 126.50000000000001 128.00000000000003 38.550000000000004 0.89490028524376763 56.500000000000007 26.950000000000003 298.50000000000006 260.21428571428578 318.50000000000006 0.21022171450811275 16.550000000000004 154.50000000000003 0.88220160189607266 0.91596454896554913 177.50000000000003 0.86159635224327558 -0.77245553105869302 0.80382625221112025 -0.40614700388750385 22.150000000000002 774.00000000000011 288.50000000000006 8.3500000000000032 7.8500000000000005 19.950000000000003 18.750000000000004 26.500000000000004 1564.5000000000002
decision_type=2 2 8 10 2 2 2 2 10 10 10 2 2 10 2 2 10 2 2 2 2 2 10 10 2 2 2 2 10 10
left_child=1 2 3 -1 14 6 11 -8 -3 -6 -11 12 13 -2 17 -16 -17 19 -19 20 -4 24 23 -23 -22 26 27 -20 -27 -30
right_child=5 8 4 -5 9 -7 7 -9 -10 10 -12 -13 -14 -15 15 16 -18 18 25 -21 21 22 -24 -25 -26 28 -28 -29 29 -31
leaf_value=0.0022627458605580129 0.064916931786660539 -0.17195103227486555 -0.020965439958649766 0.31648766535564549 -0.0028150472969385018 0.084337374914590271 0.0068760556400674485 -0.060089808180665609 0.10170362744978419 1.3541424440924523 0.012077372776050196 0.30038197448267767 -0.0087014344826943091 -0.0064005041108285352 -0.22064374329910322 -0.074993924115324823 0.001591251912233531 0.19137155709873468 0.21670366492897755 -0.26457679074711732 0.0076747792687982038 -0.00030974150769367268 -0.07182202666390182 0.43754352424328258 -0.46240392458379631 -0.022360850957459204 0.53948055038356102 -0.20466378873248686 0.0037699486981890118 -0.39734776159080409
leaf_weight=68 31 61 168 22 20 39 29 43 20 20 20 29 44 25 30 25 156 91 21 33 34 22 26 44 30 60 26 22 131 20
leaf_count=68 31 61 168 22 20 39 29 43 20 20 20 29 44 25 30 25 156 91 21 33 34 22 26 44 30 60 26 22 131 20
internal_value=0.000340184 -0.000512383 0.000192661 0.00725275 -0.00045 0.00448133 0.00252475 -0.00493151 -0.00987805 0.00885246 0.0146341 0.00669231 0.00356436 0.0105263 -0.00105319 -0.00466981 -0.00148352 0 0.0025 -0.00259777 -0.00129231 0.00305732 0.00903226 0.0152239 -0.00553846 -0.000213523 0.00728571 0.000681818 -0.00268868 0.000197368
internal_weight=1410 1170 1089 90 999 240 201 72 81 60 40 129 100 56 939 211 181 728 371 357 324 156 92 66 64 280 69 43 211 151
internal_count=1410 1170 1089 90 999 240 201 72 81 60 40 129 100 56 939 211 181 728 371 357 324 156 92 66 64 280 69 43 211 151
is_linear=0
shrinkage=0.03


Tree=202
num_leaves=31
num_cat=0
split_feature=24 20 20 18 20 7 1 23 26 20 18 19 13 14 16 3 15 12 3 24 3 14 8 14 12 7 16 15 26 23
split_gain=5.01488 7.14207 9.15099 5.11531 4.87013 4.58543 4.68283 4.06134 8.06379 4.57707 5.68602 7.05419 7.48284 8.21307 7.78259 9.14491 7.7338 6.79328 6.60473 6.16677 5.66351 5.62472 5.5156 6.75138 9.62903 7.67362 7.30831 7.25764 6.32918 6.56677
threshold=0.99535829673000953 12.050000000000002 20.350000000000005 14.250000000000002 25.150000000000002 503.00000000000006 466.00000000000006 16.850000000000005 41.650000000000013 27.850000000000005 17.050000000000004 -0.87032255546191706 69.500000000000014 66.500000000000014 2949.5000000000005 252.50000000000003 2754.0000000000005 12.500000000000002 194.50000000000003 0.8869770585236475 343.50000000000006 34.500000000000007 392.50000000000006 5.5000000000000009 46.500000000000007 187.16666666666671 218.50000000000003 63.500000000000007 31.850000000000005 13.450000000000001
decision_type=2 2 2 2 2 10 10 2 2 2 2 2 10 10 10 10 10 10 10 2 10 10 10 10 10 10 10 10 2 2
left_child=5 3 -3 -2 -4 6 7 9 -9 10 11 -1 13 22 15 -14 -16 18 -12 -18 21 -19 23 28 25 -25 27 -27 -13 -30
right_child=1 2 4 -5 -6 -7 -8 8 -10 -11 17 12 14 -15 16 -17 19 20 -20 -21 -22 -23 -24 24 -26 26 -28 -29 29 -31
leaf_value=0.044680279969151471 0.12479419329694849 -0.059841048550704837 0.22092979295584028 1.0644485442917613 0.001752162286467751 0.60328017288974189 -0.1446394777637198 -0.0089893632323958163 0.18028046118554641 -0.12508113791315253 0.030388754255819703 0.00045597058240332445 -0.0047031713797804284 -0.29285967747210123 -0.088792529544725482 0.27603303885490532 -0.0090104477696641531 -0.032995325107378334 0.29452391301494346 0.21158533081573466 0.25937573456433793 0.015939566957730734 -0.30079774147556065 0.11651329513900804 -0.082812486847955988 0.0066104473971037693 0.21048135181459771 -0.16153701354601055 -0.1627917579488303 -0.0017231610111890915
leaf_weight=94 25 43 21 21 20 27 33 372 21 33 48 43 28 26 34 59 36 34 27 20 28 40 26 27 40 39 36 21 27 22
leaf_count=94 25 43 21 21 20 27 33 372 21 33 48 43 28 26 34 59 36 34 27 20 28 40 26 27 40 39 36 21 27 22
internal_value=0.00037172 0.0059542 0.000705882 0.0153191 0.0107143 -0.000217391 -0.000493827 -0.000177665 -0.00266497 0.00106464 0.00154762 0.000103627 -0.00136082 -0.00418831 0.00353933 0.00988636 -0.00263736 0.00623596 0.0130263 0.00421053 0.00116505 -0.0032 -0.00265957 -0.00128906 0.00237805 0.00653226 0.00247423 -0.00393443 -0.00774194 -0.015
internal_weight=1371 130 84 46 41 1241 1214 1181 393 788 755 578 484 307 177 87 90 177 75 56 102 74 281 255 163 123 96 60 92 49
internal_count=1371 130 84 46 41 1241 1214 1181 393 788 755 578 484 307 177 87 90 177 75 56 102 74 281 255 163 123 96 60 92 49
is_linear=0
shrinkage=0.03


Tree=203
num_leaves=31
num_cat=0
split_feature=23 9 23 10 19 24 10 4 3 10 0 20 1 9 18 8 10 26 29 9 9 5 20 18 27 24 21 18 28 5
split_gain=4.44203 6.15236 6.95381 5.94658 5.82994 8.81815 6.81754 8.38778 4.68675 5.63857 4.49236 4.43747 4.56802 12.9035 3.79531 4.32681 6.63535 3.64408 3.4655 4.07266 6.84796 4 5.91338 3.90483 7.57885 6.84482 6.00522 5.86364 6.07492 5.7792
threshold=17.950000000000003 40.255000000000003 15.950000000000001 97.460000000000022 0.11319890333640036 0.81408451933196979 311.74500000000006 288.50000000000006 324.50000000000006 187.79500000000004 154.50000000000003 6.8500000000000005 466.00000000000006 296.07500000000005 21.350000000000005 325.64285714285717 255.44500000000002 39.150000000000013 0.99249573635719013 272.03000000000003 232.08000000000004 434.00000000000006 12.350000000000003 15.550000000000002 5.1500000000000012 -0.4067366430758001 37.95000000000001 9.4500000000000011 -0.43733984355855576 373.50000000000006
decision_type=2 2 2 8 2 2 8 10 10 10 2 2 8 2 2 10 10 2 2 2 2 10 2 2 2 2 2 2 2 10
left_child=1 2 3 -1 6 8 7 10 9 -6 -2 -3 18 -14 15 16 -7 -11 19 20 21 23 -23 25 -25 -13 27 28 -27 -29
right_child=4 11 -4 -5 5 14 -8 -9 -10 17 -12 12 13 -15 -16 -17 -18 -19 -20 -21 -22 22 -24 24 -26 26 -28 29 -30 -31
leaf_value=-0.0034556584884588657 0.00066309458437473266 0.48259795815118534 0.15390554414065577 0.067723478539534976 -0.042387298979909858 -0.088300180184881463 -0.26070144496128217 0.06037615176798624 -0.012832616802711812 0.35268765460983897 -0.47876161424300162 -0.025246555254780104 -0.41470357371164823 1.1002753247957502 0.046863199930930931 -0.05571216830406598 0.0058456346784956283 0.51675306228276718 0.46539522587030685 -0.10931306926378397 0.36602352361390272 0.025660046197905899 -0.17771427135593226 0.0018005632350650558 0.10286924471705625 0.31984668418667522 0.16167150108197176 -0.0042709755841713101 -0.0031428703033609651 0.11799137522867824
leaf_weight=42 24 41 27 21 20 39 36 27 24 24 37 145 25 25 20 24 32 24 30 27 25 23 21 261 20 24 27 214 20 30
leaf_count=42 24 41 27 21 20 39 36 27 24 24 37 145 25 25 20 24 32 24 30 27 25 23 21 261 20 24 27 214 20 30
internal_value=-0.0005 0.000457579 0.00791209 0.00234375 -0.0035241 -0.000432692 -0.00864 -0.00404494 0.00645161 0.0104348 -0.0101613 -0.000250261 -0.000686275 -0.00941176 -0.00594828 -0.0084375 -0.00458333 0.0159184 -0.000172811 -0.000536993 -0.000147965 -0.000648855 -0.00933333 -0.000121294 0.00265957 -0.00182213 0.000664557 -0.000622837 0.00933333 -0.00244898
internal_weight=1379 1048 90 63 331 207 124 88 92 68 61 958 917 50 115 95 71 48 867 837 810 785 44 741 281 460 315 288 44 244
internal_count=1379 1048 90 63 331 207 124 88 92 68 61 958 917 50 115 95 71 48 867 837 810 785 44 741 281 460 315 288 44 244
is_linear=0
shrinkage=0.03


Tree=204
num_leaves=31
num_cat=0
split_feature=28 10 9 28 8 3 24 26 24 26 25 1 14 6 25 9 19 14 16 12 17 17 12 12 15 28 6 28 22 10
split_gain=6.21795 5.13199 9.84943 6.42935 7.39492 9.88821 7.38351 7.72267 6.17358 5.88093 5.86882 7.68494 8.13194 6.53394 6.77619 10.8113 5.63198 5.56648 8.47622 5.08679 6.95304 6.79235 6.2852 6.65732 5.40543 6.79688 5.14626 4.87013 4.81796 4.46832
threshold=-0.99467753128998015 273.91500000000002 141.21500000000003 -0.72696319516528884 414.71428571428578 373.50000000000006 0.99535829673000953 41.300000000000004 0.98321746822993605 27.350000000000005 26.050000000000004 292.50000000000006 16.500000000000004 118.50000000000001 26.550000000000004 52.555000000000007 0.9681107762825325 68.500000000000014 190.50000000000003 64.500000000000014 387.81000000000228 650.79500000000189 87.500000000000014 127.00000000000001 84.500000000000014 -0.32614396506100213 319.50000000000006 -0.99866806308218525 0.25000000000000006 311.74500000000006
decision_type=2 8 2 2 10 10 2 2 2 2 2 10 10 10 2 2 2 10 10 10 10 10 10 10 10 2 10 2 2 10
left_child=27 2 10 4 5 29 7 8 19 -4 11 -2 -13 -12 -15 -16 -8 18 -17 20 24 26 -21 -24 25 -5 -22 -1 -14 -3
right_child=1 3 9 6 -6 -7 16 -9 -10 -11 13 12 28 14 15 17 -18 -19 -20 22 21 -23 23 -25 -26 -27 -28 -29 -30 -31
leaf_value=0.02197665077590898 -0.0074729633881258899 -0.002149022700991736 0.04809202608792873 -0.19169826158893072 1.1532347897708763 -0.19372242548024388 0.15682135604951269 0.082153449982101279 -0.23430115236678489 -0.0010082814964118825 0.012925517123474038 0.3093444866096115 0.023634403511663037 0.059891972096752108 -0.11868514564758427 -0.0015243387165963895 -0.017382558060710381 -0.016135822790541567 0.26189625742985173 -0.33151123606026262 0.63864398298429959 -0.016343915104897917 0.082465029362781758 -0.148219105380727 -0.25702549069452912 0.0089922938681021945 0.0082083479190777093 0.13235483601441331 -0.097119781057805027 0.34622309167602622
leaf_weight=20 389 30 61 25 25 24 35 20 35 24 34 33 54 45 25 28 21 43 32 36 22 34 22 75 22 62 30 21 26 25
leaf_count=20 389 30 61 25 25 24 35 20 35 24 34 33 54 45 25 28 21 43 32 36 22 34 22 75 22 62 30 21 26 25
internal_value=-0.000652647 -0.00100897 0.000528302 -0.00325368 0.00342857 -0.001125 -0.00484091 -0.00632812 -0.00733516 0.0101163 -0.000633803 -0.00238569 0.00447368 0.00360577 0.0012069 -0.00232558 0.00526316 0.00201923 0.00786885 -0.00601824 -0.00290816 0.00344828 -0.0105224 -0.00642857 -0.00790909 -0.00443182 0.0101887 0.0107143 -0.000740741 0.00589286
internal_weight=1378 1337 794 543 104 79 439 383 363 85 709 502 113 207 173 128 56 103 60 328 195 86 133 97 109 87 52 41 80 55
internal_count=1378 1337 794 543 104 79 439 383 363 85 709 502 113 207 173 128 56 103 60 328 195 86 133 97 109 87 52 41 80 55
is_linear=0
shrinkage=0.03


Tree=205
num_leaves=31
num_cat=0
split_feature=5 21 18 18 19 5 27 23 15 2 9 0 24 5 20 5 16 25 25 11 19 24 27 28 25 11 24 6 25 5
split_gain=5.01843 9.6408 6.39031 7.6455 5.97352 6.94437 6.83347 9.57061 7.09329 7.05336 7.30225 7.02077 6.46387 6.02091 9.60137 5.98863 5.31756 5.65156 4.98896 4.96354 4.60119 5.05481 5.37048 5.77027 5.3623 6.37716 5.47847 4.35881 5.91148 7.24575
threshold=307.50000000000006 21.450000000000003 9.4500000000000011 10.850000000000003 -0.96359376111369344 317.50000000000006 0.35000000000000003 20.650000000000002 182.50000000000003 347.50000000000006 174.15000000000001 345.50000000000006 -0.92384435400961373 388.50000000000006 13.65 342.50000000000006 18.500000000000004 24.450000000000003 9.6500000000000004 32.500000000000007 0.1478037830001481 0.92384435400961407 13.000000000000002 0.95998215779580554 26.050000000000004 1.5000000000000002 -0.81408451933196946 342.50000000000006 21.550000000000004 179.50000000000003
decision_type=10 2 2 2 2 10 2 2 10 10 2 2 2 10 2 10 10 2 2 2 2 2 2 2 2 2 2 10 2 10
left_child=1 -1 16 -4 -2 -6 7 8 9 19 -11 -8 -10 15 -15 -14 -3 -18 -12 -7 21 22 23 24 26 -26 -5 28 29 -22
right_child=4 2 3 20 5 6 11 -9 12 10 18 -13 13 14 -16 -17 17 -19 -20 -21 27 -23 -24 -25 25 -27 -28 -29 -30 -31
leaf_value=0.1555995298612676 -0.37317761818034129 -0.010370473724486828 -0.01822665918226363 -0.41544157665105247 -0.14856822912328269 0.024817349394497083 0.22667019805042599 -0.063399007968846774 -0.01636269764984661 -0.13418513005773719 -0.12948640602683098 -0.0053648536414044653 0.071224839210175903 0.53376480655889447 0.095881354878738417 -0.035065941288028167 0.081086495671479061 0.21886480512188625 0.22545377779819034 -0.014878258005741997 -0.013977813551780115 0.01446250046526245 0.030603039013165158 0.18309108447955239 0.044909138463575714 -0.12658039893708575 -0.04731159412094655 -0.17812060820365516 0.023356403319163093 0.0013510581375720675
leaf_weight=38 44 21 77 27 54 58 29 22 21 33 36 26 33 24 58 58 32 20 23 38 29 35 23 22 20 67 52 22 248 110
leaf_count=38 44 21 77 27 54 58 29 22 21 33 36 26 33 24 58 58 32 20 23 38 29 35 23 22 20 67 52 22 248 110
internal_value=-0.000642398 0.000817536 0.000111663 -0.000736698 -0.00284946 -0.00192607 -0.000717391 -0.00207407 -0.000939948 -0.00507937 -0.0109677 0.00910714 0.00307692 0.005 0.0108434 -0.000326087 0.00851351 0.0135849 -0.0045 0.000618557 0.000320122 -0.00291498 -0.00466981 -0.00634921 -0.00826347 -0.00306818 -0.013875 0.00226829 0.00301546 -0.00192857
internal_weight=1400 843 805 732 557 513 459 404 382 188 92 55 194 173 82 91 73 52 59 96 655 246 211 188 166 87 79 409 387 139
internal_count=1400 843 805 732 557 513 459 404 382 188 92 55 194 173 82 91 73 52 59 96 655 246 211 188 166 87 79 409 387 139
is_linear=0
shrinkage=0.03


Tree=206
num_leaves=31
num_cat=0
split_feature=29 20 28 7 3 16 17 16 23 29 5 5 23 19 9 11 29 6 1 5 16 25 11 20 25 29 5 1 29 19
split_gain=4.47356 8.07227 8.63579 6.08716 5.66669 12.6429 5.34596 7.395 6.75699 4.68857 5.61128 9.10731 7.84682 7.09269 7.04383 6.30469 8.38642 6.30233 8.00279 6.89092 5.94073 6.05719 6.55698 6.07293 7.22387 4.88241 4.81266 9.36155 8.93142 4.80853
threshold=0.29958852271690523 12.350000000000003 -0.32614396506100213 481.16666666666669 367.50000000000006 403.50000000000006 366.36000000000234 200.50000000000003 11.750000000000002 0.2499757677084001 254.50000000000003 289.50000000000006 21.350000000000005 0.99140711019144623 75.780000000000015 53.500000000000007 -0.44505783185115427 179.50000000000003 266.50000000000006 159.50000000000003 166.50000000000003 25.950000000000003 6.5000000000000009 25.250000000000004 25.150000000000002 -0.82413948779581736 223.50000000000003 227.50000000000003 -0.73865259438682551 0.67556448321067852
decision_type=2 2 2 10 10 8 10 10 2 2 10 8 2 2 2 2 2 10 10 10 10 2 2 2 2 2 10 10 2 2
left_child=9 2 -2 -3 5 -4 7 -6 -8 10 17 12 -12 14 -13 -16 -17 18 20 -19 21 23 -23 24 -1 -25 27 -21 -28 -30
right_child=1 3 4 -5 6 -7 8 -9 -10 -11 11 13 -14 -15 15 16 -18 19 -20 26 -22 22 -24 25 -26 -27 28 -29 29 -31
leaf_value=-0.007754683710032708 0.056671902245450094 -0.038793880347166125 -0.0035939153409540836 0.38169998675197575 0.071780832655801693 -0.25612032506466903 0.5677804980567992 -0.2956629485533665 -0.0050380725808909683 0.17700380348503642 -0.23154249496166626 -0.018304817151869487 0.020277264673656814 -0.10433918311441687 0.21544666273788379 0.023285829758870304 -0.046396807865747292 0.27363478209862052 -0.41842973989710258 0.060745829487328533 0.028805094327551614 0.015543790348431515 -0.073393620124294789 -0.18703174506442402 0.12720784778715852 -0.01985422809672677 -0.01496305321100749 -0.034034084284341473 0.093700956932388516 0.20940631464632872
leaf_weight=35 40 218 138 24 26 35 41 23 32 23 74 44 20 21 44 38 20 26 27 57 65 77 24 22 23 43 25 65 31 31
leaf_count=35 40 218 138 24 26 35 41 23 32 23 74 44 20 21 44 38 20 26 27 57 65 77 24 22 23 43 25 65 31 31
internal_value=-0.000721868 -0.00275087 0.000267857 -0.00691358 -0.00152027 -0.005 0.00341463 -0.0042 0.00851351 0.000681818 0.000295203 -0.00332061 -0.0107368 0.000892857 0.00326531 0.00757282 0.00101695 0.00201087 -0.000757098 0.00572034 0.000724138 -0.0016 0.00382353 -0.00604839 0.00101695 -0.0122727 0.00385714 0 0.00920455 0.0152381
internal_weight=1412 577 335 242 295 173 122 49 73 835 812 261 94 167 146 102 58 551 316 235 289 224 101 123 58 65 209 122 87 62
internal_count=1412 577 335 242 295 173 122 49 73 835 812 261 94 167 146 102 58 551 316 235 289 224 101 123 58 65 209 122 87 62
is_linear=0
shrinkage=0.03


Tree=207
num_leaves=31
num_cat=0
split_feature=26 29 6 17 20 17 28 26 13 26 8 18 19 18 24 10 17 18 20 26 10 6 24 4 18 14 9 23 6 27
split_gain=5.46624 7.47504 7.03645 6.89479 6.62323 5.18087 5.37324 5.68939 10.6943 4.81686 3.70536 3.20968 8.19212 8.04396 5.97536 3.43135 3.80341 6.09712 5.00321 13.4721 6.37415 4.72003 5.32359 4.57681 4.25509 8.58334 5.87316 5.57811 6.42108 5.39906
threshold=22.750000000000004 0.90803977035715633 384.50000000000006 841.23000000000172 7.1500000000000012 556.09000000000242 -0.022576249993022688 18.750000000000004 20.500000000000004 19.350000000000005 321.71428571428572 9.4500000000000011 0.91702515554752073 10.050000000000002 -0.78257835753184624 495.49500000000006 66.505000000003221 17.750000000000004 25.550000000000004 38.650000000000013 113.83500000000002 309.50000000000006 -0.93663652364155492 317.50000000000006 16.050000000000004 1041.5000000000002 182.77000000000001 11.050000000000002 268.50000000000006 1.0500000000000003
decision_type=2 2 10 8 2 10 2 2 10 2 8 2 2 2 2 10 10 2 2 2 8 10 2 10 2 10 2 2 10 2
left_child=3 11 -3 4 9 6 -6 -8 10 -1 -9 12 14 -13 -2 16 17 -15 19 24 -20 22 -22 -23 25 26 27 28 -18 -26
right_child=1 2 -4 -5 5 -7 7 8 -10 -11 -12 13 -14 15 -16 -17 18 -19 20 -21 21 23 -24 -25 29 -27 -28 -29 -30 -31
leaf_value=-0.032009179983419928 -0.017257933053867872 1.3664644041801415 -0.055889796373831471 -0.18939823269765071 -0.062176070494302849 -0.22286263019465338 -0.048620572327217247 0.055047072007596821 0.10997367493368215 0.57003923275154811 -0.12994534481885353 -0.087886581477384595 -0.15328963920590466 -0.0008463253309471952 0.2031241252069384 1.0321137555454438 -0.0078659797789998719 0.11617167568081949 0.071885945162715639 0.079181856644748763 0.01437733544945786 -0.03812669395048033 -0.11981056675341122 0.1055745959698568 -0.0010497387617743924 0.070251910444285387 -0.23646015367987558 -0.019903128477145628 0.38409619522696176 0.075538517951532283
leaf_weight=22 25 25 21 22 24 24 26 20 36 32 27 60 23 155 57 20 27 50 21 58 24 21 114 26 171 33 22 157 31 24
leaf_count=22 25 25 21 22 24 24 26 20 36 32 27 60 23 155 57 20 27 50 21 58 24 21 114 26 171 33 22 157 31 24
internal_value=-0.00107219 -0.000231561 0.0114894 -0.00525641 -0.00353774 -0.00664557 -0.00425373 -0.00136364 0.0025 0.00545455 -0.006875 -0.000723214 0.00424528 -0.00124138 0.0086747 -0.000565445 -0.000834225 0.00276699 -0.00184932 -0.00028626 -0.0057971 -0.00758065 -0.0103597 0.000625 -0.00199571 -0.00442804 -0.00642857 -0.00486111 0.00305085 0.00137755
internal_weight=1398 1165 46 233 211 157 133 109 83 54 47 1119 105 1014 82 954 934 205 729 523 206 185 138 47 465 270 237 215 58 195
internal_count=1398 1165 46 233 211 157 133 109 83 54 47 1119 105 1014 82 954 934 205 729 523 206 185 138 47 465 270 237 215 58 195
is_linear=0
shrinkage=0.03


Tree=208
num_leaves=31
num_cat=0
split_feature=19 20 27 29 8 8 15 29 19 8 20 9 4 2 8 11 12 2 6 29 7 19 12 10 7 25 11 19 13 13
split_gain=4.22184 5.20717 5.80674 5.11177 4.9487 5.90734 7.26569 4.45244 7.29733 6.65881 4.2327 4.63949 6.98616 6.4075 8.95524 6.32412 9.65246 5.6322 8.95369 5.00192 8.35362 5.57085 9.27869 10.195 5.76196 5.97755 4.6349 5.30366 4.94905 5.39701
threshold=-0.90255091666790832 26.950000000000003 4.6500000000000012 -0.6905596507703472 442.50000000000006 411.35714285714295 205.50000000000003 -0.12545862287572049 -0.95368063612909437 358.21428571428578 7.1500000000000012 110.77000000000002 274.50000000000006 382.50000000000006 313.71428571428578 134.50000000000003 415.50000000000006 268.50000000000006 220.50000000000003 0.99249573635719013 406.16666666666669 0.91702515554752073 28.500000000000004 317.74500000000006 367.16666666666669 10.350000000000003 73.500000000000014 -0.85260769842926909 44.500000000000007 6.5000000000000009
decision_type=2 2 2 2 8 10 10 2 2 10 2 2 10 10 10 2 8 10 10 2 10 2 8 8 10 2 2 2 10 10
left_child=1 2 3 -1 5 10 -7 -5 9 -9 -2 13 -13 14 15 17 -17 26 -19 20 21 24 -23 -24 25 -14 27 -12 29 -29
right_child=4 -3 -4 7 -6 6 -8 8 -10 -11 11 12 19 -15 -16 16 -18 18 -20 -21 -22 22 23 -25 -26 -27 -28 28 -30 -31
leaf_value=0.045512142571393778 0.22139072263568776 -0.088983908169834078 -0.0032935514681236098 -0.013811398200211329 0.20637814994362827 -0.40139537321528534 -0.12788484809478176 0.058287828211358313 0.29359545715668955 -0.50526198824700319 -0.13848462656856994 -0.021785454601931063 -0.12419073973782759 0.46141969825688278 -0.023377852300658759 0.032900682224721436 -0.0096669507288817159 -0.38729446512587457 0.0016056573642771355 0.41166040582997593 -0.13732190576136361 -0.13480204804893617 0.19198931355194132 -0.029700736173565473 0.23597389337685598 0.044856428949062208 -0.36933143765936305 0.0083134813945164865 0.27032043915618231 -0.0053401456939553777
leaf_weight=25 45 35 29 33 55 20 23 36 28 20 34 111 20 24 40 43 31 33 39 25 31 37 53 52 26 65 27 173 35 143
leaf_count=25 45 35 29 33 55 20 23 36 28 20 34 111 20 24 40 43 31 33 39 25 31 37 53 52 26 65 27 173 35 143
internal_value=-0.00105603 0.00289855 0.00505814 0.00755245 -0.00174536 -0.00217507 -0.0129545 0.00483051 0.00847059 0.00210526 -0.00173713 -0.00212848 -0.00456057 -0.000481541 -0.00110184 -0.000107335 0.008 -0.00136082 -0.0090411 -0.00222581 -0.00336842 -0.00153543 -0.00545455 -0.000849057 0.00348214 -0.000348837 0 0.000854922 0.00196023 0.000757098
internal_weight=1391 206 171 142 1185 1130 43 117 84 56 1087 1042 420 622 598 558 74 484 72 309 284 253 142 105 111 85 412 385 351 316
internal_count=1391 206 171 142 1185 1130 43 117 84 56 1087 1042 420 622 598 558 74 484 72 309 284 253 142 105 111 85 412 385 351 316
is_linear=0
shrinkage=0.03


Tree=209
num_leaves=31
num_cat=0
split_feature=25 21 6 20 3 21 29 0 15 19 18 10 21 25 18 23 17 14 24 7 19 12 15 6 5 3 25 25 17 14
split_gain=4.81574 4.82235 10.1254 6.93776 6.09399 5.06979 4.91403 3.95042 3.89868 3.7995 8.65683 9.27382 5.29917 6.3255 4.36083 3.96353 3.86299 7.63635 7.05843 9.3761 6.88912 7.19601 6.46273 5.98642 7.08352 5.54376 5.03314 8.22461 8.42766 5.72293
threshold=5.9500000000000011 22.150000000000002 319.50000000000006 9.3500000000000032 329.50000000000006 20.050000000000004 0.99249573635719013 332.50000000000006 53.500000000000007 -0.88697705852364728 14.250000000000002 143.22500000000002 28.450000000000003 25.050000000000004 16.750000000000004 25.000000000000004 1487.0600000000027 66.500000000000014 -0.4067366430758001 285.33333333333343 0.92384435400961407 167.50000000000003 2338.5000000000005 280.50000000000006 247.50000000000003 429.00000000000006 26.350000000000005 23.850000000000005 68.254999999999981 17.500000000000004
decision_type=2 2 8 2 10 2 2 2 10 2 2 8 2 2 2 2 10 10 2 10 2 10 10 10 10 10 2 2 10 10
left_child=-1 2 5 4 -4 -2 9 -6 -5 10 12 14 -3 -14 -12 16 17 26 19 -18 23 -22 -23 24 -20 -25 27 29 -29 -11
right_child=1 6 3 8 7 -7 -8 -9 -10 15 11 -13 13 -15 -16 -17 18 -19 20 -21 21 22 -24 25 -26 -27 -28 28 -30 -31
leaf_value=0.27641678878312204 0.19143503834760622 0.28463636140255233 -0.065357479698320162 -0.014835356189292099 0.14790849030397624 -0.001267922398865835 0.93224003338482353 -0.019589754682977797 -0.44255160039367097 0.0094294247216075173 -0.0021669459786906485 -0.21306267282020058 -0.2606716264209949 0.050355451204726051 0.078015647255721562 0.049286374924421637 0.032162309937382359 -0.17575152313732872 0.047029445010766155 -0.080723890309850221 0.011799732807288877 -0.098501079959512475 0.010120910286595119 0.6465434910290867 -0.041214176763323847 0.00016454995165361195 0.012671493841262134 -0.0077460578806383745 -0.28495184634080711 -0.0075985800589148762
leaf_weight=22 25 21 27 20 20 33 20 36 26 99 23 69 25 43 24 32 25 63 31 50 20 44 48 49 23 21 121 103 62 188
leaf_count=22 25 21 27 20 20 33 20 36 26 99 23 69 25 43 24 32 25 63 31 50 20 44 48 49 23 21 121 103 62 188
internal_value=-0.000572843 -0.000797414 -0.00526596 -0.00992308 -0.00464286 0.00508475 -9.95851e-05 0.00105263 -0.0191489 -0.00035443 0.00334951 -0.00205128 0.0103333 0.00608696 0.008125 -0.00113265 -0.00148734 -0.00282575 0.00125 -0.00671053 0.00379747 -0.00159292 -0.00516129 0.00864 0.00109091 0.0143662 -0.00172474 -0.00317881 -0.00849398 -0.000104167
internal_weight=1413 1391 187 129 83 58 1204 56 46 1184 205 116 89 68 47 979 947 636 311 75 236 112 92 124 54 70 573 452 165 287
internal_count=1413 1391 187 129 83 58 1204 56 46 1184 205 116 89 68 47 979 947 636 311 75 236 112 92 124 54 70 573 452 165 287
is_linear=0
shrinkage=0.03


Tree=210
num_leaves=31
num_cat=0
split_feature=0 8 24 11 6 29 15 5 9 23 10 11 24 8 7 22 14 5 0 24 9 23 19 19 10 10 18 29 19 2
split_gain=6.39244 11.7802 5.71775 9.46536 6.9238 6.38391 6.28856 7.65598 6.31761 5.11243 6.34431 9.37715 5.09968 4.91485 4.82905 4.59399 5.2796 4.42775 3.88915 5.27193 3.50831 3.36388 5.39533 15.4039 5.48376 5.51338 5.0265 5.82362 4.0872 8.7003
threshold=470.50000000000006 411.35714285714295 0.99535829673000953 175.50000000000003 110.50000000000001 0.98486764554468398 13.500000000000002 105.50000000000001 35.555000000000007 10.550000000000002 295.3300000000001 9.5000000000000018 -0.56638466991089642 422.21428571428578 439.50000000000006 0.8500000000000002 15.500000000000002 358.50000000000006 208.50000000000003 -0.4067366430758001 47.090000000000011 21.350000000000005 0.66259481767468265 -0.73724926354828224 228.95500000000001 288.96500000000009 9.9500000000000011 0.14888728888808328 0.99140711019144623 279.50000000000006
decision_type=2 10 2 2 10 2 10 8 2 2 8 2 2 10 10 2 10 10 2 2 2 2 2 2 10 10 2 2 2 10
left_child=1 2 4 15 6 9 8 20 -1 10 11 12 -6 -3 -15 16 -4 -12 -13 -20 -8 26 23 -23 -24 -26 27 -11 -28 -30
right_child=-2 13 3 -5 5 -7 7 -9 -10 21 17 18 -14 14 -16 -17 -18 -19 19 -21 -22 22 24 -25 25 -27 28 -29 29 -31
leaf_value=0.0023072998632875396 0.48602839447015611 -0.67198978902496032 0.12736187563702686 0.22215564789687361 0.011769879619565842 0.37479098542103312 0.0037938328123745179 0.020957556355907625 0.12856936285838513 -0.010303130010245241 -0.031750409504289791 0.18619541318916646 -0.20348635899173459 0.010462028575263389 -0.24794074891496365 0.16214749196610939 -0.032144640919886738 0.0068263269446987348 -0.0054175834265600999 0.54805051837033936 -0.52518216176596344 0.011630675023197909 0.89722502352947398 -0.1321586578478533 -0.062612866425743041 0.40477560131625179 -0.0033508620357986271 -0.16836863462357599 -0.39028121861400833 4.9867186077108273e-05
leaf_weight=25 56 27 24 22 20 35 22 27 35 39 35 20 24 21 22 20 48 33 33 38 20 36 20 20 21 23 518 30 40 39
leaf_count=25 56 27 24 22 20 35 22 27 35 39 35 20 24 21 22 20 48 33 33 38 20 36 20 20 21 23 518 30 40 39
internal_value=-0.000365854 -0.000784753 -0.000118297 0.00626087 -0.000753899 -0.00158049 0.00576923 -0.000428571 0.0127869 -0.0020303 0.00220588 0.00595588 -0.00533333 -0.0126761 -0.00613636 0.00193548 -0.00164384 -0.00521739 0.011413 0.00791667 -0.00837209 -0.00312579 0.0014876 -0.00526316 0.00738462 0.00133333 -0.00395802 -0.0115714 -0.0030602 -0.009375
internal_weight=1393 1337 1267 114 1153 1024 129 69 60 989 203 135 44 70 43 92 72 68 91 71 42 786 120 56 64 44 666 69 597 79
internal_count=1393 1337 1267 114 1153 1024 129 69 60 989 203 135 44 70 43 92 72 68 91 71 42 786 120 56 64 44 666 69 597 79
is_linear=0
shrinkage=0.03


Tree=211
num_leaves=31
num_cat=0
split_feature=21 2 20 5 29 15 6 6 8 6 7 8 9 9 28 8 26 20 27 2 22 3 8 12 7 13 26 15 5 5
split_gain=6.88434 5.99848 6.867 6.70177 4.0919 7.633 4.56955 8.2453 6.03037 6.77391 7.36798 6.58044 7.80357 6.15856 5.71372 7.28788 5.6742 5.03776 7.26357 6.24546 7.53869 6.11154 9.97205 9.98145 6.00404 5.90987 8.81052 6.55946 5.87769 5.995
threshold=22.150000000000002 233.50000000000003 6.1500000000000012 310.50000000000006 0.93158198870884079 139.50000000000003 502.50000000000006 454.50000000000006 325.64285714285717 367.50000000000006 325.83333333333343 304.50000000000006 141.21500000000003 109.95 -0.37447345805034543 401.28571428571439 26.650000000000002 22.250000000000004 0.25000000000000006 286.50000000000006 0.25000000000000006 169.50000000000003 266.57142857142861 28.500000000000004 249.83333333333334 2.5000000000000004 31.050000000000004 9.5000000000000018 88.500000000000014 254.50000000000003
decision_type=2 8 2 8 2 10 10 10 10 10 10 10 2 2 2 10 2 2 2 10 2 10 10 10 10 10 2 10 10 10
left_child=1 -1 -3 -4 6 -6 7 8 11 -10 -11 13 -13 16 15 -12 -2 18 21 24 -21 -18 23 -23 25 27 -27 -19 -28 -30
right_child=4 2 3 -5 5 -7 -8 -9 9 10 14 12 -14 -15 -16 -17 17 19 -20 20 -22 22 -24 -25 -26 26 28 -29 29 -31
leaf_value=0.11007001702794354 -0.15216099194876534 0.27770107200835498 0.036422892414999519 -0.044721342122357441 -0.065804741178892526 1.2252881024625919 -0.33344510116672438 0.649364114341341 -0.039877225599349801 -0.1163248553211821 0.39267588356586824 0.0036817711200495748 0.46745502414906981 -0.01736882309826342 -0.01330804888362877 0.14567137382565731 0.02228827893336387 0.0038868052810572349 0.38965898378557795 0.0041498154278895071 -0.42614879350755586 -0.10268841652533538 0.18076867358045831 0.0096293982346645629 0.10177983793044745 -0.29318581823923606 -0.16589566828119579 0.083288480396637388 0.0049900551740697094 -0.12584613822948681
leaf_weight=21 29 32 36 118 22 34 27 22 139 20 23 35 20 125 31 32 25 114 21 27 20 28 27 42 37 29 28 28 156 54
leaf_count=21 29 32 36 118 22 34 27 22 139 20 23 35 20 125 31 32 25 114 21 27 20 28 27 42 37 29 28 28 156 54
internal_value=-0.000299359 -0.00533654 -0.00705882 -0.00967742 0.000576923 0.00842105 0.000184211 0.000485175 0.000109991 -0.00402439 0.00168224 0.00131206 0.01125 0.000606827 0.00551724 0.01125 0.00175676 0.00235479 0.00729167 0.000910931 -0.009375 0.00439024 0.000918367 -0.00507042 0.00201342 0.00095122 -0.0016791 0.00587413 0.000251046 0.00199052
internal_weight=1402 207 186 154 1195 56 1139 1112 1090 245 106 845 55 790 86 55 665 636 143 493 47 122 97 70 446 409 267 142 238 210
internal_count=1402 207 186 154 1195 56 1139 1112 1090 245 106 845 55 790 86 55 665 636 143 493 47 122 97 70 446 409 267 142 238 210
is_linear=0
shrinkage=0.03


Tree=212
num_leaves=31
num_cat=0
split_feature=26 6 29 26 9 19 11 10 6 7 9 26 12 11 26 23 11 24 5 15 1 25 6 10 11 13 10 17 13 1
split_gain=8.16553 9.44409 5.71993 5.42079 5.2043 6.3048 5.5697 4.88321 5.45562 4.61281 6.77297 5.94659 7.08984 6.04916 5.89575 4.94322 6.78609 5.81364 11.1316 6.69027 6.57556 6.13839 5.81633 5.80316 6.93098 5.5753 4.9202 6.23873 8.17473 8.29079
threshold=22.850000000000005 437.50000000000006 0.87709077819680659 22.250000000000004 165.10000000000002 0.97625883275952063 19.500000000000004 308.78000000000003 317.50000000000006 289.16666666666669 84.445000000000007 39.350000000000001 341.50000000000006 213.50000000000003 41.050000000000004 16.650000000000002 50.500000000000007 0.85260769842926931 150.50000000000003 24.500000000000004 153.50000000000003 26.350000000000005 179.50000000000003 186.05000000000004 7.5000000000000009 2.5000000000000004 41.475000000000009 68.254999999999981 30.500000000000004 204.50000000000003
decision_type=2 10 2 2 2 2 2 10 8 10 2 2 10 2 2 2 2 2 10 10 10 2 10 10 2 10 10 10 10 10
left_child=1 3 9 4 5 6 -1 -6 -9 11 -11 12 13 15 -12 16 17 18 19 21 -20 25 -19 24 -22 -2 -17 -28 -29 -30
right_child=2 -3 -4 -5 7 -7 -8 8 -10 10 14 -13 -14 -15 -16 26 -18 22 20 -21 23 -23 -24 -25 -26 -27 27 28 29 -31
leaf_value=-0.0058965976302329179 0.031678794600990302 0.017751010123519394 0.28493782471693518 -0.044425833538184918 -0.47080158584045251 -0.015567761200930192 0.070823008709162985 0.40785448398475804 -0.17063386647300091 -0.054907634733419287 -0.011679892725096579 0.028727618175361725 -0.038218159956591079 0.3784238250424482 0.22473615531646429 -0.23180997370456483 -0.016542523371531531 0.0046480390068551003 -0.2483983380589585 0.16301084866637325 -0.0067830291335715743 0.060126479826097277 0.13198991768340193 -0.1505638432261506 0.057166744841319422 -0.12676053099266205 0.014158022496139323 -0.071010420760695539 -0.40145474268053505 0.042907447569753857
leaf_weight=30 32 38 56 24 22 28 25 20 52 37 310 89 33 25 22 26 56 37 29 21 41 27 57 23 33 26 50 61 21 38
leaf_count=30 32 38 56 24 22 28 25 20 52 37 310 89 33 25 22 26 56 37 29 21 41 27 57 23 33 26 50 61 21 38
internal_value=-0.000841727 -0.005875 0.000208514 -0.00846535 -0.00657303 -0.00107143 0.00482143 -0.0113684 -0.00739726 -0.000273973 -0.003 0.0011157 9.41915e-05 0.000844371 -0.00162162 0.000207254 0.00219321 0.00385321 0.00128755 0.00841121 -0.00472441 0.00453488 0.0101053 -0.000918367 0.0032 -0.00101695 -0.00365482 -0.00175439 -0.00545455 0.0025
internal_weight=1389 239 1150 201 177 83 55 94 72 1094 369 725 636 603 332 578 382 326 232 106 126 85 94 97 74 58 196 170 120 59
internal_count=1389 239 1150 201 177 83 55 94 72 1094 369 725 636 603 332 578 382 326 232 106 126 85 94 97 74 58 196 170 120 59
is_linear=0
shrinkage=0.03


Tree=213
num_leaves=31
num_cat=0
split_feature=7 1 24 0 5 25 26 3 10 25 10 20 3 4 12 18 28 25 23 7 25 2 24 28 9 7 28 1 23 15
split_gain=5.70405 8.30556 8.72576 6.4766 8.10516 5.93875 7.61046 7.61189 10.9797 6.04469 7.00737 5.83292 5.58839 5.41934 13.2659 5.33939 8.54895 5.13538 5.07016 5.19512 4.98715 4.84495 6.81747 4.36083 4.18515 4.94154 3.64487 4.6964 4.95974 4.69551
threshold=289.16666666666669 340.50000000000006 -0.91702515554752051 357.50000000000006 292.50000000000006 25.750000000000004 28.550000000000004 324.50000000000006 278.49000000000007 14.050000000000002 397.13000000000005 20.850000000000005 304.50000000000006 450.50000000000006 1275.5000000000002 11.750000000000002 0.89404822654372251 11.750000000000002 10.15 308.16666666666669 8.9500000000000011 80.500000000000014 -0.98321746822993583 -0.52766804058324157 133.32500000000002 274.50000000000006 0.99274428880883148 269.50000000000006 9.2500000000000018 87.500000000000014
decision_type=8 10 2 2 8 2 2 8 10 2 10 2 10 10 10 2 2 2 2 10 2 10 2 2 2 10 2 10 2 10
left_child=21 2 -2 11 -5 6 7 12 -9 10 -10 18 -3 14 15 -8 -17 20 -4 -20 -12 23 -23 -1 25 26 27 28 -24 -29
right_child=1 5 3 4 -6 -7 13 8 9 -11 17 -13 -14 -15 -16 16 -18 -19 19 -21 -22 22 24 -25 -26 -27 -28 29 -30 -31
leaf_value=0.017829117242257411 0.05853325120162111 -0.0089941988067687353 -0.082049501953713952 0.4472123099978364 -0.29021389098295286 -0.020481063274239091 0.75520866441248302 0.34998012619701541 -0.034951232689376464 -0.32921001924189086 0.43128590838630004 -0.053260405691416962 -0.2243193342995346 0.43898851398640032 -0.17591682462419442 -0.17506443621358711 0.63954221530054489 0.7786512954970356 0.01219583192619666 -0.029875696425644947 -0.089219980363970983 0.090186654040388128 -0.01840401573574894 -0.25154527746257366 -0.049088757169105574 0.029900384659479185 0.0081677597205172953 -0.36479126634259729 0.0023421680935771859 0.029265037494232898
leaf_weight=23 30 27 33 20 35 29 25 42 70 32 22 41 22 21 31 26 22 22 33 45 21 30 31 24 30 45 34 25 495 23
leaf_count=23 30 27 33 20 35 29 25 42 70 32 22 41 22 21 31 26 22 22 33 45 21 30 31 24 30 45 34 25 495 23
internal_value=-0.000659574 -0.00272308 -0.00718487 -0.009375 -0.000535714 -0.000145278 0.000859375 -0.00208494 0.000428571 -0.00303571 -0.000220588 -0.012549 -0.0126 0.00690476 0.004 0.0109459 0.00489796 0.00681818 -0.00883929 -0.00455696 0.000681818 0.00110381 0.00172269 -0.008125 0.00109649 0.0016055 0.0008867 0.000313043 0.00113852 -0.00857143
internal_weight=1409 649 237 207 55 412 383 258 209 167 135 152 49 125 104 73 48 65 111 78 43 760 713 47 683 653 608 574 526 48
internal_count=1409 649 237 207 55 412 383 258 209 167 135 152 49 125 104 73 48 65 111 78 43 760 713 47 683 653 608 574 526 48
is_linear=0
shrinkage=0.03


Tree=214
num_leaves=31
num_cat=0
split_feature=7 14 28 1 14 2 4 26 20 12 17 12 12 18 25 7 5 15 7 28 26 28 1 0 28 3 2 15 15 28
split_gain=7.01936 9.69892 9.38117 8.00608 6.42424 6.27378 6.8014 4.92904 9.09335 4.67287 7.86977 4.77503 5.24743 3.62203 11.5784 7.93521 6.78356 4.17937 4.02165 3.61937 3.39827 2.93198 11.5559 9.65228 9.13312 6.10521 5.76018 4.99912 11.3326 4.57313
threshold=359.83333333333343 1728.5000000000002 -0.72696319516528884 352.50000000000006 1671.0000000000002 371.50000000000006 434.00000000000006 18.750000000000004 7.5500000000000007 362.50000000000006 15242.205000000007 241.00000000000003 167.50000000000003 11.65 14.050000000000002 391.50000000000006 375.50000000000006 275.50000000000006 427.66666666666669 0.61237135649459018 37.150000000000013 0.87397152483179585 223.50000000000003 232.50000000000003 0.93544191479114935 210.50000000000003 295.50000000000006 98.500000000000014 53.500000000000007 0.80926549319045582
decision_type=10 10 2 10 10 10 10 2 2 10 10 10 10 2 2 10 10 10 10 2 2 2 10 2 2 10 10 10 10 2
left_child=1 3 4 5 -2 6 9 -4 -9 11 20 12 21 14 15 -10 17 -15 -17 -5 -11 29 23 25 -24 -23 27 28 -26 -1
right_child=2 -3 7 19 -6 -7 -8 8 13 10 -12 -13 -14 16 -16 18 -18 -19 -20 -21 -22 22 24 -25 26 -27 -28 -29 -30 -31
leaf_value=0.0027521475227553082 -0.033920938819953506 -0.12401448981044694 -0.4615783746924535 0.16806709786116186 0.48233823198088827 -0.019958776373305086 0.26539535809717446 0.21514613302593658 -0.042131206909410822 -0.45038300421490163 0.017989824876685247 0.55200148724167031 -0.043163999281588018 0.23877587522406798 -0.32735497101623251 0.32316617244627566 -0.13472286060023378 -0.1722160054578562 0.00053545392920170795 0.066563913189209817 -0.051990785036714157 0.021409924352349775 -0.17464387132728376 0.27702860944278968 0.084639027443549966 -0.016125898011688095 0.013210150865944854 0.0039620361666692361 -0.82623188204995812 0.028387086369405665
leaf_weight=581 32 22 21 39 33 36 21 32 25 21 35 24 22 34 20 20 42 24 21 24 20 29 27 22 22 37 28 23 25 33
leaf_count=581 32 22 21 39 33 36 21 32 25 21 35 24 22 34 20 20 42 24 21 24 20 29 27 22 22 37 28 23 25 33
internal_value=-0.00010745 0.00101648 -0.00413115 0.00142991 0.00590909 0.000774578 0.00123584 -0.006875 -0.00547945 0.000852632 -0.00623377 0.00147597 0.00109412 -0.00802139 -0.00344828 0.00268657 -0.0118812 -0.00508475 0.0107143 0.0117188 -0.015 0.00148551 -0.00154206 0.00674157 -0.00738095 0.000895522 -0.0030303 -0.00760563 -0.013125 0.00253659
internal_weight=1395 1091 304 1069 65 1006 970 239 218 949 76 873 849 186 86 66 100 58 41 63 41 827 213 88 125 66 98 70 47 614
internal_count=1395 1091 304 1069 65 1006 970 239 218 949 76 873 849 186 86 66 100 58 41 63 41 827 213 88 125 66 98 70 47 614
is_linear=0
shrinkage=0.03


Tree=215
num_leaves=31
num_cat=0
split_feature=26 20 26 25 14 10 24 23 2 15 3 1 18 26 10 10 5 26 5 5 23 29 6 4 20 25 9 22 25 14
split_gain=6.44076 8.76882 7.64661 7.446 7.28741 8.46961 6.42609 6.34686 9.26812 7.6622 7.58545 6.69723 5.81146 5.50056 4.86548 4.42133 4.53872 4.38715 4.05946 9.96986 3.97986 6.35497 6.76887 7.83158 6.61653 7.86637 8.54113 6.25225 5.98164 5.66038
threshold=29.150000000000002 13.050000000000002 22.650000000000002 6.2500000000000009 29.500000000000004 203.00000000000003 0.58068084432175959 15.950000000000001 358.50000000000006 2450.0000000000005 340.50000000000006 322.50000000000006 9.4500000000000011 25.250000000000004 271.18500000000006 240.87000000000003 354.50000000000006 32.050000000000004 373.50000000000006 320.50000000000006 15.15 0.16587474750015932 293.50000000000006 246.50000000000003 26.850000000000005 21.450000000000003 97.385000000000019 5.5500000000000007 28.250000000000004 2.5000000000000004
decision_type=2 2 2 2 8 10 2 2 8 10 8 10 2 2 10 10 10 2 10 10 2 2 10 10 2 2 2 2 2 10
left_child=1 2 3 -1 5 -5 -4 8 11 -10 -9 -3 17 18 -7 -6 -17 -2 19 -8 -14 22 24 -24 25 26 -22 29 -26 -27
right_child=12 7 6 4 15 14 13 10 9 -11 -12 -13 20 -15 -16 16 -18 -19 -20 -21 21 -23 23 -25 28 27 -28 -29 -30 -31
leaf_value=0.28121505613940256 0.0020981334693155416 -0.0051626868828986965 0.2104616583287148 -0.019732752096589364 -0.00071575430996773548 0.64665229694533022 0.1544530395121933 -0.53603901857308611 -0.31534546812864317 -0.030959164126271047 -0.05487162373727926 0.12460435655569568 -0.006663013942939955 0.11485673867760908 -0.0047422259184963875 -0.14844928490288964 -0.22554921998855718 0.13815493327500206 0.096394804375118784 -0.23685467586737102 0.12731765737952203 0.63325015161927178 -0.12106369458041441 -0.0020781897011413262 -0.17995065748477812 0.26536818954975844 -0.28664909269474886 -0.005994424921071868 0.042104311295266254 0.036641370775308532
leaf_weight=31 28 32 44 25 20 20 23 36 24 27 20 22 364 35 39 34 47 35 20 23 21 26 20 66 51 27 20 25 42 131
leaf_count=31 28 32 44 25 20 20 23 36 24 27 20 22 364 35 39 34 47 35 20 23 21 26 20 66 51 27 20 25 42 131
internal_value=-0.00139231 -0.0040153 -0.00140884 -0.00497696 -0.00725806 -0.000705882 0.00390411 -0.00981481 -0.00537736 -0.0144231 -0.0178947 0.00327273 0.000210035 -0.000294118 0.0055 -0.0126471 -0.0157317 0.00890625 -0.00537313 -0.0102128 -0.000491184 0.00146512 0.000519802 -0.00689655 0.00254717 0.00533333 -0.00642857 0.00798913 -0.00414894 0.0101887
internal_weight=1378 522 361 216 185 84 145 161 105 51 56 54 856 101 59 101 81 63 66 46 793 429 403 86 317 224 41 183 93 158
internal_count=1378 522 361 216 185 84 145 161 105 51 56 54 856 101 59 101 81 63 66 46 793 429 403 86 317 224 41 183 93 158
is_linear=0
shrinkage=0.03


Tree=216
num_leaves=31
num_cat=0
split_feature=26 20 14 5 24 0 24 26 9 0 19 22 23 7 25 13 23 16 5 10 0 18 8 7 1 1 10 1 25 29
split_gain=5.622 10.4812 8.08997 6.43696 6.45362 4.87619 4.62228 4.6711 5.92017 4.12287 5.84831 4.44286 5.12379 4.6054 4.22815 5.05086 7.32894 7.91511 6.453 6.15528 5.08361 7.43221 11.0397 5.53588 7.38208 8.8178 10.4254 7.39378 5.55665 9.20993
threshold=22.550000000000004 8.2000000000000011 59.500000000000007 340.50000000000006 0.93663652364155514 318.50000000000006 0.97233289553061597 19.350000000000005 194.16000000000003 454.50000000000006 -0.92384435400961373 11.15 23.750000000000004 290.33333333333343 9.8500000000000032 2.5000000000000004 13.15 9.5000000000000018 88.500000000000014 442.05500000000006 367.50000000000006 10.850000000000003 111.3214285714286 143.83333333333334 300.50000000000006 340.50000000000006 236.34500000000003 291.50000000000006 25.650000000000002 -0.98212955754013376
decision_type=2 2 10 8 2 2 2 2 2 2 2 2 2 10 2 10 2 10 10 8 2 2 10 10 10 10 10 10 2 2
left_child=1 6 3 4 -3 -5 7 -1 -9 10 -2 12 14 -14 -12 16 17 -16 -17 20 21 -20 -23 -24 27 26 -26 28 -25 -30
right_child=9 2 -4 5 -6 -7 -8 8 -10 -11 11 -13 13 -15 15 18 -18 -19 19 -21 -22 22 23 24 25 -27 -28 -29 29 -31
leaf_value=-0.12932115167093683 0.020013443775207234 -0.22800261442983469 -0.17757643046883742 0.01890075619122001 -0.013140273187618731 -0.18635795291234955 0.30646438730039904 -0.024352367487602465 0.51814507322492143 0.40987515829525023 0.42385006455576929 -0.10678654790556777 0.035822465456582221 -0.011797139790918719 -0.011466181613050708 -0.17700718885580477 -0.0077674522815985364 0.17509574302947734 -0.033310327663170512 -0.18796912317525039 0.048122577332004535 0.087902996364400965 -0.31332205653178247 -0.0062039285370948955 0.0061034477627191558 0.0043207410413651816 -0.12001994501312224 0.038081285637033058 -0.033544646590343064 0.16034016308167878
leaf_weight=27 142 23 24 20 29 34 25 28 26 52 25 44 30 20 21 31 56 28 98 24 122 20 34 198 23 58 42 24 26 64
leaf_count=27 142 23 24 20 29 34 25 28 26 52 25 44 30 20 21 31 56 28 98 24 122 20 34 198 23 58 42 24 26 64
internal_value=-0.00109937 -0.00531646 -0.0109924 -0.00728972 -0.014717 0 0.00168224 -0.00182927 0.00327273 -0.000253593 -0.000636605 -0.00145602 -0.00101587 0.00823529 -0.0015419 -0.00189655 0.00424528 0.0126 -0.0027451 -0.00216621 -0.00164789 -0.00280612 -0.00128571 -0.00223404 -0.00130734 -0.0075 -0.015 0.00115016 -0.000207612 0.00593407
internal_weight=1418 236 130 106 52 54 106 81 54 1182 1130 988 944 50 894 869 105 49 764 733 709 587 489 469 435 123 65 312 288 90
internal_count=1418 236 130 106 52 54 106 81 54 1182 1130 988 944 50 894 869 105 49 764 733 709 587 489 469 435 123 65 312 288 90
is_linear=0
shrinkage=0.03


Tree=217
num_leaves=31
num_cat=0
split_feature=2 7 26 7 28 24 21 29 13 26 29 23 2 29 22 27 10 13 16 3 24 2 10 15 29 10 26 28 10 2
split_gain=6.15186 5.08514 6.09685 7.56112 5.3089 5.0895 5.86726 5.64921 5.90084 6.03749 5.50635 7.36364 5.05695 5.74794 8.73718 5.52403 4.9406 6.07984 6.31776 6.86545 6.36017 5.53045 10.5027 5.07858 4.8524 7.14073 7.13593 7.73417 5.69302 5.695
threshold=80.500000000000014 503.00000000000006 32.550000000000004 109.16666666666667 -0.97876850416056738 0.99140711019144623 42.350000000000001 -0.98521978256641018 543.50000000000011 41.45000000000001 -0.67801649466304881 16.350000000000005 314.50000000000006 -0.93543596745397617 2.0500000000000003 1.1500000000000001 186.05000000000004 46.500000000000007 205.50000000000003 315.50000000000006 -0.80382625221112003 240.50000000000003 100.63000000000001 17.500000000000004 0.74298546529340237 270.39500000000004 22.750000000000004 -0.022576249993022688 425.57000000000005 382.50000000000006
decision_type=8 10 2 10 2 2 2 2 10 2 2 2 10 2 2 2 8 10 10 8 2 10 10 8 2 8 2 2 8 10
left_child=-1 2 4 -4 -2 6 7 -5 9 12 -10 -12 13 -9 15 -15 17 18 19 20 -6 22 -22 -18 28 -26 -27 -28 29 -25
right_child=1 -3 3 5 16 -7 -8 8 10 -11 11 -13 -14 14 -16 -17 23 -19 -20 -21 21 -23 -24 24 25 26 27 -29 -30 -31
leaf_value=-0.065214990256049529 -0.4198132097061496 0.55285756350695969 0.055315603544284817 -0.021719324669472399 -0.052000800452860291 0.070682737152083064 -0.01141743395499418 0.35922370747446536 -0.22560503992021863 0.2948753994703307 -0.034989457413770422 0.12606927444292751 -0.016861790039248488 0.0027911035277656993 -0.043211677749105344 0.27479781879435178 -0.90801520729553686 0.24217351265295037 -0.015301122608737215 0.29348378441183515 -0.0024883056346197917 -0.050693454100767782 0.14032145664303669 -0.09333717461500271 0.015054705211957184 -0.031101207650085599 -0.006710729978069878 1.1623284216283107 -0.15584313610863815 0.35795503009167473
leaf_weight=46 26 25 28 58 49 65 24 34 22 22 21 21 57 173 24 22 21 20 21 21 40 25 39 130 68 139 78 22 22 25
leaf_count=46 26 25 28 58 49 65 24 34 22 22 21 21 57 173 24 22 21 20 21 21 40 25 39 130 68 139 78 22 22 25
internal_value=-0.000820734 -0.000446761 -0.000705615 0.00162587 -0.00248996 0.000827206 -0.000250522 0.000527473 0.0018136 0.00342342 -0.00646154 0 0.00231511 0.00413386 0.00231818 0.00443878 -0.00199723 0.00180556 0.000153061 0.00205714 -0.000194805 0.004 0.007875 -0.0036166 -0.00296907 -0.000681818 -0.003125 0.0029703 -0.00691011 -0.00480769
internal_weight=1388 1342 1317 571 746 543 478 454 396 332 64 42 310 253 219 195 720 215 195 174 153 104 79 505 484 307 239 100 177 155
internal_count=1388 1342 1317 571 746 543 478 454 396 332 64 42 310 253 219 195 720 215 195 174 153 104 79 505 484 307 239 100 177 155
is_linear=0
shrinkage=0.03


Tree=218
num_leaves=31
num_cat=0
split_feature=9 26 24 20 9 2 24 3 14 3 12 19 2 16 20 24 25 20 10 4 2 9 7 24 24 20 3 24 6 5
split_gain=4.54557 5.78537 8.70739 8.02577 7.6831 8.09631 7.15861 10.5274 10.4172 9.20427 8.73214 6.67974 6.67659 6.67652 6.51903 7.05616 5.43892 5.06432 8.01667 7.47413 5.74191 6.01136 4.50671 4.39162 5.03239 4.25406 5.84315 7.04824 4.8157 4.67765
threshold=32.555000000000007 28.550000000000004 -0.26722820045975981 10.750000000000002 86.595000000000013 231.50000000000003 0.9681107762825325 313.50000000000006 87.500000000000014 443.50000000000006 111.50000000000001 -0.66259481767468253 376.50000000000006 403.50000000000006 15.550000000000002 0.99809679250719918 11.050000000000002 26.850000000000005 137.41500000000002 87.500000000000014 301.50000000000006 60.750000000000007 86.466666666666669 0.99140711019144623 0.98321746822993605 20.650000000000002 286.50000000000006 0.90992662233962551 357.50000000000006 387.50000000000006
decision_type=2 2 2 2 2 8 2 8 10 10 10 2 10 10 2 2 2 2 8 10 10 2 10 2 2 2 10 2 10 10
left_child=22 2 3 12 -4 -6 8 -8 13 -9 -10 -5 -2 16 -3 17 -7 19 -19 -16 21 -20 -1 24 25 26 27 -21 -28 -27
right_child=1 14 4 11 5 6 7 9 10 -11 -12 -13 -14 -15 15 -17 -18 18 20 23 -22 -23 -24 -25 -26 29 28 -29 -30 -31
leaf_value=8.7861390785910485e-05 0.0031282756194298145 0.048459571291892871 -0.060543299577132927 0.20167492363408512 0.087120037533937877 -0.12112279709394896 -0.063890144363180357 0.10791071150575163 0.27875242876986334 -0.13375908912812093 -0.11505329644821244 -0.10577826267491587 1.0260761936428153 -0.17721678005932345 0.36588725268218381 -0.03622609059352129 0.00049794653041487888 0.006812049465677603 -0.23409689160982575 0.29858100531900217 -0.17896888180416851 0.010140934484541191 -0.0064907894484329629 0.25799500844159351 -0.033245916931791158 0.0018542454043046063 -0.017091358933796527 0.0010668317907800429 0.25356198576675482 -0.060745217901735482
leaf_weight=28 35 34 43 21 27 72 36 68 20 20 39 36 20 27 23 30 24 37 32 30 25 76 32 39 29 363 44 23 28 22
leaf_count=28 35 34 43 21 27 72 36 68 20 20 39 36 20 27 23 30 24 37 32 30 25 76 32 39 29 363 44 23 28 22
internal_value=-0.000845376 -0.000475831 -0.00306748 0.00424779 -0.00525199 -0.00368263 -0.00508143 0.00048 -0.00885246 0.00606742 0.0015 -0.00362069 0.0123214 -0.0137903 0.00104067 0.000486284 -0.00989691 0.00104922 -0.00350877 0.00234219 -0.0069403 -0.00385321 -0.00885246 0.00165803 0.000944444 0.00164384 0.00642857 0.0138889 0.000821918 7.77202e-05
internal_weight=1383 1323 488 112 376 333 306 124 182 88 59 57 55 123 835 801 96 771 170 601 133 108 60 578 539 510 125 53 72 385
internal_count=1383 1323 488 112 376 333 306 124 182 88 59 57 55 123 835 801 96 771 170 601 133 108 60 578 539 510 125 53 72 385
is_linear=0
shrinkage=0.03


Tree=219
num_leaves=31
num_cat=0
split_feature=6 21 5 26 26 1 1 1 4 1 1 9 4 13 15 4 11 20 5 26 17 5 17 19 21 10 6 16 12 13
split_gain=8.11796 9.14934 6.76171 5.1864 7.64848 5.86068 7.14742 6.74513 5.65335 5.59679 5.22093 9.88418 4.88614 4.76238 6.53656 4.28373 4.12377 5.41737 7.45254 6.09564 6.92355 5.7062 10.5159 5.43742 7.58389 4.81218 5.13123 6.24449 4.61974 4.44628
threshold=213.50000000000003 41.650000000000013 225.50000000000003 33.550000000000004 34.45000000000001 375.50000000000006 257.50000000000006 284.50000000000006 218.50000000000003 177.50000000000003 225.50000000000003 72.345000000000013 275.50000000000006 15.500000000000002 101.50000000000001 248.50000000000003 2269.5000000000005 12.350000000000003 442.50000000000006 22.750000000000004 820.92500000000007 377.50000000000006 570.38500000000238 0.54463903501502697 31.250000000000004 325.90000000000003 434.00000000000006 328.50000000000006 10.500000000000002 737.00000000000011
decision_type=10 2 8 2 2 10 10 10 10 10 10 2 10 10 10 10 2 2 10 2 10 10 10 2 2 10 10 10 10 10
left_child=2 3 -1 8 -5 6 10 -8 13 -10 11 -6 -4 -2 -15 -9 17 19 23 20 25 22 -21 24 -19 28 27 -27 -11 -25
right_child=1 -3 12 4 5 -7 7 15 9 16 -12 -13 -14 14 -16 -17 -18 18 -20 21 -22 -23 -24 29 -26 26 -28 -29 -30 -31
leaf_value=0.0015573350939767749 -0.0053291511636840028 -0.024805334715241541 0.16181608802790948 0.27329674681969646 -0.056256135523489376 -0.13599332509206902 0.25329206689495892 -0.017957465533630739 0.072419291396639093 -0.0046734105359942648 -0.068020160659644086 0.05666593228460954 0.011257069881703215 -0.79730643437945448 -0.036864772904588956 0.031377024807678136 0.043920129077852151 0.030277054427619986 -0.2644575656722955 -0.30871924694341629 -0.18980929910214625 0.49139686683702105 0.09935488894662399 -0.17634920188912417 -0.11075107952902115 -0.13521118942315979 0.14479635913872357 -0.0014870535892856651 0.013416006400799744 0.0078021615014228019
leaf_weight=387 37 31 35 28 30 28 27 20 24 26 40 46 31 21 22 51 39 56 32 20 23 31 45 74 22 29 24 27 56 29
leaf_count=387 37 31 35 28 30 28 27 20 24 26 40 46 31 21 22 51 39 56 32 20 23 31 45 74 22 29 24 27 56 29
internal_value=-0.000452586 -0.00204473 0.00284141 -0.00148678 0.00199262 0.000246914 0.00195349 0.00787879 -0.00296238 -0.00188172 -0.00307692 0.00155844 0.0116418 -0.0103704 -0.0170455 0.00291667 -0.00252809 -0.00327273 -0.00686916 -0.000531915 -0.00370968 0.00556701 0.000454545 -0.00445055 0.00151899 -0.00147239 -0.00666667 -0.0115789 0.00361446 -0.00894231
internal_weight=1391 938 453 907 270 242 214 98 637 557 116 76 66 80 43 71 533 494 213 281 185 96 65 181 78 162 80 56 82 103
internal_count=1391 938 453 907 270 242 214 98 637 557 116 76 66 80 43 71 533 494 213 281 185 96 65 181 78 162 80 56 82 103
is_linear=0
shrinkage=0.03


Tree=220
num_leaves=31
num_cat=0
split_feature=9 21 9 22 19 19 12 22 24 10 27 22 2 24 10 13 6 6 6 8 3 2 24 9 9 10 11 12 13 16
split_gain=4.47635 6.56364 5.91973 8.31361 5.11926 10.5502 10.2016 5.22424 6.38435 9.00242 6.72795 6.03674 5.73455 7.83911 6.6927 5.11436 4.77876 4.75361 6.97943 10.8116 7.25582 5.49605 5.67281 4.90908 6.64518 4.89455 4.74143 5.12716 4.97943 6.18701
threshold=31.085000000000004 31.350000000000005 42.100000000000009 4.3500000000000005 -0.97988739209073461 -0.91702515554752051 145.00000000000003 1.0000000180025095e-35 -0.82409480842201666 246.87500000000003 1.6500000000000001 0.45000000000000007 174.50000000000003 0.74892720285008318 177.33000000000001 30.500000000000004 140.50000000000003 442.50000000000006 257.50000000000006 213.28571428571431 191.50000000000003 165.50000000000003 -0.608738249238853 76.105000000000004 95.65000000000002 141.01500000000001 2362.0000000000005 1282.0000000000002 744.50000000000011 3030.5000000000005
decision_type=2 2 2 2 2 2 10 2 2 10 2 2 10 2 10 10 8 8 10 10 10 10 2 2 2 10 2 10 10 10
left_child=1 -1 3 -2 -4 6 15 17 10 12 -9 -11 16 -14 -15 -6 -10 18 19 21 -20 25 -23 -21 -25 -7 27 28 29 -22
right_child=2 -3 4 -5 5 7 -8 8 9 11 -12 -13 13 14 -16 -17 -18 -19 20 23 26 22 -24 24 -26 -27 -28 -29 -30 -31
leaf_value=0.00082864928573620487 -0.0031542191514245133 -0.15625753888740987 -0.061631221612484521 0.12525786771239297 0.039083701560413291 -0.23815794125630319 -0.15511429753784001 -0.0032653393467327874 0.0079413344919346679 -0.55865376830000635 -0.4028128276179595 -0.27047402473331145 0.43069326891178122 -0.013636441257884541 0.081978756520641696 0.091232355205052323 -0.12670192569340089 0.062362847964714092 0.095838223243455326 0.14660141901460919 -0.0072526398681387145 0.017118885846079335 -0.26500133746757909 -0.023113742994218568 0.01999229933712968 0.027713676305166926 0.48737016532753269 -0.13304896869646937 0.011831853870764917 -0.11782086842588341
leaf_weight=36 42 29 57 33 48 27 23 34 27 20 34 31 36 36 34 30 21 73 29 29 330 20 41 29 93 40 23 35 34 21
leaf_count=36 42 29 57 33 48 27 23 34 27 20 34 31 36 36 34 30 21 73 29 29 330 20 41 29 93 40 23 35 34 21
internal_value=-0.00101003 -0.00863636 -0.000631104 0.0075 -0.00112261 -0.000700584 0.00852941 -0.00155738 -0.00514599 -0.00247573 -0.0130435 -0.0132692 0.00116129 0.00504673 -0.00084507 0.0136709 -0.00734694 -0.000363636 -0.00107713 0.00267857 -0.0032981 -0.00372093 -0.0101613 0.00809211 0.00536585 0.00220588 -0.00425676 -0.00498812 -0.00396373 -0.00502841
internal_weight=1395 65 1330 75 1255 1198 101 1097 273 205 68 51 154 106 70 78 48 824 751 279 472 128 61 151 122 67 443 420 385 351
internal_count=1395 65 1330 75 1255 1198 101 1097 273 205 68 51 154 106 70 78 48 824 751 279 472 128 61 151 122 67 443 420 385 351
is_linear=0
shrinkage=0.03


Tree=221
num_leaves=31
num_cat=0
split_feature=2 2 5 25 13 3 16 5 16 6 26 5 21 26 26 11 20 19 28 2 9 22 6 28 21 19 24 20 22 6
split_gain=7.8598 6.66403 9.95455 6.84567 5.62521 7.05766 5.67224 7.68036 6.58409 5.71974 5.44501 4.86885 8.78348 6.7526 5.21001 7.22674 5.37244 6.33624 5.98331 6.90671 5.78055 4.56174 8.84848 4.49122 4.14874 6.48455 8.07333 5.88317 7.4574 9.0603
threshold=271.50000000000006 259.50000000000006 288.50000000000006 12.15 9.5000000000000018 297.50000000000006 126.50000000000001 189.50000000000003 93.500000000000014 191.50000000000003 22.850000000000005 326.50000000000006 21.750000000000004 40.550000000000004 20.250000000000004 28.500000000000004 12.750000000000002 0.85260769842926931 -0.72696319516528884 404.50000000000006 112.69000000000001 0.25000000000000006 259.50000000000006 -0.99467753128998015 31.850000000000005 0.9681107762825325 0.62249093318774806 26.050000000000004 1.0000000180025095e-35 181.50000000000003
decision_type=10 10 10 2 10 10 10 10 8 10 2 10 2 2 2 2 2 2 2 10 2 2 10 2 2 2 2 2 2 10
left_child=1 3 -3 10 5 -2 8 -8 -6 -9 -1 12 -11 21 -13 -16 17 -17 19 -18 -20 22 -14 -5 -25 27 -27 28 29 -26
right_child=4 2 -4 23 6 -7 7 9 -10 11 -12 14 13 -15 15 16 18 -19 20 -21 -22 -23 -24 24 25 26 -28 -29 -30 -31
leaf_value=0.016500573406586339 0.0042830203923732314 0.21575483883472713 -0.0034172080875367783 0.064156150480977059 -0.0023520440560830026 -0.028058960475942314 -0.16623828815173625 0.13849783173933075 0.24690876163879805 0.18496381715442198 0.3573875449751901 -0.045449988999780824 0.007594144580232296 0.019402252203949786 0.2933606740124452 0.34756729339691245 -0.044386275449962223 -0.0020052670830230566 -0.0015057392836999384 0.58406854037213973 -0.2506450463218306 -0.56880786323749899 -0.070601282461850587 -0.0093620874865743536 -0.19113442265552846 0.0079655747509656295 -0.11948192174509585 -0.0020311914355744419 0.14654299598331533 0.023036553643590592
leaf_weight=26 22 32 23 36 21 46 21 26 23 26 20 58 32 24 41 30 38 68 36 29 58 24 77 166 29 24 35 183 73 56
leaf_count=26 22 32 23 36 21 46 21 26 23 26 20 58 32 24 41 30 38 68 36 29 58 24 77 166 29 24 35 183 73 56
internal_value=-0.000918803 0.00132102 0.01125 0.00046225 -0.0031669 -0.0113043 -0.00227488 -0.00305603 0.008 -0.00237676 0.0114894 -0.00304428 -0.00701087 -0.00968354 -0.00100279 0.000598007 -0.00126923 0.00424242 -0.00462963 0.00220588 -0.00947368 -0.0123134 -0.00954545 -0.00039801 -0.0010582 0.000598504 -0.0085 0.00219298 0.00641509 0.000348837
internal_weight=1403 703 55 648 700 68 632 588 44 567 46 541 183 157 358 300 259 98 161 67 94 133 109 602 566 400 59 341 158 85
internal_count=1403 703 55 648 700 68 632 588 44 567 46 541 183 157 358 300 259 98 161 67 94 133 109 602 566 400 59 341 158 85
is_linear=0
shrinkage=0.03


Tree=222
num_leaves=31
num_cat=0
split_feature=26 16 26 5 2 16 23 23 0 8 17 17 7 0 25 29 23 20 23 9 0 5 11 20 5 19 26 6 3 9
split_gain=4.79617 6.43749 5.68987 7.5051 5.89696 7.19852 5.4421 10.001 6.53226 9.25409 6.44586 9.71275 6.42222 6.23208 5.89619 7.85614 5.47389 8.11879 5.38836 6.53341 5.32947 13.9416 8.67276 8.61425 6.43597 8.25929 7.27811 12.3895 7.12953 6.63853
threshold=22.850000000000005 482.00000000000006 22.250000000000004 302.50000000000006 316.50000000000006 349.50000000000006 13.15 13.750000000000002 185.50000000000003 219.21428571428575 319.70500000000004 397.9750000000023 227.50000000000003 174.50000000000003 27.050000000000004 -0.6905596507703472 17.050000000000004 21.050000000000004 16.050000000000004 44.545000000000009 218.50000000000003 175.50000000000003 7.5000000000000009 25.550000000000004 395.00000000000006 -0.72534675097891077 32.550000000000004 316.50000000000006 320.50000000000006 105.47000000000001
decision_type=2 10 2 8 10 10 2 2 2 10 10 10 10 2 2 2 2 2 2 2 2 10 2 2 10 2 2 10 10 2
left_child=1 2 3 -1 -5 -6 20 -8 13 12 16 -12 -10 14 15 -9 -11 -18 -17 -20 22 -22 23 -2 25 -23 27 -27 -29 -28
right_child=6 -3 -4 4 5 -7 7 8 9 10 11 -13 -14 -15 -16 18 17 -19 19 -21 21 24 -24 -25 -26 26 29 28 -30 -31
leaf_value=0.10605715323868053 -0.10206532840791055 -0.2575632566608394 -0.063251094585015724 0.020823783244156856 -0.039589436594011998 0.071179445487360049 -0.060063486101368822 -0.099294303096996009 0.12349551096518169 0.12427975233945118 0.56636706346176835 0.00066297595158175675 -0.0028721924791187802 -0.20150655444734353 0.029818424370630297 0.039599990347861082 -0.29643018811943533 -0.00062942441097334266 0.040879115006327495 -0.47341947270531104 -0.32101450729058767 0.23060849243329698 0.04815852554879143 0.021501654154566337 0.1450853509985012 -0.17867685316704693 0.41668258078517512 0.036299899756071452 -0.022482706768507228 -0.0058887620523324809
leaf_weight=45 28 20 26 40 95 22 47 80 44 34 22 269 21 20 38 25 23 23 24 27 20 38 73 52 68 46 32 21 47 23
leaf_count=45 28 20 26 40 95 22 47 80 44 34 22 269 21 20 38 25 23 23 24 27 20 38 73 52 68 46 32 21 47 23
internal_value=-0.000322812 -0.00409639 -0.00262009 -0.0008867 -0.00398734 -0.00737288 0.000497382 -0.00116046 -0.000184332 0.0019222 8.06452e-05 0.00215753 0.0122727 -0.00446512 -0.00276923 -0.00535032 -0.00740741 -0.0140426 0.00155844 -0.00403846 0.0030735 0.000709459 0.0075974 0.000740741 0.0025 -0.000144231 -0.003 -0.00730435 0.000869565 0.00589286
internal_weight=1393 248 228 202 157 117 1145 697 650 436 371 291 65 214 194 156 80 46 76 51 448 295 153 80 275 207 169 114 68 55
internal_count=1393 248 228 202 157 117 1145 697 650 436 371 291 65 214 194 156 80 46 76 51 448 295 153 80 275 207 169 114 68 55
is_linear=0
shrinkage=0.03


Tree=223
num_leaves=31
num_cat=0
split_feature=25 16 17 25 2 28 28 17 28 2 4 9 9 23 23 23 24 27 28 21 28 5 19 10 12 5 18 14 18 21
split_gain=5.12428 8.47981 5.63263 7.01734 5.4837 4.28027 4.55316 11.9874 8.07729 5.44559 5.08097 7.78573 4.21154 4.08373 6.73932 5.52317 4.74823 5.97992 5.57391 5.19 7.28968 6.25019 4.20737 4.13738 5.62208 4.94063 8.59165 5.47971 4.93948 4.26136
threshold=9.2500000000000018 187.50000000000003 640.73000000000025 7.5500000000000007 332.50000000000006 0.99865421017599998 0.94138322595482449 528.80500000000018 0.89017062131308955 231.50000000000003 306.50000000000006 81.13000000000001 62.230000000000011 22.150000000000002 23.750000000000004 21.350000000000005 0.90255091666790854 3.4500000000000006 -0.76141707087277943 34.350000000000001 -0.98214942551678475 324.50000000000006 0.73724926354828246 103.82000000000001 43.500000000000007 357.50000000000006 16.350000000000005 8.5000000000000018 9.9500000000000011 31.250000000000004
decision_type=2 10 10 2 10 2 2 10 2 10 10 2 2 2 2 2 2 2 2 2 2 10 2 8 10 8 2 8 2 2
left_child=1 4 3 -3 -1 6 8 10 13 -10 11 12 -8 15 -15 16 17 19 -19 20 -2 -21 -16 29 25 26 27 -25 -26 -22
right_child=5 2 -4 -5 -6 -7 7 -9 9 -11 -12 -13 -14 14 22 -17 -18 18 -20 21 23 -23 -24 24 28 -27 -28 -29 -30 -31
leaf_value=-0.035500986640236931 0.14959377511699173 0.28893304307729523 -0.072107189331850341 -0.065954830110056262 -0.44251786435372709 -0.036637910747991068 -0.0051006579164831574 0.41747163059045816 0.0052775957065189514 -0.049664360979125487 0.024486207057344129 -0.033333757241260857 0.30277507614076327 -0.24446597734905723 -0.23746833284200328 0.032051081173687802 0.0059221579818559177 -0.15661115222492356 0.053591444886755678 -0.06856234305600438 -0.00063875741267281681 0.0040749409409133359 0.67676629156977008 -0.13166104170143847 -0.12695935044026727 0.35595759898513674 0.20375954077731648 0.020178262550220153 -0.00058380481186702581 -0.1266846895807334
leaf_weight=22 30 45 39 21 23 24 21 21 28 39 21 60 24 32 28 30 310 31 108 124 23 35 20 28 37 21 28 20 83 20
leaf_count=22 30 45 39 21 23 24 21 21 28 39 21 60 24 32 28 30 310 31 108 124 23 35 20 28 37 21 28 20 83 20
internal_value=-0.000343593 -0.00556291 -0.000849057 0.00447761 -0.0163043 0.000288693 0.000539657 0.00547297 -0.000139405 -0.0101471 0.00188976 -0.000849057 0.00847826 0.000535183 -0.00592593 0.00109795 0.000667408 -0.000916808 0.0045 -0.0026 -0.000206186 -0.0069375 0.00122449 -0.00183908 -0.000137615 0.00520408 0.00155844 -0.00612245 -0.00446281 -0.0102273
internal_weight=1396 150 105 66 45 1246 1222 147 1075 67 126 105 45 1008 80 928 898 588 139 449 290 159 48 260 217 97 76 48 120 43
internal_count=1396 150 105 66 45 1246 1222 147 1075 67 126 105 45 1008 80 928 898 588 139 449 290 159 48 260 217 97 76 48 120 43
is_linear=0
shrinkage=0.03


Tree=224
num_leaves=31
num_cat=0
split_feature=2 13 14 12 28 9 18 0 18 12 2 5 25 11 1 18 12 17 2 26 25 23 11 20 11 20 23 27 15 11
split_gain=5.53618 5.81451 6.55882 6.83579 6.43091 6.92474 8.27067 5.35824 5.81106 9.69576 5.29138 11.077 6.2186 5.13314 6.99629 4.94468 6.3355 7.5373 4.55111 4.35825 4.32433 4.24348 4.15368 3.5417 3.48444 3.10547 3.02703 4.83048 3.73979 6.03207
threshold=271.50000000000006 6.5000000000000009 14.500000000000002 89.500000000000014 0.94138322595482449 130.66000000000003 13.750000000000002 284.50000000000006 11.15 1275.5000000000002 259.50000000000006 288.50000000000006 11.850000000000003 1187.0000000000002 406.50000000000006 9.4500000000000011 32.500000000000007 619.81000000000188 310.50000000000006 36.250000000000007 28.250000000000004 14.050000000000002 39.500000000000007 18.350000000000005 315.00000000000006 10.65 22.050000000000004 0.15000000000000005 1606.0000000000002 157.50000000000003
decision_type=8 10 10 10 2 2 2 2 2 10 8 10 2 2 10 2 10 10 10 2 2 2 2 2 2 2 2 2 10 2
left_child=10 -2 25 4 5 19 15 18 9 -9 12 -12 -1 14 23 -7 -17 -18 -5 -4 26 -15 -8 -10 -25 -3 28 -28 29 -14
right_child=1 2 3 7 -6 6 22 8 13 -11 11 -13 20 21 -16 16 17 -19 -20 -21 -22 -23 -24 24 -26 -27 27 -29 -30 -31
leaf_value=0.075452698082373218 -0.046843166560654764 0.79967604278894466 -0.19044695389946156 -0.00010478101877225754 0.086561561673526341 0.0035910980072887352 0.16819196730870203 0.18851677925102875 0.012740354171637306 -0.018241484052816757 0.22363331481826279 -0.011335013249677672 -0.00065089080887929633 -0.084735988934515089 -0.3245984748782621 -0.42002396333807523 0.0038612441796561825 -0.054781424043607099 0.87921244039808144 -0.014471194422205826 0.072062930146967547 0.35794335186355369 -0.002443683888238297 0.0024137797062519437 -0.11477019315100079 0.0022328319160868659 -0.034489031612646381 0.012872930501512768 -0.071156886730134941 0.041224971730356968
leaf_weight=41 50 26 42 20 38 38 32 52 32 38 32 24 450 22 21 36 35 34 24 33 46 22 23 20 24 39 24 20 28 30
leaf_count=41 50 26 42 20 38 38 32 52 32 38 32 24 450 22 21 36 35 34 24 33 46 22 23 20 24 39 24 20 28 30
internal_value=-0.000128848 -0.00200855 -0.00124233 -0.00224872 -0.00528846 -0.00689781 -0.0039196 0.00119565 -0.000646552 0.00527473 0.00176724 0.0105263 0.000984375 -0.00443662 -0.00826531 -0.00770833 -0.0110377 -0.00557143 0.0106667 -0.0146053 0.000200334 0.004 0.00589286 -0.0038961 -0.00933333 0.00772727 -0.000542495 -0.008 0.000117878 0.000748441
internal_weight=1396 701 651 586 311 273 198 275 231 90 695 56 639 141 97 143 105 69 44 75 598 44 55 76 44 65 552 44 508 480
internal_count=1396 701 651 586 311 273 198 275 231 90 695 56 639 141 97 143 105 69 44 75 598 44 55 76 44 65 552 44 508 480
is_linear=0
shrinkage=0.03


Tree=225
num_leaves=31
num_cat=0
split_feature=21 26 24 24 6 29 29 26 24 13 8 8 10 8 15 9 16 8 18 16 11 6 26 29 19 3 24 24 29 21
split_gain=5.41399 7.37065 6.89217 6.99661 14.3273 5.4623 5.39719 4.58674 4.55285 4.21458 12.3264 6.42736 9.14135 5.96247 6.67733 5.81012 6.07964 5.77058 8.41739 6.07909 5.72811 5.39564 6.83554 9.71602 6.85899 6.88715 7.83358 8.31947 6.57964 6.13322
threshold=18.550000000000004 22.750000000000004 -0.82409480842201666 0.93663652364155514 330.50000000000006 0.96633974041180493 0.92843842216862604 20.650000000000002 0.96359376111369366 2.5000000000000004 165.28571428571431 153.07142857142858 159.60000000000002 103.35714285714288 3.5000000000000004 56.975000000000001 178.50000000000003 113.78571428571429 14.850000000000003 74.500000000000014 1.5000000000000002 396.50000000000006 38.650000000000013 -0.73865259438682551 0.99901018088683491 283.50000000000006 0.98897820466835418 0.35019404643548474 -0.52765736634565841 36.650000000000013
decision_type=2 2 2 2 8 2 2 2 2 10 10 10 10 10 10 2 10 10 2 10 2 10 2 2 2 10 2 2 2 2
left_child=8 2 -2 7 -5 -6 9 -4 -1 10 13 17 15 -3 -15 -13 -17 19 -19 20 -11 22 24 -24 25 26 27 -14 -25 -27
right_child=1 6 3 4 5 -7 -8 -9 -10 11 -12 12 21 14 -16 16 -18 18 -20 -21 -22 -23 23 28 -26 29 -28 -29 -30 -31
leaf_value=0.0029966559893561851 0.051356724050348815 0.004315869177325204 -0.01148174027235882 0.12410602023603673 -0.17643613267066399 -0.0062716306782135689 0.79120858011588435 -0.14566269924699554 0.2576410426746244 0.018709077396638348 -0.0072614071920330042 -0.00068808613777662233 -0.01736306891705169 0.012217295997429573 0.23720057144428153 0.0023243042769948374 0.32583166014367831 -0.65703113773789312 -0.0030952702519454079 0.10077135800553975 -0.11916475589622023 0.0087317638676523753 -0.011925825341882756 0.35400745319284682 0.2133392216050754 -0.037257957076373596 -0.53235876601120535 0.022098279052270867 0.0051342486124542576 -0.48796358846622251
leaf_weight=20 29 38 36 36 36 20 36 33 20 20 71 51 82 27 33 33 43 22 22 20 41 107 84 31 23 181 35 95 30 34
leaf_count=20 29 38 36 36 36 20 36 33 20 20 71 51 82 27 33 33 43 22 22 20 41 107 84 31 23 181 35 95 30 34
internal_value=-0.000496403 -0.000822222 -0.00628272 -0.0087037 -0.00322581 -0.0126316 7.75862e-05 -0.0158571 0.0102439 -0.000293594 0.00405882 -0.00106806 -0.000108434 0.0109091 0.0167213 0.00726562 0.0124675 -0.00738095 -0.016 -0.00256098 -0.00725806 -0.00145092 -0.00256711 0.00308219 -0.00439024 -0.00525701 -0.00140845 0.00117978 0.0120968 -0.00902778
internal_weight=1389 1349 190 161 92 56 1159 69 40 1123 169 954 829 98 60 127 76 125 44 81 61 702 595 145 450 427 212 177 61 215
internal_count=1389 1349 190 161 92 56 1159 69 40 1123 169 954 829 98 60 127 76 125 44 81 61 702 595 145 450 427 212 177 61 215
is_linear=0
shrinkage=0.03


Tree=226
num_leaves=31
num_cat=0
split_feature=6 8 8 10 3 12 3 7 6 6 18 21 21 1 2 10 16 0 18 20 2 13 14 16 11 17 16 10 15 14
split_gain=5.05187 9.02288 11.0148 6.95228 8.60202 7.10926 5.47382 7.61828 5.40005 5.16814 4.64557 5.48397 5.49107 4.47128 4.068 5.72907 5.15796 6.40799 3.93988 3.70002 7.32981 3.55542 5.97777 4.7233 5.84131 7.12767 6.33112 5.57136 4.12177 5.73876
threshold=431.50000000000006 409.4285714285715 442.50000000000006 295.3300000000001 384.50000000000006 27.500000000000004 392.50000000000006 450.83333333333343 383.50000000000006 367.50000000000006 8.9500000000000011 38.95000000000001 40.350000000000001 296.50000000000006 337.50000000000006 385.35500000000008 624.00000000000011 383.50000000000006 14.950000000000001 23.250000000000004 61.000000000000007 737.00000000000011 272.50000000000006 1424.5000000000002 175.50000000000003 870.22500000000366 371.50000000000006 216.27500000000003 162.50000000000003 42.500000000000007
decision_type=8 10 10 8 10 10 10 10 10 10 2 2 2 10 10 10 10 2 2 2 10 10 10 10 2 10 10 10 10 10
left_child=3 13 -3 4 8 -6 10 -8 9 21 -5 14 -13 -2 15 18 17 -16 -12 -20 -21 22 23 24 25 26 28 -27 29 -1
right_child=1 2 -4 6 5 -7 7 -9 -10 -11 11 12 -14 -15 16 -17 -18 -19 19 20 -22 -23 -24 -25 -26 27 -28 -29 -30 -31
leaf_value=0.00038044722489587456 0.001214284050602572 -0.12390076131059288 0.093952969607931314 0.11498094586968939 -0.0014167091720509006 0.34072033365525839 -0.19572841601148325 0.49754251271118161 -0.20456342963688653 0.013467235608327143 -0.11698111362393092 0.99859096493743371 -0.0037844919048654899 0.23367030613160522 -0.0093827212264102396 -0.31030895595831393 -0.084732470642702534 0.68753376180267844 0.31799227387730694 0.072374689934121147 -0.24989655245994172 -0.0250058377517513 0.011206785080601094 -0.1133737478299605 0.040933926801348545 -0.066304124302366749 0.18467181374069155 -0.012669131740359631 0.37024383312747489 -0.10434497123763066
leaf_weight=489 22 23 35 22 23 33 66 23 34 23 61 20 27 37 22 24 32 24 21 21 21 21 39 23 21 30 35 34 21 69
leaf_count=489 22 23 35 22 23 33 66 23 34 23 61 20 27 37 22 24 32 24 21 21 21 21 39 23 21 30 35 34 21 69
internal_value=-0.000601288 0.00533898 -0.00305085 -0.00114844 0.000301339 0.0115789 -0.00451948 -0.011 -0.000464286 3.72208e-05 -0.00253378 -0.00361314 0.005625 0.0135 -0.00555066 -0.00845638 0 0.00638298 -0.00576 -0.00046875 -0.0055814 -0.000383142 -3.93701e-05 -0.0006639 -0.000214286 -0.000706922 0.000292683 -0.0101538 -0.000465517 -0.000966011
internal_weight=1396 117 58 1279 895 56 384 89 839 805 295 273 47 59 226 148 78 46 124 63 42 782 761 722 699 678 614 64 579 558
internal_count=1396 117 58 1279 895 56 384 89 839 805 295 273 47 59 226 148 78 46 124 63 42 782 761 722 699 678 614 64 579 558
is_linear=0
shrinkage=0.03


Tree=227
num_leaves=31
num_cat=0
split_feature=28 4 10 23 19 25 6 18 24 22 18 19 19 20 10 24 28 7 26 3 24 17 15 28 24 9 11 15 1 4
split_gain=5.53598 6.24882 6.3175 6.30106 5.18641 4.28701 7.85216 4.43541 5.84918 9.06621 5.35861 8.82832 9.70185 7.50702 6.41193 8.5889 8.05293 6.11222 5.83875 5.82947 6.24261 6.35744 6.58774 7.10098 8.21419 5.47261 9.42459 6.37102 6.68118 5.20392
threshold=0.94704596667653973 243.50000000000003 201.90000000000001 19.750000000000004 0.9426055981926128 28.250000000000004 266.50000000000006 21.550000000000004 0.49240481012316878 0.35000000000000003 15.950000000000001 0.99353402350479769 -0.96811077628253217 27.450000000000003 469.73000000000008 -0.97233289553061575 -0.43733984355855576 393.66666666666669 28.750000000000004 454.50000000000006 0.9482875459472353 123.28999999999999 61.500000000000007 0.34235194516023087 0.98321746822993605 107.36500000000002 51.500000000000007 70.500000000000014 231.50000000000003 131.50000000000003
decision_type=2 10 10 2 2 2 10 2 2 2 2 2 2 2 8 2 2 10 2 10 2 8 10 2 2 2 2 10 10 10
left_child=5 3 -3 4 -2 7 -7 10 9 -9 13 12 -12 14 15 16 -1 25 -16 20 -17 -22 -23 -24 -25 26 27 28 29 -14
right_child=1 2 -4 -5 -6 6 -8 8 -10 -11 11 -13 17 -15 18 19 -18 -19 -20 -21 21 22 23 24 -26 -27 -28 -29 -30 -31
leaf_value=-0.061440397185338322 -0.20233486716526869 0.37886774784639837 0.0048492740070236098 -0.098027299647988564 0.019944549452975906 0.14070791523184609 -0.010962635300117398 -0.017194852204531513 -0.00086148447846909446 -0.36499404482542214 -0.23024904837655041 -0.12117695709759288 0.0052400127100303701 -0.21943836333631564 -0.057266822934402481 -0.011746119443893121 0.071331364636120886 -0.27610921690772899 0.63823724427789252 -0.12847992415530682 0.035409107288299921 -0.070977110843012101 0.090219893132008899 0.015902967874611703 -0.15490150002350786 0.25256126749581409 -0.018857789633046025 0.047497334628563974 -0.45754243366028557 0.21116837439165237
leaf_weight=20 27 27 47 23 34 42 22 21 49 22 21 29 38 23 37 403 32 27 29 34 28 22 91 24 37 64 43 25 21 35
leaf_count=20 27 27 47 23 34 42 22 21 49 22 21 29 38 23 37 403 32 27 29 34 28 22 91 24 37 64 43 25 21 35
internal_value=-0.000364807 0.00490566 0.0112 -0.000705882 0.00435484 -0.00104032 0.00646154 -0.00145408 -0.00774194 -0.0156818 -0.000913284 0.00246711 0.00414545 -0.00222791 -0.00170185 -0.0025578 0.0090566 0.0057874 0.00716418 -0.00351562 -0.00282178 0.00147783 -0.000685714 0.00156863 -0.00629032 0.00740088 0.00441718 0.00875 0.00505263 0.00932432
internal_weight=1397 158 74 84 61 1239 64 1175 92 43 1083 303 274 780 757 691 52 253 66 639 605 202 174 152 61 226 162 119 94 73
internal_count=1397 158 74 84 61 1239 64 1175 92 43 1083 303 274 780 757 691 52 253 66 639 605 202 174 152 61 226 162 119 94 73
is_linear=0
shrinkage=0.03


Tree=228
num_leaves=31
num_cat=0
split_feature=8 2 2 20 19 3 12 24 19 7 1 5 11 24 11 2 6 5 16 14 23 24 23 1 18 6 2 7 19 12
split_gain=4.81621 14.5687 12.0648 5.68823 6.09128 6.90392 8.14536 8.18646 6.0715 9.03538 6.8837 6.08762 5.88521 10.0756 6.14416 5.84635 5.7985 6.74801 5.36281 9.97276 4.92934 4.6234 7.23926 4.84368 4.57262 4.00182 5.97174 9.74205 8.69625 4.15465
threshold=313.71428571428578 337.50000000000006 313.50000000000006 9.9500000000000011 0.95878322595067733 252.50000000000003 18.500000000000004 -0.7933231318270072 0.54463903501502697 265.83333333333343 254.50000000000003 162.50000000000003 14.500000000000002 0.80382625221112025 48.500000000000007 268.50000000000006 148.50000000000003 105.50000000000001 12.500000000000002 15.500000000000002 12.550000000000002 0.87032255546191728 13.750000000000002 191.50000000000003 15.950000000000001 429.00000000000006 349.50000000000006 398.50000000000006 0.8869770585236475 7.5000000000000009
decision_type=10 10 8 2 2 10 10 2 2 10 10 10 2 2 2 10 10 10 10 10 2 2 2 10 2 10 10 8 2 10
left_child=1 2 3 -1 5 8 15 -8 9 10 11 16 -6 -14 -15 -7 17 20 -13 -20 -5 22 -10 -23 -24 29 -27 -28 -29 -2
right_child=25 -3 -4 4 12 6 7 -9 21 -11 -12 18 13 14 -16 -17 -18 -19 19 -21 -22 23 24 -25 -26 26 27 28 -30 -31
leaf_value=0.2507895811147165 0.010902962962050537 0.13301281610296087 -0.077616820536670156 0.024607447782923515 -0.080655516439587557 0.035268387352824671 0.0028488134554413591 0.31982325526532801 -0.0086432439466561563 -0.11479678517247861 0.097350069500612327 0.0060974555748935441 0.13626710369527045 -9.2597816148440871e-05 -0.041699746822822022 -0.22501059917297225 0.034316342500146674 -0.056821253822272731 -0.32406809492142796 -0.010957798019501865 -0.0037677402087601306 0.026788415071150949 0.081209807246828095 -0.21643520940890112 0.54351609293332892 0.08377983655872355 -0.11846573378324193 -0.07732923523169688 0.42249625893489479 -0.018330648422273867
leaf_weight=27 20 41 48 20 29 24 31 52 36 25 21 24 44 47 41 20 27 50 33 56 41 28 36 29 42 39 31 25 30 382
leaf_count=27 20 41 48 20 29 24 31 52 36 25 21 24 44 47 41 20 27 50 33 56 41 28 36 29 42 39 31 25 30 382
internal_value=-0.00075 0.000618557 -0.000252404 0.00065051 0.00015852 0.0015604 0.00773437 0.0132143 -0.000127932 -0.00271812 -0.0010989 -0.0025 -0.005 -0.00225564 -0.00808989 -0.00266667 0.00172662 -0.00133929 -0.00763158 -0.011 0.00532258 0.00436047 0.00782609 -0.00258621 0.0129114 -0.00301136 0.00166667 -0.00275862 0.00482143 -0.0044665
internal_weight=1399 872 831 783 756 595 127 83 468 297 272 251 161 132 88 44 138 111 113 89 61 171 114 57 78 527 125 86 55 402
internal_count=1399 872 831 783 756 595 127 83 468 297 272 251 161 132 88 44 138 111 113 89 61 171 114 57 78 527 125 86 55 402
is_linear=0
shrinkage=0.03


Tree=229
num_leaves=31
num_cat=0
split_feature=21 26 10 14 9 18 17 19 18 10 19 17 17 18 18 27 27 26 3 4 13 11 0 6 13 4 26 11 13 23
split_gain=5.7391 7.52659 3.8191 4.31344 9.60214 9.22281 8.38971 6.53913 5.68913 5.67934 6.0051 5.62278 8.1953 6.02965 7.39556 7.77326 5.70847 7.1828 14.7186 10.3043 5.71115 9.05881 7.02609 5.51281 5.49518 8.08898 5.45835 6.74858 17.1038 8.09807
threshold=18.550000000000004 19.250000000000004 498.50500000000005 12.500000000000002 59.105000000000011 17.750000000000004 92.384999999999962 -0.91702515554752051 19.350000000000005 80.135000000000005 -0.87032255546191706 220.66000000000233 267.60500000000002 10.450000000000001 11.950000000000001 1.0500000000000003 1.0000000180025095e-35 25.350000000000005 301.50000000000006 175.50000000000003 486.00000000000006 102.50000000000001 257.50000000000006 257.50000000000006 87.500000000000014 233.50000000000003 22.850000000000005 615.00000000000011 92.500000000000014 13.950000000000001
decision_type=2 2 10 10 2 2 10 2 2 10 2 10 10 2 2 2 2 2 10 10 10 2 2 10 10 10 2 2 10 2
left_child=-1 -2 3 5 7 9 -6 -5 -7 10 -3 -8 -13 26 -15 16 17 -16 19 -19 21 -21 -23 -20 25 -17 -14 28 29 -28
right_child=1 2 -4 4 6 8 11 -9 -10 -11 -12 12 13 14 15 24 -18 18 23 20 -22 22 -24 -25 -26 -27 27 -29 -30 -31
leaf_value=0.16053771200962499 -0.32707364706723696 0.025330346498760717 0.48055557433414747 0.0027633490517780502 0.012473200911013577 0.40826055064715661 -0.019917607634813237 -0.053538939708659826 0.0089819872184330046 0.0016624269666009183 -0.16724716132297246 0.012797003237114666 -0.31325559037274958 0.037675305394044185 -0.070830297038286569 0.00011689747891594492 -0.098832365790238727 0.070713484432219212 0.1678357891491376 -0.15082435149982132 -0.27550656498608189 -0.0051994450261278755 0.87353089610926249 0.0142928923626215 -0.014350502022295472 0.49250965556639453 -0.08820779064687656 -0.1049209723247128 0.16379742933850536 0.025524894874106963
leaf_weight=37 31 23 34 25 20 31 60 65 60 223 48 20 25 84 76 20 50 26 20 51 25 22 22 81 27 22 39 40 31 22
leaf_count=37 31 23 34 25 20 31 60 65 60 223 48 20 25 84 76 20 50 26 20 51 25 22 22 81 27 22 39 40 31 22
internal_value=-0.00123439 -0.00156344 -0.0012065 -0.00147736 -0.00264302 0.0011658 -0.00156888 -0.0118681 0.00945652 -0.00142373 -0.00875 -0.00208115 -0.00132102 -0.00188596 -0.000341556 -0.00189616 -0.00360963 -0.00212963 0.000362903 -0.00571429 -0.00942149 -0.0059375 0.004 0.00911765 0.00728571 0.0139535 -0.00702532 -0.00451128 0 -0.00919355
internal_weight=1360 1323 1292 1258 873 385 783 90 91 294 71 763 703 683 526 442 373 323 247 146 120 95 44 101 69 42 157 132 92 61
internal_count=1360 1323 1292 1258 873 385 783 90 91 294 71 763 703 683 526 442 373 323 247 146 120 95 44 101 69 42 157 132 92 61
is_linear=0
shrinkage=0.03


Tree=230
num_leaves=31
num_cat=0
split_feature=10 27 22 29 28 28 28 3 8 29 18 2 2 9 9 6 5 10 3 26 20 0 26 5 18 11 10 26 1 27
split_gain=4.46348 3.8401 4.25385 3.85704 3.46881 8.99779 6.22329 6.03282 4.72004 4.69866 7.36555 4.12261 9.50763 7.51334 6.88079 6.86937 6.65416 9.94531 5.80086 5.42181 13.9107 8.30401 8.10822 5.81319 5.36812 6.4659 7.57335 8.19113 5.1723 5.13412
threshold=58.425000000000004 13.000000000000002 4.3500000000000005 0.9989598388634241 0.93544191479114935 0.8697513045430848 0.80417553764032002 291.50000000000006 276.07142857142861 -0.13398942717002907 15.15 288.50000000000006 351.50000000000006 94.285000000000011 95.65000000000002 429.00000000000006 257.50000000000006 194.59500000000006 240.50000000000003 21.550000000000004 11.350000000000003 454.50000000000006 28.650000000000002 375.50000000000006 12.250000000000002 1.5000000000000002 97.460000000000022 35.250000000000007 199.50000000000003 1.0000000180025095e-35
decision_type=8 2 2 2 2 2 2 10 10 2 2 8 10 2 2 10 10 10 10 2 2 2 2 10 2 2 10 2 10 2
left_child=-1 3 -3 4 5 6 11 -7 -8 -6 -11 13 15 16 -14 29 18 -18 24 23 -21 -22 -23 -16 -2 -26 -27 -28 -15 -13
right_child=1 2 -4 -5 9 7 8 -9 -10 10 -12 12 14 28 19 -17 17 -19 -20 20 21 22 -24 -25 25 26 27 -29 -30 -31
leaf_value=0.0033810335668079004 -0.040570094678137138 -0.10855009257621119 0.071112739120748072 0.49617793309782116 0.028303462239581165 -0.16773848433587474 -0.0050434616753446447 -0.0083409455892932277 0.099709544828018012 0.008536091431344062 -0.035894606307535354 -0.012751626117822497 0.012962655455001765 0.47909644644614729 -0.00068462585763612077 0.19972041440494195 -0.0041176041792996901 -0.37147396166942881 0.15111391593799325 0.34433556184596736 -0.021232582792090966 -0.16144476059860408 0.83000394954925694 -0.19955738547419799 0.03457538918710195 -0.10676089726091327 0.14179111706065589 -0.014734896300935246 0.0046675480858840495 -0.15161915509097199
leaf_weight=31 87 27 23 20 56 42 24 30 36 51 67 136 29 20 36 21 38 23 28 45 121 20 21 41 54 52 42 53 100 36
leaf_count=31 87 27 23 20 56 42 24 30 36 51 67 136 29 20 36 21 38 23 28 45 121 20 21 41 54 52 42 53 100 36
internal_value=-0.000765415 -0.00102174 0.00705882 -0.00133083 -0.00153435 -0.00213908 -0.00143797 -0.0123288 0.00786885 0.0024 -0.0010084 -0.00200199 -0.00390533 -6.0241e-05 -0.00066879 -0.00912371 -0.00214286 -0.011129 -0.000378549 -0.00210526 0.000432692 -0.00368098 0.00785714 -0.00884615 -0.0016609 0.0010396 -0.00222973 0.0028125 0.00644628 -0.0110983
internal_weight=1410 1379 50 1329 1309 1135 1063 72 60 174 118 1003 506 497 313 193 377 61 316 284 207 162 41 77 288 201 147 95 120 172
internal_count=1410 1379 50 1329 1309 1135 1063 72 60 174 118 1003 506 497 313 193 377 61 316 284 207 162 41 77 288 201 147 95 120 172
is_linear=0
shrinkage=0.03


Tree=231
num_leaves=31
num_cat=0
split_feature=12 27 18 17 26 4 25 19 3 29 13 27 26 4 3 26 20 13 10 29 17 4 19 16 8 29 15 4 19 5
split_gain=4.17012 6.22046 8.74018 5.30009 3.60643 6.43019 5.28399 5.34351 4.83547 4.57119 13.2018 7.76262 10.6421 7.32903 5.10519 10.1211 9.04522 6.56561 8.36268 6.77367 6.67188 5.81911 6.20408 5.20833 5.07339 4.97023 7.73046 4.5986 6.01667 4.41232
threshold=1.5000000000000002 3.2500000000000004 16.850000000000005 13.385000000001737 37.550000000000004 351.50000000000006 22.650000000000002 -0.77159520228797429 189.50000000000003 -0.59867820553660911 78.500000000000014 1.8500000000000003 33.750000000000007 142.50000000000003 238.50000000000003 31.150000000000002 13.950000000000001 15.500000000000002 219.30500000000004 0.50370931781787065 95.515000000002289 199.50000000000003 0.62249093318774806 80.500000000000014 244.50000000000003 1.0000000180025095e-35 49.500000000000007 280.50000000000006 0.95368063612909459 230.50000000000003
decision_type=8 2 2 10 2 10 2 2 10 2 10 2 2 10 8 2 2 10 10 2 8 10 2 10 10 2 10 10 2 10
left_child=1 2 3 -1 9 6 -6 -8 -9 10 11 13 -13 -2 15 16 -11 20 19 24 -16 25 -23 -18 -19 26 -17 -22 -29 -10
right_child=4 -3 -4 -5 5 -7 7 8 29 14 -12 12 -14 -15 17 21 23 18 -20 -21 27 22 -24 -25 -26 -27 -28 28 -30 -31
leaf_value=-0.07269516787568904 -0.2951584657267084 0.0409746829141244 0.01100155802601499 0.0013981102124206756 0.49171094559463735 0.21408043838478819 0.032429739996661766 0.019194758419683353 -0.058319625992370727 0.0098414893928369905 -0.75383224896659129 -0.0090764229727617607 0.40216799761911687 -0.0041186866548710557 0.0013264056198642037 -0.0034866478979654401 0.0052401539261057901 0.16396009188624261 -0.0093328879233223454 0.18057232794468348 -0.28265069377625479 0.0028490267042272422 0.22555938893802802 -0.62213403833566228 -0.026204149247608371 -0.0070600620247225259 0.16830352819662719 -0.0010941521985043323 -0.02946266177594907 -0.0052715343381649401
leaf_weight=31 24 51 28 26 22 39 46 31 28 54 25 64 21 30 34 35 20 24 403 42 21 24 24 39 31 31 23 30 29 66
leaf_count=31 24 51 28 26 22 39 46 31 28 54 25 64 21 30 34 35 20 24 403 42 21 24 24 39 31 31 23 30 29 66
internal_value=-0.00103078 0.00394161 -0.00104651 -0.00775862 -0.00157018 0.00180258 -0.000463918 -0.00226744 -0.00547619 -0.00233236 -0.00690909 -0.00321429 0.00244186 -0.012 -0.00145665 0.00215139 -0.00447368 -0.00292683 -0.00143713 0.00642857 -0.0093913 0.0076087 0.0159184 -0.0125 -0.000535714 0.003 0.00813559 -0.0140741 -0.0095 -0.00884211
internal_weight=1396 136 85 57 1260 232 193 171 125 1028 164 139 85 54 864 250 113 614 500 97 114 137 48 59 55 89 58 80 59 94
internal_count=1396 136 85 57 1260 232 193 171 125 1028 164 139 85 54 864 250 113 614 500 97 114 137 48 59 55 89 58 80 59 94
is_linear=0
shrinkage=0.03


Tree=232
num_leaves=31
num_cat=0
split_feature=10 1 11 0 27 29 24 16 15 25 15 9 15 18 10 27 26 25 11 10 23 23 27 5 14 14 22 0 6 3
split_gain=7.47153 7.35968 6.66102 8.78712 8.09806 6.64672 6.32485 6.13476 6.95833 6.00147 5.95171 6.88992 9.3231 4.83048 4.69267 8.78388 5.11187 8.35353 5.1718 10.979 5.06743 8.25562 9.06352 8.85383 7.46584 8.01818 6.55208 6.28601 5.57765 9.97595
threshold=159.60000000000002 179.50000000000003 53.500000000000007 206.50000000000003 0.75000000000000011 -0.97111920233974802 0.99140711019144623 30.500000000000004 8.5000000000000018 13.050000000000002 77.500000000000014 43.410000000000004 4.5000000000000009 14.850000000000003 167.71000000000001 1.0500000000000003 19.850000000000005 10.350000000000003 13.500000000000002 345.19500000000005 14.450000000000001 12.65 0.35000000000000003 289.50000000000006 43.500000000000007 67.500000000000014 0.25000000000000006 298.50000000000006 208.50000000000003 185.50000000000003
decision_type=8 10 2 2 2 2 2 10 10 2 10 2 10 2 10 2 2 2 2 10 2 2 2 10 10 10 2 2 10 10
left_child=1 10 3 4 -3 -2 7 8 -7 -5 11 -1 -13 -11 15 -9 18 -18 -16 -20 21 22 24 -23 -19 -26 28 -28 29 -22
right_child=5 2 -4 9 -6 6 -8 14 -10 13 -12 12 -14 -15 16 -17 17 20 19 -21 26 23 -24 -25 25 -27 27 -29 -30 -31
leaf_value=0.0051621579894874968 -0.17139456999970434 0.11717856871708505 -0.0099407520570939309 -0.026931391770557127 0.0074932242164561557 -0.25137768191867488 0.0069804216620079273 -0.06399854203930988 0.17951822724707001 0.33367871751519385 -0.066416005776274434 -0.22324525462727257 0.0029550517727020063 -0.0079668288581628138 -0.58367874673233189 0.0017336925798255719 0.015688830052325783 -0.039438462638919987 0.20953520576058479 -0.13665240415185678 -0.0026270454152336241 -0.36464365778131036 0.027798214640407649 -0.011702995160126762 0.17502587669242983 -0.010977071231383775 -0.1586159014924533 0.0068830536485855022 -0.004622933663294475 0.071121205137861659
leaf_weight=87 46 42 28 20 22 23 134 26 20 24 38 20 57 20 21 21 100 43 20 32 22 36 25 33 20 124 39 22 196 42
leaf_count=87 46 42 28 20 22 23 134 26 20 24 38 20 57 20 21 21 100 43 20 32 22 36 25 33 20 124 39 22 196 42
internal_value=-0.00173077 0.00200557 0.00687898 0.00976744 0.0175385 -0.00301147 -0.00249 -0.00342956 0.0075 0.00184615 -0.0017734 0.000727273 -0.00576923 0.008 -0.00400972 -0.013125 -0.00344072 -0.0026458 -0.0109459 -0.00566038 -0.0039801 -0.00691489 -0.00394366 -0.0158571 -0.0062234 -0.00289655 -0.00139752 -0.0101613 0.000689655 0.00830769
internal_weight=1403 358 156 128 64 1045 999 865 43 64 202 164 77 44 822 47 775 702 73 52 602 281 212 69 187 144 321 61 260 64
internal_count=1403 358 156 128 64 1045 999 865 43 64 202 164 77 44 822 47 775 702 73 52 602 281 212 69 187 144 321 61 260 64
is_linear=0
shrinkage=0.03


Tree=233
num_leaves=31
num_cat=0
split_feature=12 25 24 1 18 26 29 26 14 6 0 16 16 8 13 26 26 3 26 4 11 1 24 1 1 0 15 3 8 28
split_gain=7.54198 8.02638 5.20667 10.0492 11.3383 6.83024 7.63545 6.65456 9.5625 6.6133 5.09524 4.40858 4.37662 4.84139 4.06526 4.05777 6.16545 4.58133 4.01798 4.14022 5.65984 6.93182 6.00091 4.94623 10.8822 7.35608 6.95652 5.80273 6.83461 5.79294
threshold=1.5000000000000002 25.250000000000004 0.96359376111369366 223.50000000000003 12.450000000000001 38.650000000000013 0.6174544326165855 24.350000000000005 58.500000000000007 318.50000000000006 154.50000000000003 287.50000000000006 26.500000000000004 157.35714285714286 26.500000000000004 40.850000000000001 39.95000000000001 252.50000000000003 39.150000000000013 455.50000000000006 1376.0000000000002 377.50000000000006 0.93038214053199464 373.50000000000006 292.50000000000006 368.50000000000006 246.50000000000003 317.50000000000006 304.50000000000006 -0.99467753128998015
decision_type=8 2 2 8 2 2 2 2 8 8 2 10 10 10 10 2 2 10 2 10 2 10 2 10 10 2 10 10 10 2
left_child=1 10 15 11 7 6 -6 8 -5 -8 -1 14 13 -3 -4 16 18 -17 19 20 22 -22 23 24 29 -25 -27 28 -26 -2
right_child=2 12 3 4 5 -7 9 -9 -10 -11 -12 -13 -14 -15 -16 17 -18 -19 -20 -21 21 -23 -24 25 27 26 -28 -29 -30 -31
leaf_value=0.00556851125040076 0.13205859514093021 0.24308585805923486 0.0053736323855731877 0.096910986018712036 -0.33496471967580077 0.056810534546326605 0.092378188006018713 0.18509815083121053 -0.066945531441981523 -0.060835786276571747 -0.69264246982809308 -0.0010536193186388232 -0.00012298701104782595 0.012742370490765608 0.19712017391905645 -0.0043474387543096784 -0.043239619056899978 0.081164603421125317 0.023949493780419571 0.037436939044667952 -0.4217611743405314 -0.0014820920848598006 -0.080011634595869907 0.015500860224986467 0.0079658737227944702 -0.28636917106669896 -0.016555873583417906 0.0018033489621922172 0.39158045646915923 -0.011294197479300295
leaf_weight=20 23 45 42 27 71 23 21 58 20 46 21 21 21 31 24 29 31 27 26 45 28 25 90 25 34 44 24 80 23 369
leaf_count=20 23 45 42 27 71 23 21 58 20 46 21 21 21 31 24 29 31 27 26 45 28 25 90 25 34 44 24 80 23 369
internal_value=-0.00059364 0.00604317 -0.00131558 0.00177966 -0.0011236 -0.00611111 -0.00863309 0.00650943 -0.001875 -0.00132353 -0.005 0.0105682 0.0107143 0.014026 0.0143284 -0.0025 -0.00300691 0.00526316 -0.00250896 -0.00288533 -0.00340731 -0.0127778 -0.00269285 -0.00163724 -0.000509434 -0.00797872 -0.0130435 0.00673913 0.0139655 -0.00305344
internal_weight=1414 138 1276 353 266 161 138 105 47 67 41 87 97 76 66 923 867 56 836 810 765 53 712 622 529 93 68 137 57 392
internal_count=1414 138 1276 353 266 161 138 105 47 67 41 87 97 76 66 923 867 56 836 810 765 53 712 622 529 93 68 137 57 392
is_linear=0
shrinkage=0.03


Tree=234
num_leaves=31
num_cat=0
split_feature=21 0 26 23 10 4 23 9 26 29 26 21 6 5 5 26 5 6 6 9 20 25 2 21 4 21 25 20 15 25
split_gain=9.22655 10.9813 4.84164 5.57442 5.28171 4.62319 4.20768 5.47264 5.66215 3.75526 6.66205 4.15455 4.109 3.24122 7.87557 6.22793 4.34088 5.77613 6.81994 5.23715 6.94648 9.12878 9.11024 5.75847 4.53679 10.3417 6.3244 3.92185 10.8848 9.70397
threshold=19.450000000000003 337.50000000000006 22.950000000000003 10.950000000000001 503.14000000000004 379.50000000000006 17.050000000000004 199.90500000000003 21.350000000000005 0.87709077819680659 24.750000000000004 25.050000000000004 384.50000000000006 415.50000000000006 396.50000000000006 28.450000000000003 382.50000000000006 357.50000000000006 383.50000000000006 109.95 25.550000000000004 21.650000000000002 234.50000000000003 41.550000000000004 245.50000000000003 30.350000000000005 15.950000000000001 22.250000000000004 90.500000000000014 17.950000000000003
decision_type=2 2 2 2 10 8 2 2 2 2 2 2 10 10 10 2 10 10 10 2 2 2 10 2 10 2 2 2 10 2
left_child=1 -1 3 5 9 -2 7 8 -5 10 -4 -12 -11 14 16 -15 17 19 -19 23 21 22 -21 27 -24 26 -26 28 -13 -30
right_child=2 -3 4 6 -6 -7 -8 -9 -10 12 11 13 -14 15 -16 -17 -18 18 -20 20 -22 -23 24 -25 25 -27 -28 -29 29 -31
leaf_value=0.14912717745085785 -0.017049181094836854 -0.013963603363677635 -0.060391452239882848 0.036313830873328352 1.4180906570292453 -0.38968044476289659 -0.42183969207424266 -0.18060003001571545 -0.00072013662621287714 0.33943811309537325 0.34377746823634708 -0.0051873690728473322 -0.077665376554853643 -0.2365079598246396 0.050103809950473983 0.0010926346458688841 -0.094713073636058312 0.34375699046834057 -0.0017677546891655992 -0.13737666335929433 -0.22471021453212642 0.16938609573371791 0.040143316861830557 0.033982048776812802 -0.056799102217205473 -0.25762162066238231 0.21224721707387287 -0.0047170981340249798 0.19055550033944257 0.089804033678342138
leaf_weight=39 33 37 32 25 20 23 35 31 28 28 28 87 22 30 23 37 23 28 37 20 26 42 20 31 27 32 20 473 21 47
leaf_count=39 33 37 32 25 20 23 35 31 28 28 28 87 22 30 23 37 23 28 37 20 26 42 20 31 27 32 20 473 21 47
internal_value=-0.000746799 0.00935065 -0.00133083 -0.00596591 -0.000623377 -0.0136842 -0.00225 0.00141176 0.00722222 -0.000898678 -0.00127189 -0.000854701 0.00705882 -0.00117073 -0.000720251 -0.0075 -0.00115508 -0.000822368 0.00772727 -0.0014876 -0.00590426 -0.00351852 -0.00775 -0.000227273 -0.0039 -0.007125 0.001875 -0.000858506 0.00326923 0.0121739
internal_weight=1405 76 1329 175 1154 56 119 84 53 1134 1084 1052 50 1024 957 67 934 911 65 846 187 161 119 659 99 79 47 628 155 68
internal_count=1405 76 1329 175 1154 56 119 84 53 1134 1084 1052 50 1024 957 67 934 911 65 846 187 161 119 659 99 79 47 628 155 68
is_linear=0
shrinkage=0.03


Tree=235
num_leaves=31
num_cat=0
split_feature=8 5 12 18 11 7 24 3 1 6 3 10 26 21 0 1 3 4 4 7 16 6 25 14 24 19 19 24 24 5
split_gain=6.1382 5.67982 4.755 3.82195 3.88946 5.93984 5.93737 5.51338 5.09213 4.87771 4.12322 9.20796 6.80422 7.20615 5.86477 8.71784 5.27209 6.13816 8.51904 7.29657 5.62374 8.28007 6.92836 6.47247 7.57279 5.44736 6.85704 7.48052 5.13089 4.66108
threshold=433.78571428571433 521.00000000000011 1.5000000000000002 25.300000000000004 1.5000000000000002 95.833333333333357 0.64942331933852337 140.50000000000003 106.50000000000001 126.50000000000001 213.50000000000003 257.69000000000005 35.45000000000001 37.250000000000007 219.50000000000003 153.50000000000003 228.50000000000003 191.50000000000003 221.50000000000003 196.83333333333334 363.50000000000006 217.50000000000003 27.050000000000004 14.500000000000002 0.97233289553061597 0.85260769842926931 -0.50751903745502724 0.38266886095259278 -0.80382625221112003 316.50000000000006
decision_type=10 10 8 2 2 8 2 10 8 8 10 8 2 2 2 10 10 8 10 10 10 10 2 10 2 2 2 2 2 10
left_child=2 -2 -1 4 6 -6 7 -4 -7 -10 11 12 14 -14 15 -11 -12 -18 -19 -20 23 -22 25 24 29 26 -23 -28 -25 -21
right_child=1 -3 3 -5 5 8 -8 -9 9 10 16 -13 13 -15 -16 -17 17 18 19 20 21 22 -24 28 -26 -27 27 -29 -30 -31
leaf_value=0.0059416883360120208 0.08494921280918219 -0.12839339487637885 0.018763026137488339 0.21175000977577665 -0.10089413696767166 0.098705125561863977 0.072802105791681906 -0.11121210410785096 -0.075877179856411486 -0.20216194000520032 -0.023053532937849182 0.083594979605581154 0.22334212885944252 -0.002514307019121702 -0.065137953859292566 0.023452776382347051 0.046287209380269582 -0.055818797074516625 0.018284316711281293 0.002947504453725287 0.11298152579447844 -0.0027239037923450838 -0.18970491141779375 0.0064622897818566111 0.23157434128407145 -0.0059424553541452948 -0.0085408228828327982 0.22602841228887227 -0.074681960887925239 -0.029124143002263167
leaf_weight=141 53 20 21 31 41 28 21 23 57 23 51 40 24 25 45 38 22 34 26 33 29 70 21 27 27 166 21 48 166 27
leaf_count=141 53 20 21 31 41 28 21 23 57 23 51 40 24 25 45 38 22 34 26 33 29 70 21 27 27 166 21 48 166 27
internal_value=-0.000707143 0.0077027 -0.00117558 -0.00179595 -0.00207792 -0.00250459 0.005 -0.00133333 -0.0020591 -0.0024094 -0.00189834 0.0019898 -0.00134615 0.0078 -0.00560748 0.000483871 -0.00288687 -0.00221448 -0.00271552 -0.00194864 -0.00259434 -8.42697e-05 -0.00146789 -0.00576512 0.00102273 -0.000294118 0.00407143 0.0107143 -0.00881443 -0.00491803
internal_weight=1399 73 1326 1185 1154 1089 65 44 1048 1020 963 195 155 49 106 61 768 717 695 661 635 355 326 280 87 305 139 69 193 60
internal_count=1399 73 1326 1185 1154 1089 65 44 1048 1020 963 195 155 49 106 61 768 717 695 661 635 355 326 280 87 305 139 69 193 60
is_linear=0
shrinkage=0.03


Tree=236
num_leaves=31
num_cat=0
split_feature=21 15 29 12 12 12 24 18 24 8 25 2 6 3 6 21 24 26 13 26 25 27 8 27 6 11 13 24 24 26
split_gain=6.23893 5.03149 8.39157 6.01083 8.94492 7.32926 7.10926 6.48958 7.01934 8.1298 7.71196 6.20318 5.8672 10.0724 5.73807 12.8412 7.35695 7.0625 6.8064 5.46061 8.39966 6.05559 10.3305 8.55745 5.23982 4.85426 4.57355 9.82667 7.66326 6.09982
threshold=18.550000000000004 90.500000000000014 -0.98212955754013376 27.500000000000004 19.500000000000004 17.500000000000004 0.78257835753184646 17.750000000000004 0.98321746822993605 138.50000000000003 26.350000000000005 220.50000000000003 129.00000000000003 167.50000000000003 349.50000000000006 30.150000000000002 0.8869770585236475 33.850000000000001 2.5000000000000004 20.050000000000004 7.8500000000000005 0.45000000000000007 269.21428571428578 0.15000000000000005 236.50000000000003 55.500000000000007 39.500000000000007 0.86159635224327558 0.78257835753184646 25.350000000000005
decision_type=2 8 2 10 10 10 2 2 2 8 2 10 10 10 10 2 2 2 10 2 2 2 10 2 10 2 10 2 2 2
left_child=-1 3 -3 4 5 7 -6 14 9 10 -9 -5 -4 -14 15 -2 18 -18 -17 -15 -21 23 -23 26 -11 -24 28 -28 -22 -29
right_child=1 2 12 11 6 -7 -8 8 -10 24 -12 -13 13 19 -16 16 17 -19 -20 20 21 22 25 -25 -26 -27 27 29 -30 -31
leaf_value=0.026492495207088494 -0.027734994924423401 -0.39675313067871298 -0.36061840711025339 0.05781180825020428 0.00024362280412333346 0.10188491280434916 -0.050716558911501008 -0.071222087380755986 -0.29007179392095112 0.3940715521508818 0.076529121965854721 0.076873282806768653 0.049479036733164887 -0.25445748164391035 0.021352096966122645 0.0027324791941195766 -0.088088250737321086 0.033707541056895565 -0.064194206794395609 0.0173679816310198 0.10104656936233482 0.10123724380575595 0.10565569324062607 -0.13070666008202322 0.0095394492793076328 -0.023387700136140666 -0.0084869769338015988 -0.029054244969864269 -0.11231592719217247 0.05817974566661846
leaf_weight=38 73 22 21 20 23 24 33 20 21 37 20 37 34 35 33 96 20 27 94 27 24 23 21 30 27 41 192 64 61 170
leaf_count=38 73 22 21 20 23 24 33 20 21 37 20 37 34 35 33 96 20 27 94 27 24 23 21 30 27 41 192 64 61 170
internal_value=-0.00106458 -0.00140044 -0.00301567 0.000643564 -0.000327869 0.000973631 -0.0115789 0.000127932 0.00595238 0.00914286 -0.00146341 0.00982759 -0.00245968 -0.0019917 -0.00200581 -0.00327974 0.00012605 0.010625 -0.00251309 -0.00278665 -0.00215596 -0.00287081 0.00453488 -0.00404059 0.0156923 -0.00190476 -0.00310547 -0.0018267 -0.0094186 0.00229787
internal_weight=1408 1370 765 605 548 492 56 468 125 104 40 57 743 722 343 310 237 47 190 688 653 626 85 541 64 62 511 426 85 234
internal_count=1408 1370 765 605 548 492 56 468 125 104 40 57 743 722 343 310 237 47 190 688 653 626 85 541 64 62 511 426 85 234
is_linear=0
shrinkage=0.03


Tree=237
num_leaves=31
num_cat=0
split_feature=21 28 16 16 25 7 2 23 26 29 1 1 19 1 6 6 23 19 13 17 9 0 16 1 27 26 18 19 23 11
split_gain=5.99911 5.37304 6.12862 5.47676 7.64274 5.32819 7.8137 6.43501 5.87139 8.60671 5.83827 7.62168 8.72403 7.70887 7.52897 8.45042 7.1666 6.48252 6.25476 5.72228 5.66396 5.64835 5.95503 5.30744 5.55422 11.8855 7.67732 6.08284 5.42602 5.24148
threshold=19.750000000000004 -0.99467753128998015 42.000000000000007 17.500000000000004 25.150000000000002 143.83333333333334 189.50000000000003 16.850000000000005 31.350000000000005 -0.96234030595689413 322.50000000000006 298.50000000000006 0.9426055981926128 291.50000000000006 248.50000000000003 269.50000000000006 13.850000000000003 0.9426055981926128 53.500000000000007 573.40500000000338 123.2 400.50000000000006 2055.0000000000005 283.50000000000006 1.0500000000000003 33.750000000000007 13.850000000000003 -0.6755644832106783 13.850000000000003 68.500000000000014
decision_type=2 2 8 10 2 10 10 2 2 2 10 10 2 10 10 10 2 2 10 10 2 2 10 10 2 2 2 2 2 2
left_child=-1 -2 3 4 -3 7 8 -4 -7 -10 11 13 29 23 20 -16 18 19 -17 -18 -12 22 -21 24 26 -26 27 -8 -29 -13
right_child=1 2 5 -5 -6 6 10 -9 9 -11 14 12 -14 -15 15 16 17 -19 -20 21 -22 -23 -24 -25 25 -27 -28 28 -30 -31
leaf_value=0.0092532658009281468 0.090384754307175394 -0.34406901856391287 -0.0050531371333013908 0.031763282293504745 0.003268690551812625 -0.0092553214605962351 0.30346461143144721 -0.18857913008239263 -0.0079543162072192777 0.271245343459245 1.0884659470983191 -0.51315862301557957 -0.0047239039568495395 0.19614555463122313 -0.29770757212178861 -0.096828958033785287 0.30850246254060548 -0.057165242002633926 -0.00078985133155583752 -0.06911097214012088 0.003438030882152816 0.58293632583242605 0.19509984494111193 -0.11032889536304764 -0.19710797141852368 0.21811777204411867 -0.021943430154102259 -0.038814645516419548 0.0091407232100681312 -0.0018353713882764565
leaf_weight=91 39 28 41 93 98 35 22 32 25 47 20 29 41 25 23 63 34 45 142 20 23 22 22 25 25 23 176 32 33 24
leaf_count=91 39 28 41 93 98 35 22 32 25 47 20 29 41 25 23 63 34 45 142 20 23 22 22 25 25 23 176 32 33 24
internal_value=-0.000557541 -0.00107798 -0.00141844 0.00313636 -0.000944882 -0.00237143 -0.00178096 -0.0101351 0.00583333 0.0106849 -0.00272414 -0.00506579 -0.0126316 -0.0030663 -0.000144578 -0.00153226 -0.00034384 0.00479167 -0.00393204 0.00909091 0.0115909 0.00369231 -0.0027907 -0.004273 -0.00317308 0.00612245 -0.00488636 0.00238636 -0.00227273 -0.0205556
internal_weight=1398 1307 1268 219 126 1049 976 73 107 72 869 455 94 361 414 371 348 143 205 98 43 64 42 336 311 48 263 87 65 53
internal_count=1398 1307 1268 219 126 1049 976 73 107 72 869 455 94 361 414 371 348 143 205 98 43 64 42 336 311 48 263 87 65 53
is_linear=0
shrinkage=0.03


Tree=238
num_leaves=31
num_cat=0
split_feature=21 14 20 28 0 2 0 10 19 15 27 23 28 15 27 22 13 7 8 6 22 18 18 18 18 13 11 23 20 11
split_gain=9.24143 6.28561 6.65351 5.17312 5.48027 4.8703 8.87649 4.57984 8.92307 8.6024 4.52504 4.48938 4.47719 8.66114 7.29112 6.70883 4.59378 8.18026 6.07748 5.01806 4.42642 5.07919 4.20893 7.51767 7.10792 6.91788 9.79025 6.35737 5.76419 9.58351
threshold=19.750000000000004 15.500000000000002 10.350000000000003 -0.8041866928211282 213.50000000000003 400.50000000000006 337.50000000000006 123.99500000000002 -0.81408451933196946 75.500000000000014 16.850000000000005 15.350000000000003 -0.30163705152652742 2.5000000000000004 3.6500000000000008 1.9500000000000002 10.500000000000002 212.16666666666671 226.50000000000003 296.50000000000006 0.25000000000000006 17.550000000000004 10.250000000000002 11.550000000000002 12.350000000000003 85.500000000000014 615.00000000000011 13.65 22.250000000000004 34.500000000000007
decision_type=2 8 2 2 2 8 2 8 2 10 2 2 2 10 2 2 10 10 10 10 2 2 2 2 2 10 2 2 2 2
left_child=5 2 -2 4 11 6 -1 8 -3 20 12 -4 13 -5 16 -15 17 -14 -18 -20 21 -9 25 -24 -25 27 -27 -11 -26 -30
right_child=1 7 3 10 -6 -7 -8 9 -10 22 -12 -13 14 15 -16 -17 18 -19 19 -21 -22 -23 23 24 28 26 -28 -29 29 -31
leaf_value=0.068091775201169186 0.28807758729064176 0.1260709189260065 0.031701226995973997 0.0062489564058257939 -0.19300681623572016 0.018226282610286828 -0.036438665028390459 -0.02777334053956906 -0.003246357703433489 -0.25927728542852863 0.25390578742044806 0.085402520577729388 0.00043952973280852347 -0.021450560304924694 0.18227970201804347 -0.19699853667836578 -0.0083419573949115033 -0.31663800166230655 0.26143385005274578 -0.0038966267039535294 -0.68773470470011122 0.066884503571901635 0.023689629186861794 -0.038885063562515823 0.0033864529959808463 0.13802574092858633 -0.096760126301472266 -0.0086865157951899613 0.22030106744949179 -0.027528425750720231
leaf_weight=36 31 28 42 39 27 27 29 54 35 40 20 26 35 31 32 43 33 28 28 20 27 21 97 44 206 44 41 24 26 181
leaf_count=36 31 28 42 39 27 27 29 54 35 40 20 26 35 31 32 43 33 28 28 20 27 21 97 44 206 44 41 24 26 181
internal_value=-0.00139685 -0.00204755 0.000894495 -0.000148148 0.0059375 0.00774194 0.00318182 -0.00352129 0.00421875 -0.00413151 -0.00203226 0.0104348 -0.003 -0.00763158 0 -0.0136 -0.00289655 -0.00890625 0.00182927 0.00857143 -0.012233 -0.00828947 -0.00294034 -0.00172973 -0.00334061 -0.0074 -0.00174419 -0.0147692 -0.00210145 -0.005625
internal_weight=1395 1303 435 404 95 92 65 868 63 805 309 68 289 113 176 74 144 63 81 48 102 75 703 554 457 149 85 64 413 207
internal_count=1395 1303 435 404 95 92 65 868 63 805 309 68 289 113 176 74 144 63 81 48 102 75 703 554 457 149 85 64 413 207
is_linear=0
shrinkage=0.03


Tree=239
num_leaves=31
num_cat=0
split_feature=14 27 20 10 5 11 5 12 18 17 10 9 1 6 2 2 7 12 27 14 12 12 6 9 25 23 2 1 20 20
split_gain=9.32621 7.46414 7.33539 5.91612 11.3194 4.93028 5.90031 5.36738 7.42297 9.14906 7.65281 10.9869 7.25843 7.48914 6.92355 8.69324 5.54162 5.91783 4.68405 4.28126 5.4144 10.7986 7.38403 6.58558 6.85459 6.56878 5.24329 5.42724 5.07937 4.89172
threshold=2.5000000000000004 0.65000000000000002 6.8500000000000005 123.99500000000002 119.50000000000001 2092.5000000000005 406.50000000000006 1255.5000000000002 11.950000000000001 11164.430000000006 376.07500000000005 190.40500000000003 213.50000000000003 192.50000000000003 269.50000000000006 354.50000000000006 362.16666666666669 44.500000000000007 1.9500000000000002 384.50000000000006 28.500000000000004 38.500000000000007 390.50000000000006 143.01000000000002 12.450000000000001 19.750000000000004 322.50000000000006 240.50000000000003 25.550000000000004 28.650000000000002
decision_type=8 2 2 8 10 2 10 8 2 8 8 2 10 10 10 10 10 10 2 10 10 10 10 2 2 2 10 10 2 2
left_child=1 -1 -2 4 -4 7 -7 8 9 10 11 12 13 -5 -14 -16 -12 -18 -3 20 25 -22 23 26 -25 -10 27 29 -29 -23
right_child=2 18 3 5 -6 6 -8 -9 19 -11 16 -13 14 -15 15 -17 17 -19 -20 -21 21 22 -24 24 -26 -27 -28 28 -30 -31
leaf_value=0.014087181595031665 0.046691903835571792 -0.0063094392367239035 -0.059538456440283764 0.0058018520133299488 0.029031251604987745 -0.0017920144363034751 0.45953611386321708 -0.1223832370949276 -0.019437497021835951 0.21640048104650475 0.083410350723929411 -0.12624830455635902 0.096148434311768935 -0.42235184407637999 -0.047008369759599301 0.024348174014056666 0.18792827753412297 -0.12105674898546169 0.0053200164541350146 -0.024961173152411077 0.045817956990553195 -0.019113326600269716 -0.13912788597781797 -0.020815132263143708 0.6762395428720992 -0.040949367719356644 -0.073265620121180181 0.082385791583701004 -0.24150748193351829 0.029850490589131907
leaf_weight=71 52 23 33 23 101 25 21 53 197 20 24 34 43 21 48 31 22 27 89 78 56 61 39 26 21 51 33 39 23 20
leaf_count=71 52 23 33 23 101 25 21 53 197 20 24 34 43 21 48 31 22 27 89 78 56 61 39 26 21 51 33 39 23 20
internal_value=-0.000917496 0.00538043 -0.00186427 -0.00235696 0.00355556 -0.0031244 0.00638298 -0.00357215 -0.00303838 0.000918367 -0.000547445 -0.00358209 -0.000359281 -0.0106667 0.00341463 -0.001875 0.0077027 0.0018 0.000530973 -0.00483721 -0.00391534 -0.00131661 -0.00387833 -0.00174107 0.008125 -0.00722892 -0.00440678 -0.001875 0.0047619 -0.00695122
internal_weight=1405 183 1222 1170 134 1036 46 990 937 293 273 200 166 44 122 79 73 49 112 644 566 318 262 223 47 248 176 143 62 81
internal_count=1405 183 1222 1170 134 1036 46 990 937 293 273 200 166 44 122 79 73 49 112 644 566 318 262 223 47 248 176 143 62 81
is_linear=0
shrinkage=0.03


Tree=240
num_leaves=31
num_cat=0
split_feature=14 22 10 11 26 14 25 0 16 2 9 23 19 10 13 2 19 19 11 12 5 6 10 2 2 10 25 26 25 23
split_gain=6.47171 7.12862 9.66139 8.57011 9.36963 7.30268 6.12027 5.68605 5.66709 10.7255 5.59596 5.37582 5.07319 7.71704 6.32128 5.06009 4.11711 6.78586 6.50165 8.65732 4.07923 3.90562 6.0297 6.14399 5.57693 6.00071 5.44243 5.17561 6.77437 6.4417
threshold=5.5000000000000009 5.8500000000000005 152.12000000000003 10.500000000000002 31.950000000000003 7.5000000000000009 7.6500000000000012 492.50000000000006 339.00000000000006 352.50000000000006 60.750000000000007 16.550000000000004 -0.8949002852437673 100.63000000000001 1.0000000180025095e-35 126.50000000000001 0.74892720285008318 0.58068084432175959 2.5000000000000004 5.5000000000000009 485.50000000000006 396.50000000000006 391.53500000000003 337.50000000000006 387.50000000000006 323.50500000000005 13.950000000000001 25.150000000000002 15.450000000000001 16.150000000000002
decision_type=8 2 8 2 2 10 2 2 10 10 2 2 2 8 10 10 2 2 2 10 10 8 10 10 10 10 2 2 2 2
left_child=12 2 3 -2 -5 -4 8 20 9 -7 -6 -3 15 14 -14 -1 17 -15 -18 -20 21 22 24 -24 -8 -26 -25 -23 -29 -30
right_child=1 11 5 4 10 6 7 -9 -10 -11 -12 -13 13 16 -16 -17 18 -19 19 -21 -22 27 23 26 25 -27 -28 28 29 -31
leaf_value=0.00077385442344493074 0.093402300142795047 -0.0074948656697590363 -0.17776579805941864 -0.088697529530706448 -0.0014773786450845705 0.18718488032674371 -0.003471801962392078 0.61977619486165758 0.24470130452250088 -0.21191528752236052 0.16517166827680682 -0.41251762558481031 0.0038329245986919603 0.0099271731898181049 -0.11895954059549581 0.067868394138153862 0.15616272813070253 -0.10553518800944914 -0.19234188456161774 0.064662546682608735 -0.14318773934140835 -0.0067906576192760327 -0.47379263374568764 0.0077559926928432782 0.22073461390643898 -0.013332270625431875 -0.19234513977918566 0.43174965088093498 -0.077071397803804301 0.053786418701593557
leaf_weight=20 40 33 29 31 35 24 547 28 28 28 32 22 20 44 40 30 24 21 25 56 22 40 20 25 39 21 20 22 22 21
leaf_count=20 40 33 29 31 35 24 547 28 28 28 32 22 20 44 40 30 24 21 25 56 22 40 20 25 39 21 20 22 22 21
internal_value=-0.00087234 -0.00188496 -0.00133953 0.00604317 0.00121212 -0.0024333 -0.00194934 -0.00271739 0.00592593 0 0.0075 -0.0123214 0.00320285 0.0012987 -0.00786885 0.0117647 0.0045614 -0.00136364 0.00820755 0.00402439 -0.0031875 -0.00281491 -0.00365527 -0.0122727 -0.00271382 0.00590164 -0.00586957 0.00254717 0.00772727 0.000681818
internal_weight=1409 1129 1074 138 98 936 907 827 80 52 67 55 280 230 60 50 170 65 105 81 799 777 672 65 607 60 45 105 65 43
internal_count=1409 1129 1074 138 98 936 907 827 80 52 67 55 280 230 60 50 170 65 105 81 799 777 672 65 607 60 45 105 65 43
is_linear=0
shrinkage=0.03


Tree=241
num_leaves=31
num_cat=0
split_feature=14 19 28 19 8 20 26 15 13 19 13 2 6 0 25 19 26 18 0 18 18 8 23 19 6 18 1 23 26 24
split_gain=9.00455 7.11001 5.35074 5.92378 5.58844 5.34378 5.9058 11.5743 9.47507 6.38647 7.44667 7.81578 5.95877 5.65416 5.45336 6.9066 8.69654 7.46302 5.53409 5.33902 5.23139 4.97559 7.0317 4.65665 5.30484 6.08621 4.40126 4.31626 7.80054 7.11826
threshold=2.5000000000000004 0.68832836526074803 -0.8041866928211282 -0.87032255546191706 135.50000000000003 6.5500000000000007 22.750000000000004 72.500000000000014 9.5000000000000018 -0.16504132135358054 28.500000000000004 366.50000000000006 502.50000000000006 485.50000000000006 10.850000000000003 0.84335933205092506 24.950000000000003 9.4500000000000011 333.50000000000006 8.9500000000000011 12.550000000000002 207.6428571428572 21.050000000000004 0.79332313182700742 396.50000000000006 10.550000000000002 175.50000000000003 21.050000000000004 38.650000000000013 0.97988739209073494
decision_type=10 2 2 2 10 2 2 10 10 2 10 10 10 2 2 2 2 2 2 2 2 10 2 2 10 2 10 2 2 2
left_child=1 2 -1 -4 -5 -2 7 8 -7 -9 -11 -12 13 14 18 17 -17 19 -8 -16 -3 26 -23 24 25 -19 -18 29 -29 -27
right_child=5 20 3 4 -6 6 12 9 -10 10 11 -13 -14 -15 15 16 21 23 -20 -21 -22 22 -24 -25 -26 27 -28 28 -30 -31
leaf_value=0.080130196482749841 0.29575360027289349 0.00071063766545762517 0.030247243466208999 0.0048626007648164913 -0.167854561373385 -0.23206139939369308 0.37074921111857262 -0.50078410478319202 0.040135247254957276 -0.091627957961938761 -0.05574291530242817 0.030492513171107873 -0.35271734787703679 0.87462878834225821 0.010905061327451761 -0.21321447759061868 -0.00078524659389927359 -0.10005876417101689 -0.0019084859459201197 0.12531854521850846 0.17540078015639893 -0.0037235001449425907 0.17542973484110747 0.018557778145168555 0.07634169487147914 -0.0054288930080571163 -0.014695665592193307 -0.040807801896889373 0.0095962363749521277 0.14627300272683905
leaf_weight=20 42 28 31 29 42 28 20 29 38 22 38 28 23 20 38 28 46 46 23 23 44 261 37 26 26 234 36 45 21 38
leaf_count=20 42 28 31 29 42 28 20 29 38 22 38 28 23 20 38 28 46 46 23 23 44 261 37 26 26 234 36 45 21 38
internal_value=-0.00106308 0.00492308 0.000487805 -0.0023301 -0.00708333 -0.00202136 -0.0024 -0.00733696 0.00268657 -0.0129661 -0.00876404 -0.00358209 -0.00148185 -0.00111455 -0.00145416 -0.00195364 -0.00484108 0.000421687 0.00886364 0.0101613 0.0123288 -0.00362205 -0.00180602 -0.000961098 -0.00175182 -0.00264935 -0.0101205 -0.00123894 -0.0080597 0.00043956
internal_weight=1410 194 122 102 71 1216 1174 183 66 117 88 66 991 968 948 905 408 497 43 61 72 380 298 436 410 384 82 338 66 272
internal_count=1410 194 122 102 71 1216 1174 183 66 117 88 66 991 968 948 905 408 497 43 61 72 380 298 436 410 384 82 338 66 272
is_linear=0
shrinkage=0.03


Tree=242
num_leaves=31
num_cat=0
split_feature=18 24 4 6 11 24 8 18 18 8 8 2 6 2 9 2 11 20 29 4 18 0 9 26 4 20 8 11 9 20
split_gain=6.09442 6.97417 5.72851 7.59516 5.19907 5.32726 8.13715 11.456 5.28144 4.78221 8.78439 7.08365 7.0705 10.0241 6.79573 6.7924 7.52499 9.47438 6.66216 5.46625 4.93618 6.33515 4.90693 4.40724 6.21907 10.7094 7.30838 7.69163 5.56198 4.88561
threshold=9.4500000000000011 -0.87032255546191706 319.50000000000006 360.50000000000006 1.5000000000000002 0.86159635224327558 168.6428571428572 15.550000000000002 10.050000000000002 283.4285714285715 312.4285714285715 271.50000000000006 298.50000000000006 334.50000000000006 73.585000000000022 259.50000000000006 45.500000000000007 13.950000000000001 0.1318557721318592 217.50000000000003 20.650000000000002 183.50000000000003 73.585000000000022 40.250000000000007 390.50000000000006 7.7500000000000009 402.28571428571433 1073.5000000000002 167.59 9.9500000000000011
decision_type=2 2 8 8 2 2 10 2 2 8 8 10 10 10 2 10 2 2 2 10 2 2 2 2 10 2 10 2 2 2
left_child=1 -1 -3 -4 5 6 7 -2 -6 11 12 15 13 -11 -12 16 17 -10 19 -19 21 -18 -13 24 25 -16 28 -28 -26 -27
right_child=4 2 3 -5 8 -7 -8 -9 9 10 14 22 -14 -15 23 -17 20 18 -20 -21 -22 -23 -24 -25 26 29 27 -29 -30 -31
leaf_value=-0.04520115609548199 -0.006733470294300048 0.093289279156015245 -0.096853312226548666 0.025426199576554041 -0.021595145070365331 0.11942664722511949 -0.053693926712698216 0.11091972127433365 0.20240061312120361 -0.099142123071293886 -0.081432529211838869 -0.0012361517577880931 0.072338954751726303 0.29613896152424191 0.067775974853886964 0.070518480224434937 -0.32974809586604636 -0.0023556846803083429 -0.34752526599717098 0.025226726707456348 0.00097030606137977311 -0.0096500602911441993 -0.057843312272019033 0.098320268564754371 0.26803345504784232 -0.14139506823807776 -0.10885815017609018 0.39937828703521233 -0.091917224354782542 -0.0041518774853813055
leaf_weight=22 35 64 26 41 77 24 32 29 35 37 21 32 55 20 30 30 34 176 27 67 30 72 55 26 40 38 54 21 21 141
leaf_count=22 35 64 26 41 77 24 32 29 35 37 21 32 55 20 30 30 34 176 27 67 30 72 55 26 40 38 54 21 21 141
internal_value=-0.000764331 0.00487013 0.0075 0.00132353 -0.00145238 0.00446281 0.00123711 0.00738462 -0.00207895 -0.00152399 0.000594059 -0.0034347 0.0079646 0.000517241 -0.00152672 -0.00197034 -0.00291855 -0.000294118 -0.00221402 -0.000614754 -0.00875912 -0.0117757 -0.01125 -0.000564516 -0.00147399 -0.00471429 0.00350365 -0.00276316 0.011129 -0.0075
internal_weight=1412 153 131 67 1259 120 96 64 1139 1062 504 558 112 57 392 471 441 305 270 243 136 106 87 371 345 209 136 75 61 179
internal_count=1412 153 131 67 1259 120 96 64 1139 1062 504 558 112 57 392 471 441 305 270 243 136 106 87 371 345 209 136 75 61 179
is_linear=0
shrinkage=0.03


Tree=243
num_leaves=31
num_cat=0
split_feature=9 26 21 2 14 27 2 28 28 24 29 12 0 5 9 2 28 28 26 24 25 25 20 13 18 28 12 5 2 24
split_gain=5.9917 8.25795 6.4636 6.19344 6.76419 5.09665 5.83115 4.62217 4.99341 4.80872 11.4199 5.36387 5.15611 8.5789 5.95421 9.75922 8.40194 5.85561 5.31114 8.77043 5.03337 7.31355 6.22126 6.43863 5.50473 5.07478 4.83581 4.81247 7.21039 4.17122
threshold=75.375000000000014 41.650000000000013 41.650000000000013 179.50000000000003 2.5000000000000004 1.0000000180025095e-35 159.50000000000003 0.98213580174693105 0.93544191479114935 0.99353402350479769 0.91159213926341531 291.50000000000006 313.50000000000006 183.50000000000003 115.94500000000001 274.50000000000006 0.58481550752069722 0.78325454425165997 28.550000000000004 -0.62249093318774784 14.050000000000002 11.450000000000001 8.2000000000000011 54.500000000000007 10.450000000000001 -0.19337636264337835 118.50000000000001 313.50000000000006 398.50000000000006 0.81408451933196979
decision_type=2 2 2 10 10 2 10 2 2 2 2 10 2 10 2 10 2 2 2 2 2 2 2 10 2 2 10 10 10 2
left_child=-1 2 3 5 -5 6 -2 8 9 12 11 -11 13 -6 15 16 -15 18 20 -20 21 22 27 -24 -23 -25 -17 -14 -29 -9
right_child=1 -3 -4 4 7 -7 -8 29 -10 10 -12 -13 17 14 -16 26 -18 -19 19 -21 -22 24 23 25 -26 -27 -28 28 -30 -31
leaf_value=0.0038097687547147528 0.035149215413551926 0.13895426087649496 -0.083743002755244045 0.20586836378024825 -0.10948622595962704 -0.29030348731473676 -0.044108075722012356 0.0023128320053459107 0.021524457754489672 -0.11145427233116265 0.17483819661747388 0.28577590119623947 0.28896524257194811 0.28524109229210026 0.025259871986612552 -0.04118584597739712 -0.00039093560783499016 -0.025719532715972094 -0.4158089924453901 0.024197281131018256 -0.15964200496841727 0.036063589802232059 -0.38302584683635371 -0.043509241747688061 -0.0017000331472911512 0.015613769816179967 0.0020808750995132642 -0.010669354104785497 0.041571518053214615 -0.11140185631919962
leaf_weight=461 21 32 22 21 20 24 24 22 47 45 30 21 20 26 67 36 31 36 21 86 45 23 42 21 31 24 23 34 20 33
leaf_count=461 21 32 22 21 20 24 24 22 47 45 30 21 20 26 67 36 31 36 21 86 45 23 42 21 31 24 23 34 20 33
internal_value=-0.000659574 -0.00202318 -0.0025518 -0.00214525 -0.00141646 -0.0107143 -0.00456522 -0.00186335 -0.00124 -0.00187767 0.0043299 -0.00268657 -0.00286656 0.00102941 0.00309783 -0.00102564 0.00775862 -0.00482673 -0.00366848 0.00194444 -0.00597701 -0.00402778 -0.00722222 -0.0126136 0.00545455 -0.00456522 -0.0095 -0.0008 -0.00545455 -0.0101786
internal_weight=1409 948 916 894 825 69 45 804 749 702 96 66 606 203 183 116 57 403 367 107 260 215 161 87 54 45 59 74 54 55
internal_count=1409 948 916 894 825 69 45 804 749 702 96 66 606 203 183 116 57 403 367 107 260 215 161 87 54 45 59 74 54 55
is_linear=0
shrinkage=0.03


Tree=244
num_leaves=31
num_cat=0
split_feature=23 26 21 7 23 27 22 28 17 20 13 2 8 6 22 27 18 16 22 22 24 10 2 9 9 22 25 7 14 24
split_gain=7.80083 6.64577 5.11095 14.9398 4.96958 4.82495 4.65645 4.52792 9.15172 9.18571 8.15648 8.04612 8.10999 11.8008 4.72573 5.74088 4.51395 4.60859 4.54794 5.70772 4.44833 3.99497 4.4875 4.52381 4.42024 4.79052 7.84449 4.91162 6.81079 5.62184
threshold=8.9500000000000011 41.550000000000004 19.450000000000003 365.00000000000006 17.350000000000005 13.000000000000002 4.3500000000000005 -0.82415615971448097 68.254999999999981 25.050000000000004 29.500000000000004 231.50000000000003 311.57142857142861 370.50000000000006 5.8500000000000005 3.2500000000000004 24.550000000000004 349.50000000000006 2.9500000000000006 2.1500000000000008 0.71322329076259949 141.01500000000001 236.50000000000003 44.545000000000009 119.78500000000001 1.0000000180025095e-35 27.050000000000004 219.50000000000003 15.500000000000002 0.9426055981926128
decision_type=2 2 2 8 2 2 2 2 10 2 10 10 10 10 2 2 2 10 2 2 2 8 10 2 2 2 2 10 10 2
left_child=-1 2 3 -2 -3 7 -7 8 -4 10 -10 -12 -13 -14 16 20 18 -18 19 21 -16 22 23 -9 25 27 -27 -23 -29 -30
right_child=1 4 5 -5 -6 6 -8 14 9 -11 11 12 13 -15 15 -17 17 -19 -20 -21 -22 24 -24 -25 -26 26 -28 28 29 -31
leaf_value=0.01753802767448313 0.025350918741998497 0.00056952360319272087 0.10936480070825268 -0.018401496020979093 0.15070415732395986 -0.10233937310777264 0.062750958169567633 -0.0010030964979731748 0.10368108730539546 -0.49079501678577236 -0.32160821245495325 0.17128050897164881 -0.054637438893706189 0.32505369710864274 -0.34412977693482116 0.0044601417972087633 0.27294537365221117 -0.027229503167490916 0.024219233583268929 -0.11217452190770515 -0.038817505979607883 0.0013819306542231403 -0.010309145994922914 0.06821326446866266 -0.0010664966614353942 -0.11848530389896722 0.044618154408317706 -0.035732170211839213 -0.015756845173810347 0.011616555784864317
leaf_weight=98 45 26 45 20 27 25 21 20 24 20 27 29 29 23 22 25 20 20 54 28 24 76 26 33 353 71 31 27 61 39
leaf_count=98 45 26 45 20 27 25 21 20 24 20 27 29 29 23 22 25 20 20 54 28 24 76 26 33 353 71 31 27 61 39
internal_value=-0.00023741 -0.000859133 -0.00130751 0.00681818 0.00944444 -0.0017632 0.00765957 -0.00215426 0.0019697 -0.00156863 0.00135338 -0.00220183 0.00256098 -0.0045283 -0.003029 -0.0104167 -0.00240698 0.00731707 -0.00289024 -0.00348564 -0.0165957 -0.00296748 0.003375 0.00833333 -0.00373293 -0.00637255 -0.0116505 -0.00367647 -0.00726562 -0.00356436
internal_weight=1389 1291 1238 65 53 1173 46 1127 197 152 132 108 81 52 930 71 859 40 819 765 46 737 79 53 658 305 102 203 127 100
internal_count=1389 1291 1238 65 53 1173 46 1127 197 152 132 108 81 52 930 71 859 40 819 765 46 737 79 53 658 305 102 203 127 100
is_linear=0
shrinkage=0.03


Tree=245
num_leaves=31
num_cat=0
split_feature=7 7 9 0 13 24 6 23 19 19 12 11 17 23 25 12 17 23 12 10 7 9 27 4 8 18 11 13 24 16
split_gain=6.65168 5.84959 6.98864 6.51817 8.1003 7.48918 6.26439 5.63013 7.51435 5.48868 5.25243 9.94989 7.01524 6.23189 7.16885 7.07846 8.66016 8.41636 6.17013 5.7603 5.22498 6.73531 8.94394 6.07137 7.58273 6.29922 5.09948 5.44219 8.04725 5.62325
threshold=287.83333333333343 316.83333333333343 119.78500000000001 329.50000000000006 9.5000000000000018 0.99353402350479769 332.50000000000006 9.7500000000000018 -0.8949002852437673 0.93663652364155514 362.50000000000006 175.50000000000003 15242.205000000007 16.650000000000002 27.250000000000004 39.500000000000007 319.70500000000004 16.150000000000002 89.500000000000014 41.475000000000009 79.433333333333351 62.230000000000011 0.35000000000000003 165.50000000000003 141.78571428571431 14.250000000000002 2.5000000000000004 28.500000000000004 -0.19936034309715217 120.50000000000001
decision_type=8 10 2 2 10 2 8 2 2 2 10 2 10 2 2 10 10 2 10 10 10 2 2 10 10 2 2 10 2 10
left_child=10 2 -2 9 -5 7 -4 -6 -9 -3 11 13 -12 15 19 16 17 20 -17 -15 -1 23 -23 24 25 -22 -21 29 -29 -28
right_child=1 3 6 4 5 -7 -8 8 -10 -11 12 -13 -14 14 -16 18 -18 -19 -20 26 21 22 -24 -25 -26 -27 27 28 -30 -31
leaf_value=0.069798756665236356 -0.067048402436880108 0.014733346738341594 0.0073193382686181961 -0.3563358383505732 0.0032135362757517781 0.12108976236141529 -0.010168734188511053 0.011034920101844817 -0.029867621609247975 -0.029208188353049988 -0.27045388657450248 0.055007393010425572 0.0087289602755691933 -0.1348927431503639 0.03527956977668964 -0.022732125180286857 0.11866248679055871 0.19518895762908242 0.073702401346506713 0.0070738522695964435 0.0051474506767532086 0.00016788580400486808 0.041363822222120913 -0.034660205105483892 0.067880913948534599 -0.063845986978834826 -0.0056860848644498668 -0.30197732179652048 0.0050084092707130875 -0.23034314122457339
leaf_weight=22 54 59 38 21 78 47 33 37 233 36 29 41 20 20 53 61 51 22 23 30 40 73 34 55 20 30 43 20 42 36
leaf_count=22 54 59 38 21 78 47 33 37 233 36 29 41 20 20 53 61 51 22 23 30 40 73 34 55 20 30 43 20 42 36
internal_value=-0.000278174 -0.00254317 -0.00833333 -0.00111328 -0.00273381 -0.00174242 -0.00208333 -0.00326648 -0.00531365 0.0059375 0.00160574 0.00225941 -0.0078 0.00137574 -0.00244898 0.00354167 0.00543103 0.00343434 -0.00423529 -0.00515625 0.00196364 0.000711462 0.00638889 -0.00349315 0.00131868 -0.00338028 -0.00331395 -0.00570423 0.000952381 -0.010875
internal_weight=1401 636 125 511 416 395 71 348 270 95 765 716 49 675 244 431 347 296 84 191 274 252 107 145 90 70 171 141 62 79
internal_count=1401 636 125 511 416 395 71 348 270 95 765 716 49 675 244 431 347 296 84 191 274 252 107 145 90 70 171 141 62 79
is_linear=0
shrinkage=0.03


Tree=246
num_leaves=31
num_cat=0
split_feature=21 7 26 21 11 3 4 19 13 17 24 5 2 16 27 15 14 27 24 9 5 10 8 3 13 25 11 12 13 10
split_gain=4.1431 10.2007 5.07561 9.30331 8.38657 6.13074 9.29775 6.95947 6.15231 6.74482 12.8188 8.06273 6.33729 6.02428 6.57398 5.96515 7.83929 5.4368 5.42272 5.892 11.6791 5.15339 5.07536 5.425 4.802 4.6351 4.28574 4.26938 6.58934 11.1323
threshold=19.450000000000003 359.83333333333343 36.95000000000001 34.550000000000004 362.50000000000006 126.50000000000001 140.50000000000003 0.99901018088683491 30.500000000000004 95.515000000002289 -0.7933231318270072 145.00000000000003 174.50000000000003 132.50000000000003 0.45000000000000007 150.50000000000003 18.500000000000004 0.15000000000000005 -0.97988739209073461 81.430000000000021 239.50000000000003 240.87000000000003 271.64285714285717 204.50000000000003 10.500000000000002 26.050000000000004 1.5000000000000002 64.500000000000014 159.00000000000003 271.18500000000006
decision_type=2 8 2 2 2 10 10 2 10 10 2 10 10 10 2 10 10 2 2 2 10 10 10 10 10 2 2 10 10 8
left_child=1 -1 3 5 13 6 26 8 9 11 -11 -7 -13 24 -15 16 -4 22 -10 -20 -21 -18 23 -17 -5 -24 -2 -22 29 -29
right_child=2 -3 15 4 -6 7 -8 -9 18 10 -12 12 -14 14 -16 17 21 -19 19 20 27 -23 25 -25 -26 -27 -28 28 -30 -31
leaf_value=0.098990377946331309 0.013918197848550874 -0.0077462541697758524 -0.006768184203352518 -0.013164877236943795 -0.25764581975135625 0.027423207838515394 0.2642585531410806 0.011859303745146122 -0.030191159556654128 0.11510261218684206 -0.066065636920478288 -0.27430553320905332 0.00034708488904513498 0.013279511184423427 -0.18311649090302046 0.024019190712637053 0.31782565177899041 -0.017973277428165773 0.037034066920102617 -0.019411725431861128 0.0200070889935796 0.0039269711427087368 0.49441491320627445 -0.024820848426056301 -0.23395611003403602 -0.015427041475427358 -0.0040602438113732826 0.063074715895160685 0.0026759234904289997 -0.27031395371454153
leaf_weight=47 41 30 35 26 30 33 20 37 21 35 132 40 76 33 32 27 31 54 24 42 117 24 40 44 22 20 91 22 147 42
leaf_count=47 41 30 35 26 30 33 20 37 21 35 132 40 76 33 32 27 31 54 24 42 117 24 40 44 22 20 91 22 147 42
internal_value=-0.00095339 0.00576923 -0.00134429 -0.00228383 -0.009375 -0.00117264 0.00431373 -0.00226268 -0.00290984 -0.00605678 -0.0101786 -0.0014 -0.00512821 -0.00552632 0.000454545 0.00228261 0.00857143 -0.000806452 -0.000504808 0.000303797 -0.0006469 0.0155357 0.0025 -0.00291667 -0.0134694 0.00885246 0.00135338 0.0012766 -0.00127358 -0.00923077
internal_weight=1415 77 1338 1063 143 920 152 768 731 316 167 149 116 113 65 275 90 185 415 394 370 55 131 71 48 60 132 328 211 64
internal_count=1415 77 1338 1063 143 920 152 768 731 316 167 149 116 113 65 275 90 185 415 394 370 55 131 71 48 60 132 328 211 64
is_linear=0
shrinkage=0.03


Tree=247
num_leaves=31
num_cat=0
split_feature=4 21 12 3 9 19 28 28 28 23 23 14 4 28 7 8 9 14 18 14 5 15 6 7 2 23 8 9 23 26
split_gain=5.96736 4.11498 4.03521 3.87175 7.64533 6.1998 4.69248 6.14758 5.95223 5.2441 5.24027 6.22222 5.12025 7.33333 4.54705 9.53316 5.60221 8.22973 13.7602 11.5587 9.45665 8.05877 7.51317 7.35167 7.33581 8.28748 6.26285 5.48874 5.55958 11.4734
threshold=80.500000000000014 18.350000000000005 4.5000000000000009 443.50000000000006 296.07500000000005 0.93663652364155514 0.82899317702918729 0.93237596376505805 0.80417553764032002 17.250000000000004 14.15 28.500000000000004 239.50000000000003 0.98213580174693105 95.833333333333357 111.3214285714286 127.05500000000002 12.500000000000002 14.65 27.500000000000004 145.00000000000003 3832.0000000000005 339.00000000000006 361.50000000000006 358.50000000000006 14.850000000000003 197.71428571428575 109.37000000000002 13.950000000000001 37.750000000000007
decision_type=10 2 10 10 2 2 2 2 2 2 2 10 10 2 10 8 2 10 2 10 10 10 10 10 10 2 10 2 2 2
left_child=2 -2 -1 6 5 -5 8 9 14 -8 11 -9 13 -12 -3 -16 17 18 20 -19 -17 23 -23 -18 -25 -26 -22 28 -21 -30
right_child=1 3 -4 4 -6 -7 7 10 -10 -11 12 -13 -14 -15 15 16 21 19 -20 27 26 22 -24 24 25 -27 -28 -29 29 -31
leaf_value=0.0052482414410464171 0.075456656352550333 -0.025308026654065258 0.079898303260679135 -0.25012193145521677 0.46806731833298781 -0.0022286444009023396 -0.0054858487960423473 0.0016712348283398626 0.19154749031123144 -0.043096804415883976 0.0090433439932448324 -0.59410331005509442 0.12247320457368474 -0.14283492767281558 0.020500223022580144 0.023580476996640839 0.01875682691082204 -0.13035556454855479 0.03088895094455708 0.017248198034992581 -0.30172342546766029 -0.1651657563644528 0.0013040168968964849 -0.12115846272498117 -0.0041803705690711011 0.052571691684545382 -0.00096596751236830867 -0.11304518176265674 -0.30252654890291936 0.0072355253626582789
leaf_weight=26 34 40 24 42 25 28 54 42 20 51 27 20 56 35 39 27 164 61 90 65 26 21 38 31 80 27 33 37 50 83
leaf_count=26 34 40 24 42 25 28 54 42 20 51 27 20 56 35 39 27 164 61 90 65 26 21 38 31 80 27 33 37 50 83
internal_value=0.00051539 0.00013363 0.0105882 -0.000137091 -0.0059375 -0.0109859 0.000320197 -0.00304196 0.00135048 -0.00877358 0.000331492 -0.00666667 0.00403361 -0.00190476 0.000985761 0.0014433 0.000755396 -0.00139535 0.00372881 -0.00444444 -0.00482759 0.00356354 -0.0065 0.00554455 0.000431655 0.00416667 -0.0115 -0.00139831 0.000603015 -0.00291045
internal_weight=1396 1346 50 1312 95 70 1217 285 932 105 180 62 118 62 912 872 833 472 176 296 86 361 59 302 138 107 59 235 198 133
internal_count=1396 1346 50 1312 95 70 1217 285 932 105 180 62 118 62 912 872 833 472 176 296 86 361 59 302 138 107 59 235 198 133
is_linear=0
shrinkage=0.03


Tree=248
num_leaves=31
num_cat=0
split_feature=7 2 3 29 21 13 18 6 10 5 10 1 18 18 8 5 1 4 24 29 9 16 25 21 21 24 19 19 12 12
split_gain=10.0201 7.77887 6.84404 5.86746 6.63999 5.64733 8.19845 7.05769 4.97511 4.92079 12.3422 9.18704 5.35631 8.86321 8.43161 6.64072 5.70955 7.37647 5.60887 5.81625 5.15056 6.65954 4.94392 4.79494 7.45857 5.71857 5.43785 8.43208 7.72592 5.2316
threshold=359.50000000000006 339.00000000000006 313.50000000000006 0.92843842216862604 19.750000000000004 25.500000000000004 10.050000000000002 375.50000000000006 325.90000000000003 342.50000000000006 180.75500000000002 328.50000000000006 9.4500000000000011 10.050000000000002 331.00000000000006 239.50000000000003 279.50000000000006 185.50000000000003 0.81408451933196979 -0.10837475778693638 33.920000000000009 30.500000000000004 15.050000000000002 38.150000000000013 39.250000000000007 0.47714059151611404 0.73724926354828246 -0.93038214053199442 12.500000000000002 89.500000000000014
decision_type=8 10 10 2 2 10 2 10 10 10 10 10 2 2 10 10 10 10 2 2 2 10 2 2 2 2 2 2 10 10
left_child=3 -2 -3 9 -5 8 7 -7 -4 12 -11 -12 15 -14 16 -1 20 -18 19 -19 21 -15 -20 25 -25 26 27 -22 -29 -27
right_child=1 2 5 4 -6 6 -8 -9 -10 10 11 -13 13 14 -16 -17 17 18 22 -21 23 -23 -24 24 -26 29 -28 28 -30 -31
leaf_value=0.10478442935733503 -0.54973330890229244 0.65409162645229202 -0.01824487301983737 0.1695771690283695 0.0014284072180942074 -0.26210229335675306 0.0065290759469229442 -0.008972602226413641 -0.26551333338109939 0.0099705157662108943 -0.15463508610548557 0.0022191844476591883 -0.047224242741484797 0.0024911579134953852 0.0722663359994246 -0.00039684781844982807 -0.32724096768324556 -0.0037100151986736306 -0.10523396517339875 0.073447697894282973 0.068394081988141758 -0.027383526099331552 -0.0052046348966678126 -0.33522430326111297 0.0070184596017784885 0.016289816053287609 0.0086922353794389555 -0.00024577565940617772 -0.28287008458173923 0.052419529737854305
leaf_weight=46 35 22 20 22 43 26 129 44 22 38 73 38 36 33 24 26 20 42 28 34 30 32 45 26 67 205 55 67 32 31
leaf_count=46 35 22 20 22 43 26 129 44 22 38 73 38 36 33 24 26 20 42 28 34 30 32 45 26 67 205 55 67 32 31
internal_value=0.000452586 -0.00441472 -0.00261364 0.00178245 0.0104545 -0.00409091 -0.00195 -0.0101408 -0.0139535 0.00122449 -0.0038 -0.00883929 0.00207955 0.00137376 0.00205959 0.00986301 0.00148396 -0.00335294 -0.001 0.00467532 0.00290155 -0.005 -0.00689189 0.00391051 -0.00223404 0.00527316 0.0012973 -0.00207692 -0.0063 0.00835443
internal_weight=1391 298 263 1093 65 241 199 70 42 1028 149 111 879 807 771 72 747 169 149 76 578 65 73 513 93 420 184 129 99 236
internal_count=1391 298 263 1093 65 241 199 70 42 1028 149 111 879 807 771 72 747 169 149 76 578 65 73 513 93 420 184 129 99 236
is_linear=0
shrinkage=0.03


Tree=249
num_leaves=31
num_cat=0
split_feature=2 3 28 28 28 21 21 6 28 19 12 20 11 23 6 28 2 6 6 27 3 17 28 23 21 19 10 2 9 9
split_gain=4.75668 9.22209 6.52343 13.1881 9.74938 7.7298 7.30729 7.63141 6.63862 5.37946 7.14588 6.96605 6.57602 5.9997 8.05633 5.90099 6.25794 5.44725 5.18988 5.00119 5.23905 4.95207 8.99153 6.44381 4.88492 4.88167 4.86642 4.73519 8.21 4.61325
threshold=286.50000000000006 315.50000000000006 0.92273069556937592 0.82899317702918729 0.74443451080969758 34.350000000000001 36.550000000000004 279.50000000000006 0.97112537654464559 0.52247866957162958 145.00000000000003 23.450000000000003 54.500000000000007 13.550000000000002 265.50000000000006 0.96904697354198299 98.40000000000002 231.50000000000003 310.50000000000006 12.450000000000001 228.50000000000003 51.02999999999998 0.3744682635859638 17.350000000000005 33.050000000000004 -0.93038214053199442 78.700000000000017 189.50000000000003 67.250000000000014 56.975000000000001
decision_type=8 10 2 2 2 2 2 10 2 2 10 2 2 2 10 2 10 10 10 2 10 10 2 2 2 2 10 10 2 2
left_child=1 9 3 4 5 24 -7 -8 -4 13 12 -12 15 19 17 16 -11 21 27 20 25 26 23 -23 -2 -1 -15 28 29 -18
right_child=2 -3 8 -5 -6 6 7 -9 -10 10 11 -13 -14 14 -16 -17 18 -19 -20 -21 -22 22 -24 -25 -26 -27 -28 -29 -30 -31
leaf_value=0.020238837735615647 -0.0013461933481994492 0.029265193159939997 0.40235182027978933 -0.037164847700242941 0.13420328642468832 -0.21493555241608758 -0.25501420354076915 0.0056731700744870744 0.0040097658117264241 -0.0070763349027640737 0.17219587931028571 0.0029300222955922096 -0.012832874451933662 0.012843845346196901 -0.14557768064635979 -0.0058017097815471173 0.0083763982864793005 0.31148208826349233 -0.0097370086738808939 0.16436814095835445 0.031871656812934357 -0.0027858228118311954 0.020911806510999324 -0.28535880218004223 0.13420521475028607 -0.049006158781752726 -0.1578854193670243 0.20406798764481521 -0.02884900978270025 0.33074488867741664
leaf_weight=25 412 54 22 39 40 20 28 35 41 41 23 25 55 38 46 48 32 26 28 20 35 20 23 29 22 59 31 44 29 20
leaf_count=25 412 54 22 39 40 20 28 35 41 41 23 25 55 38 46 48 32 26 28 20 35 20 23 29 22 59 31 44 29 20
internal_value=0.000722892 0.00235372 -0.00113636 -0.00211055 -0.000913978 -0.00202703 -0.0103571 -0.00515625 0.00796875 0.00141834 0.00407514 0.0146939 0.00231544 -0.0011898 -0.00434579 0.00444444 0.00676923 -0.00125 0.00954545 0.00364286 0.00125 -0.00359155 -0.0090411 -0.0162 -0.000413793 -0.00282353 0.00214286 0.0121429 0.00768293 0.014717
internal_weight=1410 751 659 596 557 517 83 63 63 697 345 48 297 352 213 242 194 167 153 139 119 141 72 49 434 84 69 125 81 52
internal_count=1410 751 659 596 557 517 83 63 63 697 345 48 297 352 213 242 194 167 153 139 119 141 72 49 434 84 69 125 81 52
is_linear=0
shrinkage=0.03


Tree=250
num_leaves=31
num_cat=0
split_feature=28 27 28 5 8 15 21 18 14 14 17 14 28 2 2 0 10 6 13 24 26 7 7 28 1 1 9 10 9 21
split_gain=5.22996 4.85636 12.2455 6.77585 8.94839 13.9307 8.94387 8.83093 6.72827 6.53949 11.8998 6.55983 6.52801 6.0619 5.395 6.97686 7.29102 8.03079 6.70288 6.09166 5.9964 9.24221 8.06612 8.0625 5.67488 6.43331 5.12204 4.98538 8.82668 8.1229
threshold=0.99865421017599998 3.2500000000000004 0.83849049182116964 119.50000000000001 165.28571428571431 11.500000000000002 31.750000000000004 14.850000000000003 2.5000000000000004 7.5000000000000009 119.5600000000022 5.5000000000000009 -0.861146256326485 231.50000000000003 297.50000000000006 333.50000000000006 137.80000000000004 194.50000000000003 18.500000000000004 -0.93038214053199442 38.95000000000001 285.33333333333343 248.50000000000003 0.89017062131308955 333.50000000000006 269.50000000000006 95.15000000000002 469.73000000000008 212.76500000000001 22.050000000000004
decision_type=2 2 2 8 8 8 2 2 10 10 10 10 2 10 10 2 10 10 10 2 2 10 10 2 10 10 2 10 2 2
left_child=1 3 12 -1 6 7 -5 -6 -7 11 -11 -10 -3 -14 15 16 -12 -18 -16 -20 21 22 -19 -24 25 -21 -22 28 29 -26
right_child=-2 2 -4 4 5 8 -8 -9 9 10 14 -13 13 -15 18 -17 17 20 19 24 26 -23 23 -25 27 -27 -28 -29 -30 -31
leaf_value=-0.027983539489219139 -0.022514230141370745 -0.21403983951699734 -0.65296815590444968 0.50340912655725034 -0.736799876361516 0.014210806444079935 0.0060289739724262853 -0.0025940068750747967 -0.00046049420566191657 0.035642989711632253 0.081109780674718329 -0.57861870719210973 0.0058181066246010002 0.037644901132655943 -0.085785867637292484 0.030915507108546195 0.022243641246994912 -0.11956608134316354 -0.063190526278550291 0.015450084339613283 -0.0050953928048784293 -0.14887050479537137 0.21692647663657738 -0.062150941547133978 -0.10236718400607714 -0.042839291030823005 0.2876023573418095 0.6808420492887467 -0.048877751263479749 0.0087673508011548041
leaf_weight=97 26 20 20 22 24 33 29 22 27 53 36 21 109 37 42 49 61 81 39 30 32 20 27 20 24 88 24 37 84 158
leaf_count=97 26 20 20 22 24 33 29 22 27 53 36 21 109 37 42 49 61 81 39 30 32 20 27 20 24 88 24 37 84 158
internal_value=-0.000258435 0 0.00449198 -0.000711262 -2.76753e-05 -0.000638916 0.0121154 -0.0165957 0.000121581 -0.000345912 0.000231788 -0.0110204 0.00718563 0.00938776 -0.00063306 0.00222222 0.000496689 -0.0012406 -0.00262425 -0.00156182 -0.00409756 -0.00724832 -0.00418605 0.005625 -0.00049763 -0.00605042 0.00421053 0.00167763 0.000224719 0.00393443
internal_weight=1392 1366 186 1180 1083 1032 51 46 986 953 905 48 166 146 852 350 301 265 502 460 204 148 128 47 421 118 56 303 266 182
internal_count=1392 1366 186 1180 1083 1032 51 46 986 953 905 48 166 146 852 350 301 265 502 460 204 148 128 47 421 118 56 303 266 182
is_linear=0
shrinkage=0.03


Tree=251
num_leaves=31
num_cat=0
split_feature=18 22 25 26 24 25 23 3 26 4 5 12 25 3 18 21 16 11 26 14 23 11 21 28 18 10 4 12 14 25
split_gain=6.36137 5.95958 6.54713 11.6391 8.7178 7.78352 7.98041 7.48852 11.0182 7.31143 6.93905 8.92828 4.83818 4.70581 4.24528 11.2122 6.44831 7.91342 5.539 5.63102 7.932 5.96243 4.77796 4.63333 4.45529 4.12855 3.88154 4.11438 5.96673 5.77774
threshold=11.550000000000002 5.0500000000000007 13.950000000000001 27.950000000000003 -0.44618082326431219 11.750000000000002 13.850000000000003 397.50000000000006 22.850000000000005 187.50000000000003 283.50000000000006 23.500000000000004 6.8500000000000005 313.50000000000006 12.350000000000003 33.050000000000004 8644.5000000000018 55.500000000000007 40.850000000000001 190.00000000000003 12.950000000000001 90.500000000000014 25.850000000000005 0.99818282439137029 25.000000000000004 200.55000000000004 451.50000000000006 28.500000000000004 59.500000000000007 26.350000000000005
decision_type=2 2 2 2 2 2 2 10 2 10 10 10 2 10 2 2 10 2 2 10 2 2 2 2 2 10 8 10 10 2
left_child=1 2 5 -4 10 6 7 8 -1 -6 11 -5 -2 25 15 22 17 23 19 20 21 -19 -14 24 26 -11 27 28 29 -16
right_child=12 -3 3 4 9 -7 -8 -9 -10 13 -12 -13 14 -15 16 -17 -18 18 -20 -21 -22 -23 -24 -25 -26 -27 -28 -29 -30 -31
leaf_value=0.017045713258380033 0.050000181443615475 0.014984283155861533 -0.32614792600132148 -0.043941069541380669 -0.094469242420205712 0.23992787011726477 0.026396005142304658 -0.13616470498403599 -0.08919431346165993 0.0923097348156071 -0.12565373135425573 0.013639982454158995 -0.047964125715960218 0.028915792633990235 -0.0027509488612332688 0.012305857786001012 0.29074992090416513 -0.14820654703553487 0.0067138076865784057 -0.10500932289356583 -0.018902896856475306 0.02131037246144956 -0.17544942527125867 -0.025051412374800179 0.32632294977862103 0.14317569935441013 -0.20683162229321525 0.011849226211565167 -0.015603556612974358 0.022320577397399857
leaf_weight=33 22 43 41 28 25 45 36 28 21 20 20 21 30 29 264 28 37 27 60 78 81 21 29 21 21 28 20 125 21 89
leaf_count=33 22 43 41 28 25 45 36 28 21 20 20 21 30 29 264 28 37 27 60 78 81 21 29 21 21 28 20 125 21 89
internal_value=0.000775305 0.00386635 0.00263298 -0.00084507 0.00261628 0.00713415 0.00302521 -0.00216867 0.00436364 0.00815534 -0.00557143 0.0006 -0.000553846 0.0126923 -0.000881427 -0.00715909 -0.000242494 -0.00079614 -0.00503731 -0.00735577 -0.00346154 0.00612245 -0.0145 0.00122776 0.00177449 0.0183673 0.00121154 0.00174 0.00016 0.00110169
internal_weight=1392 418 375 212 171 163 118 82 54 102 69 49 974 77 952 87 865 828 267 207 129 48 59 561 540 48 519 499 374 353
internal_count=1392 418 375 212 171 163 118 82 54 102 69 49 974 77 952 87 865 828 267 207 129 48 59 561 540 48 519 499 374 353
is_linear=0
shrinkage=0.03


Tree=252
num_leaves=31
num_cat=0
split_feature=24 20 6 20 25 18 26 6 1 23 26 6 1 19 15 20 21 17 5 24 4 23 23 23 22 19 20 11 15 25
split_gain=4.91168 8.24652 10.3946 7.04818 13.8708 7.36765 6.7824 5.87975 8.80085 8.05502 6.15653 6.04104 6.95055 6.12563 6.55005 6.90531 6.50159 5.83286 9.76005 8.69646 7.78109 6.52178 7.13753 6.13654 6.59727 4.7861 4.99074 6.5213 9.7408 5.99802
threshold=0.97233289553061597 11.950000000000001 390.50000000000006 19.650000000000002 23.950000000000003 12.450000000000001 38.750000000000007 213.50000000000003 292.50000000000006 10.65 29.150000000000002 230.50000000000003 188.50000000000003 0.93663652364155514 135.50000000000003 17.150000000000002 38.050000000000004 600.46500000000412 360.50000000000006 0.76037701167087512 245.50000000000003 14.550000000000002 12.65 18.050000000000004 1.0000000180025095e-35 -0.92384435400961373 28.250000000000004 17.500000000000004 13.500000000000002 26.450000000000003
decision_type=2 2 8 2 2 2 2 8 10 2 2 10 10 2 10 2 2 10 10 2 10 2 2 2 2 2 2 2 10 2
left_child=7 2 -2 5 -5 -3 -6 8 10 -9 -1 12 -11 17 -15 -16 -17 18 19 20 -13 22 -19 24 -23 -12 27 28 -27 -30
right_child=1 3 -4 4 6 -7 -8 9 -10 11 25 13 -14 14 15 16 -18 21 -20 -21 -22 23 -24 -25 -26 26 -28 -29 29 -31
leaf_value=-0.12701157716314412 0.15919853289832928 0.0081581290590466427 -0.0023714721742965138 0.19863673410259933 -0.20544976483583569 -0.037568985376515228 0.030063489304093308 0.0029568239989691846 0.22667679542358471 -0.0024526440611452927 0.018787512082887189 -0.004752799665605636 -0.37908637998840689 -0.29095490785886313 0.02747461050806237 -0.16817139345324988 0.0028174679195106479 -0.00082510087262789968 0.036964298079139722 -0.18143297728467386 0.31496568592941343 0.16155717962488239 -0.32522645433174546 -0.0054946520832056932 -0.085486675009723845 0.0051940349311877295 -0.15662786834781839 0.012044552449279421 -0.12824942726819918 0.0016169966085905685
leaf_weight=28 59 42 31 47 32 78 29 191 36 21 57 28 26 74 45 20 24 31 32 35 39 31 25 64 22 111 22 79 38 21
leaf_count=28 59 42 31 47 32 78 29 191 36 21 57 28 26 74 45 20 24 31 32 35 39 31 25 64 22 111 22 79 38 21
internal_value=0.000295983 0.00357367 0.0112088 0.000524017 0.00605505 -0.00446281 -0.0033871 -0.000653951 0.00229008 -0.00228491 0.000840336 -0.0042278 -0.014375 -0.00318471 -0.00786585 -0.00233333 -0.0106667 -0.000681818 0.004 -0.000582524 0.00573529 -0.00431034 -0.0126316 -0.000254237 0.00722222 0.00200608 0.000330882 0.00156 -0.00175439 -0.0115
internal_weight=1418 318 90 228 108 120 61 1100 392 708 356 517 47 470 163 89 44 307 134 102 67 173 56 117 53 328 271 249 170 59
internal_count=1418 318 90 228 108 120 61 1100 392 708 356 517 47 470 163 89 44 307 134 102 67 173 56 117 53 328 271 249 170 59
is_linear=0
shrinkage=0.03


Tree=253
num_leaves=31
num_cat=0
split_feature=11 13 12 9 10 28 28 11 15 25 9 12 24 10 28 10 21 14 21 5 6 24 11 1 6 9 23 21 21 0
split_gain=6.34049 6.94188 5.60634 5.42235 6.37207 10.0487 6.41652 9.3312 7.168 6.99657 6.82866 6.6969 8.17357 6.04458 6.1441 6.5329 5.91204 8.54912 7.28523 4.87304 6.94611 6.7845 6.04788 9.10525 7.78489 8.09783 9.04603 7.45505 11.8493 5.73246
threshold=50.500000000000007 31.500000000000004 50.500000000000007 22.395000000000007 180.75500000000002 -0.93545489084327571 0.77788564761185042 29.500000000000004 7.5000000000000009 21.250000000000004 111.98500000000001 12.500000000000002 0.99353402350479769 100.63000000000001 0.039769539193789977 84.375000000000014 34.150000000000013 8.5000000000000018 30.450000000000003 171.50000000000003 188.50000000000003 -0.96359376111369344 2217.0000000000005 429.00000000000006 327.50000000000006 117.74000000000002 20.450000000000003 38.45000000000001 33.95000000000001 388.50000000000006
decision_type=2 10 10 2 10 2 2 2 10 2 2 10 2 8 2 10 2 10 2 10 10 2 2 10 10 2 2 2 2 2
left_child=3 2 -2 -1 13 -6 8 9 -7 -8 -9 -10 -13 14 15 -5 18 -18 -15 -3 -21 -22 23 24 25 26 -23 28 -26 -27
right_child=1 19 -4 4 5 6 7 10 11 -11 -12 12 -14 16 -16 -17 17 -19 -20 20 21 22 -24 -25 27 29 -28 -29 -30 -31
leaf_value=-0.015788257916536708 -0.0054251190195344634 -0.0426235176644316 -0.2957825816609852 0.0025046845826902598 -0.32317107836820058 -0.90153982342925987 -0.31556277304170433 0.10522866394751104 0.11904044137830766 0.0097829577532442605 -0.21286388136607939 -0.00078628858833070577 0.1825227418956723 0.0034402884695813895 0.2149839469394817 -0.092198790510086032 -0.16727146393354814 0.0057902542161770041 0.113756447118121 0.069884671128708081 -0.093761498033011037 0.01867735667550164 0.4248507553616781 -0.099570968906243423 0.0172131515764147 -0.027395698405623534 -0.016445497561672937 0.035929179583156098 -0.20164790976719216 0.019523602770578918
leaf_weight=21 38 28 28 72 20 21 59 25 64 32 22 148 20 83 28 29 21 46 114 28 36 68 37 54 107 67 22 20 20 21
leaf_count=21 38 28 28 72 20 21 59 25 64 32 22 148 20 83 28 29 21 46 114 28 36 68 37 54 107 67 22 20 20 21
internal_value=0.00075 -0.00166957 -0.0107463 0.00243341 0.0028323 0.000218447 0.00130102 -0.00388489 0.00413386 -0.00945652 0.006875 0.00566524 0.00248521 0.00555838 0.000230769 -0.00323529 0.00815094 0.000441176 0.0107576 -0.000471513 0.00024948 -0.000662252 0.000431655 -0.000710526 0.00119632 -0.00301676 0.0032967 0.00628378 0.00351562 -0.0094382
internal_weight=1399 574 66 825 804 411 391 138 253 91 47 232 168 393 129 101 264 67 197 508 480 452 416 379 325 178 90 147 127 88
internal_count=1399 574 66 825 804 411 391 138 253 91 47 232 168 393 129 101 264 67 197 508 480 452 416 379 325 178 90 147 127 88
is_linear=0
shrinkage=0.03


Tree=254
num_leaves=31
num_cat=0
split_feature=25 14 13 24 16 17 13 21 14 29 26 0 18 1 1 10 2 14 0 18 3 25 10 12 18 6 13 19 19 12
split_gain=5.46219 4.18426 16.5469 6.89308 5.03424 12.1419 6.1642 5.92332 5.83115 4.88881 9.06741 6.64955 4.93383 5.61348 6.56285 6.54009 5.18259 5.04657 4.87013 4.75245 4.50621 5.27617 4.46381 4.28198 6.04193 5.90273 5.58149 3.98697 8.32015 7.68315
threshold=6.2500000000000009 66.500000000000014 66.500000000000014 -0.97988739209073461 363.50000000000006 870.22500000000366 73.500000000000014 23.350000000000005 37.500000000000007 0.82777578779003613 26.450000000000003 383.50000000000006 16.950000000000003 345.50000000000006 316.50000000000006 370.71000000000009 257.50000000000006 2019.0000000000002 310.50000000000006 11.450000000000001 450.50000000000006 28.250000000000004 216.27500000000003 39.500000000000007 13.550000000000002 397.50000000000006 36.500000000000007 0.98321746822993605 0.74892720285008318 23.500000000000004
decision_type=2 10 10 2 8 8 10 2 8 2 2 2 2 10 10 10 10 10 2 2 10 2 10 10 2 10 10 2 2 10
left_child=-1 4 -3 -4 6 7 20 -6 -7 10 -5 -11 13 14 16 19 22 -17 -18 -15 21 23 -12 25 -25 27 -26 28 -2 -30
right_child=1 2 3 9 5 8 -8 -9 -10 11 12 -13 -14 15 -16 17 18 -19 -20 -21 -22 -23 -24 24 26 -27 -28 -29 29 -31
leaf_value=0.15022613151116615 -0.0010179302874341544 -0.20976462191590484 -0.081205768921016094 -0.10909921044088122 0.0049544425009878518 -0.064323228903388666 -0.34821926848425971 0.18702635390640096 0.010071285533964556 0.22513149904776297 0.0080393500686409426 -0.015507112726456 -0.0061584722061553522 0.6676295338911018 -0.037973404130637788 -0.025598814569719932 0.014602436081019618 0.33585331908161092 0.093698001571115699 0.017601077814676954 -0.16225332001554135 0.041324409209580464 -0.10631119164014421 -0.39975176312411076 -0.0040037732628906038 0.22462174780839972 0.21754499369663532 -0.0053731252941892644 0.0091604943832382449 0.10771962086382018
leaf_weight=37 320 65 22 22 37 24 21 30 21 29 21 22 92 23 24 27 21 23 20 27 21 22 29 48 31 29 27 79 136 43
leaf_count=37 320 65 22 22 37 24 21 30 21 29 21 22 92 23 24 27 21 23 20 27 21 22 29 48 31 29 27 79 136 43
internal_value=0.000624103 0.000309506 -0.00198718 0.000297767 0.00151685 0.00743363 0.000655527 0.0154412 -0.00456522 0.00125984 -9.09091e-05 0.00980769 0.00126623 0.00375 -0.000775862 0.00891089 0.00293478 0.00117647 0.0107143 0.0164706 0.00110964 0.00150815 -0.00352941 0.00105042 -0.00448598 0.00202303 0.0020339 0.00134715 0.00234 0.0075
internal_weight=1393 1356 467 402 889 112 777 67 45 380 329 51 307 215 115 100 91 50 41 50 756 735 50 713 106 607 58 578 499 179
internal_count=1393 1356 467 402 889 112 777 67 45 380 329 51 307 215 115 100 91 50 41 50 756 735 50 713 106 607 58 578 499 179
is_linear=0
shrinkage=0.03


Tree=255
num_leaves=31
num_cat=0
split_feature=16 14 10 25 11 16 5 26 14 19 19 15 14 2 9 16 5 19 19 5 9 28 4 28 1 19 6 2 28 20
split_gain=5.75008 8.03645 10.246 8.18242 7.90559 5.16196 4.79352 7.11998 4.72798 4.70577 8.08302 5.12923 5.84142 6.95833 4.85315 7.33521 4.38995 3.74252 7.33471 5.77448 5.5344 4.24045 6.57486 5.0999 4.51938 3.94564 8.42408 7.69336 8.40133 10.9834
threshold=3795.5000000000005 543.50000000000011 291.09000000000009 17.250000000000004 529.50000000000011 8862.5000000000018 429.00000000000006 18.850000000000005 1337.5000000000002 0.98897820466835418 0.99809679250719918 58.500000000000007 32.500000000000007 324.50000000000006 32.555000000000007 30.500000000000004 492.50000000000006 -0.92384435400961373 -0.97988739209073461 234.50000000000003 78.675000000000011 0.94425825643485939 308.50000000000006 0.86548282553247169 207.50000000000003 -0.46173103126271881 326.50000000000006 283.50000000000006 0.26037272046371446 26.850000000000005
decision_type=10 10 10 2 2 10 8 2 10 2 2 10 10 10 2 10 10 2 2 10 2 2 10 2 10 2 10 10 2 2
left_child=4 -2 8 5 6 -4 7 -1 -3 14 11 -11 -13 -14 15 -9 -8 18 -16 -20 -21 23 24 25 -23 26 -19 28 29 -27
right_child=1 2 3 -5 -6 -7 16 9 -10 10 -12 12 13 -15 17 -17 -18 21 19 20 -22 22 -24 -25 -26 27 -28 -29 -30 -31
leaf_value=-0.071150842197392872 -0.058213869837410358 0.13088002156821119 -0.072546448246430653 -0.15266794904013722 0.56886669909660215 0.25911759632377479 0.023077262600856442 0.0010315685733698387 -0.0023911119941652714 0.0084956823885752892 0.0046312542441907566 -0.3450928838184491 0.026529877491497586 -0.35129938043380521 -0.0028615985555308044 -0.022814680443073172 -0.095223559131123348 -0.019040608225795948 0.087028924517280476 -0.0086430669247940274 0.038449820072913213 0.015914645710600153 0.44056960866504141 -0.0062783132629579087 -0.0029188673011634591 0.017242393078002179 0.10602724706148933 -0.0082177247867525685 0.6099427532065429 -0.026614022730257716
leaf_weight=41 32 31 20 52 22 37 62 36 27 20 56 23 23 20 55 35 23 135 29 20 22 30 25 63 57 128 25 163 54 47
leaf_count=41 32 31 20 52 22 37 62 36 27 20 56 23 23 20 55 35 23 135 29 20 22 30 25 63 57 128 25 163 54 47
internal_value=6.36492e-05 -0.00465 -0.00196429 -0.00736364 0.000839506 0.000517241 0.000502934 -2.70758e-05 0.00813559 0.000449859 -0.00461538 -0.0103448 -0.0143284 -0.0075 0.00123243 -0.00625 0.00732558 0.00186183 0.00661417 0.0129167 0.0055814 0.00103022 0.00637168 4.87013e-05 0.00238636 0.000976492 -0.00298137 0.00259542 0.00613043 0.00289773
internal_weight=1413 199 167 109 1214 57 1192 1107 58 1066 142 86 66 43 924 71 85 853 126 71 42 727 112 615 87 552 160 392 229 175
internal_count=1413 199 167 109 1214 57 1192 1107 58 1066 142 86 66 43 924 71 85 853 126 71 42 727 112 615 87 552 160 392 229 175
is_linear=0
shrinkage=0.03


Tree=256
num_leaves=31
num_cat=0
split_feature=25 26 18 11 2 26 23 28 18 11 12 3 28 3 1 3 25 12 13 18 0 9 16 12 28 18 4 1 3 26
split_gain=5.25361 4.24573 8.1143 4.3508 5.42983 4.73604 4.68279 5.68656 5.52474 5.48726 12.393 10.1011 11.033 7.67688 5.63958 11.3633 5.61882 4.7458 4.50659 4.39276 6.21909 5.68475 6.89793 6.07885 7.46732 7.10227 4.81529 6.83598 7.71851 7.53375
threshold=6.2500000000000009 41.550000000000004 16.850000000000005 39.500000000000007 439.50000000000006 19.750000000000004 10.65 0.94704596667653973 10.550000000000002 142.00000000000003 362.50000000000006 423.50000000000006 0.75014288946266361 282.50000000000006 392.50000000000006 367.50000000000006 25.550000000000004 89.500000000000014 145.00000000000003 13.250000000000002 351.50000000000006 37.725000000000001 17.500000000000004 39.500000000000007 -0.92923668111203805 11.250000000000002 95.500000000000014 266.50000000000006 329.50000000000006 37.150000000000013
decision_type=2 2 2 2 10 2 2 2 2 2 10 10 2 10 10 10 2 10 10 2 2 2 10 10 2 2 10 10 10 2
left_child=-1 3 -3 4 5 -2 8 9 -5 14 13 12 -12 18 15 16 -8 -10 -11 21 26 -7 -23 24 -24 -26 -21 29 -29 -28
right_child=1 2 -4 6 -6 19 7 -9 17 10 11 -13 -14 -15 -16 -17 -18 -19 -20 20 -22 22 23 -25 25 -27 27 28 -30 -31
leaf_value=0.10515124876392093 -0.069016316931471797 0.1049583810668409 -0.0084550142105128141 -0.011757612574617155 0.12704300075149547 0.05826562518741113 -0.049412469896046786 0.080651361606525848 -0.0076136128625648777 0.093045260330133592 -0.15325190198778157 0.63882630154550613 0.0023037214113109882 -0.0069361689657489473 -0.49900095893401608 0.010133276638727295 -0.0054931826409034554 0.23211692324659963 0.041939453763257854 -0.068165406718239147 0.3239769345345877 -0.013951333211960133 -0.07898504233174207 -0.0060899638650693073 0.0087196477536446073 0.13530014483218564 0.0078927185213927935 -0.08546831201803598 0.0063475160006908025 -0.02076662739819227
leaf_weight=38 39 28 24 79 32 22 91 24 36 20 75 30 28 32 25 30 42 52 26 40 23 46 22 33 65 55 217 53 30 33
leaf_count=38 39 28 24 79 32 22 91 24 36 20 75 30 28 32 25 30 42 52 26 40 23 46 22 33 65 55 217 53 30 33
internal_value=-8.62689e-05 -0.000399113 0.00792453 -0.000737894 0.000843882 0.000265096 -0.00263959 -0.00431604 0.00160714 -0.005175 -0.00183962 -0.00738806 -0.0118269 0.00759494 -0.00888889 -0.00676829 -0.0105224 0.00674157 0.0153191 0.000890625 -0.00105793 0.00405738 0.00256757 0.00528409 0.00797203 0.0109091 -0.00200535 -0.000808383 -0.00821429 0.00167331
internal_weight=1390 1352 52 1300 710 678 590 423 167 399 211 133 103 78 188 163 133 88 46 639 396 243 221 175 142 120 373 333 83 250
internal_count=1390 1352 52 1300 710 678 590 423 167 399 211 133 103 78 188 163 133 88 46 639 396 243 221 175 142 120 373 333 83 250
is_linear=0
shrinkage=0.03


Tree=257
num_leaves=31
num_cat=0
split_feature=12 4 29 5 5 5 18 23 23 23 6 8 8 23 28 9 7 21 8 20 19 3 4 5 5 19 13 18 3 5
split_gain=4.7245 7.53207 8.29872 4.45159 10.8509 9.38101 8.44613 7.79827 7.15811 6.24919 6.82841 8.3019 9.20668 7.50082 6.70854 7.20123 5.87748 5.86295 5.42028 9.25156 5.33897 6.6094 7.9943 4.95458 8.09888 8.81967 17.6324 7.25588 6.51515 6.4508
threshold=1020.5000000000001 390.50000000000006 0.6174544326165855 262.50000000000006 223.50000000000003 273.50000000000006 9.4500000000000011 19.350000000000005 8.8500000000000032 11.550000000000002 288.50000000000006 273.64285714285717 312.4285714285715 17.750000000000004 0.19337368024598436 101.23 218.16666666666671 32.050000000000004 407.64285714285717 7.6500000000000012 0.9426055981926128 326.50000000000006 382.50000000000006 119.50000000000001 159.50000000000003 0.72534675097891099 12.500000000000002 16.750000000000004 269.50000000000006 92.500000000000014
decision_type=8 10 2 10 8 10 2 2 2 2 10 10 10 2 2 2 8 2 8 2 2 10 10 10 10 2 10 2 10 10
left_child=3 -2 -3 4 6 17 -1 16 -7 18 14 -12 13 -13 -11 -16 -6 -5 19 -10 21 -14 -23 27 -25 -26 -27 29 -28 -8
right_child=1 2 -4 5 7 8 23 -9 9 10 11 12 20 -15 15 -17 -18 -19 -20 -21 -22 22 -24 24 25 26 28 -29 -30 -31
leaf_value=0.099902485608009489 -0.040960920687284672 0.49736406576678061 -0.095135974383229599 -0.085743559778827458 0.0040349029596548286 0.31942923238982529 -0.0011627902803904532 -0.0051810071069070315 0.67310397603106198 0.0080799447442743144 -0.17882181652024712 0.36752056011949746 -0.052231016562475356 0.0049925559644600527 -0.026852720790944317 -0.0010131239189055917 0.1239099307582478 -0.26384876896251114 -0.36081302374759389 -0.010977704224252989 -0.0096391222280902862 0.13129782099264417 0.0012637412145906524 0.030274612420516576 -0.032826916112081786 0.12262629079104413 0.0064581022105147665 0.016046573225066963 -0.088198449347710262 -0.11624021790850733
leaf_weight=46 62 34 25 20 34 41 47 33 23 23 27 28 28 20 29 50 75 20 23 121 83 46 54 94 97 33 53 49 21 49
leaf_count=46 62 34 25 20 34 41 47 33 23 23 27 28 28 20 29 50 75 20 23 121 83 46 54 94 97 33 53 49 21 49
internal_value=0.000475162 -0.00516393 0.0025 0.00101735 0.00280063 -0.000753532 0.000673469 0.0100699 0.000201005 -0.000701439 0.00138817 0.00376307 0.00542308 0.0171429 -0.00524272 -0.009375 0.0139091 -0.0146341 -0.00553571 -0.00331034 0.00268868 0.00651163 0.010099 -0.000608108 0.00160535 -0.0017561 0.00416667 -0.00513699 -0.004 -0.00989691
internal_weight=1388 121 59 1267 631 636 489 142 596 555 388 286 259 48 102 79 109 40 167 144 211 128 100 443 298 204 107 145 74 96
internal_count=1388 121 59 1267 631 636 489 142 596 555 388 286 259 48 102 79 109 40 167 144 211 128 100 443 298 204 107 145 74 96
is_linear=0
shrinkage=0.03


Tree=258
num_leaves=31
num_cat=0
split_feature=2 1 17 28 26 23 25 23 2 12 16 23 17 20 25 28 13 28 23 1 26 3 14 20 18 2 4 13 23 2
split_gain=7.36038 6.75261 10.8862 9.85028 6.28465 5.51092 5.24339 4.91173 4.88675 6.24992 7.00236 7.78745 12.4666 6.87295 7.322 6.36734 6.1878 5.94511 5.76498 6.77489 5.25374 4.71838 4.59417 5.14833 10.0236 4.56923 4.75357 4.81901 4.53872 12.0469
threshold=271.50000000000006 389.50000000000006 1071.6350000000023 -0.72696319516528884 37.750000000000007 18.050000000000004 29.150000000000002 14.550000000000002 257.50000000000006 38.500000000000007 261.50000000000006 16.650000000000002 51.02999999999998 26.250000000000004 26.050000000000004 0.94138322595482449 45.500000000000007 -0.23537230790205757 20.250000000000004 121.50000000000001 32.550000000000004 419.50000000000006 291.50000000000006 22.150000000000002 13.050000000000002 217.50000000000003 183.50000000000003 2.5000000000000004 17.450000000000003 301.50000000000006
decision_type=8 10 10 2 2 2 2 2 10 10 8 2 10 2 2 2 10 2 2 10 2 10 10 2 2 10 10 10 2 10
left_child=6 4 -3 21 28 -6 8 -5 9 10 11 13 18 20 -15 -14 -10 -16 19 -13 25 -4 23 24 -11 26 27 -1 -2 -30
right_child=1 2 3 7 5 -7 -8 -9 16 22 -12 12 15 14 17 -17 -18 -19 -20 -21 -22 -23 -24 -25 -26 -27 -28 -29 29 -31
leaf_value=0.12806469374018078 -0.011677881047057069 0.019457504121858732 -0.024689333541179508 -0.2522085797266857 0.066931774385426482 -0.009493279657259563 0.028787686440553271 -0.031969621622338164 0.0041480215386577868 -0.47259019829580495 0.12534103624930623 -0.0237103825787662 -0.21102856344044055 -0.062810893985706287 0.0535008100493242 -0.0050255768937000761 0.15647171004808683 -0.053869497299526184 0.077314874924401589 0.017986927742439037 0.040784176451439148 0.74734232308353621 0.0010658289134238429 -0.1411470561300826 0.094284468795939907 0.20769309702663605 -0.010691197182167968 -0.00046731724203652903 -0.50468330376166137 0.011885052162601255
leaf_weight=30 324 100 26 34 42 29 32 30 36 22 27 20 36 35 28 33 28 20 20 21 76 26 41 80 31 21 39 39 20 61
leaf_count=30 324 100 26 34 42 29 32 30 36 22 27 20 36 35 28 33 28 20 20 21 76 26 41 80 31 21 39 39 20 61
internal_value=-0.00108665 -0.00329004 0.00110599 -0.00512821 -0.00528302 0.00291667 0.00104749 -0.0129231 0.000482456 -0.00033871 0.00154709 0.000572792 -0.00549618 0.0033218 -0.00392857 -0.0141429 0.00830769 0.00367347 0.00435484 -0.00214286 0.00626214 0.0045283 -0.00514286 -0.00783582 -0.000555556 0.00253846 0 0.00471429 -0.00672414 -0.000365854
internal_weight=1407 692 216 116 476 71 715 64 683 619 445 418 130 288 83 69 64 48 61 41 205 52 174 133 53 129 108 69 405 81
internal_count=1407 692 216 116 476 71 715 64 683 619 445 418 130 288 83 69 64 48 61 41 205 52 174 133 53 129 108 69 405 81
is_linear=0
shrinkage=0.03


Tree=259
num_leaves=31
num_cat=0
split_feature=14 24 13 7 23 29 24 19 4 10 16 4 15 5 2 15 15 21 6 5 21 6 20 19 2 16 2 29 24 19
split_gain=6.49821 8.82392 8.84683 7.69149 11.2725 7.81869 7.57748 10.9203 6.99523 7.91264 6.77096 7.36687 6.44798 6.33513 5.96593 6.96461 6.78617 6.60974 7.13552 5.7665 5.65856 5.43799 5.38659 6.6492 5.35498 5.24141 5.16409 4.66441 8.35231 4.45926
threshold=131.00000000000003 -0.44618082326431219 138.50000000000003 95.833333333333357 12.050000000000002 -0.23537842981696178 -0.87878364999916125 0.42261826174069955 389.50000000000006 288.96500000000009 3795.5000000000005 408.50000000000006 13.500000000000002 398.50000000000006 232.50000000000003 114.50000000000001 92.500000000000014 32.250000000000007 310.50000000000006 90.500000000000014 40.550000000000004 376.50000000000006 29.350000000000005 0.96359376111369366 451.50000000000006 120.50000000000001 337.50000000000006 0.88117331841669433 0.9426055981926128 0.71322329076259949
decision_type=10 2 10 8 2 2 2 2 8 10 10 8 10 10 10 10 10 2 10 10 2 10 2 2 10 10 10 2 2 2
left_child=3 20 -3 4 -1 19 7 -7 14 -10 -4 -12 -6 -11 15 16 25 18 26 -5 21 -2 23 29 -13 -8 -16 -20 -29 -21
right_child=1 2 10 5 12 6 8 -9 9 13 11 24 -14 -15 17 -17 -18 -19 27 22 -22 -23 -24 -25 -26 -27 -28 28 -30 -31
leaf_value=0.33871352118918907 -0.21691788096848966 -0.11772643351182523 0.058258705351937862 -0.00572553836348618 -0.004969847384184334 -0.008480501531676907 0.069304143751934499 0.22053222734621528 0.19978057580641917 -0.3965989678176689 -0.0088905511442413845 0.4659500218735681 -0.1369027215308396 0.017356550402832623 -0.0010456554997114154 -0.14918032939748258 0.1401541819556982 -0.097657762841053986 -0.043521448533354601 0.0051024444761564782 0.0058879602299467138 -0.0022509037286005196 -0.038631802570222785 -0.0029014101552564853 -0.027570486547123779 -0.0045648765126119883 0.071697763626762598 -0.066432455656558601 0.045370056025236631 0.12357388980571613
leaf_weight=20 48 27 54 21 35 34 32 54 37 20 108 20 23 38 63 39 22 38 80 210 20 25 26 47 21 39 34 40 38 87
leaf_count=20 48 27 54 21 35 34 32 54 37 20 108 20 23 38 63 39 22 38 80 210 20 25 26 47 21 39 34 40 38 87
internal_value=0.000299786 -0.00342593 -0.00025974 0.00141929 -0.00759494 0.00213 0 0.00808989 -0.00138196 0.0059375 0.00191176 -0.0014 -0.0142373 -0.00101695 -0.00302817 0.00225564 0.00670213 -0.00540816 -0.00363281 0.00543367 -0.0111702 -0.015 0.00630728 0.00730435 0.00928571 0.00208333 0.0027551 -0.00754717 -0.00227848 0.00895973
internal_weight=1400 323 230 1077 78 999 608 88 520 95 203 149 58 58 425 132 93 293 255 391 93 73 370 344 41 71 97 158 78 297
internal_count=1400 323 230 1077 78 999 608 88 520 95 203 149 58 58 425 132 93 293 255 391 93 73 370 344 41 71 97 158 78 297
is_linear=0
shrinkage=0.03


Tree=260
num_leaves=31
num_cat=0
split_feature=6 4 27 19 0 0 24 1 9 29 1 17 24 12 3 21 26 2 8 26 4 4 5 26 6 0 17 1 19 29
split_gain=5.78973 9.60123 7.29041 7.28657 6.50611 11.5885 5.93636 10.5582 8.56693 5.89633 5.09286 4.7704 6.86147 5.93517 8.13199 4.56212 6.2572 5.55581 5.53714 4.5079 4.41748 5.32832 4.81174 4.41819 3.95147 3.93853 4.21068 5.42766 3.76441 9.93544
threshold=213.50000000000003 134.50000000000003 12.450000000000001 0.76037701167087512 284.50000000000006 244.50000000000003 0.99353402350479769 362.50000000000006 85.120000000000019 -0.19337245081799007 197.50000000000003 51.02999999999998 0.30069434954884205 4.5000000000000009 95.500000000000014 41.650000000000013 37.550000000000004 458.50000000000006 455.4285714285715 38.250000000000007 411.50000000000006 429.00000000000006 400.50000000000006 19.750000000000004 322.50000000000006 191.50000000000003 964.25000000000193 347.50000000000006 0.8869770585236475 0.78724360164103002
decision_type=8 10 2 2 2 2 2 10 2 2 10 10 2 10 10 2 2 10 10 2 10 10 8 2 8 2 10 10 2 2
left_child=1 3 6 11 5 9 15 8 -8 -3 -11 13 -13 14 -1 16 17 20 -19 -18 22 -22 23 -2 -10 -21 -27 -28 29 -25
right_child=2 4 -4 -5 -6 -7 7 -9 24 10 -12 12 -14 -15 -16 -17 19 18 -20 25 21 -23 -24 28 -26 26 27 -29 -30 -31
leaf_value=-0.014403880288651791 -0.094272331232893969 0.017508600320058319 0.054392030011608479 -0.064103230843411796 0.16061310426467001 -0.052796688893183154 0.01696405255411932 0.17529309238857166 -0.0013457513937008513 0.015561357027931136 -0.003955074965785883 -0.30609506432433148 0.01964651437793279 0.15091759032700802 0.0055796238856059685 -0.13950707088039804 0.21266068308055025 0.63935729828851096 -0.0082124432893976966 -0.15549436598256491 0.12178605044585253 -0.0063862541701399777 -0.024380209252020675 -0.0079587630479986161 -0.092881477264520521 0.51271301174055339 0.0038720704845886188 -0.031787371764157656 -0.014972032590253405 0.06102871963336412
leaf_weight=34 37 118 21 50 47 39 22 40 34 35 34 20 21 24 29 26 24 20 29 20 20 73 46 189 25 28 39 22 184 40
leaf_count=34 37 118 21 50 47 39 22 40 34 35 34 20 21 24 29 26 24 20 29 20 20 73 46 189 25 28 39 22 184 40
internal_value=-0.000733285 0.00205752 -0.00207447 -0.00335196 0.00558394 0.00343612 -0.00248096 0.00368852 -0.00256098 0.00654255 -0.000428571 0.000465116 -0.00785714 0.00443182 -0.00046875 -0.00342105 -0.00299223 -0.00422535 0.0054 0.00291045 -0.0050339 0.000957447 -0.00615694 -0.00518847 -0.0085 0.000272727 0.003 -0.00145161 -0.00427536 -0.00169565
internal_weight=1390 451 939 178 273 226 918 121 81 187 69 128 41 87 63 797 771 638 49 133 589 93 496 450 59 109 89 61 413 229
internal_count=1390 451 939 178 273 226 918 121 81 187 69 128 41 87 63 797 771 638 49 133 589 93 496 450 59 109 89 61 413 229
is_linear=0
shrinkage=0.03


end of trees

feature_importances:
tmax_h=464
wind_nw_h=398
wind_speed_h=373
tmin_0=362
pm25_lag0=352
wind_nw_0=344
pm10_lag0=338
aqi_lag6=331
aqi_lag0=308
aqi_lag5=293
wind_speed_0=284
tmin_h=281
aqi_roll7=263
doy_sin_h=259
aqi_lag3=237
fire_7d=231
doy_cos_h=228
aqi_lag2=225
aqi_lag4=216
fire_lag0=214
fire_lag1=214
aqi_lag1=210
tmax_0=208
fire_lag3=200
fire_lag2=197
aqi_roll3=176
frp_3d=175
fire_3d=172
precip_h=144
precip_0=133

parameters:
[boosting: gbdt]
[objective: regression_l1]
[metric: l1]
[tree_learner: serial]
[device_type: cpu]
[data_sample_strategy: bagging]
[data: ]
[valid: ]
[num_iterations: 261]
[learning_rate: 0.03]
[num_leaves: 31]
[num_threads: 0]
[seed: 7]
[deterministic: 0]
[force_col_wise: 0]
[force_row_wise: 0]
[histogram_pool_size: -1]
[max_depth: -1]
[min_data_in_leaf: 20]
[min_sum_hessian_in_leaf: 0.001]
[bagging_fraction: 0.85]
[pos_bagging_fraction: 1]
[neg_bagging_fraction: 1]
[bagging_freq: 1]
[bagging_seed: 17422]
[bagging_by_query: 0]
[feature_fraction: 0.85]
[feature_fraction_bynode: 1]
[feature_fraction_seed: 7040]
[extra_trees: 0]
[extra_seed: 6516]
[early_stopping_round: 0]
[early_stopping_min_delta: 0]
[first_metric_only: 0]
[max_delta_step: 0]
[lambda_l1: 0]
[lambda_l2: 1]
[linear_lambda: 0]
[min_gain_to_split: 0]
[drop_rate: 0.1]
[max_drop: 50]
[skip_drop: 0.5]
[xgboost_dart_mode: 0]
[uniform_drop: 0]
[drop_seed: 15215]
[top_rate: 0.2]
[other_rate: 0.1]
[min_data_per_group: 100]
[max_cat_threshold: 32]
[cat_l2: 10]
[cat_smooth: 10]
[max_cat_to_onehot: 4]
[top_k: 20]
[monotone_constraints: ]
[monotone_constraints_method: basic]
[monotone_penalty: 0]
[feature_contri: ]
[forcedsplits_filename: ]
[refit_decay_rate: 0.9]
[cegb_tradeoff: 1]
[cegb_penalty_split: 0]
[cegb_penalty_feature_lazy: ]
[cegb_penalty_feature_coupled: ]
[path_smooth: 0]
[interaction_constraints: ]
[verbosity: -1]
[saved_feature_importance_type: 0]
[use_quantized_grad: 0]
[num_grad_quant_bins: 4]
[quant_train_renew_leaf: 0]
[stochastic_rounding: 1]
[linear_tree: 0]
[max_bin: 255]
[max_bin_by_feature: ]
[min_data_in_bin: 3]
[bin_construct_sample_cnt: 200000]
[data_random_seed: 61]
[is_enable_sparse: 1]
[enable_bundle: 1]
[use_missing: 1]
[zero_as_missing: 0]
[feature_pre_filter: 1]
[pre_partition: 0]
[two_round: 0]
[header: 0]
[label_column: ]
[weight_column: ]
[group_column: ]
[ignore_column: ]
[categorical_feature: ]
[forcedbins_filename: ]
[precise_float_parser: 0]
[parser_config_file: ]
[objective_seed: 15521]
[num_class: 1]
[is_unbalance: 0]
[scale_pos_weight: 1]
[sigmoid: 1]
[boost_from_average: 1]
[reg_sqrt: 0]
[alpha: 0.9]
[fair_c: 1]
[poisson_max_delta_step: 0.7]
[tweedie_variance_power: 1.5]
[lambdarank_truncation_level: 30]
[lambdarank_norm: 1]
[label_gain: ]
[lambdarank_position_bias_regularization: 0]
[eval_at: ]
[multi_error_top_k: 1]
[auc_mu_weights: ]
[num_machines: 1]
[local_listen_port: 12400]
[time_out: 120]
[machine_list_filename: ]
[machines: ]
[gpu_platform_id: -1]
[gpu_device_id: -1]
[gpu_device_id_list: ]
[gpu_use_dp: 0]
[num_gpu: 1]

end of parameters

pandas_categorical:[]
