tree
version=v4
num_class=1
num_tree_per_iteration=1
label_index=0
max_feature_idx=29
objective=regression_l1
feature_names=aqi_lag0 aqi_lag1 aqi_lag2 aqi_lag3 aqi_lag4 aqi_lag5 aqi_lag6 aqi_roll3 aqi_roll7 pm25_lag0 pm10_lag0 fire_lag0 fire_lag1 fire_lag2 fire_lag3 fire_3d fire_7d frp_3d wind_speed_0 wind_nw_0 tmin_0 tmax_0 precip_0 wind_speed_h wind_nw_h tmin_h tmax_h precip_h doy_sin_h doy_cos_h
feature_infos=[29:716] [29:716] [29:716] [29:716] [29:716] [29:716] [29:716] [34:665] [36.285714285714285:606.14285714285711] [10.880000000000001:685.36000000000001] [18.59:796.88] [0:8536] [0:8536] [0:8536] [0:8536] [0:19321] [2:35533] [0:138347.77000000002] [5.5999999999999996:31.800000000000001] [-1:1] [4.2000000000000002:34] [15.6:44.100000000000001] [0:75.400000000000006] [5.5999999999999996:31.800000000000001] [-1:1] [4.2000000000000002:34] [15.6:44.100000000000001] [0:75.400000000000006] [-0.9999994220246925:0.99998555065071859] [-0.99997919295908233:0.9999907524084426]
tree_sizes=1915 2180 2282 2611 2366 2455 2620 2627 2704 2705 2712 2709 2691 2609 2690 2702 2718 2685 2714 2707 2702 2707 2684 2727 2706 2692 2733 2704 2711 2729 2734 2731 2718 2745 2746 2722 2750 2751 2717 2737 2739 2740 2733 2762 2712 2743 2758 2732 2726 2752 2752 2743 2739 2758 2750 2740 2757 2742 2735 2740 2748 2738 2734 2742 2756 2743 2750 2737 2742 2724 2740 2747 2757 2761 2749 2735 2762 2771 2768 2756 2721 2740 2771 2744 2761 2741 2751 2778 2758 2775 2756 2794 2745 2765 2746 2756 2770 2767 2760 2764 2743 2751 2749 2765 2736 2781 2764 2723 2777 2747 2747 2756 2730 2777 2779 2762 2770 2751 2766 2760 2771 2751 2774 2767 2788 2773 2752 2760 2764 2785 2775 2778 2766 2777 2744 2764 2769 2774 2732 2778 2745 2747 2789 2760 2764 2787 2786 2769 2745 2790 2800 2780 2775 2799 2797 2799 2776 2779 2771 2761 2774 2768 2767 2778 2760 2766 2762 2764 2778 2802 2774 2777 2783 2794 2773 2750 2736 2787 2790 2797 2783 2769 2771 2788 2765 2808 2767 2781 2817 2747 2772 2778 2760 2771 2794 2784 2784 2798 2791 2779 2762

Tree=0
num_leaves=23
num_cat=0
split_feature=9 0 9 22 19 6 26 2 11 9 0 26 21 9 29 17 26 10 23 27 28 25
split_gain=775.617 100.924 41.8789 16.2911 15.839 9.79766 9.34212 8.23945 7.77854 7.34585 5.41205 5.13874 6.76277 4.53519 3.16368 1.81927 2.63905 5.09538 0.951323 0.756614 0.424332 0.0252598
threshold=114.21500000000002 273.50000000000006 84.445000000000007 0.65000000000000002 -0.4067366430758001 191.50000000000003 37.750000000000007 217.50000000000003 101.00000000000001 153.67000000000004 223.50000000000003 34.250000000000007 29.850000000000005 139.62500000000003 -0.40613878790836594 4147.8600000000033 29.750000000000004 284.71500000000009 13.450000000000001 0.55000000000000016 0.98667101781630195 23.450000000000003
decision_type=2 2 2 2 2 8 2 8 2 2 2 2 2 2 2 10 2 10 2 2 2 2
left_child=1 2 10 13 -3 -4 11 -7 -9 -5 20 12 -6 15 19 16 18 -18 -2 -12 -1 -15
right_child=3 4 5 9 6 7 -8 8 -10 -11 14 -13 -14 21 -16 -17 17 -19 -20 -21 -22 -23
leaf_value=267.31 272.13999999999999 270.25 269.88999999999999 270.86500000000001 270.80500000000001 270.45999999999998 273.20499999999998 270.75999999999999 272.05000000000001 272.80000000000001 270.19 270.85000000000002 272.05000000000001 274.34500000000003 269.90499999999997 273.16000000000003 271.20999999999998 272.755 271.94499999999999 269.21499999999997 268.52499999999998 275.25999999999999
leaf_weight=425 29 35 37 22 20 33 36 39 21 21 27 22 22 400 30 33 25 24 26 26 20 20
leaf_count=425 29 35 37 22 20 33 36 39 21 21 27 22 22 400 30 33 25 24 26 26 20 20
internal_value=271 270.981 270.976 271.026 271.005 270.992 271.011 270.997 271.003 271.008 270.972 271.004 271.01 271.028 270.98 271.022 271.02 271.014 271.025 270.976 270.971 271.029
internal_weight=1393 793 658 600 135 130 100 93 60 43 528 64 42 557 83 137 104 49 55 53 445 420
internal_count=1393 793 658 600 135 130 100 93 60 43 528 64 42 557 83 137 104 49 55 53 445 420
is_linear=0
shrinkage=1


Tree=1
num_leaves=25
num_cat=0
split_feature=9 0 22 19 4 9 18 25 5 28 9 9 26 26 23 24 17 7 7 23 10 9 9 20
split_gain=749.528 104.599 25.8163 23.3004 21.4113 19.5167 14.5494 8.57576 7.51515 7.41417 6.94858 6.93491 6.86271 6.48998 4.69078 3.42384 3.2381 2.73191 1.94312 1.86295 1.30118 0.286255 0.659946 0.270123
threshold=114.21500000000002 228.50000000000003 0.65000000000000002 -0.81408451933196946 213.50000000000003 81.91500000000002 17.050000000000004 24.050000000000004 300.50000000000006 0.52766072109828632 139.62500000000003 153.67000000000004 28.450000000000003 38.45000000000001 16.150000000000002 -0.81408451933196946 4147.8600000000033 292.16666666666674 287.83333333333343 13.450000000000001 181.81500000000003 74.850000000000009 62.230000000000011 19.750000000000004
decision_type=2 2 2 2 10 2 2 2 8 2 2 2 2 2 2 2 10 10 10 2 10 2 2 2
left_child=1 5 10 15 9 20 12 8 -7 -5 16 -4 -6 -8 18 -3 17 -2 -14 -19 -1 22 -22 -12
right_child=2 3 11 4 6 7 13 -9 -10 -11 23 -13 14 -15 -16 -17 -18 19 -20 -21 21 -23 -24 -25
leaf_value=-3.9693000000000001 0.68370000000000064 -1.3875 -0.17595000000000027 -0.33644999999999925 -0.17279999999999973 -1.3897499999999996 -0.91432499999999972 0.36720000000000025 -0.73379999999999934 -0.86610000000000009 3.3196499999999989 1.3259999999999996 0.60285000000000077 0.46117500000000006 0.83849999999999958 -0.99697499999999961 1.8251999999999993 1.4808000000000003 1.6760250000000001 0.9195000000000001 -4.5092999999999996 -1.8693 -1.4043000000000001 3.334649999999999
leaf_weight=371 39 37 24 37 21 32 38 21 21 32 376 22 27 22 23 22 35 24 26 38 23 23 30 52
leaf_count=371 39 37 24 37 21 32 38 21 21 32 376 22 27 22 23 22 35 24 26 38 23 23 30 52
internal_value=0.000465773 -0.018513 0.0255319 -0.00388112 0.000528634 -0.0264943 0.00664557 -0.012 -0.0183333 -0.0132857 0.027292 0.00382979 0.0137755 -0.00491803 0.0179221 -0.0205 0.0210219 0.0179412 0.0227778 0.0219048 -0.0288616 -0.0241558 -0.0216667 0.0292308
internal_weight=1416 806 610 285 226 521 157 74 53 69 564 46 97 60 76 59 136 101 53 62 447 76 53 428
internal_count=1416 806 610 285 226 521 157 74 53 69 564 46 97 60 76 59 136 101 53 62 447 76 53 428
is_linear=0
shrinkage=0.03


Tree=2
num_leaves=26
num_cat=0
split_feature=9 0 7 15 22 9 7 18 4 9 9 2 24 19 0 3 29 25 12 13 9 22 0 4 16
split_gain=747.738 95.839 20.2713 16.8941 15.2403 11.9859 9.08302 8.94874 13.864 8.60192 8.10822 7.42058 6.97024 3.90988 4.37844 3.15012 4.37418 5.33538 2.9604 1.39715 1.29352 1.58684 1.57254 1.12483 0.0570178
threshold=114.21500000000002 223.50000000000003 311.16666666666669 197.50000000000003 0.65000000000000002 81.430000000000021 206.16666666666671 18.050000000000004 220.50000000000003 141.21500000000003 152.44500000000002 298.50000000000006 -0.55191596924288666 0.70088257582277247 245.50000000000003 301.50000000000006 -0.28519997588938989 16.350000000000005 22.500000000000004 45.500000000000007 62.230000000000011 1.0000000180025095e-35 185.50000000000003 277.50000000000006 124.50000000000001
decision_type=2 2 10 10 2 2 10 2 10 2 2 10 2 2 2 10 2 2 10 10 2 2 2 10 8
left_child=1 5 7 -4 9 20 -7 8 13 15 -6 12 -10 -3 -15 16 -2 -18 -9 -17 -1 22 -22 -20 -11
right_child=4 2 3 -5 10 6 -8 18 11 24 -12 -13 -14 14 -16 19 17 -19 23 -21 21 -23 -24 -25 -26
leaf_value=-4.2402210000000009 1.6504439999999994 -1.6823887499999997 -0.36742050000000032 1.8336839999999994 -0.14067150000000025 -1.32941175 -0.47718675000000016 -0.77629912499999953 -0.3578355000000002 1.7650604999999984 1.706219999999999 -0.25795500000000005 0.9682139999999998 -1.050716999999999 0.13911450000000058 0.87833250000000074 1.1152890000000006 0.0018165000000001895 -0.80951700000000015 1.6904519999999998 -2.5002210000000007 -2.2602210000000009 -0.97322099999999978 -0.98587500000000028 3.2800604999999985
leaf_weight=311 23 34 34 39 20 30 30 20 20 20 21 23 39 21 21 36 25 24 25 40 43 54 29 21 389
leaf_count=311 23 34 34 39 20 30 30 20 20 20 21 23 39 21 21 36 25 24 25 40 43 54 29 21 389
internal_value=0.000430725 -0.0186415 -0.00513423 0.00851351 0.0257429 -0.0266867 -0.0137705 -0.0096 -0.00566038 0.027043 0.00785714 0.00289157 0.0085 -0.0148052 -0.00837209 0.0205369 0.0156164 0.0102 -0.018806 0.0249351 -0.0284247 -0.0250394 -0.0213699 -0.0229787 0.0293415
internal_weight=1392 794 297 73 598 497 60 224 158 557 41 82 59 76 42 148 72 49 66 76 437 126 72 46 409
internal_count=1392 794 297 73 598 497 60 224 158 557 41 82 59 76 42 148 72 49 66 76 437 126 72 46 409
is_linear=0
shrinkage=0.03


Tree=3
num_leaves=30
num_cat=0
split_feature=9 0 22 9 0 15 19 4 9 18 9 7 25 16 3 24 0 9 6 29 24 18 10 9 9 10 29 6 11
split_gain=686.852 97.1245 28.2517 20.3421 20.0584 14.1971 12.8364 12.2433 10.7359 9.93557 8.82765 8.23684 4.70282 4.34318 4.30937 5.17874 5.8346 3.84091 3.78804 2.78345 1.87371 1.64309 1.52348 1.32748 2.23385 1.26615 1.88526 1.21469 0.528466
threshold=112.69000000000001 223.50000000000003 0.55000000000000016 84.445000000000007 310.50000000000006 150.50000000000003 -0.82409480842201666 220.50000000000003 141.21500000000003 17.050000000000004 146.03500000000003 206.16666666666671 26.350000000000005 320.50000000000006 301.50000000000006 0.9681107762825325 312.50000000000006 89.435000000000016 234.50000000000003 -0.49812626372919411 0.92384435400961407 15.750000000000002 325.90000000000003 177.93000000000004 154.92000000000002 164.97500000000005 -0.70289845916694649 223.50000000000003 43.500000000000007
decision_type=2 2 2 2 2 10 2 10 2 2 2 10 2 10 10 2 2 2 10 2 2 2 10 2 2 10 2 10 2
left_child=1 3 8 25 6 -6 19 12 14 13 -4 -5 18 -9 15 16 -2 -11 20 -3 -8 -10 28 24 -23 -1 -27 -28 -16
right_child=2 4 10 11 5 -7 7 9 21 17 -12 -13 -14 -15 22 -17 -18 -19 -20 -21 -22 23 -24 -25 -26 26 27 -29 -30
leaf_value=-3.8730143699999999 -0.029610495000001149 -1.7720714137499998 -0.26576666999999926 -1.2651251474999992 -0.02986293749999987 2.1743344799999988 -1.0558848374999996 0.55571808000000145 3.2114336849999989 -1.1464312762499991 1.5076036649999991 0.14852960249999911 -0.029465163750000158 0.00169111499999957 0.63832702500000005 1.1755259175000004 1.1779173300000001 -0.035204369999999582 -0.38199043499999902 -0.85430177624999992 -1.3108859624999984 1.4416586849999986 2.0093909399999994 2.9116586849999986 1.8016586849999987 -2.4153143699999999 -1.8646643699999987 -1.8030143700000001 1.69739946
leaf_weight=324 23 30 21 21 22 27 25 39 334 21 26 24 20 26 20 24 21 22 23 25 20 24 22 33 25 52 29 29 38
leaf_count=324 23 30 21 21 22 27 25 39 334 21 26 24 20 26 20 24 21 22 23 25 20 24 22 33 25 52 29 29 38
internal_value=0.000474479 -0.0181923 0.0242647 -0.0265625 -0.00478405 0.0126 -0.00821429 -0.00456853 0.0261239 0.00220183 0.001875 -0.00717391 -0.012809 0.00954545 0.0189262 0.0130435 0.00666667 -0.00886364 -0.0165217 -0.0208929 -0.0215217 0.0286331 0.0237037 0.0238554 0.0198 -0.0285517 -0.0248649 -0.020339 0.0264407
internal_weight=1390 779 611 479 300 49 251 196 564 108 47 45 88 65 148 68 44 43 68 55 45 416 80 82 49 434 110 58 58
internal_count=1390 779 611 479 300 49 251 196 564 108 47 45 88 65 148 68 44 43 68 55 45 416 80 82 49 434 110 58 58
is_linear=0
shrinkage=0.03


Tree=4
num_leaves=27
num_cat=0
split_feature=0 9 9 5 19 0 26 9 22 2 1 18 11 5 28 8 20 21 3 9 20 9 13 9 11 13
split_gain=713.873 80.4453 57.0045 24.1308 19.198 12.3722 12.0786 11.8145 9.51976 7.88111 7.6546 6.87032 8.1166 5.69002 4.43055 3.17242 2.56792 2.50247 2.10982 1.79269 1.62901 1.27048 0.869937 0.750645 0.567488 0.0547578
threshold=273.50000000000006 85.730000000000018 130.66000000000003 206.50000000000003 -0.85260769842926909 208.50000000000003 38.650000000000013 108.03500000000001 0.75000000000000011 218.50000000000003 283.50000000000006 17.050000000000004 33.500000000000007 261.50000000000006 -0.84315017450793706 300.07142857142861 21.050000000000004 34.250000000000007 215.50000000000003 71.860000000000014 26.650000000000002 110.77000000000002 15.500000000000002 177.28500000000003 46.500000000000007 3386.5000000000005
decision_type=2 2 2 8 2 2 2 2 2 10 10 2 2 10 2 10 2 2 8 2 2 2 8 2 2 10
left_child=1 5 4 17 -2 19 11 9 18 -5 -11 12 13 -6 -7 -13 -16 -3 -4 -1 -18 -8 23 -20 -21 -24
right_child=2 3 8 7 6 14 21 -9 -10 10 -12 15 -14 -15 16 -17 20 -19 22 24 -22 -23 25 -25 -26 -27
leaf_value=-3.8468239389000001 -0.60854655223125032 -1.3471713930749996 1.7473735422750001 -0.71397618671249796 0.54488219009999939 -0.82190893889999872 2.0185079965500017 0.76962924615000017 1.1298052900500004 0.57907371442499933 -0.26688789240000116 -0.087241267650000787 1.2066363575999992 -0.25941975588750066 -1.1551715368312494 1.1957300043374999 -1.0252161156374999 -1.0214281961249991 1.0761339244499988 -1.730144688899999 -1.2966273475874999 1.6769865840000002 2.9749510422749985 2.6130406744499992 -2.1140239389 5.3698122994499986
leaf_weight=363 30 25 20 27 22 22 29 36 32 25 25 22 39 20 22 20 46 20 28 34 39 20 382 20 28 20
leaf_count=363 30 25 20 27 22 22 29 36 32 25 25 22 39 20 22 20 46 20 28 34 39 20 382 20 28 20
internal_value=0.000381087 -0.0207854 0.0217872 -0.00188679 0.00827586 -0.0261622 0.0121387 0.00552632 0.0271968 -0.00115385 0.00588235 0.00701613 0.0120732 0.0027907 -0.0177692 -0.0027907 -0.0202778 -0.0202174 0.0282803 -0.028662 -0.0226744 0.0246 0.0287361 0.0232653 -0.0228571 0.02933
internal_weight=1416 712 704 158 202 554 172 113 502 77 50 123 81 42 129 42 107 45 470 425 85 49 450 48 62 402
internal_count=1416 712 704 158 202 554 172 113 502 77 50 123 81 42 129 42 107 45 470 425 85 49 450 48 62 402
is_linear=0
shrinkage=0.03


Tree=5
num_leaves=28
num_cat=0
split_feature=9 0 22 0 9 19 4 9 18 11 9 7 10 16 27 17 13 24 0 19 1 15 29 18 18 1 7
split_gain=708.228 98.537 22.5416 20.0972 15.9617 10.4066 11.8089 9.20617 8.84026 8.54292 8.48918 8.24645 6.34162 7.38759 5.94248 4.35153 3.2731 4.24678 2.75427 2.33333 2.18639 1.82248 3.33206 1.82173 0.685177 0.593718 1.70321
threshold=114.21500000000002 223.50000000000003 0.65000000000000002 310.50000000000006 85.120000000000019 -0.82409480842201666 223.50000000000003 130.66000000000003 17.050000000000004 53.500000000000007 157.02000000000004 212.16666666666671 169.22000000000003 320.50000000000006 1.0000000180025095e-35 715.92000000000235 7.5000000000000009 0.73724926354828246 161.50000000000003 -0.94260559819261236 159.50000000000003 58.500000000000007 0.8511460603353429 17.350000000000005 19.950000000000003 218.50000000000003 230.50000000000003
decision_type=2 2 2 2 2 2 10 2 2 2 2 10 10 10 2 10 10 2 2 2 10 8 2 2 2 10 10
left_child=1 4 7 5 18 19 16 14 12 -5 -4 -6 -8 -14 23 -10 -7 -18 -1 -3 -20 22 -9 -2 -23 -22 -27
right_child=2 3 10 9 11 6 8 21 15 -11 -12 -13 13 -15 -16 -17 17 -19 20 -21 25 24 -24 -25 -26 26 -28
leaf_value=-4.091419220733 1.2925318136220005 -0.82843356102056298 -0.22435025503012582 -0.014981258845499496 -1.2240755524080003 -0.21345180890587528 -0.23320057290768631 1.0290703427741232 -1.4109119795932508 1.7492189557035005 1.3809111313485005 0.1809780550919993 0.72322368946021842 0.052048755822000317 0.052143964025999592 -0.032124701815688182 -0.43480151717981297 -1.0105836176126246 -2.2914192207330002 -1.6458504894933759 -1.8135192207329993 2.9060671431817497 1.6145373955409996 0.48842375186550097 1.5400829046817495 -1.3308192207330001 -1.9614192207330003
leaf_weight=269 44 25 21 23 23 23 24 20 22 29 20 23 26 23 20 24 24 34 39 25 77 401 24 23 24 27 47
leaf_count=269 44 25 21 23 23 23 24 20 22 29 20 23 26 23 20 24 24 34 39 25 77 401 24 23 24 27 47
internal_value=0.000384342 -0.0179332 0.0251338 -0.00435644 -0.0260277 -0.00788845 -0.00477612 0.0267145 0.00125 0.0124528 0.00357143 -0.00893617 0.0077027 0.0138 0.0173864 -0.00893617 -0.0135366 -0.0172881 -0.0277174 -0.02 -0.0245026 0.0284043 0.0213333 0.0216176 0.0290845 -0.02625 -0.0232
internal_weight=1404 807 597 302 505 250 200 556 119 52 41 46 73 49 87 46 81 58 459 50 190 469 44 67 425 151 74
internal_count=1404 807 597 302 505 250 200 556 119 52 41 46 73 49 87 46 81 58 459 50 190 469 44 67 425 151 74
is_linear=0
shrinkage=0.03


Tree=6
num_leaves=30
num_cat=0
split_feature=9 0 4 22 9 24 9 23 0 27 20 23 9 11 10 3 14 3 2 4 3 0 7 9 23 9 3 4 4
split_gain=660.02 105.616 20.2447 19.8799 15.2666 13.4482 11.6477 9.34815 8.49317 9.40714 7.56785 7.50082 7.28165 6.43348 4.41623 7.24154 6.78517 3.02361 3.76439 3.50831 1.99143 1.96805 1.62522 0.987029 0.758098 1.21623 0.381778 0.258104 4.16275
threshold=114.21500000000002 223.50000000000003 217.50000000000003 0.65000000000000002 81.430000000000021 -0.71322329076259927 141.21500000000003 17.050000000000004 297.50000000000006 1.0000000180025095e-35 21.950000000000003 16.050000000000004 157.02000000000004 33.500000000000007 284.11500000000007 302.50000000000006 29.500000000000004 187.50000000000003 247.50000000000003 161.50000000000003 357.50000000000006 161.50000000000003 164.16666666666671 177.93000000000004 14.350000000000003 154.92000000000002 333.50000000000006 257.50000000000006 233.50000000000003
decision_type=2 2 10 2 2 2 2 2 2 2 2 2 2 2 10 10 10 10 10 10 10 2 10 2 2 2 10 10 10
left_child=1 4 17 6 21 7 14 -4 9 13 -6 -10 -5 -7 15 16 -2 19 -19 -3 -17 -1 -23 24 -8 -26 -16 28 -24
right_child=3 2 5 12 10 8 23 -9 11 -11 -12 -13 -14 -15 26 20 -18 18 -20 -21 -22 22 27 -25 25 -27 -28 -29 -30
leaf_value=-4.0436766441110104 0.61555429062353084 -1.2168644325695739 0.092165157442590837 -0.11424986100059527 -1.0729211628059474 -0.76104081171076077 1.708885128886297 -1.0397742164960733 1.5048851709903253 0.6945144525595307 0.12774326874380307 0.31674238703239549 1.564483797408045 0.17460336114641847 1.4761179042713399 0.82787431882280826 -0.098012654676464875 -1.4180627546387006 -0.096720369689877544 0.052291956321722066 0.62887610250617232 -2.1848451441110104 -1.9031136441110101 3.4188851288862967 1.2029579060412965 1.254465331868283 2.1523779106362975 -1.9025766441110101 -1.3236771441110102
leaf_weight=276 20 20 29 25 32 33 72 24 28 22 22 20 21 36 35 22 23 33 20 22 20 30 68 265 31 20 25 55 20
leaf_count=276 20 20 29 25 32 33 72 24 28 22 22 20 21 36 35 22 23 33 20 22 20 30 68 265 31 20 25 55 20
internal_value=-0.000153285 -0.0179772 -0.0034375 0.0241552 -0.02625 0.00217617 0.0257865 -0.0105556 0.00707143 0.00163043 -0.0109091 0.0171429 0.00510638 -0.00385714 0.0182877 0.0136047 0.00477273 -0.0146875 -0.0194444 -0.00837209 0.0223256 -0.0280667 -0.025 0.0285347 0.0254032 0.0213462 0.0245902 -0.0264583 -0.0242697
internal_weight=1369 790 287 579 503 192 533 53 139 91 54 48 46 69 145 85 43 95 53 42 42 449 173 388 123 51 60 143 88
internal_count=1369 790 287 579 503 192 533 53 139 91 54 48 46 69 145 85 43 95 53 42 42 449 173 388 123 51 60 143 88
is_linear=0
shrinkage=0.03


Tree=7
num_leaves=30
num_cat=0
split_feature=0 9 9 22 3 26 0 18 24 18 2 23 24 3 18 15 0 3 28 25 28 6 29 7 10 12 29 10 0
split_gain=684.618 72.1073 48.6157 18.43 14.2347 13.5164 10.3247 8.56782 7.84456 6.69971 5.78677 8.62845 5.20501 5.14538 5.11438 4.87815 3.9623 3.39141 3.36455 6.2808 2.53966 2.51961 1.96648 1.38395 1.37992 3.84922 1.19985 1.17325 0.527307
threshold=273.50000000000006 85.120000000000019 125.40000000000002 0.75000000000000011 301.50000000000006 38.850000000000001 185.50000000000003 11.250000000000002 0.78257835753184646 14.250000000000002 199.50000000000003 17.150000000000002 0.93663652364155514 289.50000000000006 14.250000000000002 59.500000000000007 309.50000000000006 349.50000000000006 -0.58482361983252518 24.450000000000003 0.98667101781630195 307.50000000000006 0.59003219687534991 296.33333333333343 309.86500000000007 55.500000000000007 -0.9292178835113839 164.97500000000005 165.50000000000003
decision_type=2 2 2 2 10 2 2 2 2 2 10 2 2 10 2 10 2 10 2 2 2 10 2 8 10 10 2 10 2
left_child=1 6 5 14 7 8 27 -3 9 -2 -9 -12 -10 -14 23 -16 -7 -5 19 -8 21 26 -6 -4 25 -17 -20 -1 -29
right_child=2 4 3 17 22 16 18 10 12 -11 11 -13 13 -15 15 24 -18 -19 20 -21 -22 -23 -24 -25 -26 -27 -28 28 -30
leaf_value=-3.7573663447876799 0.67528760628834616 0.12717123998917515 1.2051348877790449 -0.06149423762832526 0.47987647651763127 0.48644559109253632 -1.0072155854220295 -0.66573352792176954 1.3189510765370795 -0.47396257282550153 0.15206065050422751 -0.89186170377633289 0.64572732021019763 -0.10075684564636958 0.95160004766902939 1.4424585070706595 1.915920365421423 1.5025492834858034 -1.8876919958419536 -0.51991713207835 -1.0318664189629225 -1.1185292774241014 0.20308815289215601 3.0117435750197075 2.5726118250197061 0.82055306078893153 -1.4519776556380086 -2.85489734478768 -1.5814602285376789
leaf_weight=295 22 24 30 20 24 20 22 38 21 28 29 27 23 33 23 22 35 20 34 23 20 36 21 318 64 26 60 33 30
leaf_count=295 22 24 30 20 24 20 22 38 21 28 29 27 23 33 23 22 35 20 34 23 20 36 21 318 64 26 60 33 30
internal_value=-2.1097e-05 -0.0206695 0.020949 0.0255916 -0.00310976 0.00754098 -0.0258303 -0.00857143 0.00210938 -0.00705882 -0.0126316 -0.00631579 0.00807692 0.00315789 0.0272107 0.0218382 0.0198214 0.00585366 -0.020051 -0.0123913 -0.0222517 -0.0238168 0.011087 0.0292264 0.0244248 0.0195918 -0.0265263 -0.0289136 -0.0239063
internal_weight=1421 716 705 523 163 182 553 118 127 50 94 56 77 56 483 135 55 40 195 45 150 130 45 348 112 48 94 358 63
internal_count=1421 716 705 523 163 182 553 118 127 50 94 56 77 56 483 135 55 40 195 45 150 130 45 348 112 48 94 358 63
is_linear=0
shrinkage=0.03


Tree=8
num_leaves=31
num_cat=0
split_feature=9 0 22 8 0 9 19 4 11 9 28 10 10 2 7 12 24 23 0 24 9 28 10 18 18 20 10 2 4 1
split_gain=643.419 89.4892 25.3108 18.8102 17.193 14.4291 11.7662 8.96842 10.4785 8.52698 7.61041 7.16418 6.76628 6.23599 6.15841 6.09524 5.12627 5.01389 4.70265 4.6468 4.13945 1.90478 2.09785 1.46095 0.929152 0.820217 1.61074 0.443968 1.91574 0.334495
threshold=110.77000000000002 223.50000000000003 0.25000000000000006 298.35714285714289 322.50000000000006 84.445000000000007 -0.82409480842201666 217.50000000000003 199.50000000000003 143.01000000000002 0.93237596376505805 190.04000000000005 306.73000000000008 197.50000000000003 212.16666666666671 34.500000000000007 0.87032255546191728 13.050000000000002 161.50000000000003 -0.81408451933196946 128.75500000000002 -0.15101209918632377 171.98000000000002 16.350000000000005 13.550000000000002 19.550000000000004 351.49000000000007 248.50000000000003 240.50000000000003 217.50000000000003
decision_type=2 2 2 8 2 2 2 10 2 2 2 10 10 10 10 10 2 2 2 2 2 2 10 2 2 2 10 10 10 10
left_child=1 5 3 12 6 18 19 13 10 -4 11 -9 17 -8 -7 -13 -15 -2 -1 -3 23 22 29 -5 -14 -22 -27 28 -23 -20
right_child=2 4 9 20 -6 14 7 8 -10 -11 -12 15 24 16 -16 -17 -18 -19 21 -21 25 27 -24 -25 -26 26 -28 -29 -30 -31
leaf_value=-3.82464535444405 0.91454479472792227 -1.2582162984705139 -0.52079210938399345 1.032373860235412 0.58429991213718147 -1.2068108737009402 -0.17032016690107524 -0.63961935764785771 1.1669864193506783 1.3863308754572725 0.49330877657657762 0.5472220577496657 1.3791976428411745 -1.364062036817036 0.17370177797801289 -0.28063810939243466 -1.3925904009359971 0.016071713241644262 -1.8528967719440492 -0.75816845051029869 2.5509662677691169 -1.9687472994440491 -0.67603880285791484 0.97566421503074074 0.91181933782408942 1.2586902202691175 3.2255162677691174 -1.8620930385270196 -1.2116324453729048 -1.7457990926346898
leaf_weight=269 35 30 20 29 34 20 33 26 21 38 28 20 20 24 22 20 26 36 20 23 366 49 21 20 20 23 25 39 32 20
leaf_count=269 35 30 20 29 34 20 33 26 21 38 28 20 20 24 22 20 26 36 20 23 366 49 21 20 20 23 25 39 32 20
internal_value=0.000574468 -0.0176992 0.0230332 0.0249391 -0.0043007 -0.0254361 -0.00702381 -0.00361809 0.00181034 0.0040678 -0.00252632 -0.0080597 0.0136607 -0.0110714 -0.00837209 0 -0.0176471 0.00791667 -0.0270067 -0.0194444 0.0276078 -0.0229121 -0.0179032 0.0186 0.0234146 0.0286265 0.0232653 -0.0252893 -0.0230488 -0.0219512
internal_weight=1409 777 632 574 285 492 251 198 115 58 94 66 111 83 42 40 50 71 450 53 463 181 61 49 40 414 48 120 81 40
internal_count=1409 777 632 574 285 492 251 198 115 58 94 66 111 83 42 40 50 71 450 53 463 181 61 49 40 414 48 120 81 40
is_linear=0
shrinkage=0.03


Tree=9
num_leaves=31
num_cat=0
split_feature=0 9 9 22 22 5 0 0 22 23 9 18 21 9 21 18 28 28 28 11 9 0 25 10 0 7 0 0 9 11
split_gain=638.542 66.644 56.2447 15.0486 13.7201 12.1709 10.8073 10.3126 8.97795 7.61076 7.29244 7.03169 8.06746 6.38049 8.53222 4.07955 4.00481 3.50486 4.13514 3.25926 2.78275 2.76532 3.09045 2.41417 1.88074 1.34537 0.923485 0.717543 0.430768 0.0695812
threshold=269.50000000000006 84.445000000000007 143.42500000000004 1.0000000180025095e-35 1.5500000000000003 199.50000000000003 351.50000000000006 208.50000000000003 1.0000000180025095e-35 15.750000000000002 115.94500000000001 20.650000000000002 32.050000000000004 113.52000000000002 27.950000000000003 15.250000000000002 -0.63921128368950708 -0.19337636264337835 0.85226249403558707 39.500000000000007 66.89500000000001 389.50000000000006 14.350000000000003 211.16500000000005 161.50000000000003 164.16666666666671 305.50000000000006 228.50000000000003 74.850000000000009 10.500000000000002
decision_type=2 2 2 2 2 10 2 2 2 2 2 2 2 2 2 2 2 2 2 2 2 2 2 10 2 10 2 2 2 2
left_child=1 7 3 6 15 23 9 24 13 17 -11 12 -5 14 -7 29 -9 -2 26 -16 -18 22 -17 -3 -1 -26 -19 -22 -27 -4
right_child=2 5 4 11 -6 8 -8 16 -10 10 -12 -13 -14 -15 19 21 20 18 -20 -21 27 -23 -24 -25 25 28 -28 -29 -30 -31
leaf_value=-3.7399059938107286 0.38008781191830565 -1.6325626148205263 1.9576980187592641 -0.61334418231838528 0.98088287871751212 -0.54671459210327722 2.8301437235759286 -0.55469713226722772 -1.2177658739685255 -0.33349347875216662 0.7119403807501089 -0.36467704424817809 0.35245297674181841 0.92641220309883543 0.0074233664373943497 1.1698380390205334 -1.4589208289894395 1.1217193468149622 0.71160057357611428 0.44661114111487193 -1.4682626046202252 3.0298370761465825 0.47680158968133241 -0.36537370422906945 -1.8813461383732275 -1.7961906753091454 0.8073121067028699 -0.87052123480753663 -0.99439247234169892 2.9394372797360431
leaf_weight=268 24 23 20 22 23 25 43 23 27 35 31 20 32 20 22 27 37 23 29 26 28 37 21 24 24 89 21 32 28 305
leaf_count=268 24 23 20 22 23 25 43 23 27 35 31 20 32 20 22 27 37 23 29 26 28 37 21 24 24 89 21 32 28 305
internal_value=-0.000234043 -0.02066 0.0197059 0.00918149 0.0264747 -0.00410714 0.0133333 -0.0258679 0.000991736 0.00969512 0.00179104 -0.0024 0.00327273 0.00542553 0.00121622 0.0277372 -0.0178512 0.015 0.0182432 0.00857143 -0.0205102 0.0212791 0.0159184 -0.016875 -0.0281707 -0.0247183 0.024 -0.0245902 -0.0261864 0.0293558
internal_weight=1409 696 713 280 433 167 206 529 120 163 66 74 54 93 73 410 120 97 73 48 97 85 48 47 409 141 44 60 117 325
internal_count=1409 696 713 280 433 167 206 529 120 163 66 74 54 93 73 410 120 97 73 48 97 85 48 47 409 141 44 60 117 325
is_linear=0
shrinkage=0.03


Tree=10
num_leaves=31
num_cat=0
split_feature=9 0 0 22 9 19 4 3 9 0 11 3 24 9 16 27 5 24 20 1 20 4 16 0 1 18 10 1 7 10
split_gain=606.647 96.5491 24.6863 21.587 13.4095 10.9418 9.14358 9.00414 8.75322 8.19762 8.10792 7.99773 7.19597 7.0271 6.06225 5.89159 5.79534 4.17369 3.58929 3.44681 4.72141 2.78084 2.02143 1.86949 3.06837 1.19563 0.963036 0.491597 1.31087 0.327817
threshold=114.21500000000002 207.50000000000003 310.50000000000006 0.75000000000000011 144.22500000000005 -0.55191596924288666 199.50000000000003 343.50000000000006 82.345000000000013 269.50000000000006 73.500000000000014 187.50000000000003 -0.81408451933196946 84.445000000000007 282.00000000000006 1.0000000180025095e-35 248.50000000000003 0.85260769842926931 15.450000000000001 351.50000000000006 15.050000000000002 280.50000000000006 129.50000000000003 161.50000000000003 156.50000000000003 15.750000000000002 351.49000000000007 218.50000000000003 227.50000000000003 169.22000000000003
decision_type=2 2 2 2 2 2 10 10 2 2 2 10 2 2 10 2 10 2 2 10 2 10 8 2 10 2 10 10 10 10
left_child=1 8 5 4 15 12 11 -5 23 13 -4 -7 29 21 -11 17 -14 -2 -15 20 -19 -8 -6 -1 -25 -24 -27 -26 -29 -3
right_child=3 2 10 7 22 6 9 -9 -10 14 -12 -13 16 18 -16 -17 -18 19 -20 -21 -22 -23 25 24 27 26 -28 28 -30 -31
leaf_value=-3.5977088139964066 1.4016311268819999 -1.129239585441842 0.0090294178146191929 -0.20069002314197176 1.9408300561921759 -0.35726224983524785 -0.27398443959683477 1.3714563923559864 -0.7736751726389226 1.2026929709334544 1.7658019605921089 -1.5878658261815772 -0.71815116581458083 -0.38123200345535707 -0.014567685517806694 0.46229127200232767 0.22968527606526037 0.60961841067313594 0.3913246660974522 1.986939599238517 0.33999599825693111 -1.3740499469255905 2.8512541613439613 -1.9000915347157812 -1.5651945265164655 1.272306909432924 3.2973586838116948 -2.1767772204356399 -1.4687653214980776 -1.3219921938401009
leaf_weight=260 35 20 24 20 20 39 20 25 32 22 30 26 30 20 21 29 22 38 39 24 33 23 287 22 67 45 30 22 29 26
leaf_count=260 35 20 24 20 20 39 20 25 32 22 30 26 30 20 21 29 22 38 39 24 33 23 287 22 67 45 30 22 29 26
internal_value=0.000173787 -0.0169057 -0.00545455 0.0233049 0.0249631 -0.00873786 -0.00483412 0.00326087 -0.0264665 -0.000616438 0.0130909 -0.0140909 -0.0169697 -0.00524272 0.0102273 0.0174375 -0.0090566 0.0201527 0.0015 0.0165625 0.0129167 -0.0143182 0.0280418 -0.0276808 -0.0242553 0.028595 0.0240789 -0.0262185 -0.0225 -0.0255319
internal_weight=1380 794 362 586 541 308 210 45 432 145 54 65 98 102 43 159 52 130 59 95 71 43 382 400 140 362 75 118 51 46
internal_count=1380 794 362 586 541 308 210 45 432 145 54 65 98 102 43 159 52 130 59 95 71 43 382 400 140 362 75 118 51 46
is_linear=0
shrinkage=0.03


Tree=11
num_leaves=31
num_cat=0
split_feature=0 9 9 22 3 27 0 16 5 8 24 18 25 28 11 13 18 23 1 24 9 3 24 0 1 1 9 9 3 18
split_gain=624.927 77.3235 52.0341 32.3917 15.4725 8.68809 8.64888 8.49528 7.56469 7.94833 7.18154 6.4203 6.65881 5.07267 4.11495 3.89476 3.77083 2.45184 1.87446 1.7964 2.27043 2.35736 1.57083 1.47846 1.64877 4.86085 1.30303 1.11206 0.982375 0.7604
threshold=273.50000000000006 85.120000000000019 162.94500000000002 1.0000000180025095e-35 306.50000000000006 1.0000000180025095e-35 185.50000000000003 218.50000000000003 199.50000000000003 254.78571428571431 0.33379414889141285 17.650000000000002 15.550000000000002 -0.84315017450793706 42.500000000000007 26.500000000000004 19.550000000000004 15.050000000000002 279.50000000000006 0.93038214053199464 143.42500000000004 304.50000000000006 -0.8949002852437673 244.50000000000003 257.50000000000006 227.50000000000003 96.670000000000016 71.200000000000017 252.50000000000003 17.650000000000002
decision_type=2 2 2 2 8 2 2 8 10 10 2 2 2 2 2 10 2 2 10 2 2 10 2 2 10 10 2 2 10 2
left_child=1 6 3 5 8 7 27 15 26 14 -7 12 -5 -8 -10 17 28 -2 -6 -9 21 -21 -15 24 25 29 -3 -1 -4 -24
right_child=2 4 16 11 18 10 13 19 9 -11 -12 -13 -14 22 -16 -17 -18 -19 -20 20 -22 -23 23 -25 -26 -27 -28 -29 -30 -31
leaf_value=-3.2197775495765146 0.66853929629883901 -1.0944828841538674 1.9209619649912615 -0.1105503322788931 0.45594276108930298 -0.10422843414886017 -0.75252544118051445 1.3595821930755392 -0.35375581091257258 -0.88606617330680248 0.87469901127433158 -0.45992285879848877 0.79132020380450874 -1.564705698373815 0.40824982479092226 1.2368891606654506 1.923868494973717 -0.057812486943501253 0.47115876885529645 0.43828979721709088 1.0275522568702233 1.104827513604111 -0.86207649987433199 -0.73447250960642119 -1.5458046545099058 -0.65246034610744685 -0.84324780895657392 -1.5293939399685499 2.7493283351430402 -1.6157884905419635
leaf_weight=311 23 20 20 20 20 25 32 73 26 26 24 32 36 33 30 21 20 20 21 22 20 35 25 26 29 21 21 30 312 23
leaf_count=311 23 20 20 20 20 25 32 73 26 26 24 32 36 33 30 21 20 20 21 22 20 35 25 26 29 21 21 30 312 23
internal_value=-2.14592e-05 -0.0202014 0.0199006 0.0116761 -0.00218182 0.0169318 -0.0257627 0.0195349 -0.0075 -0.00216867 0.0054 -0.00404494 0.00210526 -0.0203684 0.00421053 0.0101538 0.0280453 0.00477273 0.0135714 0.0234437 0.0196154 0.0160345 -0.0225949 -0.02064 -0.0224242 -0.0192857 -0.0178571 -0.0286842 0.0288288 -0.0244898
internal_weight=1397 694 703 351 164 263 530 214 123 82 49 88 56 189 56 64 352 43 41 150 77 57 157 124 98 69 41 341 332 48
internal_count=1397 694 703 351 164 263 530 214 123 82 49 88 56 189 56 64 352 43 41 150 77 57 157 124 98 69 41 341 332 48
is_linear=0
shrinkage=0.03


Tree=12
num_leaves=31
num_cat=0
split_feature=0 9 9 5 10 23 9 0 3 24 25 3 4 9 24 29 14 0 26 28 0 2 25 1 21 20 9 14 28 11
split_gain=606.387 77.6785 48.2084 19.0456 15.4597 13.7312 11.0345 10.1317 9.68057 7.29364 6.65739 6.44319 5.80194 5.33156 5.13074 4.87013 4.76181 4.48238 4.47851 4.28554 3.84246 8.00833 3.66519 3.09822 2.42876 3.3214 2.41417 2.37217 0.908626 0.384665
threshold=273.50000000000006 83.920000000000002 162.94500000000002 213.50000000000003 303.73000000000008 13.050000000000002 108.03500000000001 244.50000000000003 306.50000000000006 -0.68832836526074781 23.750000000000004 349.50000000000006 227.50000000000003 121.00500000000001 0.62249093318774806 -0.54219087765047058 20.500000000000004 161.50000000000003 37.150000000000013 -0.58482361983252518 351.50000000000006 328.50000000000006 24.250000000000004 159.50000000000003 30.050000000000004 11.15 91.845000000000013 12.500000000000002 0.97112537654464559 11.500000000000002
decision_type=2 2 2 8 10 2 2 2 10 2 2 10 10 2 2 2 10 2 2 2 2 10 2 10 2 2 2 10 2 2
left_child=1 7 4 14 5 12 9 17 16 -5 26 -10 -2 -13 -3 -9 -7 -1 -18 22 21 -6 -19 -21 25 -14 -11 -4 -25 -29
right_child=2 3 27 6 20 8 -8 15 11 10 -12 13 24 -15 -16 -17 18 19 -20 23 -22 -23 -24 28 -26 -27 -28 29 -30 -31
leaf_value=-3.4231842230892187 0.29812159855184178 -0.17146244563350393 1.7514376282841522 -1.0272670770929055 0.98809138276168085 0.3215952941343721 0.59076422650078964 -0.84310197295556122 0.88595338285076197 0.025286331898267348 0.52408563804354935 -0.34195090326582545 0.9563152382055935 0.47231253162948916 -1.0469362311539296 0.050411121340848977 -1.058208880673146 -1.3504193495783825 -0.043480146627485679 -1.7676316709698787 2.4590120006371587 0.040883943579621017 -1.5061738084193708 -1.482373556896728 1.5847554797855006 0.37433234475377986 -0.57824959504892548 1.6433388642786544 -1.1814858947681173 2.7575413532935431
leaf_weight=262 28 22 26 20 39 23 36 21 33 23 20 23 26 23 34 20 20 22 20 24 53 20 26 125 30 20 24 26 26 291
leaf_count=262 28 22 26 20 39 23 36 21 33 23 20 23 26 23 34 20 20 22 20 24 53 20 26 125 30 20 24 26 26 291
internal_value=4.26439e-05 -0.0195892 0.0197863 -0.0025 0.0120334 0.00777328 0.0041129 -0.025389 0.00167832 -0.00170455 0.00308824 0.008625 0.016 0.0012766 -0.0168421 -0.0107143 -0.00703125 -0.0266049 -0.0131707 -0.0231696 0.0212389 0.0155 -0.0146939 -0.0253977 0.0202597 0.0153191 -0.003125 0.0278198 -0.0270395 0.0285849
internal_weight=1406 705 701 179 358 246 123 526 142 87 67 79 104 46 56 41 63 485 40 223 112 59 48 175 76 46 47 343 151 317
internal_count=1406 705 701 179 358 246 123 526 142 87 67 79 104 46 56 41 63 485 40 223 112 59 48 175 76 46 47 343 151 317
is_linear=0
shrinkage=0.03


Tree=13
num_leaves=30
num_cat=0
split_feature=0 9 9 18 22 22 9 0 28 23 0 18 28 21 3 18 17 26 18 2 18 24 18 18 24 17 16 16 24
split_gain=572.116 67.701 53.5561 17.5576 17.2104 17.1901 12.576 11.5265 11.9765 10.6494 7.99088 6.91365 6.29686 5.83658 5.24263 4.35679 6.76805 3.92516 3.9636 3.74332 3.72215 2.57807 2.51217 2.4692 1.79315 1.76987 1.25815 0.808644 0.802536
threshold=261.50000000000006 144.22500000000005 81.430000000000021 10.65 1.5500000000000003 1.0000000180025095e-35 109.95 357.50000000000006 0.85226249403558707 15.450000000000001 173.50000000000003 14.850000000000003 0.43733377705052551 32.650000000000013 340.50000000000006 17.350000000000005 103.80500000000001 36.250000000000007 16.450000000000003 261.50000000000006 13.850000000000003 -0.73724926354828224 10.950000000000001 17.050000000000004 0.91702515554752073 429.14499999999998 6408.0000000000009 8.5000000000000018 0.93038214053199464
decision_type=2 2 2 2 2 2 2 2 2 2 2 2 2 2 10 2 10 2 2 10 2 2 2 2 2 10 10 10 2
left_child=2 5 10 -4 20 7 14 8 12 -10 27 -7 13 -2 17 22 -17 24 -19 -18 -3 -13 -12 28 -5 -22 -27 -1 -14
right_child=1 4 3 6 -6 11 -8 -9 9 -11 15 21 23 -15 -16 16 19 18 -20 -21 25 -23 -24 -25 -26 26 -28 -29 -30
leaf_value=-2.3817039394062927 0.7589306183275798 2.5705104458505446 0.57542470115615341 -1.0213649721684979 0.57561011179810173 0.65510828100931717 0.35885860471103453 2.6723307885031105 0.62417143741558812 -0.33169237616785152 -0.73208253269518619 -0.0642435756309402 0.72064327876840251 -0.22451763436046063 -0.12626752786807968 0.0037619397174907475 -0.79174299817120042 -0.022863238377474886 -0.65409860133561804 -1.3440478442983517 0.86703864266781006 -0.51599255627113305 -1.3807008814403818 0.55309005542707723 -1.1875027354120515 1.8696997218697793 1.9546132122612159 -3.2004886963965427 0.96577608446162366
leaf_weight=22 38 283 27 20 26 30 20 40 32 27 27 21 23 24 20 20 35 20 22 32 29 36 73 23 31 58 26 269 22
leaf_count=22 38 283 27 20 26 30 20 40 32 27 27 21 23 24 20 20 35 20 22 32 29 36 73 23 31 58 26 269 22
internal_value=0.000130719 0.0181055 -0.0206573 -0.00559006 0.0259574 0.00757098 -0.0100746 0.0118696 0.00868421 -0.0025 -0.0256785 -0.00375 0.0137405 0.00666667 -0.0139474 -0.0205851 -0.0153409 -0.0169149 -0.00976744 -0.0198529 0.0275063 -0.00982759 -0.0249505 0.02 -0.0225 0.0223684 0.0247059 -0.0288699 0.0241304
internal_weight=1376 738 638 160 422 316 133 229 189 59 478 87 130 62 113 187 87 93 42 67 396 57 100 68 51 113 84 291 45
internal_count=1376 738 638 160 422 316 133 229 189 59 478 87 130 62 113 187 87 93 42 67 396 57 100 68 51 113 84 291 45
is_linear=0
shrinkage=0.03


Tree=14
num_leaves=31
num_cat=0
split_feature=9 0 9 0 9 22 11 19 4 24 5 0 3 11 1 26 9 19 0 25 26 28 18 1 5 2 4 29 25 15
split_gain=535.246 93.8918 30.2076 18.8623 15.3144 14.7219 13.15 12.2773 15.982 8.76869 7.28503 5.84211 5.41064 5.32499 4.98166 5.34616 4.55219 4.26517 4.04279 7.48725 6.47647 4.44033 3.58694 3.41999 3.2819 3.17262 3.15883 2.7399 0.72237 0.69368
threshold=114.21500000000002 217.50000000000003 162.94500000000002 302.50000000000006 81.13000000000001 0.65000000000000002 68.500000000000014 -0.84335933205092484 225.50000000000003 0.87032255546191728 218.50000000000003 161.50000000000003 192.50000000000003 218.50000000000003 247.50000000000003 37.250000000000007 81.430000000000021 0.74892720285008318 357.50000000000006 12.65 30.850000000000005 0.84313847884979054 19.050000000000004 154.50000000000003 247.50000000000003 286.50000000000006 298.50000000000006 -0.77243990499604276 18.450000000000003 89.500000000000014
decision_type=2 2 2 2 2 2 2 2 10 2 8 2 10 2 10 2 2 2 2 2 2 2 2 10 10 10 10 2 2 10
left_child=1 4 5 7 11 10 -5 27 12 -6 -2 -1 16 14 17 -16 -9 -10 19 25 -21 -22 29 -13 28 -12 -26 -3 -25 -4
right_child=2 3 22 6 9 -7 -8 8 13 -11 18 23 -14 -15 15 -17 -18 -19 -20 20 21 -23 -24 24 26 -27 -28 -29 -30 -31
leaf_value=-3.2244740355046462 0.24234976822990462 -1.5704812610571377 2.0377820005585545 -0.11424972468387608 0.15269183414301279 -0.12278137380541522 1.424585102057917 -0.78885468786814295 0.51215151943496351 -0.89286488384021689 0.34313953978941641 -0.76924188275976746 -1.10217572886565 1.0721352028337918 0.0099218917519345948 -0.21845001488416727 -0.054402038564865904 -0.31155541708286305 2.6728399325569994 -0.03027474477295641 0.9368354285945526 0.33500324617145338 1.7467465520206811 -1.708971673034781 -0.62264368796327874 0.85848807203374344 -1.301462618931583 -0.79616214742356128 -1.5861538812085894 2.5189072933347392
leaf_weight=274 28 21 51 34 22 30 35 21 20 30 20 21 40 22 39 21 32 25 44 25 24 22 20 20 26 55 25 35 57 256
leaf_count=274 28 21 51 34 22 30 35 21 20 30 20 21 40 22 39 21 32 25 44 25 24 22 20 20 26 55 25 35 57 256
internal_value=-0.000451289 -0.0160049 0.0217188 -0.00407514 -0.0246429 0.0137349 0.00985714 -0.00758123 -0.00434389 -0.0090566 0.0164384 -0.026533 -0.0137234 0.00257812 -0.000283019 -0.00590164 -0.00722222 0.00717391 0.018534 0.0159184 0.00875 0.0153191 0.0277134 -0.0214 -0.0232558 0.0225 -0.0167308 -0.02 -0.0273077 0.028539
internal_weight=1395 820 575 345 475 248 69 276 220 52 218 423 93 127 105 60 53 45 190 146 71 46 327 149 128 75 51 56 77 307
internal_count=1395 820 575 345 475 248 69 276 220 52 218 423 93 127 105 60 53 45 190 146 71 46 327 149 128 75 51 56 77 307
is_linear=0
shrinkage=0.03


Tree=15
num_leaves=31
num_cat=0
split_feature=9 0 9 0 27 17 0 19 25 3 29 29 24 18 10 25 4 14 2 9 24 13 8 29 19 2 16 0 3 19
split_gain=539.127 87.9858 26.2947 20.9499 13.5654 11.2075 10.0574 8.61477 9.17785 11.2285 6.81987 7.12717 7.23302 6.65745 4.83812 6.24206 6.38826 4.7432 3.69668 3.89546 5.41943 3.19628 2.81851 2.33333 2.30291 2.09957 2.06957 1.40067 3.58929 1.38458
threshold=114.21500000000002 217.50000000000003 181.70500000000001 289.50000000000006 1.0000000180025095e-35 1009.1650000000011 165.50000000000003 -0.82409480842201666 27.050000000000004 319.50000000000006 -0.31800055644052067 0.14888728888808328 0.74892720285008318 12.950000000000001 288.96500000000009 12.65 320.50000000000006 20.500000000000004 140.50000000000003 79.835000000000022 0.80382625221112025 39.500000000000007 317.71428571428572 -0.49812626372919411 0.77159520228797451 327.50000000000006 7.5000000000000009 354.50000000000006 329.50000000000006 -0.86159635224327535
decision_type=2 2 2 2 2 10 2 2 2 10 2 2 2 2 10 2 10 10 10 2 2 10 8 2 2 10 10 2 10 2
left_child=1 6 4 7 14 17 26 23 9 10 24 12 -12 -6 15 22 21 -5 -8 29 -21 -17 -2 -3 -9 -7 -1 28 -16 -20
right_child=2 3 -4 5 13 25 18 8 -10 -11 11 -13 -14 -15 27 16 -18 -19 19 20 -22 -23 -24 -25 -26 -27 -28 -29 -30 -31
leaf_value=-2.2223033571492148 0.71626802838171955 -1.523366823225424 2.7795062297795408 0.31534731109956765 0.77602341489551863 0.41085129060107389 -0.86781341501437192 -0.63965197848944666 0.59122723198743699 0.23939548679322456 0.34309454398361677 -1.2332232191379164 -0.46358226637631134 -0.10136766371688992 0.94153612995479985 0.11278726679123821 -0.055008620988091367 -0.29699591377604917 -1.0889976668039716 -0.56340251532486996 -1.2093488443291829 0.85039735551671747 0.98414710769822755 -0.83833207636737539 -0.73985952235386798 1.9404032149239936 -3.187739814439507 2.4622687093315068 0.61043159161193927 -1.3289881370027103
leaf_weight=21 32 25 261 28 25 20 21 26 21 32 20 30 24 38 39 20 22 21 28 21 25 20 51 25 27 21 259 56 20 88
leaf_count=21 32 25 261 28 25 20 21 26 21 32 20 30 24 38 39 20 22 21 28 21 25 20 51 25 27 21 259 56 20 88
internal_value=-0.000153509 -0.0164158 0.021641 -0.00429907 0.0158333 0.00791209 -0.0247629 -0.00909091 -0.00596685 -0.0084375 -0.0124219 -0.0064 0.00133333 0.00328125 0.0188506 0.015 0.00761905 -0.0018 -0.0190761 -0.0206135 -0.012766 0.0146341 0.0203571 -0.02 -0.0205556 0.0192857 -0.0283986 0.0235345 0.0195 -0.0235897
internal_weight=1367 783 584 320 323 90 463 230 180 159 127 74 44 63 260 145 62 49 183 162 46 40 83 50 53 41 280 115 59 116
internal_count=1367 783 584 320 323 90 463 230 180 159 127 74 44 63 260 145 62 49 183 162 46 40 83 50 53 41 280 115 59 116
is_linear=0
shrinkage=0.03


Tree=16
num_leaves=31
num_cat=0
split_feature=0 9 9 19 5 22 0 22 18 7 3 10 23 13 19 17 4 14 0 22 9 7 18 7 24 3 10 0 5 19
split_gain=559.241 66.8374 46.1612 24.1343 16.3118 14.9338 13.7266 10.6578 8.38436 7.84861 6.76357 7.56124 11.646 5.83603 4.83603 4.55852 4.47851 4.33525 6.12383 4.20187 3.42346 3.08905 2.98105 3.6935 4.10194 2.52762 1.93517 1.79464 1.67516 2.6987
threshold=273.50000000000006 83.920000000000002 162.94500000000002 -0.86159635224327535 199.50000000000003 1.0000000180025095e-35 171.50000000000003 1.0000000180025095e-35 9.3500000000000032 213.83333333333334 301.50000000000006 313.05500000000006 11.750000000000002 23.500000000000004 0.96359376111369366 432.41000000000008 351.50000000000006 69.500000000000014 244.50000000000003 0.15000000000000005 119.78500000000001 322.50000000000006 13.450000000000001 185.50000000000003 0.78257835753184646 189.50000000000003 262.92000000000002 324.50000000000006 223.50000000000003 -0.35019404643548441
decision_type=2 2 2 2 8 2 2 2 2 10 10 10 2 10 2 10 10 10 2 2 2 10 2 10 2 10 10 2 10 2
left_child=1 6 3 21 25 10 28 9 -8 -6 11 12 -5 -11 -14 16 -12 18 22 27 -7 -2 -10 -24 -25 -3 -15 -4 -1 -30
right_child=2 4 19 5 7 20 8 -9 17 13 15 -13 14 26 -16 -17 -18 -19 -20 -21 -22 -23 23 24 -26 -27 -28 -29 29 -31
leaf_value=-3.0792734732205305 -0.62096793125741123 -0.27005801350090791 1.6684002438469439 0.86034712384198941 -0.3005614777863761 -0.065061668796938935 -0.14072728382674723 -1.0569961512705288 -1.2966900306503826 -0.009312177238335835 0.26023575646686592 2.0306036380600898 -0.18015585317685037 0.69050332706206685 0.39340330364067394 1.5586365464481422 0.70448615002279436 -1.4556250360386649 -0.33973987872631423 1.0380331671077008 0.73367837585786899 0.016421248702318109 -0.44266010777884418 -1.3663013998092837 -1.2337316967074992 -0.94654881678719016 0.11194836731570661 2.392207771393259 -2.1754933360083459 -1.2921076200063217
leaf_weight=254 26 20 20 37 20 34 20 31 30 24 20 29 28 29 20 93 20 50 29 22 31 20 20 29 49 29 22 303 26 23
leaf_count=254 26 20 20 37 20 34 20 31 30 24 20 29 28 29 20 93 20 50 29 22 31 20 20 29 49 29 22 303 26 23
internal_value=-0.00012775 -0.0189943 0.0187926 0.0111978 -0.00289773 0.0141853 -0.0242938 0.00283465 -0.0185526 0.0078125 0.0175403 0.012 0.00732558 0.0122368 -0.00244898 0.0221642 0.0131707 -0.0203365 -0.0176582 0.0266185 0.00136364 -0.00893617 -0.0204651 -0.0175758 -0.0205063 -0.0174 0.0178846 0.0275 -0.0285197 -0.0222
internal_weight=1408 705 703 358 175 312 530 126 227 95 247 114 85 75 48 133 40 207 157 345 65 46 128 98 78 49 51 323 303 49
internal_count=1408 705 703 358 175 312 530 126 227 95 247 114 85 75 48 133 40 207 157 345 65 46 128 98 78 49 51 323 303 49
is_linear=0
shrinkage=0.03


Tree=17
num_leaves=31
num_cat=0
split_feature=9 0 9 22 0 9 19 23 4 25 9 3 5 25 0 17 18 17 26 2 6 18 19 5 28 8 10 10 6 26
split_gain=545.198 80.4548 25.746 14.1615 13.383 12.4463 9.57231 8.15214 7.93348 8.53033 9.45998 6.8805 6.37915 6.24206 13.0271 8.05614 5.14735 5.81682 4.73606 4.29275 4.6275 3.12103 2.44141 2.31809 3.30863 2.10972 1.39638 1.30089 0.348214 0.347605
threshold=114.21500000000002 207.50000000000003 162.94500000000002 0.65000000000000002 347.50000000000006 71.200000000000017 -0.82409480842201666 12.750000000000002 199.50000000000003 14.15 89.435000000000016 187.50000000000003 289.50000000000006 12.65 357.50000000000006 4147.8600000000033 19.350000000000005 586.86500000000308 36.350000000000001 289.50000000000006 248.50000000000003 18.750000000000004 0.97625883275952063 223.50000000000003 -0.01397611846945947 307.71428571428578 273.91500000000002 171.98000000000002 269.50000000000006 19.650000000000002
decision_type=2 2 2 2 2 2 2 2 10 2 2 10 10 2 2 8 2 10 2 10 10 2 2 10 2 8 10 10 10 2
left_child=1 5 3 13 6 23 12 -7 11 -10 16 -8 -3 25 15 18 17 -11 -15 20 -12 26 -9 27 -25 -2 -4 -1 -16 -28
right_child=2 4 21 -5 -6 7 8 22 9 10 19 -13 -14 14 28 -17 -18 -19 -20 -21 -22 -23 -24 24 -26 -27 29 -29 -30 -31
leaf_value=-2.9247294158097059 0.59561776750454898 -1.2637297918202808 0.94631418430992076 -0.062682821277118134 1.5118774500546976 -0.45996549409794479 -0.19055067213937774 -1.2557347115410433 -0.64159628402990243 -0.3295476823645242 0.58250725936140613 -1.3632979839024688 -0.43574602414131619 -0.10829372396278472 1.9536112342968763 0.65997551168066482 -0.67105492149365842 0.21250924380319644 0.52526279791364916 0.8441358668393798 -0.15332246682579836 1.5595053544891602 -0.72462492409794466 -1.3890200029781004 -1.3043283746105683 0.66978822725020504 1.9135338046745505 -1.8543344858097057 3.0490352119374466 2.5456816470291059
leaf_weight=248 26 40 33 31 25 33 37 37 28 37 23 35 31 33 20 35 22 22 26 38 24 20 21 24 54 53 41 29 27 247
leaf_count=248 26 40 33 31 25 33 37 37 28 37 23 35 31 33 20 35 22 22 26 38 24 20 21 24 54 53 41 29 27 247
internal_value=-0.000299786 -0.0163164 0.0215514 0.0141667 -0.00578512 -0.0248322 -0.00736686 -0.0146739 -0.0047191 -0.00153846 0.00107784 -0.0131507 -0.0170833 0.0168326 0.0128873 0.00631579 -0.00621951 -0.0015 -0.0005 0.00802326 0.001875 0.0269298 -0.0213559 -0.0273876 -0.0220253 0.023625 0.0276708 -0.0288129 0.025625 0.0284429
internal_weight=1400 808 592 251 362 446 337 91 266 194 166 72 71 220 141 94 81 59 59 85 47 341 58 355 78 79 321 277 47 288
internal_count=1400 808 592 251 362 446 337 91 266 194 166 72 71 220 141 94 81 59 59 85 47 341 58 355 78 79 321 277 47 288
is_linear=0
shrinkage=0.03


Tree=18
num_leaves=31
num_cat=0
split_feature=9 0 9 0 15 27 22 9 18 28 23 4 3 26 18 10 23 4 14 23 10 29 24 5 3 10 2 24 10 8
split_gain=529.018 78.6661 25.6233 17.1364 13.4058 11.7227 11.5502 10.3324 9.75093 8.46539 8.04479 5.34582 8.17448 7.36476 6.78477 5.33844 7.8728 6.70447 5.72252 4.19528 4.04395 4.02705 3.16736 3.13119 4.85884 2.2221 1.79632 1.32912 1.1969 1.93419
threshold=115.13500000000001 217.50000000000003 181.70500000000001 301.50000000000006 275.50000000000006 2.1500000000000008 1.0000000180025095e-35 71.200000000000017 17.950000000000003 0.98522604642031408 12.750000000000002 225.50000000000003 206.50000000000003 29.350000000000005 14.950000000000001 309.86500000000007 12.65 269.50000000000006 39.500000000000007 16.950000000000003 217.94500000000002 -0.24372464231556024 0.87878364999916148 223.50000000000003 210.50000000000003 184.99500000000003 291.50000000000006 0.93038214053199464 351.49000000000007 388.07142857142861
decision_type=2 2 2 2 10 2 2 2 2 2 2 10 10 2 2 10 2 8 10 2 10 2 2 10 10 10 10 2 10 8
left_child=1 7 6 5 -5 8 9 23 11 15 -9 12 -3 -13 21 16 26 -18 -19 -10 -12 -15 -8 25 -25 -1 -2 -17 29 -4
right_child=2 3 28 4 -6 -7 22 10 19 -11 20 13 -14 14 -16 27 17 18 -20 -21 -22 -23 -24 24 -26 -27 -28 -29 -30 -31
leaf_value=-2.6481459922854151 0.50292558570756907 -0.030531470926835596 1.4111536690829112 -0.038974412930755306 1.3002632266071861 -1.3536551874778264 -0.16370986092647824 -0.43946507374161681 -0.47296382391675479 -0.009394749243577678 -1.3980175294714319 -0.26329176839569185 -1.0469328810781799 0.13094727885710356 -0.31796391000883401 1.6216438658322494 -0.098993325042770836 0.61064318577637799 0.31172909232795232 -0.70298043901736884 -0.23043376860205497 1.2416445619133176 0.54214391950437057 -1.3332123996560372 -1.2764409463799182 -1.9260950655503046 1.1961960121033746 0.85153770382261906 3.2363060442289284 1.0913060442289286
leaf_weight=250 25 43 58 38 35 36 28 31 30 22 61 21 21 22 26 57 20 26 35 46 20 22 30 33 48 20 52 36 199 20
leaf_count=250 25 43 58 38 35 36 28 31 30 22 61 21 21 22 26 57 20 26 35 46 20 22 30 33 48 20 52 36 199 20
internal_value=-0.000106232 -0.0160821 0.0209852 -0.00510264 0.0077027 -0.0086194 0.0152711 -0.0241164 -0.00607759 0.0178467 -0.0159292 -0.00173077 -0.00830769 0.00293478 0.00760563 0.0194048 0.0158491 0.00914634 0.0140323 -0.0148052 -0.0208537 0.0146667 0.00305085 -0.0266761 -0.0208537 -0.0283395 0.0226923 0.0252128 0.0277338 0.0235443
internal_weight=1411 803 608 340 73 267 331 463 231 273 112 155 64 91 70 251 158 81 61 76 81 44 58 351 81 270 77 93 277 78
internal_count=1411 803 608 340 73 267 331 463 231 273 112 155 64 91 70 251 158 81 61 76 81 44 58 351 81 270 77 93 277 78
is_linear=0
shrinkage=0.03


Tree=19
num_leaves=31
num_cat=0
split_feature=9 0 9 9 0 22 22 18 23 28 9 5 11 11 10 3 23 20 9 11 28 5 16 10 3 0 18 3 10 15
split_gain=475.4 79.1218 27.6608 13.2534 12.6537 9.85686 8.65117 8.17827 8.02761 6.52788 6.16205 5.6819 9.10406 5.53617 5.08074 5.70645 7.13499 5.29189 4.66736 4.23916 4.3856 3.55973 3.25758 2.89415 2.73958 2.61905 2.25874 2.20637 2.14513 2.90384
threshold=114.21500000000002 207.50000000000003 181.70500000000001 71.200000000000017 337.50000000000006 1.0000000180025095e-35 0.25000000000000006 18.050000000000004 11.750000000000002 0.98049069993378934 89.435000000000016 309.50000000000006 23.500000000000004 49.500000000000007 309.86500000000007 308.50000000000006 11.950000000000001 14.050000000000002 135.26000000000002 111.50000000000001 0.93237596376505805 223.50000000000003 93.500000000000014 178.49000000000004 187.50000000000003 265.50000000000006 17.450000000000003 240.50000000000003 351.49000000000007 174.50000000000003
decision_type=2 2 2 2 2 2 2 2 2 2 2 10 2 2 10 10 2 2 2 2 2 10 10 10 10 2 2 10 10 10
left_child=1 3 5 21 6 9 7 11 -5 14 27 12 25 24 15 16 -2 -17 -7 20 -14 -1 -23 -10 -8 -3 -16 -9 29 -4
right_child=2 4 28 8 -6 18 13 10 23 -11 -12 -13 19 -15 26 17 -18 -19 -20 -21 -22 22 -24 -25 -26 -27 -28 -29 -30 -31
leaf_value=-2.6825431535668525 1.166649724810455 -0.029385743581260611 1.1582352950229218 0.090164428428937238 0.71675957363071285 -0.14364420681745002 -0.96802714736386186 -0.38148842268442362 -1.1761221443106689 -0.0091129067662697582 -0.053789146519849847 0.62202051098018551 -1.2349546314987596 -0.11773178406221689 1.2848661322397681 0.61193900099886545 -0.020305236964144342 0.81155897863167348 0.75597107774881578 -0.031542037020940369 -0.41877509584607991 -0.76428214589600862 -1.3102581737979195 -0.48759605369043679 -1.364483755153413 0.55271863737028126 0.90760132813802008 -0.95212680219428492 3.2520364104775616 1.2979619460972285
leaf_weight=269 24 20 32 20 29 22 20 20 31 20 35 39 20 35 70 53 36 36 38 34 20 22 52 30 56 21 24 22 184 38
leaf_count=269 24 20 32 20 29 22 20 20 31 20 35 39 20 35 70 53 36 36 38 34 20 22 52 30 56 21 24 22 184 38
internal_value=-0.000830299 -0.0158668 0.0198789 -0.0247059 -0.00572581 0.0139815 -0.00734694 -0.00400862 -0.0135366 0.0164773 -0.0119231 0 -0.00336207 -0.0141964 0.0178279 0.0142 0.00688525 0.019 0.00295082 -0.0096 -0.0160976 -0.0272965 -0.0208 -0.018871 -0.0187013 0.00785714 0.0233684 -0.0195349 0.0272941 0.0219718
internal_weight=1372 795 577 424 371 323 342 231 81 263 77 154 115 111 243 149 60 89 60 74 40 343 74 61 76 41 94 42 254 70
internal_count=1372 795 577 424 371 323 342 231 81 263 77 154 115 111 243 149 60 89 60 74 40 343 74 61 76 41 94 42 254 70
is_linear=0
shrinkage=0.03


Tree=20
num_leaves=31
num_cat=0
split_feature=9 0 9 19 9 8 18 22 0 2 23 5 18 23 17 6 12 18 10 6 23 10 27 8 10 10 5 11 14 10
split_gain=507.612 71.7194 23.0802 18.0327 16.2872 15.7151 16.1729 11.9668 10.5597 8.27923 7.27579 6.56924 5.99692 5.26817 5.16196 5.00973 4.29498 3.5937 3.51775 4.04205 3.06364 2.60783 2.50858 2.429 1.89794 1.92641 1.80455 1.49949 1.40464 1.01796
threshold=114.21500000000002 217.50000000000003 181.70500000000001 -0.55191596924288666 71.200000000000017 213.28571428571431 17.650000000000002 1.0000000180025095e-35 266.50000000000006 295.50000000000006 19.250000000000004 194.50000000000003 12.950000000000001 15.65 300.81500000000176 305.50000000000006 51.500000000000007 18.250000000000004 351.49000000000007 382.50000000000006 16.050000000000004 184.99500000000003 0.15000000000000005 190.1428571428572 212.38500000000002 275.90000000000003 223.50000000000003 34.500000000000007 13.500000000000002 228.95500000000001
decision_type=2 2 2 2 2 10 2 2 2 10 2 8 2 2 10 10 10 2 10 8 2 10 2 10 10 10 10 2 10 10
left_child=1 4 7 15 21 23 8 9 14 12 -8 27 -2 -13 -7 20 -14 29 19 -4 -3 26 -9 -5 -10 -26 -1 -6 -28 -11
right_child=2 3 18 5 11 6 10 22 24 17 -12 13 16 -15 -16 -17 -18 -19 -20 -21 -22 -23 -24 -25 25 -27 28 -29 -30 -31
leaf_value=-2.542066858959847 0.85298134461755204 -1.0450295173666111 1.3130135996550985 -0.11244239288810945 -0.72894094667803799 -0.56952269249554688 0.041767249750314192 0.40603889360835183 0.49451709890377088 0.59358083096889969 -0.67440277704528651 0.043485816573992225 -0.015756484429615511 -1.1004955958803135 0.18882386325461425 -0.37821144550141328 0.56029740555324958 0.58082683815172831 3.1016557705877346 0.94462800451914342 -1.1531559939570848 -1.369382301104751 -0.10891002471958358 -1.3422081066998099 1.0875974401400084 1.6494260793408573 -1.4136500005910435 -1.4427693725378417 -1.2059885980426757 1.4473024583044984
leaf_weight=254 36 36 49 22 20 20 32 28 22 29 24 32 30 30 37 30 25 34 199 25 26 37 26 25 21 20 20 26 44 120
leaf_count=254 36 36 49 22 20 20 32 28 22 29 24 32 30 30 37 30 25 34 199 25 26 37 26 25 21 20 20 26 44 120
internal_value=-0.000108696 -0.0160976 0.0205814 -0.00503165 -0.0235991 -0.000401786 0.00372881 0.0151368 0.00991736 0.0176727 -0.00947368 -0.013211 0.0101087 -0.00666667 0.000517241 -0.016129 0.00375 0.0213587 0.0270438 0.0208 -0.0209524 -0.0267135 0.00218182 -0.015625 0.0182812 0.0221429 -0.0276489 -0.0217021 -0.0221538 0.0234
internal_weight=1379 778 601 315 463 223 176 328 120 274 56 108 91 62 57 92 55 183 273 74 62 355 54 47 63 41 318 46 64 149
internal_count=1379 778 601 315 463 223 176 328 120 274 56 108 91 62 57 92 55 183 273 74 62 355 54 47 63 41 318 46 64 149
is_linear=0
shrinkage=0.03


Tree=21
num_leaves=31
num_cat=0
split_feature=0 10 0 22 9 29 26 2 23 23 17 19 13 10 9 23 4 3 28 23 20 26 1 12 9 7 4 0 24 17
split_gain=481.821 49.4825 45.7672 25.0472 14.9077 12.2579 11.9002 9.69589 9.56911 6.25611 6.12741 7.33509 7.3923 5.97645 5.76012 5.06256 6.31496 4.0463 6.36757 3.81517 4.29165 10.1287 4.47704 3.7619 3.47618 2.30721 2.15705 1.68203 1.9711 5.20859
threshold=269.50000000000006 301.00000000000006 183.50000000000003 1.0000000180025095e-35 108.03500000000001 0.063390085881955341 38.150000000000013 277.50000000000006 18.450000000000003 15.750000000000002 715.92000000000235 -0.84335933205092484 308.00000000000006 239.05500000000004 74.115000000000023 16.550000000000004 192.50000000000003 233.50000000000003 0.26037272046371446 10.450000000000001 10.850000000000003 31.350000000000005 307.50000000000006 43.500000000000007 125.40000000000002 218.16666666666671 244.50000000000003 134.50000000000003 0.64942331933852337 123.28999999999999
decision_type=2 10 2 2 2 2 2 10 2 2 10 2 8 10 2 2 10 10 2 2 2 2 10 10 2 10 10 2 2 10
left_child=2 3 14 8 10 6 -3 -5 19 -9 15 -12 13 -13 27 16 -4 -18 -19 -2 -21 -22 -23 -6 -8 -17 -27 -1 -29 -30
right_child=1 5 4 7 23 -7 24 9 -10 -11 11 12 -14 -15 -16 25 17 18 -20 20 21 22 -24 -25 -26 26 -28 28 29 -31
leaf_value=-2.885804853191051 1.122912293767061 -0.025689447030437122 -0.99613376102002549 -1.3529712151282796 -0.0048132186556935604 2.0304809639157995 1.0325167341409718 0.44253892403080131 -0.056633557401530081 -0.30002784103400643 -0.99689839363885291 0.22426658725460327 -0.42091829067236658 -0.080593232109332294 -1.0428544729111806 -1.3641523488600673 -0.052721306363603157 -1.4155838050205671 -0.11516477124925302 0.59740884261863925 -0.064491522171693696 0.3165904859614645 0.9330990926205277 0.36194658741841745 2.3013722027315491 -1.3055465755955638 -1.0248779142460551 -1.5658048531910511 -0.67451767627820547 -1.0728816659061247
leaf_weight=183 53 22 35 21 20 317 21 30 37 32 22 23 24 22 34 28 38 20 33 46 36 24 29 21 42 23 25 67 21 36
leaf_count=183 53 22 35 21 20 317 21 30 37 32 22 23 24 22 34 28 38 20 33 46 36 24 29 21 42 23 25 67 21 36
internal_value=-0.000194805 0.0170464 -0.0183284 0.00796117 -0.0103881 0.0239702 0.0136047 -0.00607143 0.0131416 0 -0.0127551 -0.00619565 -0.00128571 0.00586957 -0.0260526 -0.015665 -0.011811 -0.0075 -0.0127778 0.015873 0.0130147 0.009 0.0172222 0.00642857 0.0201563 -0.0218182 -0.0171429 -0.0273701 -0.024 -0.0191379
internal_weight=1385 710 675 308 334 402 85 83 225 62 293 91 69 45 341 202 126 91 53 188 135 89 53 41 63 76 48 307 124 57
internal_count=1385 710 675 308 334 402 85 83 225 62 293 91 69 45 341 202 126 91 53 188 135 89 53 41 63 76 48 307 124 57
is_linear=0
shrinkage=0.03


Tree=22
num_leaves=31
num_cat=0
split_feature=9 0 0 0 20 19 17 18 6 21 7 23 22 23 26 19 24 21 9 19 18 26 23 23 21 3 24 12 5 13
split_gain=444.551 69.8672 25.3903 19.7996 15.9214 15.1977 15.1246 13.3645 11.6712 10.7469 9.34557 9.31233 9.24903 6.32251 5.83755 5.80972 11.4298 5.65816 5.31655 5.17695 4.60045 5.13808 3.58135 3.34837 4.32413 3.2885 3.24433 3.11039 2.97721 2.9211
threshold=114.21500000000002 183.50000000000003 358.50000000000006 273.50000000000006 14.950000000000001 -0.4067366430758001 4147.8600000000033 10.950000000000001 288.50000000000006 29.850000000000005 320.83333333333343 15.15 0.25000000000000006 14.550000000000002 36.350000000000001 0.62249093318774806 0.50751903745502724 32.95000000000001 74.115000000000023 0.71322329076259949 13.15 26.750000000000004 19.750000000000004 11.450000000000001 20.850000000000005 308.50000000000006 0.9681107762825325 44.500000000000007 274.50000000000006 6.5000000000000009
decision_type=2 2 2 2 2 2 10 2 10 2 10 2 2 2 2 2 2 2 2 2 2 2 2 2 2 10 2 10 10 10
left_child=1 18 4 7 12 -5 14 17 15 -7 -8 -11 23 -10 19 -9 -17 -3 26 -6 -4 -22 -15 -2 -25 -26 -1 29 -23 -18
right_child=2 3 20 5 6 9 10 8 13 11 -12 -13 -14 22 -16 16 27 -19 -20 -21 21 28 -24 24 25 -27 -28 -29 -30 -31
leaf_value=-2.3792307075953198 1.0892249249540491 -0.54303121856140624 2.4973641277084297 -0.53926795390257443 0.17431667542004731 -0.3764325895036103 0.91935342412894094 -1.2260894653015701 0.24369725648167445 1.1512666390094832 0.034616128298083595 0.61214314640410461 0.012126350156582645 -0.72141359033046648 0.49768473442230682 0.13029348109147576 -0.90562646398972813 0.29676808693126699 -1.0506053476396988 -0.83701554031113168 0.76965960136230194 1.8877470215306533 0.013735730729175088 0.58417608403143895 0.32081073807487709 0.62570092638688657 -1.1517083852733285 -0.19132733628306367 2.4405264719768227 -1.2002825976164637
leaf_weight=269 67 27 200 32 20 21 31 80 31 34 21 40 20 35 26 21 21 21 27 22 34 20 20 34 22 31 32 37 46 34
leaf_count=269 67 27 200 32 20 21 31 80 31 34 21 40 20 35 26 21 21 21 27 22 34 20 20 34 22 31 32 37 46 34
internal_value=0.000217865 -0.014636 0.0197647 -0.00698901 0.0134237 0.00304688 0.00495868 -0.0108841 -0.0133929 0.0090625 0.0169811 0.0144 0.0192 -0.00413793 -0.00434783 -0.0174742 -0.0128947 0.00367347 -0.0251672 -0.0111628 0.0259136 0.020198 -0.0101786 0.0216774 0.0173864 0.0116667 -0.0263245 -0.0174194 0.0250746 -0.0219643
internal_weight=1376 782 594 454 294 127 120 327 279 95 52 74 174 86 68 193 113 48 328 42 300 100 55 154 87 53 301 92 66 55
internal_count=1376 782 594 454 294 127 120 327 279 95 52 74 174 86 68 193 113 48 328 42 300 100 55 154 87 53 301 92 66 55
is_linear=0
shrinkage=0.03


Tree=23
num_leaves=31
num_cat=0
split_feature=9 10 0 18 5 0 4 18 19 6 10 23 20 9 18 13 7 14 7 5 20 10 4 8 14 6 24 20 5 3
split_gain=451.858 56.2045 45.3295 19.2766 16.0921 14.8939 11.4237 11.3953 10.3209 8.58834 8.5485 8.71398 8.79699 8.34529 8.07831 7.66189 6.83789 5.79729 5.73108 5.66344 5.01037 4.9993 4.86415 4.05492 3.82134 4.62035 2.99645 2.73619 2.03446 1.83904
threshold=96.360000000000014 311.74500000000006 161.50000000000003 12.850000000000003 199.50000000000003 277.50000000000006 210.50000000000003 9.7500000000000018 0.76037701167087512 220.50000000000003 201.90000000000001 13.050000000000002 21.450000000000003 130.66000000000003 14.450000000000001 175.50000000000003 382.66666666666669 5.5000000000000009 323.50000000000006 330.50000000000006 12.750000000000002 216.27500000000003 262.50000000000006 226.50000000000003 51.500000000000007 333.50000000000006 0.97625883275952063 18.050000000000004 223.50000000000003 320.50000000000006
decision_type=2 10 2 2 8 2 10 2 2 10 10 2 2 2 2 10 10 10 10 10 2 10 10 10 10 10 2 2 10 10
left_child=2 3 26 6 -5 7 -2 -4 -7 -6 11 12 -9 15 -3 24 18 -12 -16 -15 -21 -8 23 -19 25 -11 28 -23 -1 -13
right_child=1 14 5 4 9 8 21 10 -10 13 17 29 -14 19 16 -17 -18 22 -20 20 -22 27 -24 -25 -26 -27 -28 -29 -30 -31
leaf_value=-2.5178537863674602 -0.010638598557805494 1.9889104635714148 0.014010978031859621 -0.69925881349024788 0.49395551405817401 -0.32891148663086878 0.30781025584464938 0.033097038391725279 0.72271251720052077 0.1970911226606421 0.48001576647039484 -1.3010599069235556 -1.196852594571099 0.93468458274062982 1.6722337806301897 0.59775637386820224 2.1094719981724901 -0.37559994846343459 -0.10563812977032341 0.46504877194823618 -0.17096653533132042 0.92319231477356478 -0.81023953242762714 0.030597997196050528 -0.32232285944840922 -0.11601668677331843 -1.250042611500086 1.0569580792687565 -1.6188522071062266 -1.2254351636133227
leaf_weight=218 29 264 33 26 20 25 33 30 37 22 20 117 37 33 35 20 52 26 25 29 24 59 34 21 20 20 22 24 32 25
leaf_count=218 29 264 33 26 20 25 33 30 37 22 20 117 37 33 35 20 52 26 25 29 24 59 34 21 20 20 22 24 32 25
internal_value=-0.000339703 0.0159375 -0.0180088 0.00741667 0.00167442 -0.011601 0.0158219 -0.0140407 0.00190476 0.0047619 -0.0158199 -0.0192857 -0.0101471 0.00248521 0.0240318 -0.00433735 0.0169912 -0.00852941 0.00983607 0.00896552 0.00277778 0.02 -0.0120732 -0.005625 -0.00952381 -0.00418605 -0.0274725 0.0239286 -0.0284462 -0.0234965
internal_weight=1412 735 677 359 214 405 145 343 62 188 310 209 67 168 376 82 112 101 60 86 53 116 81 47 62 42 272 83 250 142
internal_count=1412 735 677 359 214 405 145 343 62 188 310 209 67 168 376 82 112 101 60 86 53 116 81 47 62 42 272 83 250 142
is_linear=0
shrinkage=0.03


Tree=24
num_leaves=31
num_cat=0
split_feature=9 9 7 5 10 0 23 9 27 24 9 4 16 6 29 22 15 19 19 28 0 0 19 24 7 24 1 9 28 1
split_gain=404.088 79.9723 29.2277 23.233 13.5424 13.4447 11.8279 8.55149 8.29384 7.56569 7.18369 8.11997 5.94686 5.53321 5.42293 5.58592 6.8823 7.39877 5.50815 5.00851 4.09717 4.3499 4.0386 5.93838 5.14789 3.57075 4.59875 3.28205 3.03719 2.82684
threshold=84.445000000000007 162.94500000000002 137.16666666666671 217.50000000000003 265.47500000000008 261.50000000000006 10.850000000000003 121.67500000000003 0.15000000000000005 0.66259481767468265 188.22000000000003 377.50000000000006 3975.5000000000005 163.50000000000003 -0.8142754349318998 4.5500000000000007 37.500000000000007 0.71322329076259949 -0.82409480842201666 0.51297097409535064 354.50000000000006 317.50000000000006 -0.46173103126271881 0.80382625221112025 317.83333333333343 -0.078456108245891901 177.50000000000003 127.05500000000002 0.69676570133721638 192.50000000000003
decision_type=2 2 10 8 10 2 2 2 2 2 2 8 8 10 2 2 10 2 2 2 2 2 2 2 10 2 10 2 2 10
left_child=2 3 -1 7 6 14 19 13 20 -7 11 -3 22 -2 25 16 29 18 -18 -5 21 27 -8 -24 28 -4 -27 -6 -25 -16
right_child=1 10 5 4 8 9 12 -9 -10 -11 -12 -13 -14 -15 15 -17 17 -19 -20 -21 -22 -23 23 24 -26 26 -28 -29 -30 -31
leaf_value=-2.7123181727764365 -0.11605927117367429 0.93989325715249883 -1.2194568646484518 0.14184853480088463 0.62512992174206006 -0.50019298974017468 -0.44008103744965921 0.43578231430560632 0.029680057280169762 0.44071172686168325 2.2320678660848694 0.34303067381033087 0.86764118145459712 -0.7187548761827236 -0.73344931966127846 -1.7912666093478429 -0.80600243346512024 -0.97832860880374284 0.043513175511489803 0.79213974965347 2.1464739622859028 0.29369181803400779 0.80816551794171687 0.37819008591571329 -0.26835806597085421 -0.18914875454444541 -1.1260601245288255 0.89476070761920734 -0.04621901117666425 0.091683300965479761
leaf_weight=189 26 75 80 22 38 26 31 26 31 33 239 27 20 43 20 31 25 70 22 27 46 28 20 32 22 21 28 26 30 21
leaf_count=189 26 75 80 22 38 26 31 26 31 33 239 27 20 43 20 31 25 70 22 27 46 28 20 32 22 21 28 26 30 21
internal_value=-0.000152616 0.0134444 -0.0195767 0.00537313 0.00874332 -0.0146825 0.0035122 -0.0078125 0.015 -0.0015 0.0244737 0.0174757 -0.000576923 -0.0132857 -0.017116 -0.0137368 -0.0113208 -0.015 -0.005625 0.0162 0.0181295 0.0141935 -0.00286765 0 -0.00352941 -0.0219231 -0.015 0.0184615 0.000952381 -0.000714286
internal_weight=1375 809 566 468 373 377 204 95 169 59 341 102 155 69 318 189 158 117 47 49 138 92 135 104 84 129 49 64 62 41
internal_count=1375 809 566 468 373 377 204 95 169 59 341 102 155 69 318 189 158 117 47 49 138 92 135 104 84 129 49 64 62 41
is_linear=0
shrinkage=0.03


Tree=25
num_leaves=31
num_cat=0
split_feature=9 0 9 10 18 18 22 23 6 5 6 0 19 0 24 25 4 11 0 5 16 18 16 14 13 1 29 25 23 10
split_gain=410.396 73.0119 28.64 21.2401 14.0334 13.673 13.5416 9.84456 9.05882 7.94122 14.5901 7.77782 9.65965 7.70161 7.60992 8.18352 7.23014 6.08426 6.91686 6.075 5.48616 5.34522 7.81438 5.65614 7.58507 4.21309 4.01133 3.72868 3.19464 2.89103
threshold=114.21500000000002 161.50000000000003 188.22000000000003 194.59500000000006 11.350000000000003 10.950000000000001 2.0500000000000003 11.450000000000001 183.50000000000003 289.50000000000006 289.50000000000006 302.50000000000006 -0.87878364999916125 377.50000000000006 0.95368063612909459 22.350000000000005 193.50000000000003 80.500000000000014 240.50000000000003 345.50000000000006 349.50000000000006 12.950000000000001 1396.0000000000002 51.500000000000007 22.500000000000004 177.50000000000003 0.50370931781787065 19.750000000000004 15.15 359.34500000000008
decision_type=2 2 2 10 2 2 2 2 10 10 10 2 2 2 2 2 10 2 2 10 10 2 8 10 10 10 2 2 2 10
left_child=1 25 6 5 -5 8 7 -2 -3 27 -11 12 -6 21 16 -16 -14 18 -18 -12 -13 26 23 24 -23 -1 -9 28 -7 -4
right_child=2 3 29 4 11 9 -8 13 -10 10 19 20 14 -15 15 -17 17 -19 -20 -21 -22 22 -24 -25 -26 -27 -28 -29 -30 -31
leaf_value=-2.3609486275931433 0.87495918589812272 -1.0897385404747848 1.0961413948316867 0.6438265282629666 -0.75555045698309442 -0.57385746874420429 -0.12163050903570934 0.13659018254015506 0.24387589128844153 -1.1878620012075864 0.42077502053502941 -0.18526343621041833 -0.27932582376381732 2.04617514624664 -0.95579044148852343 -0.089309258314371781 0.0069609552661134442 -0.059570322109428843 0.75091091717144587 -0.2977316815691381 0.59342230544488017 -0.13268896682472928 0.58465462532632895 -0.14962353004258544 0.41684908936991122 -0.87332976547330399 0.55174173407415539 -1.2958391960714264 -1.4537867071312736 2.8914324646497218
leaf_weight=233 97 21 69 30 28 22 21 22 33 22 23 22 39 48 23 31 25 25 23 29 31 20 36 31 32 36 38 88 28 175
leaf_count=233 97 21 69 30 28 22 21 22 33 22 23 22 39 48 23 31 25 25 23 29 31 20 36 31 32 36 38 88 28 175
internal_value=2.1398e-05 -0.0138007 0.0190678 -0.00744485 -0.00161871 -0.0134831 0.0134393 0.0149538 0 -0.0169014 -0.0088 -0.00399194 -0.00676923 0.0114474 -0.0039521 -0.0130909 0.000530973 0.00608108 0.0122449 0 0.00611111 0.0085 0.00475 -0.000357143 0.00566038 -0.0265556 0.0157377 -0.0211511 -0.0141176 0.0269388
internal_weight=1401 812 589 543 277 266 345 324 54 212 74 247 194 227 166 54 112 73 48 52 53 179 119 83 52 269 60 138 50 244
internal_count=1401 812 589 543 277 266 345 324 54 212 74 247 194 227 166 54 112 73 48 52 53 179 119 83 52 269 60 138 50 244
is_linear=0
shrinkage=0.03


Tree=26
num_leaves=31
num_cat=0
split_feature=9 2 9 8 27 18 24 16 19 2 9 29 6 20 2 11 28 8 8 3 18 2 12 2 12 14 4 22 6 24
split_gain=405.742 72.2995 27.6627 17.5788 16.2449 12.3099 11.6726 12.3023 10.3745 10.7089 9.6948 9.54865 8.6684 7.83821 9.54673 7.60417 7.43881 7.07865 11.0118 4.97778 4.14338 5.50104 3.02976 2.89962 3.15629 2.69048 2.56 2.47135 2.18438 1.76976
threshold=114.21500000000002 179.50000000000003 188.22000000000003 263.78571428571433 1.0000000180025095e-35 13.750000000000002 0.008726203218641598 325.00000000000006 -0.82409480842201666 223.50000000000003 68.675000000000011 0.2499757677084001 314.50000000000006 21.250000000000004 417.50000000000006 32.500000000000007 0.87397152483179585 225.42857142857147 245.42857142857147 187.50000000000003 16.150000000000002 333.50000000000006 55.500000000000007 265.50000000000006 21.500000000000004 54.500000000000007 322.50000000000006 1.0000000180025095e-35 171.50000000000003 0.95368063612909459
decision_type=2 10 2 8 2 2 2 10 2 10 2 2 10 2 10 2 2 10 10 10 2 10 10 10 10 10 10 2 10 2
left_child=1 10 4 8 13 11 25 26 27 15 -1 -5 -6 14 16 19 20 -11 -19 -10 23 -22 28 -2 -25 -7 -8 -3 -12 -9
right_child=2 3 -4 5 12 6 7 29 9 17 22 -13 -14 -15 -16 -17 -18 18 -20 -21 21 -23 -24 24 -26 -27 -28 -29 -30 -31
leaf_value=-2.2772860219795579 0.34841837756897603 -0.85365419739448656 2.1646683714491726 0.99825111062014682 -0.19800302668976372 -0.40966288226384279 -0.65315037227822814 1.1503109118185626 0.28881816519493025 -1.1187924134697953 -0.47350640643727288 -0.010693539185866142 0.58377332290185047 1.4104660671421856 1.253477894634218 -0.16960294693085642 -0.030798314568921795 0.057779877780949389 -0.50189518514123344 -0.12276212382213401 0.39330793149476162 -0.045252539872338668 -0.97687656437406001 0.19925993557487459 0.78238941458867484 -0.53451828777061416 -0.33119803446925999 -1.0630715059042677 -0.48257316407960144 0.38096794239758081
leaf_weight=256 20 24 232 31 32 23 24 21 20 55 20 20 27 53 33 35 25 31 32 24 25 20 22 22 89 32 20 49 28 22
leaf_count=256 20 24 232 31 32 23 24 21 20 55 20 20 27 53 33 35 25 31 32 24 25 20 22 22 89 32 20 49 28 22
internal_value=0.000197368 -0.0137848 0.0192746 -0.00614224 0.0138329 0.000773196 -0.00377622 0.00306818 -0.0110701 -0.00742424 -0.0245872 0.0132692 -0.0005 0.0167708 0.0142979 0.001125 0.0117327 -0.0131092 -0.00609375 0.00933333 0.0138983 0.00586957 -0.0143662 0.0165909 0.0184821 -0.0144643 -0.008 -0.0206757 -0.00979592 0.0143182
internal_weight=1367 789 578 463 346 193 142 87 270 197 326 51 59 287 234 79 201 118 63 44 176 45 70 131 111 55 44 73 48 43
internal_count=1367 789 578 463 346 193 142 87 270 197 326 51 59 287 234 79 201 118 63 44 176 45 70 131 111 55 44 73 48 43
is_linear=0
shrinkage=0.03


Tree=27
num_leaves=31
num_cat=0
split_feature=0 10 8 18 18 10 12 25 23 4 10 5 25 18 19 4 10 10 5 24 18 12 0 1 20 19 2 28 8 23
split_gain=372.18 54.2221 51.0113 21.8817 21.8368 17.1755 14.0825 13.6449 14.1422 12.6347 11.5746 7.43322 7.29727 7.22006 6.31295 5.98753 5.2087 5.14208 4.81947 4.20737 3.87916 5.4358 3.77702 3.69228 6.04906 4.0625 3.34091 4.02327 2.92618 2.38005
threshold=273.50000000000006 338.94000000000005 146.78571428571431 16.950000000000003 11.050000000000002 203.00000000000003 8.5000000000000018 19.750000000000004 15.750000000000002 228.50000000000003 235.24500000000003 213.50000000000003 11.65 18.650000000000002 -0.87878364999916125 315.50000000000006 282.10500000000008 214.58500000000001 330.50000000000006 0.38266886095259278 12.950000000000001 52.500000000000007 342.50000000000006 217.50000000000003 22.350000000000005 0.9482875459472353 202.50000000000003 0.9193901325473397 254.21428571428575 18.250000000000004
decision_type=2 10 8 2 2 10 10 2 2 10 10 10 2 2 2 10 10 10 10 2 2 10 2 10 2 2 10 2 10 2
left_child=2 3 -1 9 6 7 -4 8 26 19 17 -8 -5 -14 -7 -9 -15 18 -11 -2 -12 -22 -3 25 -25 -16 -6 -28 -10 -26
right_child=1 22 4 12 5 14 11 15 28 10 20 -13 13 16 23 -17 -18 -19 -20 -21 21 -23 -24 24 29 -27 27 -29 -30 -31
leaf_value=-2.5818015881059626 -0.85852505214721986 0.74441913828942063 -0.55554257740143675 0.4729733803198084 -0.67894319442258022 -0.92406850815555375 0.080173733325190996 -1.0668171160506172 -1.2492262658690578 0.4895287177833188 1.0524275120420776 0.60359514801751968 -0.43523629671529335 -0.16906677245084209 0.097697858021148248 -0.5157988399035236 0.13741725331086058 -0.11162546743931046 0.050567407725573617 0.28722107292696364 0.1076840604257589 0.75329268649482062 2.1168026464702252 0.036512852613775661 -0.69624634848123967 -0.33407097324335039 0.19300748667362483 -0.48811460362643344 -0.98207735664734952 -0.19064604535946444
leaf_weight=197 20 27 40 24 21 20 20 150 30 28 100 20 22 38 27 22 36 21 22 28 24 40 254 32 21 20 20 23 20 23
leaf_count=197 20 27 40 24 21 20 20 150 30 28 100 20 22 38 27 22 36 21 22 28 24 40 254 32 21 20 20 23 20 23
internal_value=-0.000431344 0.0153285 -0.0157001 0.00824257 -0.0106471 -0.0133256 0.0037037 -0.017561 -0.0093913 0.0127817 0.0156356 0.0160976 -0.00247934 -0.00618557 -0.00479167 -0.0228902 -0.0016 0.00541667 0.0105882 -0.00122449 0.02 0.0138462 0.0254255 -0.00217742 -0.00623377 0.004375 0 0.00477273 -0.0211765 -0.0133333
internal_weight=1390 684 706 403 509 429 80 286 114 283 235 40 120 96 143 172 74 71 50 48 164 64 281 123 76 47 64 43 50 44
internal_count=1390 684 706 403 509 429 80 286 114 283 235 40 120 96 143 172 74 71 50 48 164 64 281 123 76 47 64 43 50 44
is_linear=0
shrinkage=0.03


Tree=28
num_leaves=31
num_cat=0
split_feature=9 0 9 10 22 19 8 18 12 23 20 20 16 6 18 3 12 12 0 2 18 25 13 14 6 8 0 10 8 15
split_gain=386.929 69.3204 28.1946 15.9576 11.5378 11.3642 10.3549 8.9469 8.63095 8.3866 8.27589 7.95619 9.10444 7.22668 6.91634 7.59659 6.51447 8.69565 6.4629 6.04281 6.38049 5.00851 4.85725 4.84917 4.57576 4.34985 4.30976 3.69872 3.54217 2.8649
threshold=114.21500000000002 161.50000000000003 191.85000000000002 186.05000000000004 1.0000000180025095e-35 -0.87878364999916125 305.21428571428578 17.150000000000002 74.500000000000014 15.450000000000001 22.050000000000004 21.250000000000004 143.50000000000003 191.50000000000003 19.850000000000005 291.50000000000006 55.500000000000007 18.500000000000004 230.50000000000003 257.50000000000006 11.050000000000002 22.850000000000005 10.500000000000002 55.500000000000007 263.50000000000006 334.9285714285715 312.50000000000006 359.34500000000008 372.9285714285715 212.50000000000003
decision_type=2 2 2 10 2 2 8 2 10 2 2 2 10 10 2 10 10 10 2 10 2 2 10 10 10 8 2 10 10 10
left_child=1 10 4 9 6 24 8 -8 26 11 -1 12 -3 22 15 16 17 -15 -11 20 -13 -17 -7 -9 -5 -6 -2 28 -4 -16
right_child=2 3 27 5 25 13 7 23 -10 18 -12 19 -14 14 29 21 -18 -19 -20 -21 -22 -23 -24 -25 -26 -27 -28 -29 -30 -31
leaf_value=-0.81185298160487407 0.12478539385753946 0.35045488974930106 1.0643110537127081 -0.97682322754423834 0.54409975992932824 0.071943615131030467 0.90769882031410587 0.86097430443866185 0.62040802339767598 -1.2501238501908865 -2.2141829138682825 -0.69086740561266791 -0.47494395996394928 -0.097887842183141199 -0.36239698818487964 0.47278069324271627 -0.1151511421271772 0.30670947725063002 -0.32628774409390132 0.0064424486060242715 -0.98389043991595693 1.2912561101046309 -0.53517065851593659 -0.038838089036522659 -0.3460349215526311 -0.22505265177993861 -0.27115978064789459 2.7109542903546138 0.74446427733882814 0.0050599797122856671
leaf_weight=32 32 24 46 21 34 22 151 25 41 64 239 25 35 22 23 22 36 26 30 22 42 27 37 25 20 29 26 175 20 21
leaf_count=32 32 24 46 21 34 22 151 25 41 64 239 25 35 22 23 22 36 26 30 22 42 27 37 25 20 29 26 175 20 21
internal_value=0.000387097 -0.013426 0.0184463 -0.00698077 0.0131044 -0.00205036 0.0155482 0.0194554 0.0075 -0.0125926 -0.0256985 -0.00805369 0.0005 0.000506329 0.00353933 0.0069403 0.00141176 0.00857143 -0.0195789 -0.0136667 -0.0180882 0.0162 -0.0085 0.00823529 -0.0164286 0.00140625 0 0.026405 0.0197015 -0.00666667
internal_weight=1394 790 604 519 363 277 300 201 99 242 271 148 59 236 177 133 84 48 94 89 67 49 59 50 41 63 58 241 66 44
internal_count=1394 790 604 519 363 277 300 201 99 242 271 148 59 236 177 133 84 48 94 89 67 49 59 50 41 63 58 241 66 44
is_linear=0
shrinkage=0.03


Tree=29
num_leaves=31
num_cat=0
split_feature=9 8 9 10 22 23 27 18 23 10 23 4 8 23 17 29 28 24 18 16 16 10 4 9 10 8 10 5 3 2
split_gain=357.405 64.62 38.2684 24.6497 23.5147 14.5074 16.3581 10.9816 9.86536 10.2688 7.66934 6.93011 6.87509 10.4246 6.48675 6.48479 6.36454 6.34474 6.16386 6.10171 7.75587 5.78084 5.50102 5.41439 5.09968 4.82485 4.73633 4.57143 4.20138 3.81485
threshold=114.21500000000002 146.78571428571431 191.85000000000002 186.80500000000004 1.0000000180025095e-35 15.450000000000001 0.65000000000000002 10.750000000000002 11.450000000000001 283.03500000000003 18.050000000000004 199.50000000000003 263.78571428571433 15.15 517.54000000000235 0.79773375822167203 0.84773968378660736 0.59480013772226059 11.350000000000003 1160.5000000000002 278.00000000000006 265.47500000000008 265.50000000000006 92.605000000000018 237.54500000000004 226.50000000000003 234.66000000000003 358.50000000000006 333.50000000000006 332.50000000000006
decision_type=2 8 2 10 2 2 2 2 2 10 2 8 10 2 10 2 2 2 2 8 10 10 10 2 10 10 10 8 10 10
left_child=1 -1 4 5 8 6 11 -5 26 19 12 -3 13 17 -14 29 18 -9 -13 20 -10 -16 25 -24 -15 -12 -2 -6 -7 -11
right_child=2 3 -4 7 27 28 -8 10 9 15 22 16 14 24 21 -17 -18 -19 -20 -21 -22 -23 23 -25 -26 -27 -28 -29 -30 -31
leaf_value=-2.3779220530467344 0.30832118194286778 -0.82100283224632586 2.1122629352192241 0.64416333460176867 0.055832025775078474 -1.1406054213187611 -0.87380412212585212 -0.10165504341907848 0.091023360464786832 0.41672480030409986 -0.48909928679036851 0.33541735649046928 -0.13341029993151438 -0.22610996224580787 0.073940869665379688 0.061673285584206212 0.20229662440547713 -0.48738755585047527 -0.65554558676247687 0.45558906404966337 -0.17922626982745499 1.9527712548930776 -1.1720216437178246 -0.47847310596023135 0.70969131430213106 0.0048403584636552916 1.1241985101993934 -0.19354753751559656 -0.66782204368074072 1.8980309659748462
leaf_weight=189 24 35 235 24 42 127 68 22 49 49 29 22 26 20 23 24 33 26 26 20 22 20 26 20 24 34 82 20 23 43
leaf_count=189 24 35 235 24 42 127 68 22 49 49 29 22 26 20 23 24 33 26 26 20 22 20 26 20 24 34 82 20 23 43
internal_value=-0.000273109 -0.0132396 0.0170867 -0.00858506 0.0110904 -0.0141493 -0.00843243 -0.00223729 0.0144268 0.0105288 -0.00398524 -0.00153846 0.000185185 -0.00516129 0.00728571 0.0164103 0.00329268 -0.0146939 -0.00367347 0.00293478 -0.00125 0.0143182 -0.0100909 -0.0178723 0.00533333 -0.00421875 0.0218692 -0.00571429 -0.0210596 0.02
internal_weight=1427 817 610 628 375 334 184 294 313 207 270 116 161 92 69 116 81 48 48 91 71 43 109 46 44 63 106 62 150 92
internal_count=1427 817 610 628 375 334 184 294 313 207 270 116 161 92 69 116 81 48 48 91 71 43 109 46 44 63 106 62 150 92
is_linear=0
shrinkage=0.03


Tree=30
num_leaves=31
num_cat=0
split_feature=9 0 9 22 5 26 23 23 29 0 5 18 10 7 24 10 21 25 6 18 4 2 23 19 26 14 14 9 19 23
split_gain=351.274 73.0984 30.5386 17.5688 15.2844 14.339 11.0624 10.7999 16.2109 9.96704 9.63356 9.36688 8.8085 7.40227 6.0957 6.04513 6.01109 5.78175 5.2258 5.03746 5.00722 7.82751 4.70168 4.63428 4.49169 4.37844 3.69664 3.39829 3.27392 3.26101
threshold=114.21500000000002 183.50000000000003 191.85000000000002 1.0000000180025095e-35 219.50000000000003 37.650000000000013 11.450000000000001 10.950000000000001 1.0000000180025095e-35 228.50000000000003 232.50000000000003 19.650000000000002 283.03500000000003 235.66666666666671 0.23343647497176631 374.19000000000005 34.750000000000007 22.450000000000003 232.50000000000003 14.550000000000002 333.50000000000006 227.50000000000003 21.150000000000002 -0.55191596924288666 33.350000000000001 43.500000000000007 22.500000000000004 127.88000000000001 0.82409480842201688 14.350000000000003
decision_type=2 2 2 2 8 2 2 2 2 2 10 2 10 10 2 10 2 2 10 2 10 10 2 2 2 8 10 2 2 2
left_child=1 4 3 6 17 7 26 8 -3 16 13 18 27 -7 -12 23 -9 -1 -6 -11 21 -21 29 -4 25 -5 -2 -8 -16 -14
right_child=2 5 15 24 11 10 12 9 -10 19 14 -13 22 -15 28 -17 -18 -19 -20 20 -22 -23 -24 -25 -26 -27 -28 -29 -30 -31
leaf_value=-0.79555233704277295 0.41353440043938489 -0.53309229143030346 0.48351532968818106 0.11243358938137134 0.062328915211026868 0.0094857627130008372 -0.053362291905432353 -1.0037639442418957 0.49513121740986488 0.034893942171557626 -0.017989576455180439 -1.6593728159099388 0.91849694694766038 -0.50444256015674704 0.35824962683897865 2.7162577735873987 -0.22699704429939657 -2.0215843914553324 -0.77281978355291225 0.009414633218474364 0.047895424901744262 -0.6187086616822941 0.17411830363030445 1.1584831271278084 0.46312775771110692 -0.16298757667918493 0.86166497392469121 0.41112225259765467 0.96775412502888569 0.75882719668622023
leaf_weight=30 24 36 24 21 26 23 27 77 31 59 33 21 32 21 20 148 28 248 36 21 25 56 23 57 20 21 73 61 31 58
leaf_count=30 24 36 24 21 26 23 27 77 31 59 33 21 32 21 20 148 28 248 36 21 25 56 23 57 20 21 73 61 31 58
internal_value=-0.000531161 -0.0131956 0.0171356 0.0116343 -0.0232873 -0.00525974 0.0146488 -0.00853293 0.00220588 -0.011236 0.00325581 -0.0117857 0.0105446 -0.008 0.00917647 0.0256957 -0.0183962 -0.0266667 -0.00571429 -0.00648148 -0.0104854 -0.0142308 0.0160526 0.0186585 -0.00285714 -0.00837209 0.0229592 0.00337079 0.0155769 0.0191209
internal_weight=1411 822 589 360 361 461 298 333 67 266 128 83 201 44 84 229 105 278 62 161 102 77 113 81 62 42 97 88 51 90
internal_count=1411 822 589 360 361 461 298 333 67 266 128 83 201 44 84 229 105 278 62 161 102 77 113 81 62 42 97 88 51 90
is_linear=0
shrinkage=0.03


Tree=31
num_leaves=31
num_cat=0
split_feature=9 0 9 10 27 23 28 18 10 19 23 3 5 10 23 2 23 27 15 1 6 13 13 0 19 23 11 12 21 5
split_gain=344.906 62.0508 29.8696 14.3226 13.6138 13.1612 19.8061 10.3755 8.56351 8.25693 7.93704 9.26766 7.19239 6.40888 6.47184 6.05366 6.61201 7.6171 8.77158 5.59417 5.27431 4.99767 4.05012 6.94773 4.3006 3.68215 3.73323 3.68 3.66466 3.63852
threshold=114.21500000000002 150.50000000000003 179.63500000000002 200.55000000000004 0.15000000000000005 15.450000000000001 0.43733377705052551 10.850000000000003 283.03500000000003 -0.82409480842201666 14.950000000000001 318.50000000000006 240.50000000000003 376.07500000000005 12.450000000000001 354.50000000000006 19.250000000000004 0.65000000000000002 41.500000000000007 370.50000000000006 314.50000000000006 106.50000000000001 301.50000000000006 238.50000000000003 0.92384435400961407 11.850000000000003 28.500000000000004 2.5000000000000004 32.750000000000007 360.50000000000006
decision_type=2 2 2 10 2 2 2 2 10 2 2 10 8 10 2 10 2 2 10 10 10 10 10 2 2 2 2 10 2 10
left_child=1 12 4 5 8 6 7 28 10 -5 29 -12 -1 14 -4 16 17 18 -11 -16 -6 27 23 -20 -25 -8 -27 -7 -3 -2
right_child=2 3 13 9 20 21 25 -9 -10 15 11 -13 -14 -15 19 -17 -18 -19 22 -21 -22 -23 -24 24 -26 26 -28 -29 -30 -31
leaf_value=-2.1559368597116726 0.43502290129785309 -0.52061074027329635 1.0976758930462864 -0.72044688701126769 -0.29950967207923357 -0.43706035279863614 0.32020509938799535 -0.76953445203871451 0.95195498389554611 0.60305333112683956 -0.23403588419015534 0.4035896731321148 -0.65008881588530409 2.499203799163062 0.85095991527964232 1.3448399148385652 -0.39238062048558775 -0.16269720710563063 -0.37748952809025876 -0.02793758367096643 0.50975995825017006 -0.6555754371043454 -0.2481546729800192 -0.0028594228534632293 0.92097156807549252 0.12861844549137372 -0.75080673701485823 -1.0840216129192475 0.22820266876047668 0.93578062026843867
leaf_weight=215 67 26 73 40 32 21 25 64 122 22 20 22 20 159 24 21 36 21 32 23 22 26 20 20 27 23 20 95 22 34
leaf_count=215 67 26 73 40 32 21 25 64 122 22 20 22 20 159 24 21 36 21 32 23 22 26 20 20 27 23 20 95 22 34
internal_value=-0.000473118 -0.0134003 0.0167279 -0.00795374 0.0104062 -0.0120743 -0.00662983 -0.0143363 0.0131955 -0.002375 0.008125 -0.0027907 -0.0263136 0.0238929 0.0183471 0.00015 -0.00167598 0.00125874 0.00418033 0.009375 -0.00327273 -0.0188811 0.0003 0.003375 0.010625 0.00608696 0.000681818 -0.0215385 -0.00367347 0.0126471
internal_weight=1394 796 598 561 319 322 180 112 265 239 143 42 235 279 120 199 178 142 121 47 54 142 99 79 47 68 43 116 48 101
internal_count=1394 796 598 561 319 322 180 112 265 239 143 42 235 279 120 199 178 142 121 47 54 142 99 79 47 68 43 116 48 101
is_linear=0
shrinkage=0.03


Tree=32
num_leaves=31
num_cat=0
split_feature=9 0 10 5 24 18 22 11 27 13 25 23 5 17 29 4 4 5 4 3 26 4 9 10 2 18 18 5 24 16
split_gain=340.337 48.5757 47.6138 17.7179 14.1638 13.5366 12.233 10.992 9.02027 8.85242 10.9272 6.99708 6.82151 5.66719 9.12628 6.76797 15.6109 5.27667 5.10378 6.79507 4.7438 4.5581 4.4769 4.47005 4.25959 4.22035 5.22111 4.28287 5.39431 3.77953
threshold=96.360000000000014 150.50000000000003 309.86500000000007 197.50000000000003 -0.8949002852437673 11.750000000000002 0.25000000000000006 89.500000000000014 1.0000000180025095e-35 362.50000000000006 24.250000000000004 10.250000000000002 153.50000000000003 92.384999999999962 -0.58481178939031186 228.50000000000003 259.50000000000006 273.50000000000006 396.50000000000006 274.50000000000006 19.450000000000003 156.50000000000003 138.91500000000005 235.24500000000003 257.50000000000006 10.65 12.250000000000002 330.50000000000006 0.93038214053199464 7.5000000000000009
decision_type=2 2 10 8 2 2 2 2 2 10 2 2 10 10 2 10 10 10 10 10 2 10 2 10 10 2 2 10 2 10
left_child=1 12 3 -2 24 -4 11 13 18 10 -9 23 -1 14 29 -15 -17 -18 19 -7 -13 -14 -8 -5 -3 -22 -27 -28 -29 -6
right_child=2 4 5 6 7 8 22 9 -10 -11 -12 20 21 15 -16 16 17 -19 -20 -21 25 -23 -24 -25 -26 26 27 28 -30 -31
leaf_value=-2.2648177363580286 -0.51693843039430931 -1.0532780231276218 1.8456954564266301 0.29841478343689914 -0.19924896136593076 1.439762943239083 -0.73002362965152257 -0.31851061022851168 0.047309360150217403 -0.42245159618988309 0.53017123320317605 0.63669110652238681 -0.84458539034873981 -0.76292257650857154 0.24103630923801744 0.090168511647358965 -0.93463184808785804 -0.3122007616303189 1.8187722416920122 0.81040899682822665 -0.044008852950883574 -1.5091731679886928 0.72308481191563423 1.0586314217628854 -0.51128796770617635 0.63263706858016289 0.27402090038553806 -0.1713065887247609 0.37105989223626723 -0.86133511406149632
leaf_weight=171 35 51 200 23 21 26 31 26 30 32 22 22 20 76 36 21 26 58 50 71 30 66 22 37 29 30 63 21 36 31
leaf_count=171 35 51 200 23 21 26 31 26 30 32 22 22 20 76 36 21 26 58 50 71 30 66 22 37 29 30 63 21 36 31
internal_value=-0.000487977 -0.0156332 0.0138049 0.00581197 -0.0094186 0.0211905 0.00806962 -0.00677143 0.015 0.00296296 0.0110204 0.0107224 -0.0259302 -0.00966667 -0.00337079 -0.0126923 -0.00764151 -0.0134118 0.0180405 0.0137755 0.0079803 -0.0186207 -0.005 0.0196721 -0.0207407 0.00629834 0.00834437 0.00545455 -0.000517241 -0.0113208
internal_weight=1413 686 727 350 429 377 315 349 177 80 48 262 257 269 88 181 105 84 147 97 202 86 53 60 80 180 150 120 57 52
internal_count=1413 686 727 350 429 377 315 349 177 80 48 262 257 269 88 181 105 84 147 97 202 86 53 60 80 180 150 120 57 52
is_linear=0
shrinkage=0.03


Tree=33
num_leaves=31
num_cat=0
split_feature=9 8 9 10 18 22 18 12 8 2 18 14 2 12 26 13 24 14 4 11 16 2 2 22 15 28 9 18 3 8
split_gain=344.333 68.2141 32.7139 19.5986 14.7484 13.6786 12.1698 12.1402 9.00944 8.43974 7.91932 7.47473 7.23381 9.74468 6.83616 6.75773 6.39736 5.58149 5.35877 7.15096 6.28066 4.97284 5.18214 5.25699 4.14563 6.2836 3.98183 8.1334 4.43548 3.65278
threshold=114.21500000000002 146.78571428571431 191.85000000000002 186.80500000000004 9.7500000000000018 1.0000000180025095e-35 11.350000000000003 4.5000000000000009 273.64285714285717 415.50000000000006 12.950000000000001 21.500000000000004 360.50000000000006 8.5000000000000018 39.350000000000001 19.500000000000004 -0.82409480842201666 43.500000000000007 382.50000000000006 59.500000000000007 1874.0000000000002 252.50000000000003 179.50000000000003 0.75000000000000011 825.00000000000011 0.46800856592688472 102.09500000000001 15.550000000000002 239.50000000000003 352.07142857142861
decision_type=2 8 2 10 2 2 2 10 10 10 2 10 10 10 2 10 2 8 10 2 10 10 10 2 10 2 2 2 10 10
left_child=1 -1 5 4 7 9 -5 -3 16 10 29 -10 13 -8 26 -12 -6 -7 19 -17 -21 22 -18 -24 25 -16 28 -28 -15 -2
right_child=2 3 -4 6 8 17 12 -9 11 -11 15 -13 -14 14 24 18 21 -19 -20 20 -22 -23 23 -25 -26 -27 27 -29 -30 -31
leaf_value=-2.1881742267452631 0.43763786935132515 -0.61628070637326371 1.8132360703800592 0.58391421416207145 -1.4812985477016083 0.70614359291530826 0.55783031389235072 0.33860481329406694 -0.62783539349688111 1.2851734612695054 -0.1739797714594826 0.028440841611676999 1.0238356175200061 -0.90812896375346397 -0.20313873377363306 0.74745090323388119 -0.8159189760478901 -0.19550247978048332 -0.044632434666467873 -0.08666472154566747 0.69173683141233844 -1.061374303764659 -0.5897209367665186 0.054956532641421627 -0.2170576207261817 0.31199981812688349 0.29133519640901995 -0.40389560266811486 -0.43245054120445359 1.0597803798378118
leaf_weight=193 96 23 246 35 68 31 34 20 37 41 28 33 23 40 21 30 50 27 24 32 26 31 39 26 20 22 22 21 51 28
leaf_count=193 96 23 246 35 68 31 34 20 37 41 28 33 23 40 21 30 50 27 24 32 26 31 39 26 20 22 22 21 51 28
internal_value=4.22833e-05 -0.0127778 0.0170656 -0.00787682 -0.0128963 0.0112912 -0.00217241 0.00340909 -0.0153684 0.0138235 0.0117736 -0.00591549 -0.00447059 -0.00607759 -0.00863636 0.00680851 -0.0184186 -0.0020339 0.0100885 0.0134831 0.00711864 -0.0146939 -0.0116379 -0.00590909 -0.00046875 0.00477273 -0.0124444 -0.00477273 -0.0159783 0.01728
internal_weight=1418 809 609 616 327 363 289 43 284 305 264 70 254 231 197 140 214 58 112 88 58 146 115 65 63 43 134 43 91 124
internal_count=1418 809 609 616 327 363 289 43 284 305 264 70 254 231 197 140 214 58 112 88 58 146 115 65 63 43 134 43 91 124
is_linear=0
shrinkage=0.03


Tree=34
num_leaves=31
num_cat=0
split_feature=9 8 9 9 0 22 4 6 22 29 2 23 14 10 24 18 2 23 4 13 10 19 24 15 18 26 23 21 5 22
split_gain=295.155 76.2747 30.1449 16.3418 12.9146 11.2172 11.2114 8.97647 9.35967 7.83734 8.14913 8.95082 7.7611 6.72792 8.69318 6.38436 6.26916 6.24078 7.02854 7.34909 6.07428 5.62056 4.36593 5.28684 12.416 7.52833 5.03217 4.44033 4.24731 4.07885
threshold=114.21500000000002 146.78571428571431 191.85000000000002 83.920000000000002 277.50000000000006 1.0000000180025095e-35 131.50000000000003 183.50000000000003 1.0000000180025095e-35 0.36447543099728863 324.50000000000006 16.850000000000005 74.500000000000014 374.19000000000005 -0.608738249238853 9.3500000000000032 415.50000000000006 11.450000000000001 382.50000000000006 20.500000000000004 234.66000000000003 -0.47714059151611371 -0.8949002852437673 34.500000000000007 18.450000000000003 37.150000000000013 14.950000000000001 31.750000000000004 302.50000000000006 0.15000000000000005
decision_type=2 10 2 2 2 2 10 10 2 2 10 2 10 10 2 2 10 2 10 10 10 2 2 10 2 2 2 2 10 2
left_child=1 -1 5 4 6 16 -3 -5 9 10 11 12 -9 14 -4 -8 17 20 19 -19 -2 -7 -17 24 27 26 -25 -24 -21 -27
right_child=2 3 13 7 -6 21 15 8 -10 -11 -12 -13 -14 -15 -16 22 -18 18 -20 28 -22 -23 23 25 -26 29 -28 -29 -30 -31
leaf_value=-2.0638621726062993 0.074605161218124175 0.18955218003725349 0.16484326516810455 -0.47356642856365538 0.15696197916957147 0.48930504483463094 -0.045930525537059168 0.58933688288719588 -0.35643238091193014 -0.23894921310626785 1.7806034231765169 -0.19926473711922368 -0.012798005613221903 2.3900259806006825 0.90740018564624103 -0.96950720946212154 1.5041363205236047 -0.05856997032906406 -0.082734197288685321 0.18160039316599921 0.94286202972425825 -0.19892769580780337 -0.16903993905781306 -0.64829763555105824 0.18153913804343602 -0.43792386363222646 -1.3485540018162339 -0.97055547392869101 0.60049927567916284 0.0098958378702056395
leaf_weight=194 23 20 20 36 39 28 26 38 57 40 21 30 20 138 67 61 36 31 26 60 68 33 22 46 23 39 51 24 54 25
leaf_count=194 23 20 20 36 39 28 26 38 57 40 21 30 20 138 67 61 36 31 26 60 68 33 22 46 23 39 51 24 54 25
internal_value=-0.000558339 -0.0122509 0.0156923 -0.00707593 -0.0109814 0.01025 -0.0128698 -0.000987654 0.00144928 0.0054 0.00954545 0.00539326 0.0122034 0.024292 0.0173864 -0.0142453 0.0126421 0.0109506 0.0075 0.0100685 0.0172826 -0.00145161 -0.0155137 -0.0135065 -0.00642857 -0.0164815 -0.0217347 -0.0153191 0.0135652 -0.00830769
internal_weight=1396 812 584 618 376 359 337 242 206 149 109 88 58 225 87 317 298 262 171 145 91 61 291 230 69 161 97 46 114 64
internal_count=1396 812 584 618 376 359 337 242 206 149 109 88 58 225 87 317 298 262 171 145 91 61 291 230 69 161 97 46 114 64
is_linear=0
shrinkage=0.03


Tree=35
num_leaves=31
num_cat=0
split_feature=9 8 9 0 19 9 27 29 26 23 7 16 23 3 6 26 29 1 1 29 8 5 4 4 1 4 12 25 29 0
split_gain=298.723 69.1489 27.3882 19.2908 14.5327 13.54 10.0626 9.12036 7.48159 7.09105 9.10669 6.95343 6.36701 7.1047 6.00472 5.5794 10.9767 5.43983 7.28841 6.51987 4.76832 4.95775 4.57938 4.40932 11.1674 4.31828 4.9105 4.10694 3.98922 3.92098
threshold=114.21500000000002 146.78571428571431 187.56000000000003 261.50000000000006 0.76037701167087512 61.735000000000007 1.0000000180025095e-35 -0.056951011027366626 29.050000000000004 11.250000000000002 388.00000000000006 140.50000000000003 12.250000000000002 357.50000000000006 295.50000000000006 36.350000000000001 0.38043945030393422 259.50000000000006 156.50000000000003 -0.67801649466304881 356.07142857142861 310.50000000000006 280.50000000000006 342.50000000000006 286.50000000000006 192.50000000000003 56.500000000000007 23.250000000000004 -0.19337245081799007 150.50000000000003
decision_type=2 8 2 2 2 2 2 2 2 2 10 10 2 10 10 2 2 10 10 2 10 8 10 8 10 10 10 2 2 2
left_child=1 29 6 5 14 -3 9 -6 11 -2 15 -7 -4 -14 28 16 -11 18 -10 25 21 -18 -21 24 -8 -20 -27 -19 -5 -1
right_child=2 3 12 4 7 8 23 -9 17 10 -12 -13 13 -15 -16 -17 20 27 19 22 -22 -23 -24 -25 -26 26 -28 -29 -30 -31
leaf_value=-2.0870877983745748 0.72022067098750364 -0.93652340056411509 1.7183252011826617 -0.80903314889310762 0.75590791101542865 -0.027599786906713459 -0.2965675524523988 -0.12495498554952178 -0.79427731464680873 -0.38298030259979243 1.5963102281322374 -0.83979002556186111 0.44445430539743708 1.612636915560745 0.050815931254404062 0.62510805875870623 0.070439209608967129 -0.64246194387849354 -0.86938919512424884 0.167559880444378 -0.013001748378870274 0.62333856802055887 -0.30341284909484867 -0.29834711395058094 0.40552442065018934 0.043187169530419282 -0.66700259962976582 -0.17395451017132416 -0.33270623961841905 -0.90910338263555679
leaf_weight=168 83 156 155 32 54 23 20 31 29 24 33 50 32 57 33 37 22 27 20 65 23 48 20 20 26 25 20 25 20 20
leaf_count=168 83 156 155 32 54 23 20 31 29 24 33 50 32 57 33 37 22 27 20 65 23 48 20 20 26 25 20 25 20 20
internal_value=-0.000343102 -0.0120147 0.0161102 -0.00722662 0.00140351 -0.0104121 0.0105045 0.0101163 -0.00668852 0.0130627 0.00973404 -0.015 0.0237551 0.017 -0.00732558 0.00658065 0.00330508 -0.00400862 -0.0015 0.00119205 0.00797872 0.011831 0.00662791 0 0.00510638 -0.00590909 -0.000652174 -0.0124528 -0.0135849 -0.0279365
internal_weight=1398 818 580 630 170 460 336 85 304 270 187 73 244 89 85 154 117 231 179 150 93 70 85 66 46 65 45 52 52 188
internal_count=1398 818 580 630 170 460 336 85 304 270 187 73 244 89 85 154 117 231 179 150 93 70 85 66 46 65 45 52 52 188
is_linear=0
shrinkage=0.03


Tree=36
num_leaves=31
num_cat=0
split_feature=9 9 7 13 10 9 18 13 10 11 24 19 19 12 19 11 18 25 14 12 18 14 16 25 5 23 11 10 2 9
split_gain=298.904 47.2343 43.4473 17.0553 15.9748 10.3854 10.1848 8.11551 8.0635 8.06293 7.51816 7.47311 7.2944 6.91381 6.79769 6.61989 5.25944 5.06618 4.94471 5.7041 5.18182 4.73515 4.64576 4.46739 3.99176 3.8685 4.2452 4.92778 3.70941 3.59138
threshold=94.285000000000011 188.22000000000003 139.83333333333334 175.50000000000003 186.05000000000004 119.32000000000001 10.950000000000001 74.500000000000014 383.10500000000008 17.500000000000004 0.18222858652173771 -0.87878364999916125 0.64942331933852337 13.500000000000002 0.97988739209073494 30.500000000000004 17.450000000000003 23.150000000000002 7.5000000000000009 57.500000000000007 16.550000000000004 5.5000000000000009 517.50000000000011 23.950000000000003 244.50000000000003 11.850000000000003 22.500000000000004 295.3300000000001 322.50000000000006 61.735000000000007
decision_type=2 2 10 10 10 2 2 8 10 2 2 2 2 10 2 2 2 2 10 10 2 10 10 2 10 2 2 10 10 2
left_child=2 3 23 5 6 9 21 13 12 -2 -8 -6 -3 28 24 29 -5 -13 -19 -20 -21 -4 -9 -1 -11 -15 -27 -28 -7 -12
right_child=1 8 4 16 11 7 10 22 -10 14 15 17 -14 25 -16 -17 -18 18 19 20 -22 -23 -24 -25 -26 26 27 -29 -30 -31
leaf_value=-0.86696126858412126 0.036305107092694584 0.35440758325473493 -0.6573800663454793 0.95846804962897059 -0.78261654379291201 -0.10360159143217174 -0.91326259782572139 -0.28033266130719481 2.2027282436648008 -0.53930203502545737 -0.74511802350922007 -0.24430316593693588 0.92135764527966835 0.77256880982904697 0.47837655836071402 -0.77433276884932878 0.13287522152813749 -0.064552015737060917 0.23544747489090737 1.0198159014341366 -0.19489254464958433 0.077303768298144601 0.39991852944548811 -1.9905704983556385 -0.12964382857918708 0.58243931341690991 -0.0055656346908079966 0.49200513958814041 0.36858184893371232 0.00020151965777756686
leaf_weight=23 31 38 26 99 25 26 110 20 146 28 35 42 57 44 29 50 36 34 22 21 20 26 20 170 40 23 34 35 31 37
leaf_count=23 31 38 26 99 25 26 110 20 146 28 35 42 57 44 29 50 36 34 22 21 20 26 20 170 40 23 34 35 31 37
internal_value=-0.000217549 0.0128049 -0.0151869 0.00748491 -0.0100223 0.00406077 -0.0143158 0.00782051 0.0236777 -0.0027907 -0.0169957 -0.00254545 0.0165625 0.0103608 -0.00704082 -0.0117073 0.0165441 0.000214286 0.00397959 0.00890625 0.00214286 -0.00226415 -0.00439024 -0.0270619 -0.0121739 0.0140146 0.0103226 0.00642857 0.00155172 -0.00575342
internal_weight=1378 737 641 496 448 361 284 233 241 128 232 164 95 193 97 122 135 139 97 63 41 52 40 193 68 136 92 69 57 72
internal_count=1378 737 641 496 448 361 284 233 241 128 232 164 95 193 97 122 135 139 97 63 41 52 40 193 68 136 92 69 57 72
is_linear=0
shrinkage=0.03


Tree=37
num_leaves=31
num_cat=0
split_feature=9 8 10 18 10 23 7 10 12 0 16 9 20 25 23 16 7 19 19 24 4 18 2 28 0 0 10 19 24 5
split_gain=258.441 71.6941 33.6143 19.7328 18.9724 18.4761 10.0004 9.9193 9.33114 8.56375 8.28619 8.28116 8.00115 7.57143 10.9058 8.35502 7.28983 6.34528 6.23193 6.13977 6.01702 8.67206 5.19302 4.96787 4.85339 4.59968 4.5173 4.28626 4.24814 3.75358
threshold=115.94500000000001 146.78571428571431 385.35500000000008 10.950000000000001 186.80500000000004 11.450000000000001 366.16666666666669 309.86500000000007 15.500000000000002 246.50000000000003 160.50000000000003 182.77000000000001 17.150000000000002 23.950000000000003 16.850000000000005 228.50000000000003 296.33333333333343 -0.82409480842201666 -0.44618082326431219 -0.608738249238853 398.50000000000006 15.450000000000001 315.50000000000006 0.878110924644389 248.50000000000003 148.50000000000003 246.87500000000003 0.8869770585236475 -0.5806808443217597 233.50000000000003
decision_type=2 8 10 2 10 2 10 10 10 2 10 2 2 2 2 10 10 2 2 2 10 2 10 2 2 2 10 2 2 10
left_child=1 25 5 8 9 16 12 10 -3 13 -7 -4 -6 14 15 -5 -2 -14 -18 -9 21 22 -12 26 -25 -1 27 -19 -11 -28
right_child=2 3 11 4 6 7 -8 19 -10 28 20 -13 17 -15 -16 -17 18 23 -20 -21 -22 -23 -24 24 -26 -27 29 -29 -30 -31
leaf_value=-1.961537540691521 0.27394500585437243 -0.26150265506342207 0.54063701563525823 0.14738903231738276 -0.41156112236027864 0.39599583145940642 1.5012462369129298 0.0084726567863145866 0.31565578736003658 -0.88020057495193893 -0.26398169894428092 2.2622970464830456 -0.49017153871357461 -0.84100132333799926 -1.0272344945296887 -0.67802974593667975 0.50977437436425299 0.59173094878630694 0.96482746011960097 0.63241141733309747 -0.15762328443586113 0.53165886595886491 0.023637571334269296 0.0019744223609365007 -0.43203382557361691 -0.80661110077670839 -0.14802920895699401 0.027559559478049778 0.049285407727038544 0.20513444104651882
leaf_weight=160 25 47 28 48 32 33 20 28 47 21 26 150 42 114 43 22 33 38 94 80 21 44 25 31 24 24 21 28 27 26
leaf_count=160 25 47 28 48 32 33 20 28 47 21 26 150 42 114 43 22 33 38 94 80 21 44 25 31 24 24 21 28 27 26
internal_value=-0.000213828 -0.0111397 0.014949 -0.00631329 -0.0085316 0.0101707 -0.00273764 0.00523256 0.00631579 -0.0140217 0.0002 0.0258101 -0.00444444 -0.0164474 -0.0107895 -0.00338028 0.0184314 -0.00227488 0.0213281 0.0121101 -0.00358974 -0.0003125 -0.00865385 0.00035503 -0.00696429 -0.0275676 0.00394737 0.00895522 -0.00244898 -0.003125
internal_weight=1402 815 587 631 537 409 262 257 94 275 149 178 242 227 113 70 152 210 127 108 116 95 51 168 55 184 113 66 48 47
internal_count=1402 815 587 631 537 409 262 257 94 275 149 178 242 227 113 70 152 210 127 108 116 95 51 168 55 184 113 66 48 47
is_linear=0
shrinkage=0.03


Tree=38
num_leaves=31
num_cat=0
split_feature=9 0 10 19 18 26 3 17 8 2 26 23 10 8 7 13 16 6 3 8 19 23 22 6 4 12 0 16 8 17
split_gain=273.721 80.9313 31.0127 15.335 13.1044 10.8623 9.94796 11.3214 9.36761 8.60142 8.36129 7.75147 7.23662 8.52576 8.16087 6.74544 9.74995 6.53685 10.3338 6.44014 6.22363 6.78853 6.20988 6.15303 8.359 6.04002 7.59086 11.6509 7.079 6.35507
threshold=115.94500000000001 148.50000000000003 385.35500000000008 -0.82409480842201666 12.250000000000002 38.550000000000004 310.50000000000006 964.25000000000193 317.71428571428572 197.50000000000003 30.950000000000003 18.150000000000002 259.63000000000005 298.35714285714289 350.16666666666669 362.50000000000006 1053.5000000000002 199.50000000000003 230.50000000000003 278.78571428571433 -0.46173103126271881 11.65 1.0000000180025095e-35 370.50000000000006 286.50000000000006 63.500000000000007 215.50000000000003 232.50000000000003 198.92857142857147 166.23499999999999
decision_type=2 2 10 2 2 2 10 10 10 10 2 2 8 10 10 10 10 10 8 10 2 2 2 10 10 10 2 8 10 10
left_child=1 9 4 19 20 12 10 8 -8 -1 17 -4 22 -14 -15 16 25 -5 -19 -3 -2 -22 -6 24 -23 26 28 29 -12 -28
right_child=2 3 11 6 5 -7 7 -9 -10 -11 15 -13 13 14 -16 -17 -18 18 -20 -21 21 23 -24 -25 -26 -27 27 -29 -30 -31
leaf_value=-1.8720072571842232 0.27953193728331938 -0.82457080470192656 2.1028246864427453 -0.76500072465213864 0.35327809977306346 0.78307612753406197 0.18322489776878753 1.1414333130968166 -0.43080276396348666 -0.83310735087469445 0.015411150743253187 1.1664210574661313 -0.30518019628739862 0.75363634901921273 -0.10972830734561227 -0.44933833181849053 0.17211916488986104 0.046724608000643 -0.84419286822722339 -0.22010080484772784 0.9369254447670653 0.72325122536107644 -0.073357525038794336 0.90984420810930089 -0.056887588566798965 -0.48895402149016887 0.12496196855224014 0.9914255490085625 -0.5033964010997638 -0.41990767258936029
leaf_weight=204 50 98 143 25 68 38 28 42 27 29 41 24 20 30 48 34 21 33 22 40 70 21 20 21 28 46 48 22 35 32
leaf_count=204 50 98 143 25 68 38 28 42 27 29 41 24 20 30 48 34 21 33 22 40 70 21 20 21 28 46 48 22 35 32
internal_value=-0.000766501 -0.0118478 0.015 -0.00594958 0.0105542 0.0056 -0.00328228 0.00520408 -0.00375 -0.0267949 -0.00558333 0.0258929 0.00256684 -0.0030303 0.00151899 -0.00310714 -0.00134146 -0.0140741 -0.00803571 -0.0146763 0.0163351 0.0195745 0.00876404 0.0126761 0.0066 -0.0032 -0.000670391 0.00466019 -0.00779221 -0.000740741
internal_weight=1408 827 581 594 414 224 456 97 55 233 359 167 186 98 78 279 245 80 55 138 190 140 88 70 49 224 178 102 76 80
internal_count=1408 827 581 594 414 224 456 97 55 233 359 167 186 98 78 279 245 80 55 138 190 140 88 70 49 224 178 102 76 80
is_linear=0
shrinkage=0.03


Tree=39
num_leaves=31
num_cat=0
split_feature=9 8 9 22 19 0 16 21 4 23 17 29 1 14 15 10 23 8 3 23 16 14 23 0 23 10 23 26 22 17
split_gain=263.06 68.0853 35.0514 17.6208 16.5408 13.762 8.8421 9.35771 8.63906 8.56831 8.1395 10.2917 8.96408 6.8675 6.7241 6.25558 9.69153 6.20081 6.73756 6.11493 6.55247 6.00887 6.02074 5.39943 5.13532 4.9732 4.7317 4.58342 4.1894 4.02219
threshold=110.77000000000002 146.78571428571431 215.29500000000002 1.0000000180025095e-35 -0.82409480842201666 257.50000000000006 359.50000000000006 18.750000000000004 134.50000000000003 18.750000000000004 763.96000000000367 -0.71502926860092908 240.50000000000003 43.500000000000007 80.500000000000014 170.13000000000002 12.850000000000003 261.78571428571439 317.50000000000006 11.350000000000003 1396.0000000000002 46.500000000000007 20.650000000000002 148.50000000000003 11.050000000000002 359.34500000000008 15.850000000000003 32.050000000000004 1.0000000180025095e-35 300.81500000000176
decision_type=2 8 2 2 2 2 8 2 10 2 10 2 10 8 10 10 2 10 10 2 8 10 2 2 2 10 2 2 2 10
left_child=1 23 3 6 17 8 7 -2 -6 27 14 -12 -13 -5 15 16 -10 24 -19 -8 26 22 29 -1 -3 -4 -21 -7 -29 -9
right_child=2 4 25 13 5 9 19 21 10 -11 11 12 -14 -15 -16 -17 -18 18 -20 20 -22 -23 -24 -25 -26 -27 -28 28 -30 -31
leaf_value=-1.8519661023185983 0.67128560941301829 -0.52871256108799702 0.93666531656710106 0.33841835511589552 0.18064975822587442 -0.09891433143629455 0.82482765333997432 0.15561369226863178 0.045365476761145516 -0.48125580202286355 -0.77772235121377742 0.29611257797374663 -0.31161487009706118 -0.20612498870256329 -0.6199784268967744 -0.0095342739304264505 -0.82043872516792216 0.035574812112037363 -0.83589215015943652 0.61153344561662604 0.5936087524279543 -0.05230758228175688 -0.17674230333166094 -0.84707023678027404 -1.0580006923173011 2.3045098654836158 -0.21533070561176315 0.83393419230849475 0.032770778902746545 0.47996480616053272
leaf_weight=175 23 24 30 38 20 24 82 41 34 23 23 28 23 34 65 56 57 32 20 30 85 20 20 27 77 143 25 49 21 52
leaf_count=175 23 24 30 38 20 24 82 41 34 23 23 28 23 34 65 56 57 32 20 30 85 20 20 27 77 143 25 49 21 52
internal_value=-0.000620542 -0.0122465 0.0138942 0.00944568 -0.00696707 -0.00389151 0.0120317 0.00649682 -0.00723127 0.00483051 -0.00857143 0 0.0075 -0.00410959 -0.0115493 -0.00790541 -0.0127174 -0.0153896 -0.00679245 0.0158744 0.0119149 0.00335821 0.00605263 -0.0271921 -0.0197059 0.0253448 0.00375 0.00884211 0.0126761 0.00925532
internal_weight=1401 778 623 450 576 423 378 156 306 117 286 74 51 72 212 147 91 153 52 222 140 133 113 202 101 173 55 94 70 93
internal_count=1401 778 623 450 576 423 378 156 306 117 286 74 51 72 212 147 91 153 52 222 140 133 113 202 101 173 55 94 70 93
is_linear=0
shrinkage=0.03


Tree=40
num_leaves=31
num_cat=0
split_feature=9 10 0 5 19 10 8 26 23 23 4 19 5 10 23 8 18 28 27 1 20 13 27 18 23 19 0 2 4 20
split_gain=273.773 55.7375 42.5283 17.9981 13.3201 9.60771 8.54578 8.54446 9.92002 7.90471 6.90586 8.01923 7.7491 6.89772 8.73657 6.22105 7.03214 5.92328 5.64343 5.60201 5.45548 8.34416 5.44932 4.32334 5.37732 4.35053 4.20038 3.91667 5.01806 3.72906
threshold=90.865000000000009 309.86500000000007 150.50000000000003 199.50000000000003 -0.0087262032186418287 385.35500000000008 146.78571428571431 38.45000000000001 10.450000000000001 18.650000000000002 265.50000000000006 0.93038214053199464 320.50000000000006 194.59500000000006 14.950000000000001 274.07142857142861 9.7500000000000018 -0.65234524191686594 1.0500000000000003 227.50000000000003 7.5500000000000007 27.500000000000004 0.25000000000000006 12.250000000000002 16.150000000000002 0.9482875459472353 277.50000000000006 354.50000000000006 319.50000000000006 23.850000000000005
decision_type=2 10 2 8 2 10 8 2 2 2 8 2 10 10 2 10 2 2 2 10 2 10 2 2 2 2 2 10 8 2
left_child=2 3 6 -2 15 18 -1 8 27 -7 11 -10 -12 14 17 16 -4 -6 23 -15 -14 -22 -8 -3 25 -25 -21 28 -5 -16
right_child=1 5 4 7 13 9 22 -9 10 -11 12 -13 20 19 29 -17 -18 -19 -20 26 21 -23 -24 24 -26 -27 -28 -29 -30 -31
leaf_value=-1.7764170363790037 -0.49050649168677235 0.86474061929318391 -0.25349275968792068 0.4022190817080144 -0.78257884828817703 2.033775298453611 -0.35772202795304964 0.69166207719408102 -0.59525382405530136 0.35041927157787822 0.36900971756655593 0.14616814321084462 0.34136829776265809 0.067975865658025464 -0.83301186309872854 -0.31049393287901861 -1.0097342182584483 0.15276416892702541 0.00086250780169365264 -0.24123012567760155 -0.46816878454265065 0.23861067495254984 -1.402127236516975 -0.17908036149796175 0.70113074715037726 0.53297877920831527 0.29343205407651396 0.83412150483473113 -0.046358944718116954 -0.74205837193430058
leaf_weight=167 48 83 20 28 22 147 35 46 26 27 64 25 21 48 33 36 99 38 20 29 32 55 36 20 42 25 27 23 20 32
leaf_count=167 48 83 20 28 22 147 35 46 26 27 64 25 21 48 33 36 99 38 20 29 32 55 36 20 42 25 27 23 20 32
internal_value=-0.000698182 0.0114741 -0.0154093 0.00354756 -0.00919481 0.0198904 -0.0253556 0.0059824 0.0040678 0.0250286 0.0009375 -0.00865385 0.00381503 -0.00456522 -0.00928571 -0.0159615 -0.01925 -0.000983607 0.0150785 0.00114286 -0.00110092 -0.00443182 -0.01625 0.0168421 0.0119318 0.00456522 -0.00526316 0.01375 0.00857143 -0.0168182
internal_weight=1374 752 622 388 384 364 238 340 294 174 223 51 172 229 125 155 119 60 190 104 108 87 71 170 87 45 56 71 48 65
internal_count=1374 752 622 388 384 364 238 340 294 174 223 51 172 229 125 155 119 60 190 104 108 87 71 170 87 45 56 71 48 65
is_linear=0
shrinkage=0.03


Tree=41
num_leaves=31
num_cat=0
split_feature=9 9 0 22 24 0 8 0 9 13 1 18 26 4 16 5 3 14 24 24 25 5 19 9 14 21 1 4 2 25
split_gain=223.02 56.1043 40.8593 18.3598 13.8504 11.7233 10.3915 10.1694 9.27194 7.68913 10.3995 7.16136 7.01571 6.89289 6.43831 5.77742 5.6234 5.52192 5.45753 6.37731 7.49816 5.17945 5.02001 4.67915 4.80254 4.6681 4.6486 4.17032 3.89551 3.74292
threshold=83.920000000000002 163.94500000000002 148.50000000000003 1.0000000180025095e-35 -0.88697705852364728 352.50000000000006 146.78571428571431 244.50000000000003 254.03000000000003 6.5000000000000009 179.50000000000003 12.250000000000002 33.050000000000004 202.50000000000003 2493.0000000000005 215.50000000000003 265.50000000000006 31.500000000000004 0.67556448321067852 0.99687937417578498 18.150000000000002 368.50000000000006 0.54463903501502697 119.78500000000001 43.500000000000007 27.150000000000002 342.50000000000006 233.50000000000003 277.50000000000006 25.150000000000002
decision_type=2 2 2 2 2 2 10 2 2 10 10 2 2 10 8 10 10 10 2 2 2 10 2 2 10 2 10 10 10 2
left_child=2 3 6 5 28 14 -1 9 11 10 -6 22 -11 -8 15 -2 29 -13 -17 20 21 -20 25 -5 -25 -3 -19 -9 -4 -14
right_child=1 8 4 23 7 -7 13 27 -10 12 -12 17 16 -15 -16 18 -18 26 19 -21 -22 -23 -24 24 -26 -27 -28 -29 -30 -31
leaf_value=-1.714425547765609 -0.22646580824266663 0.14237902558345239 -0.90202404010489967 -0.49735168645501998 0.28297079817267329 1.4734478413541694 -0.18691860157972201 -0.1485053982975475 2.3540736085666625 -0.8080215072057666 -0.39296101830439095 -0.052506632327630878 -0.65465954005207949 -1.3670108035786659 0.38536395495883707 0.26825388611926115 0.065782802294385476 0.7858061347359353 -0.26250181544346957 0.51474961280325482 0.45705521757783341 0.025591730559258393 0.93114113906521534 0.61196880744437354 -0.153527058346977 0.55224706434405846 0.22222960519453352 0.49474375592855491 -0.37656080312892609 -0.22893979311910329
leaf_weight=167 55 27 54 62 29 61 33 26 92 55 40 23 23 33 59 54 26 27 53 27 46 27 88 23 22 28 38 41 23 29
leaf_count=167 55 27 54 62 29 61 33 26 92 55 40 23 23 33 59 54 26 27 53 27 46 27 88 23 22 28 38 41 23 29
internal_value=-0.000840517 0.00929889 -0.0150517 0.00287755 -0.00847262 0.005953 -0.0247436 -0.00522222 0.0189815 -0.00857143 -0.000428571 0.0156466 -0.0127612 -0.0143284 0.00363354 0.00159696 -0.00683544 0.00876404 0.00389423 0.000974026 -0.00188976 -0.00740741 0.0197917 -0.00805556 -0.000652174 0.0123214 0.0131818 0.00485294 -0.0196154 -0.0124528
internal_weight=1391 812 579 489 346 382 233 269 323 202 69 231 133 66 321 262 78 88 207 153 126 80 143 107 45 55 65 67 77 52
internal_count=1391 812 579 489 346 382 233 269 323 202 69 231 133 66 321 262 78 88 207 153 126 80 143 107 45 55 65 67 77 52
is_linear=0
shrinkage=0.03


Tree=42
num_leaves=31
num_cat=0
split_feature=8 8 10 18 19 26 10 7 7 23 23 28 23 28 11 16 25 10 25 11 24 29 18 4 24 14 16 11 3 19
split_gain=207.564 60.8987 41.5816 18.7542 18.1821 13.0766 11.5774 10.6271 8.57728 9.3658 8.33322 8.63662 7.30474 9.28346 9.88749 7.50331 7.05813 6.69161 6.6461 6.4455 7.80497 5.30907 5.23896 5.21154 5.17203 4.9412 4.29321 3.65564 3.63251 3.57761
threshold=264.71428571428572 146.78571428571431 385.35500000000008 12.850000000000003 -0.82409480842201666 40.850000000000001 203.00000000000003 279.83333333333343 388.00000000000006 14.050000000000002 16.150000000000002 0.88220160189607266 12.65 0.74443451080969758 585.50000000000011 544.50000000000011 27.050000000000004 235.24500000000003 10.550000000000002 7.5000000000000009 0.99140711019144623 -0.048362832084465616 10.950000000000001 333.50000000000006 -0.87878364999916125 30.500000000000004 159.50000000000003 69.500000000000014 358.50000000000006 -0.6360540003681886
decision_type=8 10 10 2 2 2 10 10 8 2 2 2 2 2 2 10 2 10 2 2 2 2 2 10 2 10 10 2 10 2
left_child=1 -1 3 17 24 7 10 -5 9 -4 11 22 18 14 15 25 19 23 -9 -8 21 -21 -6 -2 -3 -14 -13 -24 -15 -19
right_child=2 4 8 5 6 -7 16 12 -10 -11 -12 26 13 28 -16 -17 -18 29 -20 20 -22 -23 27 -25 -26 -27 -28 -29 -30 -31
leaf_value=-1.5581327764169597 0.33284798461690029 -0.87037675841626061 1.5199208878251773 -0.31949564312721462 0.019027509749811884 0.66226310608302341 0.49501814442635178 0.62296203112286153 2.1571233449590963 -0.0089867999289157292 -0.83316274281008418 0.2969972403665645 -0.27029375338973494 0.41437346966629063 0.53960847915509536 -0.27410814209854661 0.6735765227244519 0.2177698112919654 0.34288760908744903 -0.22487567408167891 0.099161977406278079 0.0045149713262946983 -0.52098754868409403 -0.025161499059364587 -0.67250604253724355 0.041785992539821279 -0.14936207042529218 -0.3993892846603137 0.0098715880956302716 0.76121991439729919
leaf_weight=188 34 58 32 69 30 26 23 31 115 23 66 22 32 32 24 23 27 35 43 50 30 37 28 25 59 38 24 20 25 133
leaf_count=188 34 58 32 69 30 26 23 31 115 23 66 22 32 32 24 23 27 35 43 50 30 37 28 25 59 38 24 20 25 133
internal_value=-0.00038489 -0.0125792 0.0105263 0.00661996 -0.00682105 0.00218023 -0.00343575 0.000471698 0.0235088 0.0133929 -0.00848168 -0.00384 0.00337349 0 -0.00483051 -0.00925532 0.00232143 0.0132895 0.0112 -0.000425532 -0.00330508 -0.00784091 -0.00987342 0.0045 -0.0170339 -0.00422535 0.00638298 -0.0159184 0.00982759 0.0163314
internal_weight=1402 662 740 570 474 343 357 317 170 55 190 124 248 174 117 93 167 227 74 140 117 87 78 59 117 70 46 48 57 168
internal_count=1402 662 740 570 474 343 357 317 170 55 190 124 248 174 117 93 167 227 74 140 117 87 78 59 117 70 46 48 57 168
is_linear=0
shrinkage=0.03


Tree=43
num_leaves=31
num_cat=0
split_feature=9 9 8 22 23 0 0 23 13 26 3 27 10 23 1 29 26 14 17 11 0 23 21 8 22 24 10 3 16 24
split_gain=210.342 50.62 47.5111 17.1438 15.7974 11.2322 10.1235 9.78737 8.44906 6.8142 6.74261 5.66301 6.97375 8.11393 7.78474 6.59563 5.65756 8.00284 5.56279 5.50514 5.35749 5.20737 7.02639 5.01427 4.91485 4.88945 4.39682 4.24731 4.22933 4.22387
threshold=83.920000000000002 216.98500000000004 146.78571428571431 1.0000000180025095e-35 20.150000000000002 261.50000000000006 396.50000000000006 11.950000000000001 18.500000000000004 38.550000000000004 319.50000000000006 1.0000000180025095e-35 217.94500000000002 14.950000000000001 159.50000000000003 -0.10837475778693638 33.150000000000013 51.500000000000007 6.4500000000017366 29.500000000000004 148.50000000000003 12.450000000000001 23.750000000000004 252.42857142857147 0.55000000000000016 0.62249093318774806 282.10500000000008 227.50000000000003 228.50000000000003 0.90255091666790854
decision_type=2 2 10 2 2 2 2 2 10 2 10 2 10 2 10 2 2 10 10 2 2 2 2 10 2 2 10 10 10 2
left_child=2 3 20 4 6 11 7 8 -2 19 26 12 13 28 -15 18 17 -9 -13 29 -1 -3 -23 -20 -21 -7 -6 -10 -4 -5
right_child=1 21 5 9 10 25 -8 16 27 -11 -12 15 -14 14 -16 -17 -18 -19 23 24 -22 22 -24 -25 -26 -27 -28 -29 -30 -31
leaf_value=-1.6494979943038621 0.16955333116137353 2.0833325634679487 0.19837033775192067 -0.35370970694142556 -0.57786938612711569 -0.26517965084604267 1.4776174383920653 0.23178451744388409 0.1044358631756728 0.19440341837551683 0.33853658921961138 -0.077785028781385962 0.050772203675946911 0.11582439413002391 -0.69635418873063992 0.028272875139811901 0.32183716096514131 -0.16211810145679351 -1.1449572253196549 -0.77169219845184012 -0.67666180065201198 0.34001109575238159 1.9537105085203958 -0.31604906449553793 -0.099405439087812228 0.46747023916070929 -0.002361703095490668 0.6895356756663451 -0.59304628983347241 0.26560733537185055
leaf_weight=160 35 120 28 35 22 23 39 74 25 20 37 22 25 21 65 21 92 59 95 20 20 29 32 23 28 33 24 118 23 23
leaf_count=160 35 120 28 35 22 23 39 74 25 20 37 22 25 21 65 21 92 59 95 20 20 29 32 23 28 33 24 118 23 23
internal_value=2.15517e-05 0.00957983 -0.0141964 0.00565951 0.00804183 -0.00813158 0.0102935 0.00883663 0.0140782 -0.00425197 -0.00392857 -0.0102778 -0.00625767 -0.00891304 -0.0144828 -0.0142593 0.00464602 0.000671642 -0.0165957 -0.00728972 -0.0268508 0.0235714 0.0159677 -0.0191597 -0.0146939 0.00421053 -0.0114894 0.0172917 0.000576923 -0.00101695
internal_weight=1391 832 559 651 525 379 442 403 178 126 83 323 162 137 86 161 225 133 140 106 180 181 61 118 48 56 46 143 51 58
internal_count=1391 832 559 651 525 379 442 403 178 126 83 323 162 137 86 161 225 133 140 106 180 181 61 118 48 56 46 143 51 58
is_linear=0
shrinkage=0.03


Tree=44
num_leaves=31
num_cat=0
split_feature=9 7 0 9 18 21 0 22 18 5 9 5 9 1 24 15 27 5 5 26 7 1 23 3 23 25 2 24 15 23
split_gain=227.867 46.2298 41.8176 16.4011 11.8628 13.1404 11.7682 9.83623 7.0153 6.80469 7.06867 6.08803 5.85902 5.78198 5.50947 7.59369 11.5742 7.80625 5.49293 5.12547 6.04226 10.0818 5.94708 5.64693 5.08775 4.90288 4.78204 5.85987 5.09524 4.77679
threshold=83.920000000000002 368.33333333333343 131.50000000000003 154.92000000000002 11.750000000000002 26.150000000000002 273.50000000000006 1.0000000180025095e-35 13.65 215.50000000000003 121.67500000000003 296.50000000000006 96.670000000000016 362.50000000000006 -0.82409480842201666 33.500000000000007 0.65000000000000002 238.50000000000003 266.50000000000006 33.050000000000004 177.83333333333334 215.50000000000003 13.050000000000002 245.50000000000003 12.050000000000002 21.450000000000003 234.50000000000003 0.78257835753184646 112.50000000000001 11.950000000000001
decision_type=2 8 2 2 2 2 2 2 2 8 2 10 2 10 2 10 2 10 10 2 10 10 2 10 2 2 10 2 10 2
left_child=2 3 -1 7 -3 29 14 9 -9 10 12 -8 -2 -5 24 16 17 -16 25 22 -21 -22 -17 -23 -4 -11 28 -28 -20 -6
right_child=1 4 6 13 5 -7 11 8 -10 18 -12 -13 -14 -15 15 19 -18 -19 26 20 21 23 -24 -25 -26 -27 27 -29 -30 -31
leaf_value=-1.6000130544747464 0.014015054695113632 1.5917555054215353 -0.17563527244252383 0.59063820008421286 0.71352742079304554 1.3982717075709314 -0.10165135842943726 0.20014426908758082 -0.25391194808954254 0.53823182737069253 0.34417178104855595 0.84433783002271923 -0.43346803291857394 0.06121760739542708 0.36507251220012715 -0.24133470280278488 -0.45666154739137793 -0.27306434315870831 0.079389232075357655 -0.5156083770071328 0.097319294829537162 -1.0648549115095156 -1.1383462014136638 -0.0059499167898044904 -1.0544917441587491 0.045292049443127667 0.43418573755607209 0.1170961428690893 -0.22383017632677479 -0.052657662504899463
leaf_weight=188 25 143 21 122 20 79 26 29 60 33 22 20 28 24 20 21 44 22 20 30 28 21 34 21 70 35 34 90 21 27
leaf_count=188 25 143 21 122 20 79 26 29 60 33 22 20 28 24 20 21 44 22 20 30 28 21 34 21 70 35 34 90 21 27
internal_value=-0.000217549 0.0099631 -0.0148148 0.00490809 0.0201111 0.0132283 -0.00902375 0.00173367 -0.007 0.00427184 -0.00355263 0.00510638 -0.00944444 0.0134694 -0.010991 -0.00855372 -0.00137931 0.00976744 0.00679487 -0.0125 -0.00831683 -0.00338028 -0.0198214 -0.0125581 -0.0172826 0.013913 0.00379518 0.00672 -0.005 0.000625
internal_weight=1378 812 566 543 269 126 378 397 89 308 75 46 53 146 332 241 86 42 233 155 100 70 55 42 91 68 165 124 41 47
internal_count=1378 812 566 543 269 126 378 397 89 308 75 46 53 146 332 241 86 42 233 155 100 70 55 42 91 68 165 124 41 47
is_linear=0
shrinkage=0.03


Tree=45
num_leaves=31
num_cat=0
split_feature=9 7 9 10 8 18 23 4 28 19 25 16 9 23 8 18 25 9 24 10 28 25 6 5 23 21 20 29 24 27
split_gain=204.926 58.1773 32.3807 12.4694 11.8671 11.9579 10.3565 10.9757 9.86699 7.24774 7.3604 7.88669 6.90241 9.22339 6.46518 6.19598 6.4417 6.0581 5.92381 6.94157 6.16167 5.7208 4.84917 11.5152 4.68396 6.61532 4.68135 7.86532 4.56782 4.54274
threshold=106.05000000000001 135.33333333333334 216.98500000000004 309.86500000000007 260.21428571428578 17.150000000000002 10.550000000000002 265.50000000000006 0.42179998225932674 -0.82409480842201666 26.350000000000005 65.500000000000014 61.155000000000008 16.350000000000005 295.50000000000006 11.050000000000002 24.950000000000003 209.44000000000003 -0.70710678118654746 235.24500000000003 0.19337368024598436 24.350000000000005 367.50000000000006 319.50000000000006 11.550000000000002 23.750000000000004 26.750000000000004 -0.099822328936730861 0.89490028524376763 1.7500000000000002
decision_type=2 10 2 10 8 2 2 10 2 2 2 10 2 2 10 2 2 2 2 10 2 2 10 8 2 2 2 2 2 2
left_child=1 -1 3 6 9 8 22 28 -6 12 15 -12 -3 -14 -9 16 -11 -5 -16 -20 -21 -10 23 -2 -4 -26 27 -7 -8 -17
right_child=2 4 24 17 5 26 7 14 21 10 11 -13 13 -15 18 29 -18 -19 19 20 -22 -23 -24 -25 25 -27 -28 -29 -30 -31
leaf_value=-1.5569996705668938 0.45721089967037781 -1.0511186364985736 1.939591434246734 0.61247410635268296 -0.17166267840343721 0.1162952847630008 -0.25021495539325028 0.42232253116623153 0.18958301993777993 0.26608090489926495 0.47393371509063825 -0.12176481641574198 0.048197710336325202 -0.73307862836007476 0.59419670280236458 -0.42587191565335925 -0.19942047779698754 -0.004025236077666818 -0.14283785282611916 0.48576414000394774 -0.057570297378090912 1.0265461762581332 0.69589899330460669 -0.047332308180695289 0.33254857500648055 1.8502487850698977 -0.52896536229775737 -0.83130907643821583 -0.055951223807422817 -1.1680422963914803
leaf_weight=183 28 56 99 189 31 32 29 23 38 21 20 50 31 24 22 147 22 23 41 29 40 26 20 22 34 34 21 21 28 24
leaf_count=183 28 56 99 189 31 32 29 23 38 21 20 50 31 24 22 147 22 23 41 29 40 26 20 22 34 34 21 21 28 24
internal_value=-0.000511001 -0.0112701 0.0116465 0.00775758 -0.00647788 0.000176471 0.00360424 0.00028169 0.0071875 -0.00931818 -0.00673684 0.00169014 -0.0158036 -0.00803571 0.00442308 -0.00948837 0.000681818 0.0132394 0.00180451 -0.00108108 0.00471429 0.0138462 0.0135211 0.00823529 0.0230357 0.0165217 -0.0088 -0.00388889 -0.0108621 -0.0120349
internal_weight=1408 747 661 494 564 169 282 212 95 395 284 70 111 55 155 214 43 212 132 110 69 64 70 50 167 68 74 53 57 171
internal_count=1408 747 661 494 564 169 282 212 95 395 284 70 111 55 155 214 43 212 132 110 69 64 70 50 167 68 74 53 57 171
is_linear=0
shrinkage=0.03


Tree=46
num_leaves=31
num_cat=0
split_feature=9 9 0 7 14 24 10 18 9 4 25 21 18 10 22 24 4 19 18 12 28 24 14 21 29 0 10 6 12 8
split_gain=187.15 50.7985 42.4971 18.3244 11.7338 7.12744 10.3596 8.65576 8.637 8.29313 7.10831 8.94456 10.6764 8.31323 7.44251 14.6796 7.0675 6.93272 6.78979 6.70638 8.53028 6.22976 7.53589 9.75086 6.07706 5.85277 7.11261 6.08031 5.56229 4.88388
threshold=83.920000000000002 216.98500000000004 129.00000000000003 338.50000000000006 159.00000000000003 -0.026175951569892126 217.94500000000002 9.7500000000000018 78.675000000000011 126.50000000000001 7.1500000000000012 37.150000000000013 12.450000000000001 234.66000000000003 1.0000000180025095e-35 0.73724926354828246 208.50000000000003 0.96359376111369366 10.050000000000002 138.50000000000003 0.75014288946266361 0.99535829673000953 47.500000000000007 23.350000000000005 0.36447543099728863 245.50000000000003 125.35000000000001 273.50000000000006 69.500000000000014 131.21428571428575
decision_type=2 2 2 10 8 2 10 2 2 8 2 2 2 10 2 2 10 2 2 10 2 2 10 2 2 2 10 10 10 10
left_child=2 3 29 10 21 7 8 -4 9 -7 -2 12 13 24 15 -14 -8 -17 -15 -13 -21 22 23 -5 -12 26 -11 -28 -24 -1
right_child=1 -3 5 4 -6 6 16 -9 -10 25 11 19 14 18 -16 17 -18 -19 -20 20 -22 -23 28 -25 -26 -27 27 -29 -30 -31
leaf_value=-1.67289349443227 0.74682747727637178 1.5562073953678781 0.16975980571932978 -0.046403906042684184 0.87864975082155716 0.071288798129925654 -0.10972204128956491 -0.63866527243476579 -0.6061009871520151 -0.19609338478178642 0.16183907104290271 0.49852612040794836 0.15639756366613825 -0.015118750843741395 -0.51854843057501565 -0.21559608442069303 0.30400495137269273 -0.098360419337146107 0.57562826024088365 -0.13315910233052364 0.18034284233016365 0.8430606966572054 0.090604554405942395 0.83757378221396461 -0.19530977475879835 0.19631342696806611 -0.47235345173857252 -0.63505694592627437 -0.21488457052038371 -1.1434249149190028
leaf_weight=136 20 158 21 36 100 22 21 142 22 34 34 51 23 27 38 47 30 52 38 21 25 20 32 30 26 20 60 24 21 50
leaf_count=136 20 158 21 36 100 22 21 142 22 34 34 51 23 27 38 47 30 52 38 21 25 20 32 30 26 20 60 24 21 50
internal_value=-0.00158466 0.0078375 -0.0145111 0.00406542 0.010625 -0.00891688 -0.00551282 -0.0137195 -0.00885246 -0.0063354 0.000148883 -0.00078329 -0.00346154 0.00309524 -0.00857143 -0.00487805 0.00634615 -0.0099 0.0104545 0.00704082 -0.0012766 0.00492857 0.00225 0.00895522 -0.00491803 -0.00906475 -0.0115966 -0.0162353 -0.00611111 -0.0263102
internal_weight=1381 799 582 641 239 396 233 163 182 160 402 382 285 125 160 122 51 99 65 97 46 139 119 66 60 138 118 84 53 186
internal_count=1381 799 582 641 239 396 233 163 182 160 402 382 285 125 160 122 51 99 65 97 46 139 119 66 60 138 118 84 53 186
is_linear=0
shrinkage=0.03


Tree=47
num_leaves=31
num_cat=0
split_feature=9 9 0 22 0 23 8 23 26 24 17 27 26 9 7 17 1 8 0 23 23 18 16 19 16 29 3 8 0 7
split_gain=182.585 54.8277 37.2602 15.3461 12.7785 15.2797 9.18141 8.87722 8.87586 8.17633 8.13549 9.99311 7.58062 8.70212 7.45326 7.42282 6.56554 6.29489 6.18595 6.10825 6.055 5.57193 5.26771 5.21893 4.98162 4.88893 11.6247 4.83582 5.4146 5.17798
threshold=83.920000000000002 212.76500000000001 131.50000000000003 1.0000000180025095e-35 384.50000000000006 11.950000000000001 360.07142857142861 11.550000000000002 38.550000000000004 -0.8949002852437673 110.9500000000041 0.65000000000000002 31.550000000000004 54.955000000000005 206.16666666666671 6.4500000000017366 216.50000000000003 156.28571428571431 466.00000000000006 12.65 21.150000000000002 19.150000000000002 149.50000000000003 0.89490028524376763 124.50000000000001 0.79773375822167203 301.50000000000006 260.21428571428578 194.50000000000003 162.16666666666671
decision_type=2 2 2 2 2 2 8 2 2 2 10 2 2 2 10 10 10 10 2 2 2 2 10 2 10 2 10 10 2 10
left_child=2 3 17 4 5 6 -2 -3 21 19 11 23 -12 -14 -7 -13 -16 -1 -9 -4 24 22 -5 -11 -18 26 -26 28 29 -15
right_child=1 7 9 8 -6 14 -8 18 -10 10 12 15 13 27 16 -17 20 -19 -20 -21 -22 -23 -24 -25 25 -27 -28 -29 -30 -31
leaf_value=-1.5720066667111188 0.23407865795770702 1.9136869122274598 -0.21861082092010092 -0.0032357771770460883 1.215365190735084 -0.28861160214320064 0.9024474948454525 0.22539541860593315 0.17493255706025876 0.48526085237991023 -1.039845231229293 0.16466701154774965 -0.69133347603236672 -0.59123950500790101 0.090102644791073203 -1.1034473876199942 0.26459894320622795 -1.1419975949760472 2.4283621985577613 -0.95882086233050523 -0.25707711065818245 0.10858046290057685 -0.3438129351495337 -0.15722057712506568 -0.097302516458253469 -0.11104085031444469 0.44620657592370488 0.10472088443397851 -0.60556595699376248 0.11679364169894625
leaf_weight=150 130 108 20 20 68 28 41 49 23 35 35 21 23 23 26 29 24 37 24 57 31 30 56 22 52 49 59 44 40 25
leaf_count=150 130 108 20 20 68 28 41 49 23 35 35 21 23 23 26 29 24 37 24 57 31 30 56 22 52 49 59 44 40 25
internal_value=-0.000978261 0.00805861 -0.0141459 0.00390282 0.00624754 0.00435374 0.0113372 0.0225824 -0.00530769 -0.00864 -0.00634228 0.000277778 -0.0100524 -0.00711538 -0.000111111 -0.00941176 0.00161157 -0.0250532 0.0141892 -0.0173077 -0.000138889 -0.00897196 -0.0132468 0.0087931 0.00194595 0 0.00348214 -0.00406015 -0.00808989 -0.00122449
internal_weight=1379 818 561 637 508 440 171 181 129 374 297 107 190 155 269 50 241 187 73 77 215 106 76 57 184 160 111 132 88 48
internal_count=1379 818 561 637 508 440 171 181 129 374 297 107 190 155 269 50 241 187 73 77 215 106 76 57 184 160 111 132 88 48
is_linear=0
shrinkage=0.03


Tree=48
num_leaves=31
num_cat=0
split_feature=9 9 0 10 22 19 5 5 2 6 1 17 19 5 0 11 12 7 7 9 11 1 4 7 9 0 3 19 23 9
split_gain=191.459 47.4482 40.3355 18.959 13.0031 11.3798 9.13427 9.33396 8.6658 8.28825 7.87517 9.71617 7.7425 7.65356 6.84338 6.13048 7.51034 6.11061 5.88606 8.70211 5.70455 6.24138 5.30136 5.10622 5.91783 4.95516 4.54116 4.3136 4.12787 4.0195
threshold=83.920000000000002 232.08000000000004 129.00000000000003 301.00000000000006 1.0000000180025095e-35 -0.0087262032186418287 215.50000000000003 247.50000000000003 337.50000000000006 329.50000000000006 204.50000000000003 53.825000000002326 -0.81408451933196946 330.50000000000006 277.50000000000006 29.500000000000004 11.500000000000002 379.83333333333343 257.00000000000006 149.24500000000003 19.500000000000004 171.50000000000003 411.50000000000006 355.50000000000006 191.85000000000002 315.50000000000006 145.00000000000003 0.77159520228797451 16.350000000000005 101.23
decision_type=2 2 2 10 2 2 8 10 10 10 10 10 2 10 2 2 10 10 10 2 2 10 10 10 2 2 10 2 2 2
left_child=2 3 26 4 6 9 28 -8 18 -4 11 -7 -5 -10 27 16 -6 23 29 25 -13 -22 -15 -14 -25 -20 -1 -12 -2 -9
right_child=1 -3 5 12 15 10 7 8 13 -11 14 20 17 22 -16 -17 -18 -19 19 -21 21 -23 -24 24 -26 -27 -28 -29 -30 -31
leaf_value=-1.4999267159479035 -0.01985372073618322 1.8198724302883789 -0.71793948646850703 -0.032031818069174274 -0.45175084221863882 0.40478384186733873 0.48616594004423747 -0.0053210383199922256 0.71702302236342397 0.041839986681705882 -0.017295387446368406 -0.45028845463668005 0.46563466388882202 -0.018723674907458302 0.28205646547278235 -0.57557065796214113 0.27855640628843786 1.0754409023473437 -0.038789399679162666 0.46077598299822081 -0.1074842926958206 0.11995659812689438 0.35152268716264756 -0.11501460056730479 0.37555406441602712 -0.28598870529120629 -1.0157305240951828 -0.67451803945873279 -0.24980897602114366 0.23544263611519511
leaf_weight=142 34 135 149 36 28 23 38 23 30 22 21 27 113 42 22 45 29 72 46 20 28 21 23 27 22 20 41 66 23 23
leaf_count=142 34 135 149 36 28 23 38 23 30 22 21 27 113 42 22 45 29 72 46 20 28 21 23 27 22 20 41 66 23 23
internal_value=-0.000883621 0.00827711 -0.0143872 0.00509353 0.00112941 -0.00876316 0.00408669 0.00642857 0.00407895 -0.0144767 -0.00401914 0.0021 0.0112915 0.0109375 -0.00954545 -0.00815534 -0.00155172 0.0132766 -0.000902256 -0.00551724 -0.00311688 0.003 0.005 0.00993865 0.0018 -0.0107463 -0.0259239 -0.0132955 -0.00672414 0.00765957
internal_weight=1391 829 562 694 424 379 322 265 227 171 208 99 270 95 109 102 57 234 132 86 76 49 65 162 49 66 183 87 57 46
internal_count=1391 829 562 694 424 379 322 265 227 171 208 99 270 95 109 102 57 234 132 86 76 49 65 162 49 66 183 87 57 46
is_linear=0
shrinkage=0.03


Tree=49
num_leaves=31
num_cat=0
split_feature=9 0 9 10 19 17 27 26 5 18 26 18 28 25 16 13 23 14 28 6 4 8 4 0 28 23 27 23 8 27
split_gain=180.595 55.2631 43.6708 14.0842 14.0372 11.7342 11.1471 10.5995 10.347 9.92366 7.62762 8.19902 7.17328 7.04155 5.36954 8.32304 8.20929 6.98811 6.88591 5.12313 8.47124 4.91451 6.19976 4.90156 6.30106 4.87469 4.84816 4.71615 4.61124 4.58854
threshold=98.060000000000016 129.00000000000003 236.94000000000003 311.74500000000006 0.21643137258081221 63.160000000001894 0.45000000000000007 22.150000000000002 199.50000000000003 9.4500000000000011 40.95000000000001 13.550000000000002 0.86113431103781346 7.7500000000000009 161.50000000000003 157.50000000000003 9.9500000000000011 9.5000000000000018 -0.67803021058859214 181.50000000000003 262.50000000000006 360.64285714285717 351.50000000000006 266.50000000000006 0.77788564761185042 15.550000000000002 1.0000000180025095e-35 16.150000000000002 216.92857142857147 0.65000000000000002
decision_type=2 2 2 10 2 10 2 2 8 2 2 2 2 2 10 10 2 10 2 10 10 10 10 2 2 2 2 2 8 2
left_child=1 26 3 8 9 6 -6 13 -2 -3 11 28 -11 -5 17 16 -16 -10 -17 -13 -21 22 23 -18 -25 -22 -1 -4 -7 -14
right_child=2 4 27 7 5 10 -8 -9 14 12 -12 19 29 -15 15 18 21 -19 -20 20 25 -23 -24 24 -26 -27 -28 -29 -30 -31
leaf_value=-0.78252192817611999 -0.44787391541194094 0.22939142009261729 1.8971220950949759 0.30428083087568153 0.42744082972782366 -0.28364883945034847 -0.28956936471366501 0.61719074873971147 0.21661301893227544 -0.68957552003601119 0.15904479019224196 -0.88501289041313791 0.23666866847349396 -0.28309553564993278 0.32915322012364157 0.19395482071820594 0.04123640239947008 0.61639803282120254 0.51997539524351222 0.012712031058260322 -0.084301873590200388 -0.14177489232748058 0.44653818454239286 -0.012252936687688702 -0.51435276926712337 -0.60583859395497308 -1.5248486652313475 0.79863677723703652 0.84296555884515434 -0.5507096184219531
leaf_weight=32 33 23 109 22 34 35 21 196 36 154 27 42 26 22 26 40 25 38 36 51 20 24 21 44 24 37 148 20 22 20
leaf_count=32 33 23 109 22 34 35 21 196 36 154 27 42 26 22 26 40 25 38 36 51 20 24 21 44 24 37 148 20 22 20
internal_value=-0.000681334 -0.0116017 0.00987448 0.00637755 -0.00654971 -0.00217241 0.0101786 0.0119502 0.0025 -0.0121875 -0.00510638 -0.00706731 -0.0143284 -0.00133333 0.00419048 0.0019917 -0.00181818 0.0112 0.0101299 -0.0107285 -0.00715596 -0.0047482 -0.00208696 -0.00542553 -0.00956522 -0.015 -0.0258564 0.0256154 0.00258621 -0.00382979
internal_weight=1408 692 716 587 512 289 55 240 347 223 234 207 200 44 314 240 164 74 76 150 108 138 114 93 68 57 180 129 57 46
internal_count=1408 692 716 587 512 289 55 240 347 223 234 207 200 44 314 240 164 74 76 150 108 138 114 93 68 57 180 129 57 46
is_linear=0
shrinkage=0.03


Tree=50
num_leaves=31
num_cat=0
split_feature=8 9 9 19 11 23 7 28 19 8 10 2 27 1 28 28 14 19 26 18 14 5 3 15 19 23 3 2 25 5
split_gain=157.593 45.217 38.9801 16.756 14.183 15.472 12.7838 10.7668 10.2961 8.95201 8.84407 8.63256 8.51504 11.1016 7.94611 7.79387 7.59215 9.88057 8.62819 7.53589 8.36196 6.83214 6.21034 5.7478 6.05429 5.74755 5.28114 5.09324 5.0687 5.13344
threshold=264.71428571428572 48.605000000000011 236.94000000000003 -0.86159635224327535 213.50000000000003 12.250000000000002 305.83333333333343 -0.108376950152639 -0.82409480842201666 128.00000000000003 138.98000000000005 275.50000000000006 4.1500000000000012 171.50000000000003 -0.57078386445773377 0.80417553764032002 33.500000000000007 0.9426055981926128 36.550000000000004 11.550000000000002 13.500000000000002 192.50000000000003 340.50000000000006 64.500000000000014 0.97988739209073494 16.150000000000002 360.50000000000006 261.50000000000006 27.150000000000002 216.50000000000003
decision_type=8 2 2 2 2 2 10 2 2 10 10 10 2 10 2 2 10 2 2 2 10 10 10 10 2 2 10 10 2 10
left_child=1 9 3 15 5 6 -5 -7 27 -1 14 19 13 -11 -10 22 17 -9 -18 -12 21 -21 -2 -22 28 -4 -19 -3 29 -25
right_child=2 8 25 4 -6 7 -8 16 10 12 11 -13 -14 -15 -16 -17 18 26 -20 20 23 -23 -24 24 -26 -27 -28 -29 -30 -31
leaf_value=-1.5391032052744069 -0.26421324339788271 -0.97103930006559003 1.9761104561416567 -0.040057672124133886 0.66100353344090101 -0.20201360160642592 0.79179283181065152 0.97348357885159142 -0.85893740093892812 0.18403986777807232 0.24413513122689323 -0.56672454866922861 -0.90262984170282379 -1.0309177466226975 -0.21312676082174348 0.13935600780191917 -0.18262095467793754 0.13559808317785865 0.29019345227041582 0.18179473485941969 -0.38364242319293113 -0.089285278263917855 -0.015956299023440011 -0.67182629899750546 0.092081709547848334 0.7663850205369237 -0.13222885609234653 -0.10778407929418989 0.11220829121061797 -0.099364008244868948
leaf_weight=113 33 77 102 45 140 31 101 39 36 27 53 31 27 29 38 25 65 38 41 37 21 34 32 26 30 21 22 21 25 33
leaf_count=113 33 77 102 45 140 31 101 39 36 27 53 31 27 29 38 25 65 38 41 37 21 34 32 26 30 21 22 21 25 33
internal_value=-0.000451937 -0.0111077 0.00908967 0.00597064 0.00803059 0.00501305 0.0126531 0.000253165 -0.00596112 -0.0231472 -0.00361644 -0.00123711 -0.0153571 -0.00842105 -0.0128 -0.00593407 0.00276699 0.0087 -0.00280374 0.000576923 -0.00202899 0.00625 -0.0113636 -0.00639706 -0.00365217 0.0244355 0.000983607 -0.0145455 -0.00776471 -0.0125
internal_weight=1393 658 735 612 522 382 146 236 462 196 364 290 83 56 74 90 205 99 106 259 206 71 65 135 114 123 60 98 84 59
internal_count=1393 658 735 612 522 382 146 236 462 196 364 290 83 56 74 90 205 99 106 259 206 71 65 135 114 123 60 98 84 59
is_linear=0
shrinkage=0.03


Tree=51
num_leaves=31
num_cat=0
split_feature=9 0 0 18 26 18 24 17 26 7 6 2 25 9 24 18 16 10 22 1 22 25 11 13 12 24 0 4 5 26
split_gain=154.589 44.2468 35.6394 17.5386 13.7385 13.5094 14.8817 13.1968 14.4968 11.6939 10.971 9.97881 9.4445 7.63707 7.44144 7.30327 8.37847 9.33375 8.33323 6.74367 5.78224 8.31761 5.3832 7.1166 5.68369 5.32877 4.83944 4.6194 11.0946 7.32
threshold=94.285000000000011 129.00000000000003 333.50000000000006 12.050000000000002 26.350000000000005 10.950000000000001 -0.16504132135358054 68.254999999999981 32.95000000000001 350.16666666666669 437.50000000000006 177.50000000000003 10.850000000000003 232.08000000000004 0.87878364999916148 12.350000000000003 164.50000000000003 234.66000000000003 1.0000000180025095e-35 183.50000000000003 5.8500000000000005 23.850000000000005 108.50000000000001 445.50000000000006 57.500000000000007 0.92384435400961407 312.50000000000006 269.50000000000006 292.50000000000006 39.050000000000004
decision_type=2 2 2 2 2 2 2 10 2 10 8 10 2 2 2 2 10 10 2 10 2 2 2 10 10 2 2 10 10 2
left_child=1 14 10 13 9 11 20 19 -9 -5 15 -3 -11 25 -1 16 -2 -18 27 -8 21 -7 24 -24 -10 -4 -19 29 -29 -17
right_child=2 5 3 4 -6 6 7 8 22 12 -12 -13 -14 -15 -16 18 17 26 -20 -21 -22 -23 23 -25 -26 -27 -28 28 -30 -31
leaf_value=-1.4029301091161743 0.63767136958582427 -0.39763303583029397 0.29784159362104218 0.39553598449777611 0.96698426690931738 -0.0037379599161026533 0.29330296776436438 -0.66303701721453168 -0.01549742441085513 0.10598934282825581 0.42694698461210462 0.3256290893825155 -0.32710393670229648 1.6500411922718945 -0.43386670951859158 -0.19786393619534351 -0.13856621542717504 0.54504222986880557 -0.43891410518101792 -0.014172023552006863 -0.7120090511665631 -0.70380903822293661 0.20784409265259113 -0.12435778068476537 -0.76091439076771461 0.70582632428533254 -0.01835034827988977 0.3318597499844631 -0.048265622441780349 0.18026796496136938
leaf_weight=153 26 26 76 25 121 32 20 63 62 32 25 43 26 105 26 49 35 26 43 26 26 94 27 23 20 49 21 20 59 20
leaf_count=153 26 26 76 25 121 32 20 63 62 32 25 43 26 105 26 49 35 26 43 26 26 94 27 23 20 49 21 20 59 20
internal_value=-0.000707143 -0.0115421 0.0084585 0.014069 0.00760976 -0.00660907 -0.00875635 -0.00409091 -0.0075 -0.00178571 0.000923077 0.00557143 -0.00915254 0.0197403 -0.0241667 -0.0007 0.00550459 0.000722892 -0.00421875 0.0102128 -0.0160784 -0.0132283 -0.00180451 0.00588235 -0.00650602 0.0145238 0.009375 -0.000805369 0.004125 -0.00642857
internal_weight=1399 641 758 434 204 462 393 241 195 83 324 69 58 230 179 299 108 82 191 46 152 126 132 50 82 125 47 148 79 69
internal_count=1399 641 758 434 204 462 393 241 195 83 324 69 58 230 179 299 108 82 191 46 152 126 132 50 82 125 47 148 79 69
is_linear=0
shrinkage=0.03


Tree=52
num_leaves=31
num_cat=0
split_feature=0 0 9 22 9 19 18 23 19 9 8 8 26 12 18 3 12 24 23 7 28 1 7 6 15 23 2 5 0 29
split_gain=157.509 49.116 33.9908 17.2289 12.6385 9.82292 11.6842 8.89061 8.85354 8.09197 7.79444 7.40773 8.27639 6.37074 5.47506 6.03515 5.71002 9.73814 5.31778 5.28438 5.24511 5.15652 5.57833 4.06367 5.88804 4.76975 3.89588 4.5852 3.78844 3.7619
threshold=286.50000000000006 129.00000000000003 216.98500000000004 2.0500000000000003 131.72500000000002 -0.84335933205092484 20.250000000000004 11.550000000000002 -0.82409480842201666 272.03000000000003 156.28571428571431 352.64285714285717 21.450000000000003 14.500000000000002 10.850000000000003 319.50000000000006 2.5000000000000004 0.39873388578253705 12.950000000000001 202.50000000000003 0.67167992559793654 239.50000000000003 224.16666666666671 317.50000000000006 105.50000000000001 15.950000000000001 279.50000000000006 208.50000000000003 330.50000000000006 -0.18493013702746822
decision_type=2 2 2 2 2 2 2 2 2 2 10 10 2 10 2 10 10 2 2 10 2 10 10 10 10 2 10 10 2 2
left_child=1 10 3 5 8 20 11 -4 19 -9 -1 13 -13 -7 18 16 17 -16 -10 -3 -2 22 -18 24 -15 -26 27 -23 -25 -8
right_child=2 4 7 -5 -6 6 29 9 14 -11 -12 12 -14 23 15 -17 21 -19 -20 -21 -22 26 -24 28 25 -27 -28 -29 -30 -31
leaf_value=-1.3608422058426892 -0.15029521355295003 -1.0922257292665414 1.5905009639320957 -0.27201660933827837 0.65145350301234262 -0.12802736293236536 0.16891334895701932 0.31270948594932346 0.27154004137096077 1.5726979177429055 -0.95024518466153884 0.020498400910722692 0.74949565766105586 1.0001557419186462 -0.63912356565140727 0.01897751101973796 -0.29545975069952146 0.33385757748281986 -0.19693943861054308 -0.31310173232317579 0.11893960418700032 -0.77693919399940969 0.17252126884184463 0.27725426932141972 0.35628029722235394 -0.099669423494639198 -0.59078505378939894 -0.023117792544656481 0.56828133641189338 -0.26384518145608521
leaf_weight=149 34 47 96 26 22 39 20 35 35 36 35 25 92 24 21 57 142 22 24 84 23 21 31 32 63 39 33 28 38 21
leaf_count=149 34 47 96 26 22 39 20 35 35 36 35 25 92 24 21 57 142 22 24 84 23 21 31 32 63 39 33 28 38 21
internal_value=-0.00124731 -0.0105718 0.00964286 0.00553459 -0.00617958 0.00691796 0.00860406 0.02125 -0.00708791 0.0129167 -0.024 0.0103683 0.0165254 0.00724576 -0.00491566 -0.00632022 -0.00802676 0.00204545 0.0035 -0.0138636 -0.00465517 -0.00972656 -0.00672414 0.00944162 0.00614173 0.00291262 -0.0159036 -0.0102 0.0152113 -0.00642857
internal_weight=1394 751 643 476 567 450 393 167 545 71 184 352 117 235 414 355 298 43 59 131 57 255 173 196 126 102 82 49 70 41
internal_count=1394 751 643 476 567 450 393 167 545 71 184 352 117 235 414 355 298 43 59 131 57 255 173 196 126 102 82 49 70 41
is_linear=0
shrinkage=0.03


Tree=53
num_leaves=31
num_cat=0
split_feature=9 9 7 13 19 22 9 23 18 24 29 9 23 18 28 6 10 10 10 24 10 22 22 18 21 28 23 9 21 10
split_gain=151.606 35.8132 31.4615 17.309 11.4085 10.8805 11.9065 11.1803 9.65158 8.09738 8.07186 7.60721 7.3013 7.27846 7.72082 7.13562 6.61628 8.34321 5.35036 6.32867 6.71417 5.43432 7.48095 5.00935 4.98924 4.6288 6.73744 6.14821 9.3237 4.62558
threshold=83.920000000000002 212.76500000000001 141.83333333333334 842.50000000000011 -0.49240481012316856 1.0000000180025095e-35 119.78500000000001 20.150000000000002 11.850000000000003 -0.16504132135358054 0.78724360164103002 51.455000000000005 13.450000000000001 10.250000000000002 0.878110924644389 292.50000000000006 245.69000000000003 370.71000000000009 205.46500000000003 0.98321746822993605 148.91000000000003 2.7500000000000004 1.0000000180025095e-35 12.750000000000002 36.750000000000007 -0.12546116083924153 10.850000000000003 126.09500000000001 33.850000000000001 309.86500000000007
decision_type=2 2 10 10 2 2 2 2 2 2 2 2 2 2 2 8 10 10 10 2 10 2 2 2 2 2 2 2 2 10
left_child=2 3 11 5 -5 7 -7 16 -3 13 -10 -1 -13 -4 -15 -9 25 23 19 21 -21 22 24 -18 -11 -2 -27 28 -28 -25
right_child=1 8 9 4 -6 6 -8 15 10 18 -12 12 -14 14 -16 -17 17 -19 -20 20 -22 -23 -24 29 -26 26 27 -29 -30 -31
leaf_value=-1.3500169396674087 -0.18348390444151846 1.2570274840351976 0.036025084224394557 -0.17457776814610895 0.6933014637073347 -0.46353473286714286 0.11443088100808665 -0.19335706732380373 2.6137684824634495 0.0066495491155706072 -0.057809927872054342 0.017308284090869961 -0.98731837627364827 -0.65044544370864699 -0.0058008417568319714 0.038094063435412551 0.55348785565094938 -0.019523054968092025 0.058065683318097708 -0.16713281152452908 -0.62961747373196353 -1.0758010412317656 0.24979832936385946 0.034873548244588048 -0.43343227772309462 0.37475051950632576 -0.23475677074896209 0.26795857222081876 0.081067125555306915 0.64705374335517574
leaf_weight=143 38 127 24 20 63 51 56 38 22 43 27 21 35 106 27 32 93 42 54 23 24 22 29 65 20 31 34 24 21 38
leaf_count=143 38 127 24 20 63 51 56 38 22 43 27 21 35 106 27 32 93 42 54 23 24 22 29 65 20 31 34 24 21 38
internal_value=-0.000882353 0.0073633 -0.0127448 0.00408037 0.0167857 0.00218085 -0.00638889 0.00420131 0.019322 -0.00756032 0.0078 -0.02235 -0.0126316 -0.0127215 -0.0154478 -0.00676056 0.00620155 0.0092887 -0.00375 -0.00648148 -0.015625 -0.0026087 0.000645161 0.0118782 -0.00515625 0.00120805 0.00432432 -0.000375 -0.00589286 0.00721154
internal_weight=1393 822 571 646 83 563 107 456 176 372 49 199 56 157 133 70 386 238 215 161 47 114 92 196 63 148 110 79 55 103
internal_count=1393 822 571 646 83 563 107 456 176 372 49 199 56 157 133 70 386 238 215 161 47 114 92 196 63 148 110 79 55 103
is_linear=0
shrinkage=0.03


Tree=54
num_leaves=31
num_cat=0
split_feature=9 0 9 22 2 23 29 18 0 18 24 4 3 9 7 23 9 14 23 25 16 29 19 10 10 1 10 7 16 5
split_gain=149.927 43.7423 40.2107 17.4267 15.5072 7.83473 9.17642 9.59916 7.72183 8.60286 8.13727 9.88532 7.69923 7.21154 11.1879 7.21119 6.34335 7.36364 6.33455 9.21828 7.49836 6.17761 5.5344 5.02524 5.98476 6.03939 6.04411 4.87013 4.77141 4.61318
threshold=83.920000000000002 129.00000000000003 243.41500000000005 1.0000000180025095e-35 305.50000000000006 11.850000000000003 0.80798785254895478 12.450000000000001 277.50000000000006 9.9500000000000011 -0.4067366430758001 123.50000000000001 302.50000000000006 89.435000000000016 204.83333333333334 19.250000000000004 135.26000000000002 34.500000000000007 19.050000000000004 22.650000000000002 226.50000000000003 0.5475998096715059 0.76037701167087512 125.35000000000001 217.94500000000002 208.50000000000003 170.13000000000002 356.66666666666669 103.50000000000001 119.50000000000001
decision_type=2 2 2 2 10 2 2 2 2 2 2 10 10 2 10 2 2 8 2 2 10 2 2 10 10 10 10 10 10 10
left_child=1 29 3 4 13 -6 12 -8 9 -3 -11 -12 -7 -2 -15 16 -5 -18 20 -20 28 -22 -10 -13 25 26 -25 -9 -16 -1
right_child=2 8 -4 15 5 6 7 27 22 10 11 23 -14 14 18 -17 17 -19 19 -21 21 -23 -24 24 -26 -27 -28 -29 -30 -31
leaf_value=-1.3506513325332152 0.20277506676367466 0.064393591654188925 1.6318242340285416 -0.46999890250874299 0.56522967407870961 -0.047554956408002336 0.19896397547725655 -0.038118619526892134 -0.059760102194135099 -0.54444254234093215 0.1187056078904186 0.07449781875997899 0.69434787717740842 -0.35875151205855627 0.26196674714859769 0.16742350945920917 0.59184754621187829 -0.096829998413857074 -0.28956583505519573 0.075113909844101837 0.23274053585676086 -0.058482116997596166 0.46575046898486561 -0.31539847712694463 0.011481780619537005 -0.79281534427343181 0.12217876035908944 -0.31443976572259713 0.59288551877784412 -0.91844266055201584
leaf_weight=118 21 39 118 58 147 26 32 20 20 122 24 36 96 24 22 32 21 21 25 23 62 36 22 28 29 48 25 21 34 74
leaf_count=118 21 39 118 58 147 26 32 20 20 122 24 36 96 24 22 32 21 21 25 23 62 36 22 28 29 48 25 21 34 74
internal_value=-0.000589474 -0.0122355 0.00753571 0.0048615 0.0070678 0.0111953 0.00719388 -0.00121622 -0.00647208 -0.00792614 -0.00958466 -0.00565445 0.0121951 0.00133065 -0.000264317 -0.00496241 -0.00891089 0 0.00206897 -0.00734694 0.00503226 0 0.0055814 -0.00826347 -0.0109924 -0.0144118 -0.00722222 -0.0107143 0.0136842 -0.0239378
internal_weight=1424 585 839 721 589 342 195 73 393 351 312 190 122 247 226 132 100 42 202 48 154 98 42 166 130 101 53 41 56 192
internal_count=1424 585 839 721 589 342 195 73 393 351 312 190 122 247 226 132 100 42 202 48 154 98 42 166 130 101 53 41 56 192
is_linear=0
shrinkage=0.03


Tree=55
num_leaves=31
num_cat=0
split_feature=9 0 0 27 23 6 19 2 26 5 27 17 26 19 11 3 22 3 18 15 27 26 3 4 8 4 5 20 23 8
split_gain=120.758 43.1576 32.8631 14.8534 14.2192 11.3835 10.4494 8.21702 7.316 7.25145 8.02083 7.12061 6.85703 7.05054 8.39582 7.562 7.25926 6.44425 5.74785 6.34861 12.6433 5.68432 5.61898 6.70563 5.73898 5.47003 5.46587 5.21441 5.16865 4.95673
threshold=83.920000000000002 129.00000000000003 384.50000000000006 1.0000000180025095e-35 12.65 189.50000000000003 -0.82409480842201666 352.50000000000006 22.350000000000005 119.50000000000001 0.25000000000000006 313.99500000000182 38.850000000000001 0.96359376111369366 14.500000000000002 362.50000000000006 0.55000000000000016 301.50000000000006 10.950000000000001 34.500000000000007 1.0500000000000003 32.95000000000001 352.50000000000006 389.50000000000006 254.78571428571431 239.50000000000003 296.50000000000006 22.050000000000004 10.550000000000002 203.78571428571431
decision_type=2 2 2 2 2 8 2 10 2 10 2 10 2 2 2 10 2 8 2 10 2 2 10 10 10 10 10 2 2 10
left_child=1 9 4 7 5 -2 26 -4 -7 -1 -11 -10 13 14 16 17 -6 -15 -8 20 29 -21 24 -24 -16 -14 28 -23 -3 -20
right_child=2 6 3 -5 12 8 18 -9 11 10 -12 -13 25 15 22 -17 -18 -19 19 21 -22 27 23 -25 -26 -27 -28 -29 -30 -31
leaf_value=-1.2989968915013905 -0.27697372681481142 -0.074101681150336551 0.66435318995083692 -0.073723818262667468 0.21173078911941928 0.053304636337787197 0.0624617839045635 1.3633708162485587 -0.03970982225428088 -0.045111615988763842 -1.0426425750851651 0.55906832218861036 -0.018963204370873541 0.029357562421790814 -0.098309957391451236 -0.22310727705430677 -0.43510860274480079 0.47390826633601674 0.57348517164276458 -0.47217492547708828 -0.45316615351378431 0.10257336259696387 0.85492387367708622 -0.11861353426324399 -0.31984004134731209 0.26064807811880625 -0.062064534430922434 -0.11352291663625834 -0.93450978941807761 0.044687153086518237
leaf_weight=116 21 20 50 28 32 61 39 154 25 22 47 144 27 37 45 31 21 30 24 48 26 21 20 21 53 45 27 93 70 24
leaf_count=116 21 20 50 28 32 61 39 154 25 22 47 144 27 37 45 31 21 30 24 48 26 21 20 21 53 45 27 93 70 24
internal_value=-0.000590302 -0.0111592 0.00663121 0.0162232 0.00298046 0.00845238 -0.00549618 0.0190244 0.0103896 -0.0230645 -0.015 0.0135882 -0.000826446 -0.0028866 -0.00621762 0.00363636 0.00388889 0.00926471 -0.00228261 -0.00405063 0.0032 -0.00736196 -0.0100714 -0.000714286 -0.0139394 0.00739726 -0.0129661 -0.00365217 -0.0164835 0.0122449
internal_weight=1422 577 845 232 613 251 392 204 230 185 69 169 362 290 192 98 53 67 275 236 74 162 139 41 98 72 117 114 90 48
internal_count=1422 577 845 232 613 251 392 204 230 185 69 169 362 290 192 98 53 67 275 236 74 162 139 41 98 72 117 114 90 48
is_linear=0
shrinkage=0.03


Tree=56
num_leaves=31
num_cat=0
split_feature=9 0 9 20 22 1 23 26 26 20 13 26 0 20 11 17 11 11 14 10 1 23 15 19 9 6 0 15 26 11
split_gain=120.31 57.984 27.9959 12.6901 13.1372 11.9115 11.1728 9.61948 8.11155 9.91959 9.1745 9.97829 8.08107 7.7236 7.65642 8.62965 7.4674 7.64642 9.60781 7.41576 6.25857 9.82584 6.00154 5.93818 5.93519 6.46759 5.62897 5.25504 5.09524 5.07397
threshold=119.78500000000001 118.50000000000001 262.96500000000009 28.750000000000004 5.6500000000000012 351.50000000000006 11.350000000000003 32.550000000000004 29.950000000000003 11.750000000000002 362.50000000000006 40.850000000000001 368.50000000000006 17.350000000000005 234.00000000000003 964.25000000000193 213.50000000000003 29.500000000000004 35.500000000000007 367.59500000000008 150.50000000000003 16.350000000000005 27.500000000000004 0.97625883275952063 42.795000000000009 90.500000000000014 207.50000000000003 7.5000000000000009 32.850000000000001 565.00000000000011
decision_type=2 2 2 2 2 10 2 2 2 2 10 2 2 2 2 10 2 2 10 10 10 2 10 2 2 10 2 10 2 2
left_child=1 24 6 4 5 8 -2 13 9 -3 11 16 -9 14 15 19 17 18 20 23 -10 22 28 -8 -1 -26 -23 -6 -22 -12
right_child=2 3 -4 -5 27 -7 7 12 10 -11 29 -13 -14 -15 -16 -17 -18 -19 -20 -21 21 26 -24 -25 25 -27 -28 -29 -30 -31
leaf_value=-1.290026984756349 0.50526296973114682 0.10523946233398533 2.0061421778423889 -0.84619106987057335 -0.45965651956391013 0.80364924147229944 0.23050569113133035 0.0097202146340572421 0.070175095636758153 -0.70580803601866493 -0.41230124582209782 0.61813493342323655 1.4504284738607236 -0.85144985172364751 0.50178368593347844 -0.25478892587688962 0.21914124391896792 -0.27950371619206221 0.36136263858381878 -0.067255055701639324 0.1019793472946013 -0.84321153008931427 0.16304975589090021 -0.034339826125020068 -1.0214517155991609 -0.18746031849669351 -0.040408121523113037 -0.67994545751696955 -0.24882795938801619 -0.054053872321663615
leaf_weight=110 172 39 87 46 34 44 80 41 39 72 25 24 46 20 22 21 25 112 24 29 20 20 39 41 23 26 35 33 21 27
leaf_count=110 172 39 87 46 34 44 80 41 39 72 25 24 46 20 22 21 25 112 24 29 20 20 39 41 23 26 35 33 21 27
internal_value=-0.000751073 -0.00793802 0.0100179 -0.00410294 -0.00298107 -0.00148148 0.00710359 0.00358804 -0.00275335 -0.00991071 -0.000800971 0.000916667 0.0119318 0.000140187 0.00201031 -0.000174419 -0.000446429 -0.00173633 0.00180905 0.00238411 -0.000685714 -0.00375 0.00296296 0.00565574 -0.0241875 -0.015 -0.0133929 -0.0154412 -0.005 -0.0124528
internal_weight=1397 838 559 679 633 566 472 300 522 111 411 359 87 213 193 171 335 310 198 150 174 135 80 121 159 49 55 67 41 52
internal_count=1397 838 559 679 633 566 472 300 522 111 411 359 87 213 193 171 335 310 198 150 174 135 80 121 159 49 55 67 41 52
is_linear=0
shrinkage=0.03


Tree=57
num_leaves=31
num_cat=0
split_feature=9 0 0 23 19 11 0 10 16 25 18 20 10 0 28 28 24 9 5 26 20 1 1 13 1 10 12 24 19 15
split_gain=118.733 43.8678 26.1636 15.4109 13.1142 10.6005 7.91651 7.64587 6.78943 6.39805 7.46885 7.31491 6.96448 7.31821 6.76603 6.34395 6.12223 6.11842 6.38467 6.08244 7.34054 6.96432 7.7524 6.13116 5.91309 5.78836 9.00414 5.53746 4.80791 5.51361
threshold=111.98500000000001 118.50000000000001 468.50000000000006 11.450000000000001 -0.82409480842201666 213.50000000000003 366.50000000000006 291.09000000000009 728.50000000000011 26.350000000000005 13.15 25.350000000000005 170.13000000000002 197.50000000000003 0.878110924644389 0.93237596376505805 -0.87878364999916125 42.795000000000009 111.50000000000001 36.750000000000007 16.150000000000002 371.50000000000006 334.50000000000006 38.500000000000007 254.50000000000003 254.45000000000002 49.500000000000007 0.90255091666790854 0.99140711019144623 114.50000000000001
decision_type=2 2 2 2 2 2 2 10 10 2 2 2 10 2 2 2 2 2 10 2 2 10 10 10 10 10 10 2 2 10
left_child=1 17 3 25 16 8 -7 9 19 10 15 12 14 -14 -12 -6 -3 -1 -19 20 21 22 28 -23 -15 26 -2 -11 29 -5
right_child=2 4 -4 5 7 6 -8 -9 -10 27 11 -13 13 24 -16 -17 -18 18 -20 -21 -22 23 -24 -25 -26 -27 -28 -29 -30 -31
leaf_value=-1.2513261752136589 0.3223852306606409 -0.76358544140977247 2.4745172112848111 0.36958900302783232 -0.12050923464906077 0.041921455607828478 1.0721004532689347 0.68832671347505503 -0.23305125095502033 -0.018924875688528856 -0.66576349789559253 -0.54723798331908613 0.18152118021537772 -0.26899126528386036 -0.2689572530128328 0.23204926661596062 -0.234455076916459 -0.98242525889190402 -0.1275883893276685 0.7079820135675442 -0.3132837195652331 -0.16818144682195338 0.31693356942907713 0.22889925372087305 0.067484561704562226 0.69280496301877115 -0.11306948102912087 0.16723826239539363 -0.18140828308375914 -0.040448292939722422
leaf_weight=103 25 77 64 34 85 46 45 30 25 65 38 50 23 40 39 33 72 29 21 35 31 28 26 27 42 170 20 25 24 24
leaf_count=103 25 77 64 34 85 46 45 30 25 65 38 50 23 40 39 33 72 29 21 35 31 28 26 27 42 170 20 25 24 24
internal_value=-0.000987831 -0.00884864 0.008736 0.00663102 -0.00527419 0.00268786 0.011413 -0.00280255 -0.000470588 -0.00380952 -0.00564103 -0.00875536 -0.00590164 -0.000849057 -0.0126923 0.000504202 -0.013 -0.0231818 -0.0141176 0.00117391 -0.000923077 0.00164634 0.00605505 -0.00696429 -0.00506024 0.0129167 0.00326087 0.0032967 0.00144578 0.00610169
internal_weight=1396 772 624 560 619 345 91 470 254 440 350 232 182 105 77 118 149 153 50 229 194 163 108 55 82 215 45 90 82 58
internal_count=1396 772 624 560 619 345 91 470 254 440 350 232 182 105 77 118 149 153 50 229 194 163 108 55 82 215 45 90 82 58
is_linear=0
shrinkage=0.03


Tree=58
num_leaves=31
num_cat=0
split_feature=9 0 0 18 24 18 2 6 16 19 10 28 14 4 28 19 23 4 1 15 26 18 19 20 27 6 0 18 4 8
split_gain=130.082 45.6182 24.6365 14.0572 12.8277 9.7486 14.2172 9.72788 7.48153 7.31703 7.76417 9.27797 7.44792 7.38059 6.5507 6.42377 8.62164 12.0115 7.40081 6.14668 9.9456 6.01426 5.95873 7.44438 5.57674 7.67048 4.78967 5.62664 4.65581 5.37616
threshold=83.920000000000002 129.00000000000003 454.50000000000006 12.950000000000001 -0.33379414889141251 12.750000000000002 179.50000000000003 189.50000000000003 8644.5000000000018 -0.96811077628253217 302.06000000000006 0.79383249484937135 57.500000000000007 289.50000000000006 0.878110924644389 0.99687937417578498 11.250000000000002 217.50000000000003 289.50000000000006 36.500000000000007 31.850000000000005 16.450000000000003 0.96359376111369366 20.650000000000002 0.75000000000000011 246.50000000000003 106.50000000000001 13.550000000000002 333.50000000000006 354.50000000000006
decision_type=2 2 2 2 2 2 10 10 8 2 10 2 10 10 2 2 2 10 10 10 2 2 2 2 2 10 2 2 10 10
left_child=1 26 3 7 5 6 -3 -2 9 -5 13 12 -12 22 -7 16 28 -18 -19 24 -21 -14 23 -11 25 -6 -1 -28 -9 -30
right_child=2 4 -4 8 19 14 -8 15 -10 10 11 -13 21 -15 -16 -17 17 18 -20 20 -22 -23 -24 -25 -26 -27 27 -29 29 -31
leaf_value=-1.2737863899572495 -0.079013852223725395 -0.73554980042472773 1.8717223961685732 -0.24750633228359561 0.43292735418535755 -0.6616694583427013 0.25449187511038046 0.53938968074397076 0.65357673195028099 -0.76157614162568688 0.57379649010545108 1.1251642078485098 0.56819731045098076 0.044890063104868712 -0.032897577472959939 0.70768275854567209 -0.22793547971198536 0.50176439195416522 0.14193315711044704 -0.62108184507886788 -0.027565028146191252 -0.28912342694823168 0.034323000142864539 -0.33965188000907742 -0.7258798980483181 -0.28511758333748077 -0.35457552200428494 -0.73368821492093128 -0.15991078838697007 0.85585656773684493
leaf_weight=123 33 20 69 28 29 89 28 60 27 24 27 37 26 138 22 40 20 28 97 34 112 23 36 39 23 20 21 40 24 65
leaf_count=123 33 20 69 28 29 89 28 60 27 24 27 37 26 138 22 40 20 28 97 34 112 23 36 39 23 20 21 40 24 65
internal_value=-0.000940841 -0.0121174 0.00652019 0.00496766 -0.00611111 -0.0125625 -0.00122449 0.00921196 0.00110837 0 0.00119658 0.00763158 0.00155844 -0.00189076 -0.0174107 0.0107463 0.00915254 0.00390411 0.00738095 -0.00136986 -0.00489796 -0.0054 -0.0081 -0.0135937 0.00575342 0.0114 -0.0243243 -0.0169355 0.0142 0.00966667
internal_weight=1402 561 841 772 377 159 48 367 405 378 350 113 76 237 111 334 294 145 125 218 146 49 99 63 72 49 184 61 149 89
internal_count=1402 561 841 772 377 159 48 367 405 378 350 113 76 237 111 334 294 145 125 218 146 49 99 63 72 49 184 61 149 89
is_linear=0
shrinkage=0.03


Tree=59
num_leaves=31
num_cat=0
split_feature=0 0 10 14 23 18 9 25 19 7 18 27 16 7 4 24 3 4 5 8 24 18 20 2 14 23 5 9 26 4
split_gain=117.992 49.9392 24.9685 16.0143 12.4946 7.89549 7.3247 6.70563 6.56686 6.39254 6.06941 8.04098 7.89379 7.72797 5.42113 9.9954 10.7782 7.56339 6.19402 5.824 5.34809 5.1205 5.99491 5.09559 4.99134 4.79681 5.2432 5.31299 7.98792 8.19994
threshold=265.50000000000006 118.50000000000001 446.84000000000003 142.00000000000003 11.450000000000001 17.450000000000003 109.95 24.650000000000002 -0.95368063612909437 296.33333333333343 10.350000000000003 3.2500000000000004 65.500000000000014 181.16666666666671 268.50000000000006 0.80382625221112025 360.50000000000006 327.50000000000006 189.50000000000003 264.71428571428572 -0.62249093318774784 9.9500000000000011 9.9500000000000011 396.50000000000006 44.500000000000007 10.050000000000002 140.50000000000003 56.415000000000013 29.050000000000004 262.50000000000006
decision_type=2 2 10 10 2 2 2 2 2 10 2 2 10 10 10 2 10 10 8 10 2 2 2 10 10 2 10 2 2 10
left_child=1 -1 3 4 9 20 10 -7 -6 -2 -3 12 -12 -13 18 -16 17 -17 -10 -20 -5 -11 -23 -18 -24 -14 -27 -28 -29 -30
right_child=2 6 -4 5 8 7 -8 -9 14 21 11 13 25 -15 15 16 23 -19 19 -21 -22 22 24 -25 -26 26 27 28 29 -31
leaf_value=-1.1704958623336548 -0.076785926574002586 0.027473211570496685 2.1094980665844489 0.16588695214534369 -0.20192196130145418 -0.3263986801503499 0.035303815410958346 0.33977622104454214 0.14990941813035505 0.10438739624830531 0.044456063719413803 -0.83197604174655715 0.078739398727688578 -0.39556214080912311 0.59778394301534321 -0.022415710993870446 -0.19038999917772059 0.45272450307798634 -0.29796581116539383 -0.10233809976835516 0.80548811423847066 0.67112906657266935 0.87347045345606822 0.015976261160984676 -0.039980780691028027 -0.52500721525641836 -0.72236021156570929 -0.73333106240787893 0.035599333004854829 -0.24225608007008162
leaf_weight=160 31 63 73 30 23 20 29 21 22 38 62 28 24 32 48 39 33 43 34 36 132 44 21 22 20 25 40 46 87 77
leaf_count=160 31 63 73 30 23 20 29 21 22 38 62 28 24 32 48 39 33 43 34 36 132 44 21 22 20 25 40 46 87 77
internal_value=-0.000961538 -0.0100148 0.00738714 0.00551672 0.00237363 0.0125 -0.00542802 0.000714286 -0.00119601 0.00929032 -0.00630928 -0.00760664 -0.00588398 -0.0177049 0.000107914 0.00306452 -0.00108696 0.00578313 -0.00580645 -0.0101408 0.0154601 0.0123387 0.0163953 -0.01125 0.00785714 -0.0079 -0.00902174 -0.0076494 -0.0056872 -0.00254545
internal_weight=1403 673 730 657 454 203 513 41 300 154 484 421 361 60 277 185 137 82 92 70 162 123 85 55 41 299 275 250 210 164
internal_count=1403 673 730 657 454 203 513 41 300 154 484 421 361 60 277 185 137 82 92 70 162 123 85 55 41 299 275 250 210 164
is_linear=0
shrinkage=0.03


Tree=60
num_leaves=31
num_cat=0
split_feature=0 0 10 27 22 12 12 19 6 23 28 7 4 11 18 28 18 22 23 26 11 11 23 0 29 17 12 15 23 11
split_gain=116.085 50.1122 23.963 14.5868 13.3887 9.75566 8.62871 15.0218 9.89629 9.65161 9.70089 8.76853 8.07806 7.88197 7.06958 6.53672 8.3252 6.41243 6.33024 6.97004 8.58661 8.90479 6.294 5.90335 8.45441 5.66416 5.49392 7.97357 7.09407 5.37803
threshold=286.50000000000006 118.50000000000001 446.84000000000003 1.1500000000000001 2.0500000000000003 1.5000000000000002 234.00000000000003 -0.4067366430758001 310.50000000000006 12.250000000000002 0.42179998225932674 296.33333333333343 356.50000000000006 44.500000000000007 11.15 -0.71504373327588355 11.850000000000003 1.0000000180025095e-35 10.950000000000001 38.850000000000001 430.50000000000006 54.500000000000007 16.750000000000004 326.50000000000006 -0.23537842981696178 579.60000000000241 27.500000000000004 36.500000000000007 16.150000000000002 30.500000000000004
decision_type=2 2 10 2 2 10 10 2 10 2 2 10 10 2 2 2 2 2 2 2 2 2 2 2 2 10 10 10 2 2
left_child=1 14 4 5 6 -3 9 12 -9 11 13 -2 -8 -11 -1 -5 -17 -18 -7 20 21 26 -21 25 -25 -12 27 -20 -28 -26
right_child=2 3 -4 15 -6 18 7 8 -10 10 23 -13 -14 -15 -16 16 17 -19 19 22 -22 -23 -24 24 29 -27 28 -29 -30 -31
leaf_value=-0.56931294744213645 -0.20065592434125051 0.21892242537601417 1.8662131245869165 -1.3766580524924215 -0.1958643024624098 0.103187459640599 0.35206761486977228 0.41697664402900614 0.8876002439195565 0.021167904798749075 0.15717484793534481 0.42686590826143173 -0.34773930846799772 -0.24630537842900138 -1.145879027193109 0.057477119163854264 -0.0049548050596740717 -0.78705549892876825 -0.015748610542112119 -0.09742401134673756 0.19935569814169851 -0.64841571776612339 0.062452380723664186 1.1942421364196707 0.28623307082147392 -0.14005758854473582 0.046783571199768802 -0.41596237249003221 -0.83297554771001725 -0.15442094634127954
leaf_weight=30 25 31 73 25 29 72 22 53 73 39 36 141 21 41 134 30 25 67 52 30 20 63 50 23 23 24 37 71 27 21
leaf_count=30 25 31 73 25 29 72 22 53 73 39 36 141 21 41 134 30 25 67 52 30 20 63 50 23 23 24 37 71 27 21
internal_value=-0.000723918 -0.00862745 0.00865116 -0.00459235 0.00655594 -0.0019163 0.00762431 0.0132353 0.0184252 0.00505348 0.000721154 0.0104192 -0.00204545 -0.00740741 -0.0232727 -0.0127703 -0.0097561 -0.0141935 -0.00312057 -0.00478632 -0.00708487 -0.00860558 0.00296296 0.00585938 0.0119118 -0.000983607 -0.00526596 -0.00895161 0.00184615 0.004
internal_weight=1408 764 644 600 571 453 542 169 126 373 207 166 43 80 164 147 122 92 422 350 270 250 80 127 67 60 187 123 64 44
internal_count=1408 764 644 600 571 453 542 169 126 373 207 166 43 80 164 147 122 92 422 350 270 250 80 127 67 60 187 123 64 44
is_linear=0
shrinkage=0.03


Tree=61
num_leaves=31
num_cat=0
split_feature=9 0 2 0 23 26 22 22 18 29 25 7 18 27 1 18 0 1 18 11 20 13 5 26 11 5 24 4 24 9
split_gain=111.191 34.0423 27.4616 15.9262 12.0252 10.9933 10.5586 9.44492 8.89068 13.258 12.5372 9.06656 8.90251 7.31188 6.43706 5.86927 5.46481 5.93587 6.55037 5.46187 5.4364 5.39975 5.16114 4.59838 4.52747 4.83407 4.799 4.18562 3.7346 5.11137
threshold=83.920000000000002 118.50000000000001 365.50000000000006 455.50000000000006 15.950000000000001 38.45000000000001 5.6500000000000012 1.0000000180025095e-35 12.450000000000001 0.69521084835931835 8.9500000000000011 400.50000000000006 16.850000000000005 2.7500000000000004 116.50000000000001 20.150000000000002 266.50000000000006 269.50000000000006 18.450000000000003 13.500000000000002 26.350000000000005 45.500000000000007 370.50000000000006 21.550000000000004 1660.5000000000002 389.50000000000006 0.76037701167087512 221.50000000000003 -0.81408451933196946 65.265000000000015
decision_type=2 2 10 2 2 2 2 2 2 2 2 10 2 2 10 2 2 10 2 2 2 8 10 2 2 8 2 10 2 2
left_child=1 14 4 8 7 19 13 24 23 12 -11 -12 -10 15 -1 16 17 18 -3 -6 -7 -9 -21 -4 25 26 -2 -15 -17 -30
right_child=2 6 3 -5 5 20 -8 21 9 10 11 -13 -14 27 -16 28 -18 -19 -20 22 -22 -23 -24 -25 -26 -27 -28 -29 29 -31
leaf_value=-1.0952026107351025 0.2435385769251775 -0.04354299510999482 0.19097387452293446 2.2248586873260687 0.014667421255891213 0.38222211321350186 -0.59678795633330028 0.14279217124082152 1.0160173221318711 0.41839769823794115 -0.0066422990551853901 -0.35003667613183492 0.16888877181601769 -0.58073062410418064 -0.66264872173106393 -0.81663560488461373 0.55515172691268155 -0.63114539598516517 0.16319554921528806 -0.30839894615008173 -0.0097560187638703159 -0.23891621707613181 0.055407537113724738 0.98429771676734723 -0.035947666667262013 0.72202067392090041 0.14680889561061689 -0.0503058478968137 0.072498740183950472 -0.66156673794947751
leaf_weight=120 81 151 33 58 31 33 61 28 31 22 23 20 28 31 36 21 25 28 24 87 23 21 23 83 24 38 151 21 22 27
leaf_count=120 81 151 33 58 31 33 61 28 31 22 23 20 28 31 36 21 25 28 24 87 23 21 23 83 24 38 151 21 22 27
internal_value=-0.000789474 -0.0110387 0.00615018 0.0134448 0.00210721 -0.00378788 -0.00648058 0.00549419 0.00995851 0.00432 -0.005 -0.0143182 0.0145 -0.00444444 -0.0229299 -0.0026087 -0.000262009 -0.00191176 0.000170455 -0.00823944 0.00736842 -0.0066 -0.0113514 0.0158974 0.00752542 0.00863469 0.00695279 -0.014717 -0.0101408 -0.0054
internal_weight=1405 567 838 298 540 197 411 343 240 124 65 43 59 350 156 298 228 203 175 141 56 49 110 116 294 270 232 52 70 49
internal_count=1405 567 838 298 540 197 411 343 240 124 65 43 59 350 156 298 228 203 175 141 56 49 110 116 294 270 232 52 70 49
is_linear=0
shrinkage=0.03


Tree=62
num_leaves=31
num_cat=0
split_feature=0 0 10 13 22 20 27 29 0 18 9 14 18 11 17 17 9 1 0 15 22 0 25 26 9 1 10 6 6 14
split_gain=97.571 55.3137 22.0141 13.3021 10.7321 10.4492 8.4943 8.74243 8.3425 9.23438 8.24568 7.87879 6.23847 7.69338 6.03534 5.92647 5.92687 8.49907 8.10525 7.69255 8.08578 5.95421 7.53715 8.83615 6.40513 5.31174 11.1595 5.16564 5.01598 6.85241
threshold=118.50000000000001 333.50000000000006 446.84000000000003 17.500000000000004 5.6500000000000012 29.550000000000004 1.0000000180025095e-35 0.80798785254895478 92.500000000000014 11.15 168.84500000000003 56.500000000000007 12.050000000000002 54.500000000000007 11.180000000003639 6.4500000000017366 53.025000000000006 145.00000000000003 167.50000000000003 68.500000000000014 0.95000000000000007 317.50000000000006 10.950000000000001 29.350000000000005 115.13500000000001 183.50000000000003 150.28500000000003 345.50000000000006 319.50000000000006 675.00000000000011
decision_type=2 2 10 10 2 2 2 2 2 2 2 10 2 2 10 10 2 10 2 10 2 2 2 2 2 10 10 10 10 10
left_child=8 4 3 -3 5 10 7 28 -1 -10 15 -8 27 -14 -6 -2 19 -18 -19 20 -17 22 -20 24 -24 -25 -27 -9 29 -5
right_child=1 2 -4 6 14 -7 11 12 9 -11 -12 -13 13 -15 -16 16 17 18 21 -21 -22 -23 23 25 -26 26 -28 -29 -30 -31
leaf_value=-1.5832254732506761 0.14908417551411277 -0.098831179791111765 1.8658224639809906 0.71874733470220831 -0.13580930057168955 -0.81493065175501345 0.10242158915819174 0.833628061272361 0.066574972672671318 -0.64276926007913182 0.62208564090549856 -0.21623855906009112 0.53097834020168244 -0.27941914608827145 -0.67853442568055622 0.13317648227333506 -0.41808367003807501 0.24969059963763299 0.15798079452667649 -1.0030079403906969 -0.56330870538105526 -0.11644113106248966 -0.57489771174133175 -0.21346307834760067 0.0079059361519506401 0.44726806568089783 -0.0071780347946008754 0.17197080381152943 0.84574516671316247 -0.10769465801146623
leaf_weight=83 22 36 67 56 25 20 21 20 21 60 20 32 20 20 36 27 40 26 73 24 23 46 49 51 25 32 257 56 79 21
leaf_count=83 22 36 67 56 25 20 21 20 21 60 20 32 20 20 36 27 40 26 73 24 23 46 49 51 25 32 257 56 79 21
internal_value=-0.0012527 0.00166531 0.0103497 0.00737569 -0.00301129 -0.00199728 0.00929448 0.0114286 -0.0229091 -0.0157317 -0.00138268 -0.00166667 0.00512821 -0.00439024 -0.015 -0.00193966 -0.00244807 -0.00145 -0.000482143 -0.0104 -0.00352941 -0.00129213 -0.000307377 -0.00187952 -0.0112 0.000175953 0.00175862 0.0101299 0.016051 0.0103846
internal_weight=1388 1224 428 361 796 735 325 272 164 81 715 53 116 40 61 695 673 599 559 74 50 533 487 414 74 340 289 76 156 77
internal_count=1388 1224 428 361 796 735 325 272 164 81 715 53 116 40 61 695 673 599 559 74 50 533 487 414 74 340 289 76 156 77
is_linear=0
shrinkage=0.03


Tree=63
num_leaves=31
num_cat=0
split_feature=7 0 0 10 13 19 12 9 5 26 23 4 20 18 1 18 5 10 2 0 3 20 4 10 10 1 26 23 20 6
split_gain=103.172 32.8584 23.1015 17.7675 14.2727 11.8444 9.98038 9.15075 8.15749 8.05515 9.4991 12.7246 9.77627 8.80162 6.65846 6.72335 6.39148 13.8225 6.3774 8.29603 6.16333 6.09524 5.70355 5.62846 5.5662 5.54637 7.21977 8.56092 7.40963 5.35019
threshold=179.66666666666671 333.50000000000006 92.500000000000014 446.84000000000003 17.500000000000004 -0.70710678118654746 57.500000000000007 62.230000000000011 413.50000000000006 26.350000000000005 12.250000000000002 352.50000000000006 10.65 20.250000000000004 301.50000000000006 19.050000000000004 119.50000000000001 122.20500000000003 352.50000000000006 312.50000000000006 254.50000000000003 24.250000000000004 148.50000000000003 341.26500000000004 272.39500000000004 287.50000000000006 34.550000000000004 10.250000000000002 28.250000000000004 218.50000000000003
decision_type=8 2 2 10 10 2 10 2 8 2 2 10 2 2 10 2 10 10 10 2 10 2 10 10 10 10 2 2 2 10
left_child=2 7 -1 4 -3 22 16 20 14 10 11 -6 -13 24 25 18 17 -7 19 -16 -2 -22 -4 -12 -11 26 27 -9 -28 -24
right_child=1 3 5 -5 9 6 -8 8 -10 13 23 12 -14 -15 15 -17 -18 -19 -20 -21 21 -23 29 -25 -26 -27 28 -29 -30 -31
leaf_value=-1.5143772002494202 -0.79840175315458262 -0.095049716778705148 -0.97894239544830208 1.8039094856417401 0.60084452518347464 -0.51006872123056379 -0.71490920117017154 0.12990209066974842 0.21400110822375465 0.054122587559886311 0.08373400013758299 0.85719994490407225 -0.18971514962579078 -0.074752446548210963 0.0039227005296082491 -0.49706535931384876 0.055208293093780864 0.01541253919032954 0.28728465120920532 -0.25327589743489681 0.17723089323559035 -0.57924187677165817 -0.15893753989382217 -0.27839654574847456 0.84995657889798903 0.49589367799560929 0.08974636702868849 -0.18255659635513125 -0.2504491498629447 -0.90349097271533962
leaf_weight=82 58 39 34 70 39 23 22 29 46 22 34 34 27 26 50 34 71 21 32 32 20 20 31 28 123 41 129 144 22 23
leaf_count=82 58 39 34 70 39 23 22 29 46 22 34 34 27 26 50 34 71 21 32 32 20 20 31 28 123 41 129 144 22 23
internal_value=-0.000724947 0.00357273 -0.0160714 0.00988713 0.00723861 -0.0110177 -0.00543478 -0.000683891 0.000803571 0.0092515 0.00441718 0.010099 0.00145161 0.0137791 -0.000291829 -0.00563758 -0.00181034 -0.0106667 -0.00208696 -0.00650602 -0.00909091 0 -0.0195506 -0.0047619 0.0166438 0.00188525 0.000553846 -0.00362069 0.00532895 -0.0130909
internal_weight=1406 1099 307 442 372 225 137 657 559 333 162 100 61 171 513 148 115 44 114 82 98 40 88 62 145 365 324 173 151 54
internal_count=1406 1099 307 442 372 225 137 657 559 333 162 100 61 171 513 148 115 44 114 82 98 40 88 62 145 365 324 173 151 54
is_linear=0
shrinkage=0.03


Tree=64
num_leaves=31
num_cat=0
split_feature=7 0 9 4 9 21 6 24 14 17 23 21 4 23 0 0 4 1 24 14 4 3 2 5 25 2 0 21 3 26
split_gain=82.841 46.3185 16.3973 17.993 14.3378 9.76217 9.67324 9.42702 8.06746 7.81068 7.30922 7.12062 7.34609 8.24675 8.25598 7.86029 7.08397 8.18777 6.85049 6.59903 6.39823 6.39636 8.74628 6.36098 6.05616 7.61713 5.55642 6.8005 6.69104 5.20231
threshold=133.66666666666671 333.50000000000006 262.96500000000009 434.00000000000006 39.365000000000002 18.850000000000005 88.500000000000014 -0.94260559819261236 2.5000000000000004 220.66000000000233 18.150000000000002 20.450000000000003 218.50000000000003 16.850000000000005 206.50000000000003 317.50000000000006 118.50000000000001 259.50000000000006 -0.93038214053199442 55.500000000000007 468.50000000000006 287.50000000000006 252.50000000000003 220.50000000000003 26.650000000000002 181.50000000000003 286.50000000000006 31.550000000000004 248.50000000000003 24.350000000000005
decision_type=10 2 2 10 2 2 10 2 10 10 2 2 10 2 2 2 10 10 2 10 10 10 10 10 2 10 2 2 10 2
left_child=4 5 3 7 -1 -2 -6 -3 -8 -9 29 -7 16 15 -15 26 -13 18 -18 -12 -5 22 -16 -19 25 -20 28 -28 -14 -11
right_child=1 2 -4 20 6 11 8 9 -10 10 19 12 13 14 21 -17 17 23 24 -21 -22 -23 -24 -25 -26 -27 27 -29 -30 -31
leaf_value=-1.1778124144633195 0.55064144772618528 -0.080436104082754686 1.6009742808405405 -0.31544343133339564 -0.81221051408915312 -0.18108556667796108 0.089703562828095107 -0.095939691663808446 -0.54780469196171444 0.24855383789399524 0.67774659963853823 0.059538112232428803 0.055604701690721181 -0.5424459137701656 0.066051731050828261 -0.090201948823892056 -0.66412406707581095 -0.7754609138990366 -0.36312685300911057 -0.10222124487467737 0.5390102036447183 0.26851472083356215 -0.2806268977351698 -0.05241858821110057 0.1493094429466697 0.013504056234845904 0.16589790549485939 0.61266442889929351 -0.018932159930139816 0.713810588690032
leaf_weight=90 26 32 88 23 28 35 22 22 32 69 20 28 66 52 29 29 30 41 53 23 21 57 34 20 41 78 36 33 108 122
leaf_count=90 26 32 88 23 28 35 22 22 32 69 20 28 66 52 29 29 30 41 53 23 21 57 34 20 41 78 36 33 108 122
internal_value=-0.000691145 0.00207067 0.0101188 0.00702703 -0.0201156 -0.00218319 -0.0108434 0.00975779 -0.00327273 0.0116732 0.0132766 -0.00280156 -0.00216033 0.000269663 -0.00485549 0.00351648 -0.00585616 -0.00738636 -0.0044335 0.00204545 -0.0106667 -0.000495868 -0.00703125 -0.0169355 -0.00208092 -0.00522727 0.00528689 0.0124286 0.0024 0.0157812
internal_weight=1388 1216 420 332 172 796 82 288 54 256 234 770 735 444 172 272 291 263 202 43 44 120 63 61 172 131 243 69 174 191
internal_count=1388 1216 420 332 172 796 82 288 54 256 234 770 735 444 172 272 291 263 202 43 44 120 63 61 172 131 243 69 174 191
is_linear=0
shrinkage=0.03


Tree=65
num_leaves=31
num_cat=0
split_feature=0 9 10 29 26 18 19 0 2 8 26 18 18 26 25 16 17 0 3 1 0 0 0 3 0 25 29 9 3 1
split_gain=90.0592 39.6971 21.4185 13.3378 12.4801 7.91452 7.90293 7.00543 6.73355 10.5261 7.33436 10.0603 6.78294 6.71464 12.7759 9.78082 8.77505 8.04745 7.56378 6.16593 5.78687 6.23926 8.5058 7.67117 5.14773 5.07061 7.49749 5.65518 5.48403 6.17291
threshold=118.50000000000001 131.72500000000002 446.84000000000003 -0.29342786347392819 37.750000000000007 20.150000000000002 -0.82409480842201666 275.50000000000006 366.50000000000006 367.9285714285715 27.750000000000004 12.950000000000001 10.050000000000002 29.150000000000002 19.050000000000004 181.50000000000003 709.09500000000014 220.50000000000003 199.50000000000003 384.50000000000006 298.50000000000006 333.50000000000006 349.50000000000006 310.50000000000006 230.50000000000003 25.950000000000003 -0.72694848937061807 67.935000000000016 310.50000000000006 259.50000000000006
decision_type=2 2 10 2 2 2 2 2 10 10 2 2 2 2 2 10 10 2 10 10 2 2 2 8 2 2 2 2 10 10
left_child=3 4 8 -1 6 7 -2 24 9 20 11 12 -10 15 17 18 -17 -15 -8 -13 -3 -22 -23 -24 -6 26 -16 -27 29 -28
right_child=1 2 -4 -5 5 -7 13 -9 10 -11 -12 19 -14 14 25 16 -18 -19 -20 -21 21 22 23 -25 -26 27 28 -29 -30 -31
leaf_value=-0.96764946500086835 -0.51433753404662286 0.47819152635529943 1.9999917397923896 -0.16631863840661851 0.064070179119303239 -0.085898543137280681 0.48436232457073852 0.60478185515392791 0.17471208049692166 -0.18994715840358339 0.95577938413236885 0.16097226735875436 0.56030558346431347 -0.17814447940482367 -0.35929070342033498 -0.44013595995427918 0.15928603337943514 0.48899307970201789 -0.33436668428936117 -0.25179109308286113 -0.063947712685185246 0.38199085785682141 0.38945500040997671 -0.11296813193999042 -0.1359338561508045 0.076457417541109712 -0.08278335901345002 -0.1374474492158643 0.14888213756150606 -0.63163294018938809
leaf_weight=134 126 26 70 26 47 42 21 59 35 28 53 24 49 24 27 57 21 41 37 29 66 35 37 48 32 38 84 20 26 39
leaf_count=134 126 26 70 26 47 42 21 59 35 28 53 24 49 24 27 57 21 41 37 29 66 35 37 48 32 38 84 20 26 39
internal_value=-0.000877318 0.0018599 0.00838323 -0.0219876 -0.00254717 0.00430939 -0.00475089 0.00776978 0.00584687 0.00248963 0.0100524 0.00630435 0.0127059 -0.0028211 -0.0003 -0.00832117 -0.0151899 0.0113636 0.00101695 -0.00388889 0.00478873 0.0028877 0.00694215 0.00174419 0.001875 -0.00357447 -0.00610169 0.0040678 -0.0034 -0.00604839
internal_weight=1401 1241 500 160 741 180 561 138 430 240 190 137 84 435 299 136 78 65 58 53 212 186 120 85 79 234 176 58 149 123
internal_count=1401 1241 500 160 741 180 561 138 430 240 190 137 84 435 299 136 78 65 58 53 212 186 120 85 79 234 176 58 149 123
is_linear=0
shrinkage=0.03


Tree=66
num_leaves=31
num_cat=0
split_feature=8 7 22 20 0 24 18 26 21 18 19 22 23 6 11 2 4 28 4 23 27 6 20 7 3 9 22 10 20 26
split_gain=99.5151 38.6517 14.5505 14.4525 12.2374 12.1769 11.7332 18.2097 10.6618 7.33082 7.46174 6.46671 6.29462 8.32839 8.15838 7.73162 7.03915 6.36861 6.31494 9.07201 11.9448 8.48281 8.41995 8.82153 6.65153 6.32356 6.16894 5.74976 5.7472 5.33549
threshold=149.71428571428575 370.50000000000006 1.9500000000000002 28.750000000000004 92.500000000000014 -0.97625883275952019 12.450000000000001 26.350000000000005 18.550000000000004 11.15 0.73724926354828246 3.2500000000000004 10.350000000000003 379.50000000000006 362.50000000000006 327.50000000000006 148.50000000000003 0.75014288946266361 191.50000000000003 15.950000000000001 0.55000000000000016 342.50000000000006 20.250000000000004 301.16666666666669 263.50000000000006 119.78500000000001 5.6500000000000012 442.05500000000006 24.050000000000004 31.850000000000005
decision_type=8 10 2 2 2 2 2 2 2 2 2 2 2 10 2 10 10 2 10 2 2 10 2 10 10 2 2 10 2 2
left_child=4 2 3 5 -1 -2 27 -8 -7 -6 -11 -4 13 15 16 28 -14 -16 29 21 22 -20 25 24 -24 -21 -13 -3 -10 -18
right_child=1 6 11 -5 9 8 7 -9 12 10 -12 26 14 -15 17 -17 18 -19 19 20 -22 -23 23 -25 -26 -27 -28 -29 -30 -31
leaf_value=-1.4830258792373392 -0.33959558654907113 0.54349641596038445 -0.91924782996273857 -0.57800317503520904 -0.20967341721134622 0.56678608180702783 -0.13903939326971226 0.66815327894627952 0.27185237023254444 -0.48541158784320232 -0.18506335295751994 0.030905531816082996 0.094238152093296459 1.0200553249156123 0.089132355101186819 -0.045800303576307898 -0.47113715398663369 0.46712626649744532 0.15102554543372476 -0.54792056692995239 0.069475908817221918 -0.064647503079309554 -0.10389887536172068 -0.34604852385380408 0.18882331391278484 -0.15508252643430467 -0.36726531224168923 1.9449059401194162 -0.16001378246990866 -0.092118787392367382
leaf_weight=77 36 107 34 40 26 25 39 69 51 67 29 39 32 20 69 30 30 28 132 40 33 54 37 24 26 35 59 52 22 27
leaf_count=77 36 107 34 40 26 25 39 69 51 67 29 39 32 20 69 30 30 28 132 40 33 54 37 24 26 35 59 52 22 27
internal_value=-0.000669065 0.00261965 -0.000292208 0.00125 -0.02025 0.00219415 0.0126493 0.00495413 0.00305866 -0.0141463 -0.0179381 -0.00947368 0.00234443 0.00846774 0.00100352 0.00490385 -0.000636943 0.00887755 -0.00164009 -0.000235602 -0.0047449 0.00449198 -0.00809816 -0.00170455 0.00421875 -0.0153947 -0.00545455 0.0178125 0.0101351 -0.0108621
internal_weight=1389 1190 923 791 199 751 267 108 715 122 96 132 690 123 567 103 470 97 438 381 195 186 162 87 63 75 98 159 73 57
internal_count=1389 1190 923 791 199 751 267 108 715 122 96 132 690 123 567 103 470 97 438 381 195 186 162 87 63 75 98 159 73 57
is_linear=0
shrinkage=0.03


Tree=67
num_leaves=31
num_cat=0
split_feature=9 0 10 22 11 23 26 16 11 26 3 4 24 3 12 18 13 10 22 13 24 10 24 18 23 6 18 21 26 12
split_gain=81.2179 33.3581 25.8613 15.4452 8.7815 13.898 8.62762 8.46613 8.38897 10.9345 8.36958 7.61148 7.57607 7.43927 7.39532 9.40663 8.20009 10.676 6.52547 11.6225 6.24363 7.22367 6.22222 5.8346 5.61039 5.59522 5.48695 5.3017 5.18508 9.67837
threshold=70.665000000000006 92.500000000000014 446.84000000000003 1.0000000180025095e-35 213.50000000000003 11.450000000000001 38.550000000000004 5.5000000000000009 52.500000000000007 38.550000000000004 397.50000000000006 304.50000000000006 0.93038214053199464 219.50000000000003 27.500000000000004 12.450000000000001 23.500000000000004 308.78000000000003 1.2500000000000002 85.500000000000014 -0.90992662233962529 236.34500000000003 -0.1045125430764028 11.65 10.750000000000002 206.50000000000003 15.65 26.450000000000003 22.350000000000005 31.500000000000004
decision_type=2 2 10 2 2 2 2 10 2 2 10 10 2 10 10 2 10 10 2 10 2 10 2 2 2 10 2 2 2 10
left_child=1 -1 3 4 5 24 20 -3 14 -10 11 13 18 -6 15 -7 -16 -18 19 25 -5 27 -13 -24 28 26 -9 -22 29 -2
right_child=2 7 -4 6 10 8 -8 12 9 -11 -12 22 -14 -15 16 -17 17 -19 -20 -21 21 -23 23 -25 -26 -27 -28 -29 -30 -31
leaf_value=-1.4099889315724228 0.47728008036349451 0.094128709762880333 1.5512396729020923 -0.52966453250107948 0.0091649452838638013 0.11317384805409603 0.23429456466080481 0.0035549136154368454 -0.25740495853312412 0.079488168996780073 0.88166149689521489 -0.11003959581987231 -0.00070922480106617059 0.49261845579371422 0.93251612633888803 -0.22316605658572369 -0.078338540700700607 0.72641525344108226 -0.6037665433244388 -0.45877898782809495 -0.20944727584757686 -0.25077840361380255 0.9436516930737946 -0.070317923750069442 0.54224851430841114 0.045547905537713117 -0.57632141926510527 0.24952069725737516 0.35926578280456878 -0.13283685656062658
leaf_weight=78 24 22 73 27 24 35 28 24 91 37 38 24 74 51 20 83 54 29 127 21 34 56 21 23 45 51 32 38 86 24
leaf_count=78 24 22 73 27 24 35 28 24 91 37 38 24 74 51 20 83 54 29 127 21 34 56 21 23 45 51 32 38 86 24
internal_value=-0.000387097 -0.0112326 0.00444099 0.00302352 0.00502817 0.00306238 -0.00472826 -0.00724432 -0.000428571 -0.00651163 0.0107143 0.00729167 -0.00845455 0.0138158 0.00310811 -0.00201681 0.00894231 0.00464286 -0.0108984 -0.00604651 -0.0075 -0.00465116 0 0.00666667 0.00983333 -0.00194444 -0.00842105 0.00164384 0.00666667 -0.00122449
internal_weight=1394 429 965 892 709 528 183 351 349 128 181 143 329 75 221 118 103 83 255 128 155 128 68 44 179 107 56 72 134 48
internal_count=1394 429 965 892 709 528 183 351 349 128 181 143 329 75 221 118 103 83 255 128 155 128 68 44 179 107 56 72 134 48
is_linear=0
shrinkage=0.03


Tree=68
num_leaves=31
num_cat=0
split_feature=0 10 10 22 23 2 23 10 8 16 1 1 3 16 20 22 5 6 29 18 0 18 18 10 10 12 18 26 25 20
split_gain=80.2983 32.2502 15.2648 13.4485 12.905 11.9917 16.5474 10.4702 9.12839 11.8364 8.07382 10.0092 7.27137 7.18508 6.83371 6.67874 6.54436 6.63884 6.49987 6.8624 6.15178 7.45928 5.72607 5.08517 5.6005 4.94672 4.86475 5.12675 4.68365 4.73112
threshold=110.50000000000001 301.00000000000006 94.64500000000001 5.6500000000000012 10.250000000000002 365.50000000000006 18.150000000000002 446.84000000000003 271.64285714285717 124.50000000000001 217.50000000000003 185.50000000000003 296.50000000000006 5369.5000000000009 23.550000000000004 1.2500000000000002 266.50000000000006 360.50000000000006 0.69521084835931835 13.15 317.50000000000006 20.150000000000002 12.550000000000002 408.73000000000008 351.49000000000007 18.500000000000004 12.850000000000003 36.350000000000001 26.150000000000002 24.650000000000002
decision_type=2 10 10 2 2 8 2 10 8 10 10 10 10 8 2 2 8 10 2 2 2 2 2 10 10 10 2 2 2 2
left_child=2 3 -1 4 14 12 7 18 9 15 11 26 -3 20 16 28 -2 -18 -7 -20 21 25 -5 24 -14 -10 -11 -28 29 -6
right_child=1 5 -4 22 8 6 -8 -9 13 10 -12 -13 23 -15 -16 -17 17 -19 19 -21 -22 -23 -24 -25 -26 -27 27 -29 -30 -31
leaf_value=-0.9071430465610868 0.36143844681214715 0.29790485214748402 -0.25493715937478456 -0.05603060910803094 0.061134634590083864 0.90128192808770791 -0.039605444589981859 2.4308563633299394 -0.0029569794356456213 0.044803704625343097 -0.61336501257410592 0.11056348053390351 0.051535865440593791 0.51774560565219185 -0.13581948986078798 -0.70878368231474631 -0.051646849832033014 0.85045896695144529 0.49546313347967896 -0.13088310577480114 -0.068302715666910666 -0.23183091306479767 -0.50507449360299117 0.50324530916575327 -0.15253691734235417 0.31388809738731649 -0.6414871669490676 -0.14106921387104038 0.066711751595908308 -0.17758252281979139
leaf_weight=103 29 87 33 33 43 41 31 52 47 20 122 50 54 36 38 32 30 20 69 23 77 34 54 27 35 79 25 36 31 21
leaf_count=103 29 87 33 33 43 41 31 52 47 20 122 50 54 36 38 32 30 20 69 23 77 34 54 27 35 79 25 36 31 21
internal_value=-0.000509554 0.00183242 -0.0223358 -0.0015035 -0.000233463 0.00864286 0.0135484 0.0169355 -0.00188073 -0.00488189 -0.00862205 -0.00340909 0.00338235 0.00229927 0.00889831 0.00257812 0.013875 0.00705882 0.0123134 0.00774194 0.000378151 0.00372671 -0.0126136 -0.00153846 -0.005 0.00708661 -0.00987805 -0.0140323 0.0065625 0.00184615
internal_weight=1412 1276 136 857 770 419 216 185 653 380 253 131 203 273 117 127 79 50 133 92 237 160 87 116 89 126 81 61 95 64
internal_count=1412 1276 136 857 770 419 216 185 653 380 253 131 203 273 117 127 79 50 133 92 237 160 87 116 89 126 81 61 95 64
is_linear=0
shrinkage=0.03


Tree=69
num_leaves=31
num_cat=0
split_feature=0 0 27 22 20 2 21 24 18 26 26 20 12 7 2 5 20 26 6 2 5 4 0 12 11 16 5 1 26 27
split_gain=77.7418 35.2749 20.0543 18.7093 16.8773 11.537 11.1796 9.85793 7.54718 9.10219 8.25643 15.2557 19.731 10.0509 7.9659 7.99161 7.58712 7.17673 6.45161 6.38182 6.35869 9.33707 11.0157 9.23893 6.18777 5.89298 5.65506 5.61114 6.31511 5.59767
threshold=92.500000000000014 397.50000000000006 1.0000000180025095e-35 1.9500000000000002 28.750000000000004 365.50000000000006 18.750000000000004 0.86159635224327558 12.15 35.95000000000001 31.050000000000004 12.550000000000002 15.500000000000002 358.83333333333343 337.50000000000006 314.50000000000006 8.7500000000000018 32.050000000000004 208.50000000000003 110.50000000000001 119.50000000000001 283.50000000000006 265.50000000000006 65.500000000000014 73.500000000000014 149.50000000000003 343.50000000000006 206.50000000000003 35.750000000000007 1.5500000000000003
decision_type=2 2 2 2 2 10 2 2 2 2 2 2 10 10 10 10 2 2 10 10 8 10 2 10 2 10 10 10 2 2
left_child=-1 3 5 4 6 24 -2 17 9 14 11 12 -10 16 29 -16 -14 -5 19 -19 -12 23 -23 27 -3 -13 -24 -22 -29 -8
right_child=1 2 -4 7 -6 -7 8 -9 10 -11 20 25 13 -15 15 -17 -18 18 -20 -21 21 22 26 -25 -26 -27 -28 28 -30 -31
leaf_value=-1.3119288009406214 0.23633352388685408 1.0570952509894169 -0.19863347445325871 -0.80197044833864606 -0.70089961087145647 1.2297156125914153 0.0052288482015188714 0.28070886675550949 -0.24009060947143182 0.54240273557077956 -0.19922920130700725 -0.125762592271426 -0.047928528381511341 -0.20416403717648848 0.76038478108960128 0.19367842659444448 0.33232839250292839 -0.35084314026426394 -0.73819173727261966 0.052165946857157336 0.33399105566834109 -0.33918996975488397 -0.043173532023079983 -0.00031194301097116296 -0.11132025150389978 -0.48731869944690626 0.614891457906246 -0.072042116239707216 0.21111889337246423 -0.33819471736544299
leaf_weight=77 27 23 26 68 38 123 144 30 30 35 34 23 21 23 21 70 50 21 30 29 50 57 34 89 20 71 31 38 32 21
leaf_count=77 27 23 26 68 38 123 144 30 30 35 34 23 21 23 21 70 50 21 30 29 50 57 34 89 20 71 31 38 32 21
internal_value=-0.000519106 0.00121374 0.013057 -0.000831843 0.000861702 0.0168862 0.00169623 -0.00972067 0.00109714 0.00503425 -0.000873288 -0.00547945 0.00144 0.00821053 0.00303502 0.0101087 0.01375 -0.0128859 -0.00666667 0 0.00188525 0.00316265 -0.00341463 0.007 0.00340909 -0.0145263 0.005 0.0123967 0.00676056 -0.000903614
internal_weight=1386 1309 192 1117 939 166 901 178 874 291 583 218 124 94 256 91 71 148 80 50 365 331 122 209 43 94 65 120 70 165
internal_count=1386 1309 192 1117 939 166 901 178 874 291 583 218 124 94 256 91 71 148 80 50 365 331 122 209 43 94 65 120 70 165
is_linear=0
shrinkage=0.03


Tree=70
num_leaves=31
num_cat=0
split_feature=0 9 18 12 10 22 23 12 26 13 6 28 24 7 13 7 8 11 11 15 16 12 15 7 26 6 26 12 2 29
split_gain=76.9489 27.9089 18.0311 13.2638 10.4639 9.22976 9.64962 9.02125 11.6585 8.78329 8.72349 8.65441 7.01266 5.95957 5.11658 4.96435 5.36932 4.83778 7.72347 6.61542 8.03351 7.94597 7.12458 6.62093 5.30357 5.23838 5.93152 4.81686 4.62542 8.51114
threshold=106.50000000000001 267.57500000000005 12.850000000000003 829.00000000000011 94.64500000000001 4.6500000000000012 11.850000000000003 1.5000000000000002 38.95000000000001 374.00000000000006 136.50000000000003 -0.23537230790205757 0.79332313182700742 307.50000000000006 68.500000000000014 322.50000000000006 241.85714285714289 54.500000000000007 116.00000000000001 121.50000000000001 161.50000000000003 22.500000000000004 37.500000000000007 311.16666666666669 34.350000000000001 269.50000000000006 29.350000000000005 154.50000000000003 257.50000000000006 0.33222858587828868
decision_type=2 2 2 10 10 2 2 10 2 10 8 2 2 10 8 10 10 2 2 10 10 10 10 10 2 10 2 10 10 2
left_child=4 2 10 5 -1 6 11 -8 17 15 -2 -4 -5 -13 -3 16 -10 19 -19 20 21 22 24 -21 -9 -22 -27 -20 -12 -30
right_child=1 14 3 12 -6 -7 7 8 9 -11 28 13 -14 -15 -16 -17 -18 18 27 23 25 -23 -24 -25 -26 26 -28 -29 29 -31
leaf_value=-0.99024802044070503 -0.43702859135716859 0.87703719498456822 -0.1269968379283668 -0.23749835836671196 -0.38208088967002779 -0.41287141847304049 0.17686432728512841 0.20406560791238235 0.048805504154283454 -0.11339020717106678 0.014641250119616131 0.04639621330121102 0.53472242920908508 0.62457100142547406 2.5709692595130984 -0.059383468865980261 0.32924292935063076 -0.49736150827360148 0.023735138985250044 0.19211818218040774 -0.8614406563390955 0.14998421658119768 -0.28829762334803805 -0.0095833828168767343 -0.33359732166843314 -0.31989806720335368 0.039898113495764137 -0.33614228333816115 0.71796328047693292 0.18190075749910362
leaf_weight=96 37 36 32 21 29 66 32 41 32 20 134 44 46 30 44 20 38 48 22 27 42 22 43 22 23 26 26 32 66 209
leaf_count=96 37 36 32 21 29 66 32 41 32 20 134 44 46 30 44 20 38 48 22 27 42 22 43 22 23 26 26 32 66 209
internal_value=-0.000724947 0.00147426 0.000324459 -0.0025 -0.0230952 -0.00374456 -0.00260032 -0.004294 -0.00531959 0.00324324 0.00510067 0.00560748 0.0101471 0.0112 0.0185185 0.00725275 0.0109859 -0.00784 -0.0133981 -0.00571429 -0.00790179 -0.003 -0.00638889 0.0042 0 -0.0145263 -0.00792453 -0.00545455 0.00636585 0.00858696
internal_weight=1406 1281 1201 755 125 688 622 516 484 110 446 106 67 74 80 90 70 374 102 272 223 129 107 49 64 94 52 54 409 275
internal_count=1406 1281 1201 755 125 688 622 516 484 110 446 106 67 74 80 90 70 374 102 272 223 129 107 49 64 94 52 54 409 275
is_linear=0
shrinkage=0.03


Tree=71
num_leaves=31
num_cat=0
split_feature=0 0 27 8 23 3 4 8 9 21 23 19 4 26 20 4 16 1 8 0 6 29 18 20 13 13 0 21 6 1
split_gain=72.2151 39.1962 15.4453 11.6278 11.278 15.6922 11.2426 11.0259 10.1428 9.43652 12.1279 6.97539 9.33545 6.85962 8.30471 6.56462 6.80157 7.06894 6.7326 6.74355 6.30016 6.27614 8.85484 5.80373 5.66637 5.95938 10.0448 10.4672 8.63964 9.1055
threshold=92.500000000000014 362.50000000000006 1.5500000000000003 442.50000000000006 17.750000000000004 284.50000000000006 431.50000000000006 395.14285714285717 37.290000000000006 25.950000000000003 12.250000000000002 -0.96359376111369344 268.50000000000006 37.750000000000007 27.050000000000004 370.50000000000006 219.50000000000003 329.50000000000006 336.71428571428572 333.50000000000006 317.50000000000006 -0.6523320455745395 13.850000000000003 10.65 5.5000000000000009 22.500000000000004 312.50000000000006 39.050000000000004 328.50000000000006 245.50000000000003
decision_type=2 2 2 10 2 10 8 10 2 2 2 2 10 2 2 8 10 10 10 2 10 2 2 2 10 10 2 2 10 10
left_child=-1 2 4 6 7 13 9 15 -4 10 23 -10 21 -6 -15 18 -17 -18 19 24 -21 22 -13 -3 -2 28 27 -27 29 -26
right_child=1 3 8 -5 5 -7 -8 -9 11 -11 -12 12 -14 14 -16 16 17 -19 -20 20 -22 -23 -24 -25 25 26 -28 -29 -30 -31
leaf_value=-1.2215119874954461 0.075251457919335532 0.96103677222293182 -0.61821261211199441 1.833708500647794 -0.48670081088124106 0.054313290888359234 -0.16577448077705667 -0.19435047828485977 -0.79457955712442707 0.65890041706968983 -0.13991503929800728 0.10328389334279336 0.26046842826953026 0.050775295855772382 -0.27841683445252979 0.62304106836174467 0.39257614191028917 -0.097317677012502476 -0.13351166395534961 0.0049530460963882203 0.7111079571740927 -0.97223688194554136 -0.31147760861804369 -0.0077126549754098044 -0.20941620652933551 0.13673954421190387 -0.21663551931240135 -0.4401892186818594 -0.31457605041646841 0.37138497146805516
leaf_weight=84 79 45 21 57 94 77 34 22 31 121 47 31 41 26 22 24 28 22 35 22 20 38 39 21 57 162 32 27 27 26
leaf_count=84 79 45 21 57 94 77 34 22 31 121 47 31 41 26 22 24 28 22 35 22 20 38 39 21 57 162 32 27 27 26
internal_value=-0.000721868 0.000993228 -0.00194223 0.0100307 -7.47198e-05 -0.00586364 0.00736059 0.00210616 -0.00935644 0.00970213 0.00342105 -0.00696133 -0.0042 -0.0117483 -0.00244898 0.00293594 0.0112 0.00470588 0.00165984 0.00264901 0.0139535 -0.00880734 -0.00338028 0.0116418 0.00145985 -0.000271084 0.00256757 0.00521053 -0.00594595 -0.00107143
internal_weight=1412 1328 1003 325 802 219 268 583 201 234 113 180 149 142 48 561 74 50 487 452 42 108 70 66 410 331 221 189 110 83
internal_count=1412 1328 1003 325 802 219 268 583 201 234 113 180 149 142 48 561 74 50 487 452 42 108 70 66 410 331 221 189 110 83
is_linear=0
shrinkage=0.03


Tree=72
num_leaves=31
num_cat=0
split_feature=0 10 10 16 15 16 22 21 21 18 28 16 10 16 18 11 23 11 10 14 8 23 8 8 2 19 3 9 13 19
split_gain=73.5895 33.955 12.7664 12.2362 11.5717 11.3762 11.1645 10.0963 8.30112 8.083 9.53323 8.18227 7.76266 8.58263 7.11024 6.16646 6.50797 10.8872 5.84004 5.76845 8.1191 7.54319 5.78354 7.3457 5.69171 5.0384 5.5464 6.02829 4.84884 4.57805
threshold=106.50000000000001 301.00000000000006 94.64500000000001 5.5000000000000009 723.50000000000011 898.00000000000011 5.6500000000000012 18.750000000000004 20.550000000000004 16.850000000000005 -0.70291267844185523 65.500000000000014 391.53500000000003 4804.0000000000009 9.9500000000000011 52.500000000000007 11.550000000000002 80.500000000000014 446.84000000000003 565.00000000000011 358.21428571428578 15.450000000000001 261.78571428571439 201.50000000000003 315.50000000000006 -0.74892720285008296 287.50000000000006 66.89500000000001 1098.5000000000002 -0.86159635224327535
decision_type=2 10 10 10 8 10 2 2 2 2 2 10 10 10 2 2 2 2 10 10 10 2 10 10 10 2 10 2 10 2
left_child=2 3 -1 -2 5 15 7 -5 -9 10 14 -11 13 -6 -10 18 -17 -18 -3 20 21 29 23 -23 -13 -16 27 -27 -15 -12
right_child=1 4 -4 6 12 -7 -8 8 9 11 19 24 -14 28 25 16 17 -19 -20 -21 -22 22 -24 -25 -26 26 -28 -29 -30 -31
leaf_value=-0.91899588037590063 0.30808598087054317 0.27605423276748525 -0.32500584748887545 0.46196759463951365 0.66212856811321408 -0.21194399463447325 -0.43383604558711181 -0.16716733275102513 0.19601650703601706 0.1685436108305447 0.19278020319756292 -0.27138685925202394 1.2427355867388399 -0.10933528747697152 -1.0837416643752822 0.52245122661781629 -0.27366780826297743 0.17784823738487035 1.6792787135055331 0.11480345089046749 -0.14401386410634073 0.052398164628129393 0.26381806383016082 -0.5780736822769722 0.0053280901144438526 0.0075775506879773502 0.12732659381192718 -0.30252577561819433 0.25647273113018515 0.11770806513716948
leaf_weight=97 26 121 29 27 34 31 80 33 33 29 28 172 59 21 20 39 28 23 28 25 21 30 34 29 57 23 21 37 29 142
leaf_count=97 26 121 29 27 34 31 80 33 33 29 28 172 59 21 20 39 28 23 28 25 21 30 34 29 57 23 21 37 29 142
internal_value=-0.000895522 0.00126464 -0.0226772 -0.00210829 0.00833333 0.00464945 -0.00274347 -0.00161417 -0.00228571 -0.0015812 0.000878378 -0.00579151 0.0152083 0.00917647 -0.00577778 0.006875 0.000659341 -0.00634615 0.0106 0.00377419 0.00252632 0.00397727 -0.00287234 -0.0085 -0.00769565 -0.00970588 -0.00621951 -0.0108197 0.00117647 0.0077193
internal_weight=1406 1280 126 867 413 270 841 761 734 701 443 258 143 84 134 239 90 51 149 309 284 263 93 59 229 101 81 60 50 170
internal_count=1406 1280 126 867 413 270 841 761 734 701 443 258 143 84 134 239 90 51 149 309 284 263 93 59 229 101 81 60 50 170
is_linear=0
shrinkage=0.03


Tree=73
num_leaves=31
num_cat=0
split_feature=7 7 29 22 23 17 19 23 16 26 25 2 23 12 24 24 17 26 15 2 24 19 24 23 18 16 10 16 23 24
split_gain=65.1207 30.7216 19.6075 15.3587 16.778 12.9842 12.666 10.6657 9.84209 9.70564 10.7167 9.80526 8.54679 7.75906 7.25054 7.23613 9.16753 10.577 7.05997 7.04143 7.1474 7.0017 5.25408 4.84943 4.7077 5.36859 6.92319 5.38425 4.83922 4.6914
threshold=103.83333333333336 381.16666666666669 0.80798785254895478 1.9500000000000002 13.850000000000003 1161.5250000000012 0.54463903501502697 10.850000000000003 62.500000000000007 38.45000000000001 23.350000000000005 298.50000000000006 15.950000000000001 30.500000000000004 -0.6360540003681886 -0.87878364999916125 6.4500000000017366 33.650000000000013 1262.0000000000002 375.50000000000006 0.087155742747658027 0.64942331933852337 0.81408451933196979 21.050000000000004 21.350000000000005 314.50000000000006 237.54500000000004 132.50000000000003 19.550000000000004 -0.97625883275952019
decision_type=8 10 2 2 2 10 2 2 8 2 2 10 2 10 2 2 8 2 10 8 2 2 2 2 2 8 10 10 2 2
left_child=-1 3 6 4 14 7 -3 -4 21 10 18 12 -11 -9 29 -5 -17 22 24 20 -16 -6 -18 -14 25 26 27 -10 -28 -2
right_child=1 2 5 15 8 -7 -8 13 9 11 -12 -13 23 -15 19 16 17 -19 -20 -21 -22 -23 -24 -25 -26 -27 28 -29 -30 -31
leaf_value=-0.87374283764239991 -0.011071679956232145 0.15595545304906608 1.0275462182630923 -0.76527356797856583 -0.17167235080123872 -0.26219051971074264 1.1551345268811173 -0.21373448108568255 -0.019878535142933629 -0.034340043737911399 -0.58302584775115152 -0.19727155293653253 0.26412882900447415 0.47125358510017179 -0.14794816310627268 0.073205511528902312 -0.8628958647658761 0.034967786768714287 0.17122467737875921 0.41844436056793255 0.09496095268055213 0.49766711032466615 -0.021131281317550758 0.0097673768205879686 0.12974841796173392 -0.23374878204350863 0.38367708187883803 -0.40386045755677824 -0.03920129969253594 0.34992081723486818
leaf_weight=96 20 28 44 47 23 22 84 22 35 29 86 36 43 23 38 27 56 26 23 34 230 31 22 31 33 49 30 49 21 64
leaf_count=96 20 28 44 47 23 22 84 22 35 29 86 36 43 23 38 27 56 26 23 34 230 31 22 31 33 49 30 49 21 64
internal_value=-0.00102637 0.000734507 0.0108482 -0.00135609 0.000231788 0.001875 0.019646 0.007 -0.00328846 -0.00469957 -0.00752294 0.00192857 0.00663462 -0.00326087 0.00496124 -0.00938547 -0.00568182 -0.00971429 -0.00423237 0.00277228 0.00111524 0.00872727 -0.0151899 0.012 -0.00591743 -0.00778378 -0.00463235 -0.00988235 0.00403846 0.0127059
internal_weight=1402 1306 223 1083 905 111 112 89 519 465 326 139 103 45 386 178 131 104 240 302 268 54 78 74 217 184 135 84 51 84
internal_count=1402 1306 223 1083 905 111 112 89 519 465 326 139 103 45 386 178 131 104 240 302 268 54 78 74 217 184 135 84 51 84
is_linear=0
shrinkage=0.03


Tree=74
num_leaves=31
num_cat=0
split_feature=0 10 7 16 23 11 15 6 20 26 23 15 28 29 23 20 12 9 24 10 1 20 16 12 28 15 22 13 14 4
split_gain=67.5553 36.9204 13.1729 10.7316 10.2776 8.99287 11.1143 8.98546 7.94754 9.36343 11.7471 7.68247 6.69664 6.65364 9.8495 8.52393 8.21717 11.9174 10.1425 6.93661 6.4808 6.29014 6.2432 6.02601 6.02235 5.91091 11.2515 6.47858 5.55615 4.7518
threshold=92.500000000000014 301.00000000000006 450.83333333333343 5.5000000000000009 8.9500000000000011 341.50000000000006 796.00000000000011 192.50000000000003 7.5500000000000007 36.350000000000001 16.350000000000005 127.50000000000001 0.80926549319045582 0.48877522411129348 15.850000000000003 26.850000000000005 42.500000000000007 230.12000000000003 0.56638466991089664 370.71000000000009 248.50000000000003 7.6500000000000012 259.50000000000006 1.0000000180025095e-35 0.70290292807158605 46.500000000000007 2.7500000000000004 4.5000000000000009 675.00000000000011 188.50000000000003
decision_type=2 10 10 10 2 2 10 10 2 2 2 10 2 2 2 2 10 2 2 10 10 2 10 10 2 10 2 10 10 10
left_child=-1 3 13 -2 7 6 8 -5 -6 10 12 22 23 15 16 28 21 18 -18 -16 -13 -15 -11 -10 -7 26 27 -12 -3 -14
right_child=1 2 -4 4 5 24 -8 -9 9 11 25 20 29 14 19 -17 17 -19 -20 -21 -22 -23 -24 -25 -26 -27 -28 -29 -30 -31
leaf_value=-1.2810208581470144 0.28943216852013165 0.65567723191498828 1.841545071803715 -0.2937933896255025 0.40912324640424141 -0.00077185500649932235 -0.19416991933855571 0.52454843659620076 -0.87409746002302513 0.030687927215676609 -0.29002867339502697 -0.27752120574160982 -0.15975853220293743 0.24765828696947892 0.024118275989119125 -0.024645214537647175 -0.11596392616671693 0.93383556163133563 0.22041834616105063 -0.31408594968131692 0.025020299385447514 -0.1304862594535848 0.2825146474733839 -0.11228573551688441 0.33521317778247262 -0.68754380162791762 -0.98880590320904349 0.14605883326020688 0.16505040778722643 0.11563923295070423
leaf_weight=80 24 75 58 20 22 69 29 31 22 48 32 40 29 21 26 24 20 41 55 25 45 35 23 223 30 90 28 28 36 69
leaf_count=80 24 75 58 20 22 69 29 31 22 48 32 40 29 21 26 24 20 41 55 25 45 35 23 223 30 90 28 28 36 69
internal_value=-0.000814868 0.000818802 0.00820144 -0.00259136 -0.00313993 -0.00394928 -0.00510288 0.00980769 -0.00432857 -0.0049115 -0.00683908 0.00152866 -0.00357558 0.00601671 0.0028125 0.01125 0.00624277 0.0107692 0.00355263 -0.00865385 -0.00453488 -0.00315789 0.00875 -0.00621951 0.0045 -0.0130726 -0.00741573 0 0.0147321 0.0030303
internal_weight=1398 1318 416 902 878 827 728 51 699 677 521 156 343 358 223 135 172 116 75 51 85 56 71 245 99 178 88 60 111 98
internal_count=1398 1318 416 902 878 827 728 51 699 677 521 156 343 358 223 135 172 116 75 51 85 56 71 245 99 178 88 60 111 98
is_linear=0
shrinkage=0.03


Tree=75
num_leaves=31
num_cat=0
split_feature=9 7 7 19 13 13 23 26 10 24 27 19 5 13 7 13 26 24 24 3 23 25 26 6 20 28 11 25 20 5
split_gain=63.7412 23.1344 20.2155 12.6228 11.4612 9.81793 7.77074 12.0585 7.45972 7.44727 6.87224 9.97266 6.81784 6.80431 6.664 7.53974 9.50797 6.5871 10.0868 6.90589 6.12738 9.10801 5.89888 7.70354 5.89463 5.49274 5.12503 4.85821 4.66637 8.46629
threshold=62.230000000000011 452.83333333333343 95.833333333333357 -0.82409480842201666 1061.0000000000002 56.500000000000007 11.450000000000001 32.050000000000004 412.32000000000011 -0.87878364999916125 1.1500000000000001 0.97625883275952063 236.50000000000003 80.500000000000014 382.66666666666669 430.50000000000006 38.45000000000001 0.77159520228797451 0.91702515554752073 357.50000000000006 17.950000000000003 25.150000000000002 37.350000000000001 179.50000000000003 17.350000000000005 -0.92923668111203805 22.500000000000004 12.65 10.65 252.50000000000003
decision_type=2 10 10 2 10 10 2 2 10 2 2 2 8 10 10 10 2 2 2 10 2 2 2 10 2 2 2 2 2 8
left_child=2 3 -1 9 6 10 28 12 -3 -2 11 25 26 -11 15 16 22 -14 -19 27 21 -12 23 -9 -6 -4 -8 -20 -5 -30
right_child=1 8 5 4 24 -7 7 14 -10 13 20 -13 17 -15 -16 -17 -18 18 19 -21 -22 -23 -24 -25 -26 -27 -28 -29 29 -31
leaf_value=-0.86800544094209309 -0.25919170090776505 0.11250731079088382 -0.17953016298837624 0.42065075231794197 0.8129860433640641 -0.79264644983653987 -0.25349416045124301 -0.31537069657008515 2.1555625350698522 0.1191101985296666 -0.90037134603777025 -0.3630424054559141 0.14214490434838636 -0.28061327206165487 0.74051046566191669 -0.14125359529179404 0.15254945200125689 -0.22610672090935593 0.33481732189922919 -0.12657167166997793 -0.79167041779767189 -0.085023075012106153 -0.17311418315602081 0.14921549307486942 0.30785740103302428 0.075182498918183002 -0.65752258145914233 -0.091732744889945511 0.17952238836588122 -0.017603281050819816
leaf_weight=79 74 22 21 91 25 35 20 42 45 58 22 22 31 32 24 38 85 34 62 41 24 70 25 72 38 75 28 26 48 94
leaf_count=79 74 22 21 91 25 35 20 42 45 58 22 22 31 32 24 38 85 34 62 41 24 70 25 72 38 75 28 26 48 94
internal_value=-0.000747863 0.00292614 -0.0118625 0.00175935 0.00327273 -0.00788889 0.00224409 0.000226843 0.0198529 -0.00581818 -0.00561702 -0.000504202 -0.00469136 0 0.00439024 0.00296578 0.00506667 -0.00215385 -0.00457317 -0.000692308 -0.0107692 -0.00709677 0.000214286 0.00313043 0.0154687 0.00371134 -0.0146939 0.00404494 0.00679487 0.00335664
internal_weight=1403 1055 348 988 824 269 761 528 67 164 234 118 242 90 286 262 224 194 163 129 116 92 139 114 63 96 48 88 233 142
internal_count=1403 1055 348 988 824 269 761 528 67 164 234 118 242 90 286 262 224 194 163 129 116 92 139 114 63 96 48 88 233 142
is_linear=0
shrinkage=0.03


Tree=76
num_leaves=31
num_cat=0
split_feature=0 10 13 18 19 19 26 19 5 8 0 29 29 12 1 13 3 24 4 24 5 5 3 5 29 23 23 24 24 24
split_gain=66.537 29.7249 14.2909 12.2038 11.485 10.3945 6.78269 6.66659 7.82748 6.03205 8.35262 6.34735 12.0728 6.1839 5.94746 6.38232 5.63904 5.6286 7.29475 6.99914 7.40577 11.6541 6.83712 5.93268 5.48081 5.2365 6.05252 8.37619 6.80978 8.24393
threshold=92.500000000000014 453.20500000000004 1061.0000000000002 12.850000000000003 -0.53727914962411594 0.80382625221112025 37.050000000000004 0.86159635224327558 175.50000000000003 225.42857142857147 206.50000000000003 0.33222858587828868 0.48877522411129348 4.5000000000000009 129.00000000000003 82.500000000000014 365.50000000000006 0.86159635224327558 248.50000000000003 0.99687937417578498 379.50000000000006 313.50000000000006 302.50000000000006 227.50000000000003 -0.082691941062253513 22.650000000000002 12.15 -0.88697705852364728 0.70088257582277247 0.91702515554752073
decision_type=2 10 10 2 2 2 2 2 8 10 2 2 2 10 10 10 10 2 10 2 8 10 10 10 2 2 2 2 2 2
left_child=-1 2 3 6 -4 14 9 -7 -9 10 13 24 -13 -2 -5 25 -3 18 -10 20 21 22 23 -19 -11 26 -16 -28 -29 -30
right_child=1 16 4 5 -6 7 -8 8 17 11 -12 12 -14 -15 15 -17 -18 19 -20 -21 -22 -23 -24 -25 -26 -27 27 28 29 -31
leaf_value=-1.0879651861610957 -0.15722125120439501 0.84013611817986911 -0.13865897162359517 -0.43646804244633414 0.33336375992382383 0.30418376600638819 0.5127865448528135 -0.36106767737408429 0.29330068212450144 0.018891018126670076 -0.42455791648426355 -0.65171300711329216 0.11089927187374968 0.1418560030075777 -0.33062011085601228 -0.20786963199984512 1.8142908141244021 0.0269294612171295 0.0051977293299330539 0.18154721342554922 0.16627859935958725 -0.37441732655734056 0.4595213655254281 -0.17344521552949402 0.65623073262154119 -0.35518386614178482 -0.52713930917664786 0.1586345932340768 -0.18392711139316104 0.43186720916625532
leaf_weight=75 47 20 30 38 60 32 34 51 20 25 43 20 198 40 30 82 51 28 44 39 42 50 31 41 40 26 43 63 25 28
leaf_count=75 47 20 30 38 60 32 34 51 20 25 43 20 198 40 30 82 51 28 44 39 42 50 31 41 40 26 43 63 25 28
internal_value=-0.000730136 0.000839637 -0.000239808 -0.00113695 0.0112088 -0.00357143 0.00274554 -0.000158311 -0.00138329 0.00166667 -0.00366412 0.00411972 0.00164384 0.00170455 -0.00741071 -0.0059396 0.0195833 0.000506757 0.00830769 -0.00168103 -0.00404145 -0.00715232 -0.00118812 -0.00642857 0.0122727 -0.00319444 -0.00142105 0.0009375 0.00512821 -0.00277778
internal_weight=1396 1321 1250 1160 90 713 447 378 346 413 130 283 218 87 335 297 71 295 64 231 192 150 100 69 65 215 189 159 116 53
internal_count=1396 1321 1250 1160 90 713 447 378 346 413 130 283 218 87 335 297 71 295 64 231 192 150 100 69 65 215 189 159 116 53
is_linear=0
shrinkage=0.03


Tree=77
num_leaves=31
num_cat=0
split_feature=0 10 10 22 23 23 23 13 9 23 13 1 27 12 3 25 24 9 19 17 6 3 28 10 16 20 2 20 13 23
split_gain=71.4585 36.8215 15.3854 11.1577 10.4646 9.66804 9.52548 9.05972 10.0112 11.4891 11.4414 10.0641 14.0627 8.62097 8.38223 7.67586 12.1554 9.03602 7.58486 10.3365 6.46564 6.16178 9.25633 5.74243 5.52255 8.26078 8.3482 6.3182 5.51125 5.42332
threshold=92.500000000000014 245.69000000000003 422.35000000000008 1.0000000180025095e-35 20.150000000000002 16.550000000000004 18.850000000000005 341.50000000000006 56.415000000000013 10.250000000000002 90.500000000000014 165.50000000000003 2.6500000000000008 2.5000000000000004 286.50000000000006 26.050000000000004 -0.88697705852364728 126.09500000000001 0.83385407025023295 5186.1700000000046 274.50000000000006 343.50000000000006 -0.51297808981038739 316.80000000000001 124.50000000000001 16.650000000000002 217.50000000000003 24.950000000000003 62.500000000000007 9.2500000000000018
decision_type=2 10 10 2 2 2 2 10 2 2 10 10 2 10 10 2 2 2 2 10 10 10 2 10 10 2 10 2 10 2
left_child=-1 7 3 4 14 -4 -5 8 11 29 15 12 13 -2 23 17 -17 24 21 28 -6 -16 -23 -3 27 -26 -27 -11 -20 -10
right_child=1 2 5 6 20 -7 -8 -9 9 10 -12 -13 -14 -15 18 16 -18 -19 19 -21 -22 22 -24 -25 25 26 -28 -29 -30 -31
leaf_value=-0.96380796925974888 0.23475094417511855 0.15864424416128428 1.1308410729325475 -0.24398225405422749 -0.18507456053971622 -0.20559137224120605 0.058237600511973256 -0.41864399417716353 0.047241246726507598 0.018467110484157698 0.23962949973076775 -0.76129974595465022 -0.3576945305092798 -0.11395032495947348 -0.086099729463287533 -0.51676106405731126 0.092922998750569835 0.072973537499188695 0.33364813437219848 0.38825096474013659 0.13043480799355534 -0.12223709920162917 0.57614369878994121 0.81002999368824813 -0.48277658619245528 -0.8420751196785824 0.10101149422372685 -0.63612313072766835 -0.085983167540931618 0.34257580364311907
leaf_weight=82 26 67 85 54 27 21 30 54 35 58 44 83 47 35 38 22 45 54 86 61 30 20 37 33 69 25 32 20 43 35
leaf_count=82 26 67 85 54 27 21 30 54 35 58 44 83 47 35 38 22 45 54 86 61 30 20 37 33 69 25 32 20 43 35
internal_value=-0.000471766 0.00123007 0.0064455 0.00432638 0.00623025 0.0168224 -0.00564706 -0.00359124 -0.00256735 -6.81818e-05 -0.00218919 -0.00828125 -0.00220183 0.00725806 0.00800518 -0.0041411 0.00485294 -0.00648649 0.00534965 0.00879581 -0.00568966 -0.0015625 0.00465517 0.0154455 -0.00936585 -0.0132283 -0.00465517 -0.00303797 0.00392308 0.0109859
internal_weight=1398 1316 632 526 442 106 84 684 630 439 369 191 108 61 385 325 67 258 285 190 57 95 57 100 204 126 57 78 129 70
internal_count=1398 1316 632 526 442 106 84 684 630 439 369 191 108 61 385 325 67 258 285 190 57 95 57 100 204 126 57 78 129 70
is_linear=0
shrinkage=0.03


Tree=78
num_leaves=31
num_cat=0
split_feature=0 7 10 26 20 20 22 23 13 11 26 18 9 26 8 4 2 14 24 10 11 7 9 26 24 11 4 13 24 1
split_gain=79.7381 23.5847 12.6421 11.4747 12.5927 11.4452 10.8871 9.99473 9.52521 12.8387 9.31834 8.96102 7.851 7.45152 7.50048 7.31106 6.95806 6.69667 6.4855 6.44958 5.80532 5.73909 5.25574 8.22717 5.80665 5.58669 6.74235 4.88499 6.30956 6.77935
threshold=106.50000000000001 381.16666666666669 94.64500000000001 27.450000000000003 9.3500000000000032 29.550000000000004 2.0500000000000003 13.050000000000002 7.5000000000000009 326.50000000000006 23.850000000000005 17.150000000000002 55.585000000000001 36.350000000000001 368.78571428571433 240.50000000000003 429.00000000000006 7.5000000000000009 0.53727914962411594 367.59500000000008 13.500000000000002 359.50000000000006 83.920000000000002 37.750000000000007 0.71322329076259949 22.500000000000004 228.50000000000003 23.500000000000004 -0.86159635224327535 300.50000000000006
decision_type=2 10 10 2 2 2 2 2 10 2 2 2 2 2 8 10 10 10 2 10 2 10 2 2 2 2 10 10 2 10
left_child=2 5 -1 4 -3 6 7 11 -9 12 -6 13 -10 14 17 -11 -12 -2 -5 22 -19 -22 23 24 -14 26 -24 -27 -29 -30
right_child=1 3 -4 18 10 -7 -8 8 9 15 16 -13 19 -15 -16 -17 -18 20 -20 -21 21 -23 25 -25 -26 27 -28 28 29 -31
leaf_value=-0.80705180439303448 0.35576613151769265 0.90936683611705771 -0.22953075635623363 0.16755325843534108 -0.2745696772293087 -0.71496149870279746 -0.29742165004369125 0.055066567254341121 -0.52548508566192476 -0.054992514151464889 0.77343405470925286 -0.23870509037475626 -0.033845049030443448 0.62859414794185564 1.0362505271710429 0.28293684780803913 -0.044133758314637533 -0.22692195008923077 1.0621599511631787 -0.30967170459364296 0.16049214100363543 -0.02790158942376678 -0.011002125283269493 0.029035761709592406 -0.56067138265814476 -0.25041493421302602 0.22280198964355463 -0.37962228375376156 0.14652943252034645 -0.026210123692542879
leaf_weight=94 39 50 34 24 37 22 153 95 27 21 22 40 24 23 28 59 20 21 72 23 157 28 27 38 42 22 33 21 58 37
leaf_count=94 39 50 34 24 37 22 153 95 27 21 22 40 24 23 28 59 20 21 72 23 157 28 27 38 42 22 33 21 58 37
internal_value=-0.000323276 0.00196994 -0.0227907 0.0107522 0.00484615 5.77478e-05 0.000530973 0.00184028 -0.000738636 -0.00263279 -0.002625 0.00587537 -0.00509915 0.00767677 0.00624088 0.00814815 0.00697674 0.0045122 0.0185567 -0.00377301 0.00231884 0.00403226 -0.00257426 -0.008 -0.0143284 0.000301508 0.00786885 -0.00302158 -0.000512821 0.0028125
internal_weight=1391 1263 128 225 129 1038 1016 863 527 432 79 336 352 296 273 80 42 245 96 325 206 185 302 104 66 198 60 138 116 95
internal_count=1391 1263 128 225 129 1038 1016 863 527 432 79 336 352 296 273 80 42 245 96 325 206 185 302 104 66 198 60 138 116 95
is_linear=0
shrinkage=0.03


Tree=79
num_leaves=31
num_cat=0
split_feature=0 10 12 18 26 10 9 10 6 0 10 9 13 7 25 6 26 15 0 14 0 8 2 0 25 16 20 13 5 6
split_gain=66.2753 32.2558 13.5392 11.5197 10.1755 9.57821 7.65107 7.3752 7.05548 7.65644 6.86997 8.01199 7.10598 6.77359 7.63737 6.69408 6.58205 6.46137 5.87596 5.66101 7.10214 5.42212 9.90383 7.91812 10.4383 5.78999 5.35053 5.24544 5.21515 7.82893
threshold=110.50000000000001 324.33000000000004 850.50000000000011 13.350000000000003 36.250000000000007 94.64500000000001 290.38000000000005 186.80500000000004 136.50000000000003 192.50000000000003 234.66000000000003 157.02000000000004 8.5000000000000018 388.00000000000006 11.750000000000002 352.50000000000006 30.250000000000004 68.500000000000014 437.50000000000006 73.500000000000014 286.50000000000006 271.64285714285717 334.50000000000006 159.50000000000003 17.850000000000005 157.50000000000003 9.3500000000000032 25.500000000000004 259.50000000000006 183.50000000000003
decision_type=2 10 10 2 2 10 2 10 8 2 10 2 10 10 2 10 2 10 2 10 2 10 10 2 2 10 2 10 10 10
left_child=5 3 6 4 8 -1 18 21 -2 -10 12 -12 -11 14 26 -13 -16 -14 27 28 -21 23 -23 25 -25 -5 -9 -3 29 -18
right_child=1 2 -4 7 -6 -7 -8 13 9 10 11 15 17 -15 16 -17 19 -19 -20 20 -22 22 -24 24 -26 -27 -28 -29 -30 -31
leaf_value=-0.71526121449901181 -0.30967052472900114 -0.037733934177132937 1.0110147640478186 0.04271816505807486 0.27854871577255463 -0.20492067276522505 1.1603647709468399 0.00099571530013633949 0.262687094427275 0.070215298233378007 0.44602622193984953 -0.15781473860887729 -0.43499138211637345 -0.26279361972165249 -0.37800037129388098 0.15350997364570645 -0.0056682419760244324 -0.080131868248287788 -0.10358707691074613 -0.25142057194808898 0.14588514197467248 0.077660565307641607 -0.43053032926029133 -0.10112635502918209 -0.54420841494793548 -0.509720533092067 0.25567146026480597 0.32495956646599239 -0.026496278242329935 0.13477806522863686
leaf_weight=101 38 42 71 42 45 33 32 27 43 34 46 25 28 23 47 28 27 51 34 63 31 44 28 32 68 29 26 150 45 47
leaf_count=101 38 42 71 42 45 33 32 27 43 34 46 25 28 23 47 28 27 51 34 63 31 44 28 32 68 29 26 150 45 47
internal_value=-0.000477915 0.00168404 0.00972727 -0.00120915 0.00318584 -0.0204444 0.00648649 -0.00377586 0.00112245 0.00292969 0.00056338 0.0063 -0.00447368 -0.000890208 0.000286624 -0.00166667 -0.00183908 -0.009375 0.00449339 0.000420561 -0.00505263 -0.0077459 -0.000821918 -0.0106395 -0.0160396 -0.00291667 0.0105556 0.0065285 0.00475 0.0096
internal_weight=1380 1246 329 917 338 134 258 579 293 255 212 99 113 336 313 53 260 79 226 213 94 243 72 171 100 71 53 192 119 74
internal_count=1380 1246 329 917 338 134 258 579 293 255 212 99 113 336 313 53 260 79 226 213 94 243 72 171 100 71 53 192 119 74
is_linear=0
shrinkage=0.03


Tree=80
num_leaves=31
num_cat=0
split_feature=0 0 22 18 13 3 4 29 25 21 6 6 6 16 1 9 26 7 4 23 28 18 13 25 2 20 14 18 26 6
split_gain=64.9412 27.7089 11.0101 10.1046 10.0137 9.48477 8.35263 10.1663 7.93024 7.6909 7.46638 7.30671 9.3315 6.90936 7.70572 7.02908 6.78307 6.71661 7.91409 7.02215 7.62618 6.81742 6.61341 7.79759 7.50178 6.55019 6.29752 6.02103 5.66245 5.58776
threshold=92.500000000000014 397.50000000000006 1.9500000000000002 11.65 1638.5000000000002 398.50000000000006 185.50000000000003 0.19969739736768838 26.250000000000004 29.950000000000003 310.50000000000006 136.50000000000003 213.50000000000003 65.500000000000014 181.50000000000003 56.415000000000013 27.750000000000004 232.83333333333334 185.50000000000003 12.15 0.43733377705052551 15.750000000000002 486.00000000000006 15.750000000000002 289.50000000000006 11.450000000000001 38.500000000000007 10.65 38.45000000000001 239.50000000000003
decision_type=2 2 2 2 10 10 8 2 2 2 8 10 10 10 10 2 2 10 10 2 2 2 10 2 10 2 10 2 2 10
left_child=-1 2 3 6 13 10 27 -8 11 -9 -3 -4 -13 -5 29 -16 25 -17 -19 -20 21 -21 23 -22 28 -7 -12 -2 -25 -15
right_child=1 5 8 4 -6 16 7 9 -10 -11 26 12 -14 14 15 17 -18 18 19 20 22 -23 -24 24 -26 -27 -28 -29 -30 -31
leaf_value=-0.95939109212797336 0.066230621865496747 0.80383335074078333 -0.69681227837326076 0.078239251885755437 0.30610369209403526 1.0314709507288291 0.34470605948124899 0.28067638103851178 0.066721183891508246 -0.12202429627735298 0.51476310021644478 0.029165196031388233 -0.38749817886590304 -0.41202407506678412 -0.70859505792200927 0.050661269152536756 1.3109220319961585 -0.67196103460596301 0.13932685498126546 -0.035172606975747839 -0.17763972061485786 -0.50989505610207198 -0.39256573099161357 -0.2953571071371448 0.27978218410525357 -0.04453019221461943 -0.2171403255216188 -0.40711196679400585 0.10135528896121641 -0.0071822896577801026
leaf_weight=82 29 37 28 73 24 31 61 128 41 26 20 46 65 69 22 84 38 21 88 41 46 37 25 39 50 23 40 21 22 28
leaf_count=82 29 37 28 73 24 31 61 128 41 26 20 46 65 69 22 84 38 21 88 41 46 37 25 39 50 23 40 21 22 28
internal_value=-0.00101732 0.000621166 -0.00118386 0.000128342 -0.00183582 0.0112105 0.00507519 0.00763889 -0.0079558 0.00348387 0.00459184 -0.0113571 -0.00776786 -0.00255418 -0.00366492 -0.00207983 0.0180645 -0.00125551 -0.003 -0.00189112 -0.00436782 -0.0121519 -0.000983607 0.00132911 0.005625 0.0109091 -0.00196721 -0.00588235 -0.00145161 -0.0113265
internal_weight=1385 1303 1114 934 669 189 265 215 180 154 97 139 111 645 572 475 92 453 369 348 260 78 182 157 111 54 60 50 61 97
internal_count=1385 1303 1114 934 669 189 265 215 180 154 97 139 111 645 572 475 92 453 369 348 260 78 182 157 111 54 60 50 61 97
is_linear=0
shrinkage=0.03


Tree=81
num_leaves=31
num_cat=0
split_feature=0 10 28 9 23 26 2 24 18 18 7 26 4 24 9 10 6 25 1 8 8 10 23 28 26 18 4 28 21 23
split_gain=67.0476 27.4375 14.6754 10.2597 9.18238 7.88629 6.87047 6.79743 7.21505 15.3948 8.87073 8.32503 6.36728 6.07667 7.25781 8.42148 6.8499 6.16603 5.73852 5.61324 7.77021 5.35275 5.29393 7.08408 5.13363 6.44535 7.94543 5.08306 4.43484 5.66125
threshold=92.500000000000014 301.00000000000006 -0.62588817255938378 37.290000000000006 16.850000000000005 38.850000000000001 368.50000000000006 0.99353402350479769 10.850000000000003 9.9500000000000011 327.66666666666669 38.550000000000004 389.50000000000006 0.49240481012316878 78.040000000000006 164.97500000000005 373.50000000000006 23.850000000000005 451.50000000000006 395.14285714285717 360.07142857142861 233.55500000000004 12.15 0.76140650896573492 32.95000000000001 13.450000000000001 231.50000000000003 -0.71504373327588355 32.45000000000001 13.950000000000001
decision_type=2 10 2 2 2 2 10 2 2 2 10 2 8 2 2 10 8 2 10 10 8 10 2 2 2 2 10 2 2 2
left_child=-1 3 6 -2 19 13 -3 8 9 12 11 -10 -4 17 15 -15 -16 -6 22 20 24 -7 -12 -24 28 26 27 -26 29 -5
right_child=1 2 7 4 5 21 -8 -9 10 -11 18 -13 -14 14 16 -17 -18 -19 -20 -21 -22 -23 23 -25 25 -27 -28 -29 -30 -31
leaf_value=-0.98050703945566575 -0.47781745356137406 0.11976611361688071 -0.11201968155602231 -0.070209478146499013 -0.31973410829907878 0.13943249690638082 1.0615577515515326 0.80374462986353878 -0.016363888826454627 0.84083292310220337 0.10401597033483426 0.48151520475484005 0.77610826434934665 -0.37712007340323123 -0.46561263383478885 0.1301186200628183 0.17480994662384716 -0.76487038497061832 0.31373595753450584 -0.11303839912230444 0.47730282505141958 -0.024502233588191303 -0.26213705673118282 0.25133484225641439 -0.10469497004394497 -0.0045102193470344786 0.33118440142585454 0.096366886669082136 -0.64173527322608226 0.099988786591065651
leaf_weight=78 35 33 36 183 38 29 65 45 37 36 33 24 21 28 62 31 23 39 22 20 52 33 42 22 41 133 38 23 42 65
leaf_count=78 35 33 36 183 38 29 65 45 37 36 33 24 21 28 62 31 23 39 22 20 52 33 42 22 41 133 38 23 42 65
internal_value=-0.000489362 0.0011036 0.00748201 -0.00180131 -0.00115778 -0.00559859 0.0175758 0.00432602 0.00251825 0.00925532 -0.000994475 0.00822581 -0.000517241 -0.00824324 -0.00455172 0.0035 -0.0101163 -0.015 -0.00575 0.000953177 0.00150519 0.00380952 -0.00887755 -0.0138462 0.00039924 0.00368644 0.00932039 0.00276923 -0.00226804 -0.000722892
internal_weight=1409 1331 416 915 880 283 98 318 273 93 180 61 57 221 144 59 85 77 119 597 577 62 97 64 525 235 102 64 290 248
internal_count=1409 1331 416 915 880 283 98 318 273 93 180 61 57 221 144 59 85 77 119 597 577 62 97 64 525 235 102 64 290 248
is_linear=0
shrinkage=0.03


Tree=82
num_leaves=31
num_cat=0
split_feature=9 10 6 20 29 26 1 1 18 6 28 2 2 18 13 11 24 13 1 17 28 6 25 20 4 17 15 20 21 4
split_gain=53.4695 27.0196 10.986 7.01183 9.25076 7.48296 9.34766 8.10376 7.14627 8.35756 8.09155 7.09186 8.30562 6.95353 6.777 9.54167 6.74047 10.9338 10.4512 6.94129 6.71149 6.60458 5.93279 8.17789 6.87808 8.2611 8.83649 6.68049 6.44495 4.46511
threshold=39.365000000000002 425.57000000000005 88.500000000000014 6.9500000000000011 0.97062204580664158 22.350000000000005 376.50000000000006 347.50000000000006 19.350000000000005 302.50000000000006 0.63920241694561786 307.50000000000006 288.50000000000006 11.050000000000002 90.500000000000014 43.500000000000007 0.58068084432175959 83.500000000000014 328.50000000000006 1487.0600000000027 0.91248814248966237 280.50000000000006 26.050000000000004 26.050000000000004 266.50000000000006 593.34000000000356 395.00000000000006 28.650000000000002 32.850000000000001 136.50000000000003
decision_type=2 10 8 2 2 2 10 10 2 10 2 10 10 2 8 2 2 10 8 10 2 10 2 2 10 10 10 2 2 10
left_child=-1 2 -2 4 -4 6 7 13 11 -10 -11 12 22 -5 15 -3 17 -13 -19 20 -18 -14 23 24 25 29 -27 -24 -26 -7
right_child=1 14 3 5 -6 8 -8 -9 9 10 -12 16 21 -15 -16 -17 19 18 -20 -21 -22 -23 27 -25 28 26 -28 -29 -30 -31
leaf_value=-0.64278011667785162 -0.43157585677760835 0.95019445557185089 0.55264757856022984 0.37690692592219815 -0.011727416394022043 0.11208161675724511 -0.42452557445720129 0.056654520165436678 0.00018644797593537986 -0.49363818805670956 -0.045858405761971137 0.33364932367353389 -0.2998066719485763 -0.11117931288674526 1.1675901199351864 -0.29885780703587894 -0.032431731788410044 0.072359480587685418 -0.39374117711997342 0.34550095997280605 0.75373932155746615 -0.01706216795092871 0.12060804245580627 -0.84255286112948313 0.0034140187520760889 -0.58660719367876313 -0.0082084211975080729 -0.47280935857739392 0.27730205137795277 -0.080864224971792284
leaf_weight=107 36 22 21 20 23 44 36 25 115 20 42 39 22 62 55 23 69 21 32 93 21 25 100 30 54 26 31 20 35 119
leaf_count=107 36 22 21 20 23 44 36 25 115 20 42 39 22 62 55 23 69 21 32 93 21 25 100 30 54 26 31 20 35 119
internal_value=-0.000561555 0.00114665 -0.000126904 0.00039267 0.012 -8.16697e-05 -0.00645833 -0.00194444 0.000875912 -0.00455056 -0.0133333 0.00210997 0 -0.00650602 0.0160396 0.00717391 0.00597826 -0.000645161 -0.00944444 0.00929348 0.0032967 -0.011875 0.00123913 -0.000794118 0.000677419 -0.00217195 -0.0118966 0.00694215 0.00766667 0.00128049
internal_weight=1388 1281 1181 1145 44 1101 143 107 958 177 62 781 506 82 100 45 275 92 53 183 90 47 459 339 309 220 57 120 89 163
internal_count=1388 1281 1181 1145 44 1101 143 107 958 177 62 781 506 82 100 45 275 92 53 183 90 47 459 339 309 220 57 120 89 163
is_linear=0
shrinkage=0.03


Tree=83
num_leaves=31
num_cat=0
split_feature=0 5 23 22 18 13 3 5 11 4 4 3 1 9 16 5 3 18 26 13 18 27 19 16 26 19 11 25 11 19
split_gain=64.9775 23.8463 10.0112 11.5922 8.79759 8.63185 9.5614 8.52389 8.36221 7.78205 8.6938 8.41755 7.76696 7.56958 6.57167 7.28446 6.51964 7.4993 7.99046 8.78142 6.95931 6.21892 7.32916 5.46193 5.41311 8.67291 7.59995 5.05556 4.87902 4.83048
threshold=92.500000000000014 389.50000000000006 18.150000000000002 3.6500000000000008 11.350000000000003 1073.5000000000002 370.50000000000006 119.50000000000001 9.5000000000000018 136.50000000000003 177.50000000000003 154.50000000000003 171.50000000000003 46.070000000000007 157.50000000000003 259.50000000000006 397.50000000000006 8.6500000000000004 36.350000000000001 486.00000000000006 18.850000000000005 3.2500000000000004 0.90255091666790854 96.500000000000014 38.45000000000001 0.8869770585236475 23.500000000000004 22.150000000000002 35.500000000000007 0.54463903501502697
decision_type=2 10 2 2 2 10 10 8 2 8 8 10 10 2 8 10 10 2 2 10 2 2 2 10 2 2 2 2 2 2
left_child=-1 2 7 8 -3 6 -6 21 29 -9 11 -11 -10 -12 15 -15 17 -16 27 20 -20 22 -2 -17 26 -26 -14 -19 -28 -4
right_child=1 4 3 -5 5 -7 -8 9 12 10 13 -13 24 14 16 23 -18 18 19 -21 -22 -23 -24 -25 25 -27 28 -29 -30 -31
leaf_value=-0.90326225348386424 0.10111108727448766 0.80354992244652523 -0.19312509910335207 -1.1506101593104856 0.070188696170054632 0.8695073128448837 -0.0827510333011304 0.12960806070373906 -0.57488743514843033 0.052305650994200335 -0.69276169493033446 -0.37892428790309934 0.053710417220370343 0.19341600419271984 0.35863814433714253 -0.20008385655449187 0.33869206028962368 -0.02608309687464782 0.53153674940038087 -0.089675167827643065 -0.083603091720322598 -0.59646903867476708 -0.37859085753328642 0.26877702748954335 -0.05947149890813392 0.24074165702691913 -0.64473119156920744 -0.43618004266190252 -0.17145985718848805 0.38947621418120359
leaf_weight=83 31 91 20 26 35 32 58 48 21 27 21 53 21 76 20 40 61 250 52 24 24 23 22 34 45 26 20 24 53 24
leaf_count=83 31 91 20 26 35 32 58 48 21 27 21 53 21 76 20 40 61 250 52 24 24 23 22 34 45 26 20 24 53 24
internal_value=-0.000497835 0.00115119 -0.000662374 -0.00583658 0.0102304 0.005 0.000319149 0.000938628 -0.00363636 0.00190728 0.00110325 -0.00814815 -0.00641711 0.00229665 0.00292079 0.00834437 0.00111842 -0.000303797 -0.00128 0.00594059 0.0109091 -0.00857143 -0.00277778 0.0016 -0.00415663 0.00208333 -0.00884211 -0.00392727 -0.0133784 0.008
internal_weight=1385 1302 1086 256 216 125 93 830 230 754 706 80 186 626 605 150 455 394 374 100 76 76 53 74 165 71 94 274 73 44
internal_count=1385 1302 1086 256 216 125 93 830 230 754 706 80 186 626 605 150 455 394 374 100 76 76 53 74 165 71 94 274 73 44
is_linear=0
shrinkage=0.03


Tree=84
num_leaves=31
num_cat=0
split_feature=0 10 28 18 27 2 24 28 10 24 12 1 3 23 23 21 28 12 17 8 10 16 7 1 10 6 0 21 26 4
split_gain=61.0353 26.9406 17.0681 9.46913 9.42913 9.56206 9.21245 9.00988 8.05264 7.535 9.59768 11.7877 6.95513 5.78084 5.32139 8.27369 6.29926 5.90588 7.80671 6.58719 5.65742 5.41814 7.72411 7.81779 5.36033 5.0722 5.21975 7.04906 7.24754 7.01483
threshold=92.500000000000014 301.00000000000006 -0.61237985104942771 9.2500000000000018 6.3500000000000005 248.50000000000003 -0.19936034309715217 0.878110924644389 453.20500000000004 -0.92384435400961373 1.5000000000000002 173.50000000000003 221.50000000000003 12.350000000000003 16.850000000000005 34.850000000000001 0.98802474685579866 13.500000000000002 99.590000000000089 283.4285714285715 270.39500000000004 246.50000000000003 183.33333333333334 221.50000000000003 251.27000000000001 232.50000000000003 437.50000000000006 19.450000000000003 22.150000000000002 313.50000000000006
decision_type=2 10 2 2 2 10 2 2 10 2 10 10 10 2 2 2 2 10 10 10 8 8 10 10 10 10 2 2 2 10
left_child=-1 3 6 -2 9 -6 -3 8 25 12 11 -11 -5 -10 16 -16 17 18 19 -12 -17 -19 -23 -24 -25 -4 27 -27 -29 -30
right_child=1 2 7 4 5 -7 -8 -9 13 10 14 -13 -14 -15 15 20 -18 21 -20 -21 -22 22 23 24 -26 26 -28 28 29 -31
leaf_value=-0.81616438587934848 0.23212506866101662 0.25064354907137387 -0.13385101488141685 -0.81914777482884416 -0.53337929823233943 0.1021869926545763 1.1649691464578467 0.62088833987842063 1.4951955873374396 0.40384814352455406 0.10224668255698929 -0.064467452206859829 -0.016733507068405373 0.35993507968680433 -0.36600930746986393 0.047007990089260404 0.15337342275552174 0.06532311196173736 -0.18623443555635702 -0.1422682923206858 -0.31483604156030748 -0.39810770632013653 0.19857058949337228 -0.088576153951012204 0.11264882545816647 0.88151392820796703 -0.18510024056608529 -0.21619600368787983 0.50317768683117203 0.0041044419389515948
leaf_weight=85 60 25 22 30 61 20 65 40 20 28 43 30 44 23 106 84 35 89 36 20 24 24 34 73 67 20 30 41 33 97
leaf_count=85 60 25 22 30 61 20 65 40 20 28 43 30 44 23 106 84 35 89 36 20 24 24 34 73 67 20 30 41 33 97
internal_value=-0.000276596 0.00131321 0.0076259 -0.00158416 -0.00240283 -0.0120732 0.0191209 0.00440367 0.00250871 -0.00136719 -0.000389049 0.0111864 -0.0104 0.0143182 -0.00146226 -0.00530233 0.00049763 -0.000620155 -0.0069 -0.00046875 0.000550459 0.0015625 -0.00120603 0.00102857 -0.00212766 0.000368852 0.00175676 0.00359375 0.00156977 0.00503817
internal_weight=1409 1324 416 908 848 81 90 326 286 767 693 58 74 43 635 214 421 386 99 63 108 287 198 174 140 243 221 191 171 130
internal_count=1409 1324 416 908 848 81 90 326 286 767 693 58 74 43 635 214 421 386 99 63 108 287 198 174 140 243 221 191 171 130
is_linear=0
shrinkage=0.03


Tree=85
num_leaves=31
num_cat=0
split_feature=0 0 9 6 7 21 25 20 16 24 8 23 23 18 15 29 7 8 8 25 2 6 28 20 9 1 13 23 15 6
split_gain=53.3054 26.6109 11.7317 12.0755 10.1387 10.1043 12.1734 8.49202 6.86919 6.9303 6.55376 6.35506 7.90903 6.77952 6.06686 8.02513 7.30464 8.26146 6.68042 8.7197 6.53853 9.53938 7.50716 6.79145 6.07863 5.9654 5.86774 5.76253 5.54487 5.49624
threshold=92.500000000000014 397.50000000000006 62.230000000000011 145.00000000000003 404.83333333333343 26.150000000000002 10.550000000000002 29.050000000000004 5.5000000000000009 0.90992662233962551 433.78571428571433 23.050000000000004 20.150000000000002 8.3500000000000032 36.500000000000007 0.75438814418115718 363.16666666666669 324.35714285714295 273.64285714285717 16.150000000000002 238.50000000000003 252.50000000000003 0.70290292807158605 18.250000000000004 75.780000000000015 274.50000000000006 23.500000000000004 11.65 23.500000000000004 351.50000000000006
decision_type=2 2 2 8 10 2 2 2 10 2 10 2 2 2 10 2 10 10 10 2 10 10 2 2 2 10 10 2 10 10
left_child=-1 2 8 -4 7 6 27 11 -2 -10 -7 12 13 -5 24 16 17 18 20 -20 22 -22 -16 -24 -15 -14 -17 -3 -26 -19
right_child=1 5 3 4 -6 10 -8 -9 9 -11 -12 -13 25 14 15 26 -18 29 19 -21 21 -23 23 -25 28 -27 -28 -29 -30 -31
leaf_value=-0.8516794543029681 0.10637401800022531 0.82860647699575052 -0.43132480490411379 0.51981166387821698 -0.16102290470647687 0.27578702542375255 -0.25511781871533429 -0.67419390618452479 -0.28213649202571145 0.047432524339901791 2.0650938779382408 0.25261835476651695 -0.2197499814095073 0.16890532252921531 -0.24396585025412149 -0.0086639178826106895 0.63803401224210854 -0.24866468071834191 -0.13732582855302439 0.39794772926249944 -0.0028810085737571 -0.60125989581298966 -0.010130719788558906 0.16153590447026814 -0.065852156208431434 0.0088770524485931902 0.13170919783701152 0.2451306745597614 0.33031335305908782 -0.02102410057579732
leaf_weight=86 21 33 56 23 27 69 38 22 194 44 36 53 30 25 51 31 24 30 37 63 44 23 36 22 29 33 125 20 35 29
leaf_count=86 21 33 56 23 27 69 38 22 194 44 36 53 30 25 51 31 24 30 37 63 44 23 36 22 29 33 125 20 35 29
internal_value=-0.00071223 0.000805215 -0.00100181 0.000706714 0.00166456 0.0109645 0.00358696 0.0023107 -0.00657692 -0.00803347 0.0172642 0.0028629 0.00208394 0.0031051 0.00247934 0.00122093 -0.00125 -0.00241071 -0.000216606 0.00594059 -0.00372881 -0.0110294 0.000818182 0.00813559 0.00966667 -0.00796875 0.00687898 0.0127778 0.00461538 -0.0125
internal_weight=1389 1303 1107 848 792 196 91 765 259 238 105 743 690 627 604 515 359 335 276 100 176 67 109 58 89 63 156 53 64 59
internal_count=1389 1303 1107 848 792 196 91 765 259 238 105 743 690 627 604 515 359 335 276 100 176 67 109 58 89 63 156 53 64 59
is_linear=0
shrinkage=0.03


Tree=86
num_leaves=31
num_cat=0
split_feature=0 19 0 9 15 24 11 0 18 24 18 2 3 26 21 0 21 0 5 19 9 22 2 4 13 2 3 0 20 4
split_gain=49.1009 16.6709 15.0004 11.1897 9.8799 9.19599 8.99784 7.57792 7.52007 7.22154 6.72308 6.53182 6.23463 7.60804 8.9399 8.1874 9.69147 7.6739 6.03533 7.88585 8.50378 5.6819 5.29845 7.5168 7.11435 8.09936 6.11706 6.17495 5.11718 5.77725
threshold=118.50000000000001 -0.82409480842201666 404.50000000000006 37.290000000000006 1817.0000000000002 0.87878364999916148 35.500000000000007 434.00000000000006 19.550000000000004 0.71322329076259949 18.750000000000004 268.50000000000006 129.00000000000003 36.95000000000001 35.350000000000001 340.50000000000006 40.350000000000001 252.50000000000003 150.50000000000003 -0.68832836526074781 57.375000000000007 5.0500000000000007 194.50000000000003 396.50000000000006 80.500000000000014 286.50000000000006 343.50000000000006 295.50000000000006 6.8500000000000005 343.50000000000006
decision_type=2 2 2 2 10 2 2 2 2 2 2 10 10 2 2 2 2 2 10 2 2 2 10 10 10 10 10 2 2 10
left_child=3 5 8 -1 6 22 -4 -8 10 21 12 -10 -3 14 18 16 17 -15 -14 -20 -21 -5 -2 24 26 -26 27 -24 -22 -30
right_child=1 2 4 9 -6 -7 7 -9 11 -11 -12 -13 13 15 -16 -17 -18 -19 19 20 28 -23 23 -25 25 -27 -28 -29 29 -31
leaf_value=-0.79867277887710253 -0.59518990128710358 0.10163839883199408 0.88364289692988018 -0.13673834332932627 0.96247868311260387 0.17088099051992373 0.45057685774747597 -0.1219533509891258 0.021667918396327791 0.073299696580642143 0.32408465065453668 -0.18450453193211486 -0.19275813967584376 0.010504192591919547 -0.34267358392927944 0.88528637219060868 -0.02855740589095717 0.42712672057418161 0.27118509549531522 -0.46342830296902887 0.50324261007061233 -0.42418225015419225 0.049389437984823127 -0.49995244316699539 0.0060001254614832078 -0.31459685590297964 0.34480388869742523 -0.071436552915304791 0.044892003292279124 -0.020914791903992407
leaf_weight=84 45 44 32 29 60 24 23 32 66 25 35 60 46 32 35 20 35 29 35 28 28 20 50 25 28 23 20 23 231 136
leaf_count=84 45 44 32 29 60 24 23 32 66 25 35 60 46 32 35 20 35 29 35 28 28 20 50 25 28 23 20 23 231 136
internal_value=-0.000149573 0.00185393 0.00354167 -0.0158491 0.0123649 -0.00527197 0.00579545 -0.00160714 0.00202091 -0.0072 0.00318367 -0.00472441 0.00252857 0.00178354 0.000277778 0.00871795 0.00494845 0.0120968 0.00130693 0.00235294 0.00120283 -0.0138 -0.00725581 -0.00476471 -0.00206897 -0.0109615 0.00287234 -0.00121622 0.00234848 0.00138587
internal_weight=1403 1245 1007 158 147 238 87 55 860 74 734 126 699 655 539 116 96 61 504 458 423 49 214 169 144 51 93 73 395 367
internal_count=1403 1245 1007 158 147 238 87 55 860 74 734 126 699 655 539 116 96 61 504 458 423 49 214 169 144 51 93 73 395 367
is_linear=0
shrinkage=0.03


Tree=87
num_leaves=31
num_cat=0
split_feature=9 10 23 19 16 2 13 4 6 8 18 4 14 27 26 13 9 8 10 21 21 3 13 27 1 24 28 12 28 3
split_gain=38.149 19.2962 11.569 11.1256 10.965 10.5917 10.5591 9.54633 9.43376 11.717 8.21246 8.45639 12.8653 7.95881 6.59876 9.2016 8.74793 9.02718 8.11688 7.96388 10.3222 7.16297 8.52109 10.6625 7.93161 6.82941 7.87501 9.36564 6.89373 5.35973
threshold=42.795000000000009 453.20500000000004 11.850000000000003 -0.82409480842201666 22.500000000000004 194.50000000000003 1050.0000000000002 392.50000000000006 88.500000000000014 113.78571428571429 19.550000000000004 262.50000000000006 27.500000000000004 2.7500000000000004 36.250000000000007 362.50000000000006 68.675000000000011 279.9285714285715 221.12000000000003 19.250000000000004 19.950000000000003 398.50000000000006 7.5000000000000009 3.6500000000000008 404.50000000000006 -0.6755644832106783 0.9550229469509578 54.500000000000007 0.65883702558178847 357.50000000000006
decision_type=2 10 2 2 10 10 10 10 8 10 2 10 10 2 2 10 2 10 10 2 2 10 10 2 10 2 2 10 2 10
left_child=4 3 -3 5 13 -2 8 29 -5 -10 14 12 -12 -1 19 16 -16 18 -18 -11 -21 22 -22 25 -23 28 27 -27 -24 -7
right_child=1 2 -4 6 -6 7 -8 -9 9 10 11 -13 -14 -15 15 -17 17 -19 -20 20 21 24 23 -25 -26 26 -28 -29 -30 -31
leaf_value=0.083684752062611514 -0.71123360594333185 1.4967586683431329 0.52627543338158123 -0.44872124538281183 -0.8676445516550747 -0.0083162638958378925 0.28176299895713158 -0.47750507869922809 0.15124600167445065 0.43184194931734965 0.14669920679076881 -0.24267939342294312 -0.54768796177517942 -0.258992898669754 -0.029699004219155823 -0.1645234174519149 0.41591350265094518 0.60643700117830057 -0.0093780204983389126 -0.14531098953084906 0.10013364549525874 0.55700777945583868 0.37104003485754561 -1.2578375495430285 -0.037713915337943715 -0.21091931833196922 0.021273946844505502 0.0052629371598288798 -0.2518473525954954 0.29168965247006129
leaf_weight=31 56 37 34 30 74 128 73 24 24 45 23 64 31 32 30 28 22 46 40 30 97 29 30 21 22 116 46 115 27 28
leaf_count=31 56 37 34 30 74 128 73 24 24 45 23 64 31 32 30 28 22 46 40 30 97 29 30 21 22 116 46 115 27 28
internal_value=-0.000439331 0.00115652 0.01625 0.000269168 -0.0154348 -0.00556962 0.00166667 -0.00198895 0.000785169 0.00135287 0.000764774 -0.00655462 0.00218182 -0.00609375 0.00193289 0.00718563 0.0103597 0.0143119 0.00666667 0.000414508 -0.000617978 0.000416667 -0.000794702 -0.00294944 0.0109615 -0.00161194 -0.00356115 -0.00581897 0.00775862 0.000764331
internal_weight=1433 1296 71 1225 137 236 989 180 916 886 862 118 54 63 744 166 138 108 62 578 533 503 452 355 51 334 277 231 57 156
internal_count=1433 1296 71 1225 137 236 989 180 916 886 862 118 54 63 744 166 138 108 62 578 533 503 452 355 51 334 277 231 57 156
is_linear=0
shrinkage=0.03


Tree=88
num_leaves=31
num_cat=0
split_feature=0 23 10 17 11 17 23 10 26 11 22 15 24 5 8 26 26 13 14 1 11 5 28 4 14 4 26 18 15 27
split_gain=46.6575 17.4336 18.8023 9.26211 9.58548 8.93742 9.06341 8.74688 8.33394 13.9626 6.80343 5.92906 5.88135 5.72427 5.47753 7.37686 6.86521 6.12039 11.0943 7.03169 6.69541 8.32131 7.82407 7.18087 5.42336 5.08086 7.06 6.84621 5.03704 4.97448
threshold=110.50000000000001 13.350000000000003 462.97000000000008 6.4500000000017366 615.00000000000011 18.280000000002776 10.250000000000002 80.135000000000005 41.300000000000004 55.500000000000007 6.7500000000000009 916.00000000000011 0.73724926354828246 365.50000000000006 375.28571428571439 20.650000000000002 22.050000000000004 7.5000000000000009 7.5000000000000009 354.50000000000006 45.500000000000007 233.50000000000003 0.76696112484652035 197.50000000000003 30.500000000000004 228.50000000000003 38.550000000000004 12.250000000000002 11.500000000000002 2.7500000000000004
decision_type=2 2 10 10 2 10 2 10 2 2 2 10 2 10 10 2 2 10 10 10 2 10 2 10 10 10 2 2 10 2
left_child=7 2 5 -3 8 6 -2 -1 9 10 14 29 -6 -13 15 -5 -17 18 -18 20 21 23 -23 -19 -24 -11 27 -27 -9 -7
right_child=1 3 -4 4 12 11 -8 28 -10 25 -12 13 -14 -15 -16 16 17 19 -20 -21 -22 22 24 -25 -26 26 -28 -29 -30 -31
leaf_value=-0.78737426661960108 0.056769952244068091 0.21212046663616035 1.8770320414543289 0.20464063227253348 -0.0563214514156914 0.15126420698816842 -0.83034412493848264 0.057431676053645471 0.0367221467449221 -0.57019468315054223 -0.3100836451510407 -0.11615220801282589 0.29921162248603989 0.46459403200059285 -0.13801016717360653 -0.19925957503825259 0.017633236364686979 -0.12295119758143058 0.46091556818842661 0.37194114026760244 0.13789006983935309 -0.10370559709071614 -0.0097878736573926515 -0.61052041397664059 0.10744389639282033 0.0015981516664044192 0.042033916333780889 -0.38594313393462298 -0.15520251763630419 -0.65911748012451876
leaf_weight=81 22 21 37 29 26 349 23 21 50 34 32 54 59 42 31 20 53 45 21 25 27 35 31 29 22 24 33 61 32 21
leaf_count=81 22 21 37 29 26 349 23 21 50 34 32 54 59 42 31 20 53 45 21 25 27 35 31 29 22 24 33 61 32 21
internal_value=-0.000129403 0.00167064 0.00568306 -0.00143865 -0.00204942 0.00416016 -0.00847826 -0.0168889 -0.00338308 -0.00444846 -0.00149626 0.00539615 0.00732558 -0.00123711 -0.000325203 0.000798817 -0.000582524 0.000622837 0.008 -0.00195349 -0.00394737 -0.00625767 0 -0.0136 0.00722222 -0.0121569 -0.00907563 -0.0136047 -0.00722222 0.0071159
internal_weight=1390 1256 548 708 687 511 45 134 602 552 400 466 85 96 368 337 308 288 74 214 189 162 88 74 53 152 118 85 53 370
internal_count=1390 1256 548 708 687 511 45 134 602 552 400 466 85 96 368 337 308 288 74 214 189 162 88 74 53 152 118 85 53 370
is_linear=0
shrinkage=0.03


Tree=89
num_leaves=31
num_cat=0
split_feature=0 0 27 7 10 18 16 12 26 28 10 26 20 27 5 0 23 23 5 7 5 27 7 4 6 8 7 5 24 6
split_gain=46.0299 18.57 11.1324 9.66259 10.1626 13.0126 9.21145 7.94307 16.2443 12.1739 11.181 7.86004 9.03886 6.64861 5.43385 5.13641 5.90197 5.64835 5.95503 5.55688 5.19575 5.12738 8.09807 3.91955 4.23995 4.73044 7.08203 5.07985 5.86022 5.7683
threshold=88.500000000000014 398.50000000000006 0.15000000000000005 404.83333333333343 191.01000000000002 9.3500000000000032 28.500000000000004 1.5000000000000002 32.250000000000007 -0.23537230790205757 97.460000000000022 27.750000000000004 9.3500000000000032 1.1500000000000001 202.50000000000003 219.50000000000003 18.450000000000003 16.750000000000004 320.50000000000006 204.83333333333334 215.50000000000003 1.0000000180025095e-35 137.16666666666671 463.50000000000006 145.00000000000003 192.14285714285717 215.50000000000003 246.50000000000003 -0.96811077628253217 395.00000000000006
decision_type=2 2 2 10 10 2 10 10 2 2 8 2 2 2 10 2 2 2 10 10 10 2 10 10 10 10 10 10 2 10
left_child=-1 3 11 4 5 -2 -6 8 14 21 -11 12 -3 15 -7 16 19 18 -17 20 -12 22 -9 24 -8 -26 -27 -28 -29 -30
right_child=1 2 -4 -5 6 7 23 9 -10 10 13 -13 -14 -15 -16 17 -18 -19 -20 -21 -22 -23 -24 -25 25 26 27 28 29 -31
leaf_value=-1.1099885379093928 0.32749257353389222 0.92476806084289187 -0.25434254629620195 -0.14870546653570271 0.25658147568713985 -0.25510867008906557 -0.34874137016990486 0.12462128814605861 0.085714865158379824 0.197820100033921 0.15364467651373218 0.85034294239238251 -0.056686142699869602 -0.72169545292295223 0.036004847059063108 0.018919299281587313 -0.46576524633177185 0.28605864642977152 -0.13345760408337781 -0.41146251371931014 -0.21992042533622339 -0.57001112023657985 -0.47383474041845203 -0.098224851664363941 0.083636025369716968 -0.41590522159344656 0.061597968364354189 -0.08266606866457607 0.0033299696999398521 0.18931211437030612
leaf_weight=72 39 43 20 27 28 25 27 22 34 30 23 77 49 44 24 22 34 22 20 26 29 50 39 20 22 40 116 25 301 64
leaf_count=72 39 43 20 27 28 25 27 22 34 30 23 77 49 44 24 22 34 22 20 26 29 50 39 20 22 40 116 25 301 64
internal_value=-0.000636042 0.000625465 0.00931579 -0.000805893 -0.000372671 -0.00365702 0.00209627 -0.0051236 0.00321429 -0.0070442 -0.00334661 0.0118235 0.00580645 -0.00570136 -0.0078 -0.00305085 -0.00690265 0.00369231 -0.0027907 -0.00227848 0.00339623 -0.0152679 -0.00919355 0.00131494 0.00176174 0.00231986 0.00175503 0.00272189 0.00107417 0.00204918
internal_weight=1414 1342 189 1153 1126 483 643 444 83 361 250 169 92 220 49 176 112 64 42 78 52 111 61 615 595 568 546 506 390 365
internal_count=1414 1342 189 1153 1126 483 643 444 83 361 250 169 92 220 49 176 112 64 42 78 52 111 61 615 595 568 546 506 390 365
is_linear=0
shrinkage=0.03


Tree=90
num_leaves=31
num_cat=0
split_feature=0 19 0 18 15 16 23 23 8 13 10 20 1 23 1 4 8 24 26 20 0 16 18 1 13 23 12 29 28 17
split_gain=37.992 19.5034 15.1324 14.1513 10.961 8.16027 8.1426 7.69253 7.20757 7.51627 7.20069 9.94632 6.79939 8.87259 6.53283 6.41088 14.0308 6.1807 6.0301 16.5841 7.28514 6.52305 6.4585 6.2966 5.92839 7.2132 5.3327 7.62389 5.06346 8.11167
threshold=118.50000000000001 -0.82409480842201666 404.50000000000006 12.550000000000002 1817.0000000000002 5.5000000000000009 16.150000000000002 9.9500000000000011 411.35714285714295 1510.5000000000002 80.135000000000005 25.550000000000004 148.50000000000003 16.350000000000005 370.50000000000006 313.50000000000006 365.28571428571439 -0.6360540003681886 32.050000000000004 13.750000000000002 351.50000000000006 181.50000000000003 16.850000000000005 333.50000000000006 20.500000000000004 14.750000000000002 34.500000000000007 0.94066717844141279 0.10837544681456425 528.80500000000018
decision_type=2 2 2 2 10 10 2 2 10 10 10 2 10 2 10 10 10 2 2 2 2 10 2 10 10 2 8 2 2 10
left_child=3 12 5 -1 6 -3 26 15 9 18 -5 -12 -2 14 28 -7 -17 -15 19 21 23 -9 -22 -20 -23 -26 -4 -28 -14 -30
right_child=1 2 4 10 -6 7 -8 8 -10 -11 11 -13 13 17 -16 16 -18 -19 20 -21 22 24 -24 -25 25 -27 27 -29 29 -31
leaf_value=0.04252178378839673 -0.47505523391984578 0.44663575404245492 -0.10055065840760363 -0.96890923954173502 1.0456018448454025 0.17488644623996094 -0.3106202385837426 0.25050569650283022 -0.07845256508104001 0.2901353747204598 0.075053349302114963 -0.33542406563833416 -0.15577435633728698 -0.30611102580236094 -0.32867560811847368 -0.13093043469571283 0.89786994353387395 0.030910503830696569 0.017946294425443342 -0.30414500095073038 1.1277117025031911 -0.31900675371478737 0.052314158920918882 -0.46355809292240646 0.12646828597742485 -0.11907701849045509 0.026445532091764219 0.86511535836116304 0.35856163958977161 -0.014917706803253168
leaf_weight=43 20 20 20 66 60 55 22 68 23 21 20 34 42 73 32 35 26 20 294 115 24 22 21 28 78 34 21 29 26 20
leaf_count=43 20 20 20 66 60 55 22 68 23 21 20 34 42 73 32 35 26 20 294 115 24 22 21 28 78 34 21 29 26 20
internal_value=-0.000509554 0.001272 0.00306785 -0.0140854 0.0117647 0.00152601 0.00516129 0.00106509 -8.23045e-05 0.000467422 -0.0193388 -0.0109091 -0.00653846 -0.00490654 0.000495868 0.00820513 0.00145161 -0.0118085 -8.75912e-05 -0.00311321 0.00252717 0.00206897 0.0136957 0.000928793 -0.00177778 0.00106195 0.0101408 0.0152941 0.0047191 0.0114894
internal_weight=1412 1249 1016 163 152 864 92 844 728 705 120 54 233 213 120 116 61 93 684 317 367 202 45 322 134 112 70 50 88 46
internal_count=1412 1249 1016 163 152 864 92 844 728 705 120 54 233 213 120 116 61 93 684 317 367 202 45 322 134 112 70 50 88 46
is_linear=0
shrinkage=0.03


Tree=91
num_leaves=31
num_cat=0
split_feature=9 10 4 23 19 5 24 1 28 4 24 0 1 23 25 25 14 0 4 9 5 14 13 23 3 3 13 23 19 15
split_gain=40.2906 15.404 11.7582 10.0466 7.17283 8.50167 8.31107 10.2129 7.20246 7.14358 7.83888 7.67952 6.69284 9.39777 6.55922 5.9165 5.56688 5.14899 9.81471 5.76146 5.27446 8.2104 8.4023 7.52078 7.5912 9.99055 6.51049 6.02972 5.98724 5.62862
threshold=31.085000000000004 422.35000000000008 95.500000000000014 16.350000000000005 -0.82409480842201666 384.50000000000006 0.87878364999916148 388.50000000000006 -0.98214942551678475 136.50000000000003 0.76037701167087512 131.50000000000003 245.50000000000003 16.350000000000005 26.150000000000002 25.350000000000005 341.50000000000006 169.50000000000003 181.50000000000003 57.375000000000007 328.50000000000006 59.500000000000007 118.50000000000001 10.250000000000002 291.50000000000006 265.50000000000006 362.50000000000006 13.850000000000003 0.95878322595067733 152.50000000000003
decision_type=2 10 10 2 2 10 2 10 2 10 2 2 10 2 2 2 10 2 10 2 10 10 10 2 10 10 10 2 2 10
left_child=-1 2 14 -3 6 8 7 12 -6 10 -10 -11 13 15 -2 -4 -14 -13 -19 -20 21 23 29 -21 25 -25 -24 -26 -28 -23
right_child=1 3 4 -5 5 -7 -8 -9 9 11 -12 17 16 -15 -16 -17 -18 18 19 20 -22 22 26 24 27 -27 28 -29 -30 -31
leaf_value=-0.92099265616364379 -0.31489825705215452 0.84121611705443344 -0.41654633995172158 -0.027763094064277991 0.16040293415831314 0.27825714271041646 0.17547459171610655 -0.48509429465246395 -0.00021526360688255863 -0.71709786508203854 0.15337977752668394 0.15693124234093631 0.023042508928275821 -0.62602139000008861 -0.044520695053609387 0.08211026326223532 -0.14057157459410191 -0.36267625721396651 -0.44010758409409217 0.41630125595275869 -0.11995723620327567 -0.084086896075233425 0.27766294661578655 0.028022941322902284 -0.00056397797038130191 -0.21464619918259586 -0.098306841176403731 0.39327332849935459 0.077999315216782175 -0.20195614528960334
leaf_weight=59 39 79 23 26 49 137 22 24 35 25 31 39 73 39 27 43 20 47 29 34 147 22 32 91 25 20 47 51 21 23
leaf_count=59 39 79 23 26 49 137 22 24 35 25 31 39 73 39 27 43 20 47 29 34 147 22 32 91 25 20 47 51 21 23
internal_value=-0.000456522 0.000635882 -0.000320724 0.0116038 0.000391304 0.00162252 -0.00416327 -0.00591928 0.000390117 -0.000375 0.00895522 -0.00133028 -0.00361809 -0.00877358 -0.0125373 -0.00179104 0.00223404 -0.000667727 -0.00137288 -0.000220994 0.000525292 0.00245232 -0.00308219 0.00608108 0.00367021 -0.00133929 0.00178218 0.0109091 -0.00347826 -0.0136957
internal_weight=1379 1320 1215 105 1149 905 244 222 768 719 66 653 198 105 66 66 93 628 589 542 513 366 145 221 187 111 100 76 68 45
internal_count=1379 1320 1215 105 1149 905 244 222 768 719 66 653 198 105 66 66 93 628 589 542 513 366 145 221 187 111 100 76 68 45
is_linear=0
shrinkage=0.03


Tree=92
num_leaves=31
num_cat=0
split_feature=0 10 10 25 11 6 6 4 16 24 24 28 18 8 26 12 14 3 25 20 20 20 5 8 17 18 15 28 1 1
split_gain=40.9054 15.1477 10.6174 10.0472 8.96363 6.69191 6.20535 9.35026 8.27208 7.53849 6.70526 7.44828 6.13376 10.8278 7.72466 9.63221 6.26021 9.69347 7.04231 9.439 8.55589 5.56945 5.52893 7.11111 6.34172 6.83571 5.77393 5.30459 5.03457 7.75463
threshold=110.50000000000001 503.14000000000004 62.435000000000009 5.9500000000000011 326.50000000000006 105.50000000000001 354.50000000000006 343.50000000000006 15678.500000000002 0.39873388578253705 0.77159520228797451 0.67802080537253961 10.950000000000001 385.9285714285715 38.45000000000001 65.500000000000014 65.500000000000014 351.50000000000006 26.050000000000004 27.750000000000004 25.950000000000003 25.550000000000004 396.50000000000006 416.85714285714295 475.79000000000002 9.4500000000000011 246.50000000000003 0.63920241694561786 339.00000000000006 371.50000000000006
decision_type=2 10 10 2 2 10 10 10 10 2 2 2 2 10 2 10 8 10 2 2 2 2 8 10 10 2 10 2 10 10
left_child=2 3 -1 -2 12 -4 7 10 9 -8 -6 -12 22 14 16 -16 18 -18 20 -20 28 -7 24 -24 25 -5 -26 -17 -14 -30
right_child=1 -3 5 4 6 21 8 -9 -10 -11 11 -13 13 -15 15 27 17 -19 19 -21 -22 -23 23 -25 26 -27 -28 -29 29 -31
leaf_value=-0.94924432083575794 0.64891364975230859 2.6132575618455332 0.05356267280674288 -0.10989726035774339 0.23327453415038291 -0.10036404862169249 0.042514313544753858 -0.11523828714199623 -0.028684692488947689 0.88104360665184223 -0.20267258854643841 0.42341409296561122 -0.015347961412299752 -0.16378370023897132 0.30084886572044339 -0.23736058072299671 -0.23205455084636298 0.10509812641978157 0.073706494596934818 -0.54098269374635288 -0.72689219161904961 -0.42332659203902961 0.7831964635070221 0.11641573586818424 -0.16795850099859591 0.28504530631545361 0.20148823468237281 0.026694842690899917 0.38308512716293364 -0.19405315931321127
leaf_weight=61 22 32 26 50 37 22 20 33 29 43 28 24 338 52 52 41 71 24 59 21 30 28 24 20 55 68 24 24 30 30
leaf_count=61 22 32 26 50 37 22 20 33 29 43 28 24 338 52 52 41 71 24 59 21 30 28 24 20 55 68 24 24 30 30
internal_value=8.45666e-05 0.00175507 -0.0154348 0.001224 0.000855049 -0.00779221 0.0064186 0.00195122 0.0122581 0.0182812 0.007 0 -0.000325444 -0.00163001 -0.000665742 0.00635593 -0.00203642 -0.0090625 -0.000707269 0.00740741 -0.00223776 -0.0141176 0.00384298 0.0133333 0.00166667 0.00605042 -0.004875 -0.00136364 -0.00105263 0.00688525
internal_weight=1418 1281 137 1249 1227 76 214 122 92 63 89 52 1013 772 720 117 603 95 508 80 428 50 241 44 197 118 79 65 398 60
internal_count=1418 1281 137 1249 1227 76 214 122 92 63 89 52 1013 772 720 117 603 95 508 80 428 50 241 44 197 118 79 65 398 60
is_linear=0
shrinkage=0.03


Tree=93
num_leaves=31
num_cat=0
split_feature=0 10 10 6 0 20 18 3 0 15 15 26 3 23 23 1 24 12 27 10 28 29 23 8 6 12 28 23 10 26
split_gain=39.8583 23.1702 10.1703 8.65468 7.57471 6.45951 6.35439 5.80143 6.09744 5.71598 10.1977 11.0454 6.98341 8.99361 12.7974 8.29754 9.49977 6.85919 6.82269 6.37968 6.00076 5.61608 5.47498 11.458 7.84458 5.42538 5.2337 5.98742 5.01806 4.76802
threshold=87.500000000000014 244.17500000000004 422.35000000000008 88.500000000000014 442.50000000000006 27.750000000000004 9.3500000000000032 161.50000000000003 408.50000000000006 37.500000000000007 28.500000000000004 31.050000000000004 291.50000000000006 17.750000000000004 13.250000000000002 217.50000000000003 0.90255091666790854 1.5000000000000002 1.0500000000000003 209.38000000000002 0.45273815774107123 0.89691351184655443 11.450000000000001 398.00000000000006 351.50000000000006 18.500000000000004 0.74443451080969758 16.150000000000002 163.08000000000001 35.250000000000007
decision_type=2 10 10 8 2 2 2 10 2 10 10 2 10 2 2 10 2 10 2 10 2 2 2 10 10 10 2 2 10 2
left_child=-1 3 4 -2 5 7 28 -3 22 10 11 20 15 14 19 16 -11 -13 -19 -14 -8 -4 24 -24 -9 -17 -27 -28 -5 -18
right_child=1 2 21 6 -6 -7 9 8 -10 12 -12 17 13 -15 -16 25 29 18 -20 -21 -22 -23 23 -25 -26 26 27 -29 -30 -31
leaf_value=-1.063135696112482 -0.26692009048778287 0.15702301731968418 0.99008749787253514 0.33522139852106192 -0.34203454988519977 -0.45628130918575777 -0.21616332717554995 0.070033123146690177 0.49177723963236641 -0.21954185821988062 0.25986639382081506 0.080323735028863572 0.2628086835698441 0.098166225083010941 -0.21645214661194132 -1.1238729472818332 -0.035926295515830022 0.041973499746047339 -0.30108610906319072 -0.044407590203609855 0.0038910832669131422 0.68802205489886259 0.020496305340880667 -0.099520645127439591 0.39571472773638333 -0.37851537227352794 0.31838419200428658 -0.53044844954738268 -0.14415362255482164 0.1249301907217108
leaf_weight=60 31 21 57 28 29 29 42 70 45 81 35 53 24 48 47 23 36 36 34 20 21 45 255 23 59 48 26 26 20 21
leaf_count=60 31 21 57 28 29 29 42 70 45 81 35 53 24 48 47 23 36 36 34 20 21 45 255 23 59 48 26 26 20 21
internal_value=0.000107604 0.0011919 0.005347 -0.00256776 0.00366541 0.0045328 -0.00183582 0.00537975 0.00463576 -0.00265273 0.00121622 -0.00160428 -0.00478803 0.000642857 -0.0048913 -0.00767176 -0.00258993 0.00362903 -0.00253521 0.00666667 -0.0117188 0.0139806 0.00345588 0.00107527 0.00853846 -0.0133065 -0.010099 -0.00339623 0.00857143 0.00672414
internal_weight=1393 1333 633 700 531 502 669 473 452 621 221 186 400 139 91 261 138 123 70 44 63 102 407 278 129 123 100 52 48 57
internal_count=1393 1333 633 700 531 502 669 473 452 621 221 186 400 139 91 261 138 123 70 44 63 102 407 278 129 123 100 52 48 57
is_linear=0
shrinkage=0.03


Tree=94
num_leaves=31
num_cat=0
split_feature=10 9 19 26 0 21 6 2 15 21 18 0 26 25 6 5 9 25 9 29 3 4 13 0 10 3 24 8 7 7
split_gain=33.7591 13.9447 12.2273 9.71593 12.6037 8.8466 8.74261 9.3353 8.08902 7.92847 7.6771 7.60811 7.33477 7.05023 6.51863 5.8489 5.42537 9.16083 5.21138 5.19096 5.13619 7.56218 4.89627 6.65786 4.44991 6.87743 6.3871 7.78082 4.68686 7.40163
threshold=41.475000000000009 233.89500000000001 -0.82409480842201666 32.050000000000004 354.50000000000006 27.550000000000004 390.50000000000006 199.50000000000003 104.50000000000001 32.550000000000004 15.15 293.50000000000006 31.050000000000004 26.850000000000005 236.50000000000003 105.50000000000001 57.375000000000007 25.950000000000003 150.52000000000001 -0.99273797715557011 300.50000000000006 248.50000000000003 9.5000000000000018 123.50000000000001 228.95500000000001 252.50000000000003 0.92384435400961407 301.00000000000006 305.83333333333343 350.83333333333343
decision_type=10 2 2 2 2 2 10 10 8 2 2 2 2 2 10 10 2 2 2 2 10 10 10 2 10 8 2 10 10 10
left_child=-1 2 6 5 9 24 7 12 -3 -5 -6 14 -2 20 22 -11 17 -17 -12 -18 21 -9 23 -7 26 -26 -4 -28 -27 -30
right_child=1 8 3 4 10 11 -8 13 -10 15 18 -13 -14 -15 -16 16 19 -19 -20 -21 -22 -23 -24 -25 25 28 27 -29 29 -31
leaf_value=-1.1687277137010246 -0.92632934173376646 -0.046884531523100174 -0.20421357132827381 0.13758950626873193 1.0389933097188173 -0.13540068175859224 -0.47958807125793157 0.02117329294646865 0.74679668625280493 -0.15191804799375588 -0.024127162229622457 -0.20061624202447376 -0.30661451990167393 -0.27546684694409762 0.3047489637288896 -0.60908401517540023 0.075337341332055843 0.10436700474842339 0.86543638756955432 0.0088268820378971206 -0.026440248559696896 0.23152557877496377 -0.75463296153282777 0.040032103642210826 0.4721567058252884 -0.12314561784717966 0.17969702145514246 -0.089866748317769377 0.14961460521642606 -0.015679182519749871
leaf_weight=46 24 28 40 60 29 22 23 48 95 26 24 55 57 34 41 23 20 24 21 258 43 24 24 34 20 29 36 36 53 86
leaf_count=46 24 28 40 60 29 22 23 48 95 26 24 55 57 34 41 23 20 24 21 258 43 24 24 34 20 29 36 36 53 86
internal_value=-0.000541908 0.000336323 -0.000641975 0.000904366 0.00388889 -0.00213836 -0.00649606 -0.00467532 0.00991935 0.00182039 0.0152 -0.00745763 -0.0128049 -0.0002 -0.00319672 8.52273e-05 0.00119632 -0.008125 0.00717391 0.0027957 0.00336207 0.00821918 -0.00814815 -0.00315789 0.000996678 0.00380952 -0.00371681 0.00164384 0.00177515 0.00407143
internal_weight=1383 1337 1214 961 485 476 253 230 123 411 74 176 81 149 121 351 325 47 45 278 115 72 80 56 300 188 112 72 168 139
internal_count=1383 1337 1214 961 485 476 253 230 123 411 74 176 81 149 121 351 325 47 45 278 115 72 80 56 300 188 112 72 168 139
is_linear=0
shrinkage=0.03


Tree=95
num_leaves=31
num_cat=0
split_feature=9 18 11 15 26 23 12 0 3 26 3 15 23 17 29 24 3 26 19 13 23 8 12 11 8 12 20 24 25 4
split_gain=32.9622 13.2339 12.6221 8.1532 10.4981 7.35856 10.4165 9.47535 8.44098 10.8163 9.09239 11.1168 8.4375 8.04878 7.97963 7.38441 7.32833 8.34237 7.00913 6.5037 6.41117 9.98386 5.37887 7.89674 8.83897 6.26167 4.86714 5.82362 4.99993 5.72719
threshold=32.555000000000007 10.950000000000001 597.50000000000011 888.50000000000011 41.150000000000013 12.350000000000003 1.5000000000000002 106.50000000000001 383.50000000000006 38.45000000000001 333.50000000000006 37.500000000000007 16.850000000000005 10.425000000001765 -0.89404254237865755 -0.62249093318774784 473.00000000000006 35.650000000000013 -0.78257835753184624 585.50000000000011 15.250000000000002 385.9285714285715 18.500000000000004 50.500000000000007 214.28571428571431 35.500000000000007 11.050000000000002 0.96359376111369366 26.150000000000002 177.50000000000003
decision_type=2 2 2 8 2 2 10 2 10 2 10 10 2 10 2 2 8 2 2 10 2 10 10 2 10 10 2 2 2 10
left_child=-1 16 3 4 5 13 15 -8 9 10 11 12 -9 -3 -11 -7 17 -2 -13 -5 21 -4 -20 24 -24 -26 27 -15 29 -28
right_child=1 2 20 19 -6 6 7 8 -10 14 -12 18 -14 26 -16 -17 -18 -19 22 -21 -22 -23 23 -25 25 -27 28 -29 -30 -31
leaf_value=-0.7929693122898005 0.088887687465480092 -0.23217927951727674 -0.11535091240972235 -0.29571409691848954 0.16259664009317987 -0.21183844222415343 -0.51581398676429746 0.19497358978469292 -0.14000566947955007 -0.054812329176931053 0.042030662995246645 -0.58989369235249856 -0.18335521186331846 0.1032844387087772 0.18774550271899074 0.13878409003020692 1.0476248963101642 0.24897398155181633 -0.42074934755707016 -0.024562385821194539 0.3583950359780374 1.0237039568532345 -0.23525230080851228 -0.33786779958200214 0.22963610161181292 -0.0063357843967025923 -0.35052891816658954 0.65008228173732385 0.075580555777825964 0.02629570754195356
leaf_weight=64 305 20 43 24 39 20 29 44 58 32 57 52 35 39 34 37 25 21 46 29 57 22 26 49 26 23 21 30 23 72
leaf_count=64 305 20 43 24 39 20 29 44 58 32 57 52 35 39 34 37 25 21 46 29 57 22 26 49 26 23 21 30 23 72
internal_value=0.000555952 0.00156833 -0.000212551 -0.00148961 -0.000738007 -0.00151163 -0.00326889 -0.00462891 -0.00360248 -0.00211765 -0.00417827 -0.00625828 0.003375 0.00334951 0.00895522 0.0087931 0.0065625 0.0053211 -0.0096861 -0.0127778 0.00878049 0.00227273 -0.00666667 -0.00336 0.00276316 0.0102 0.00532258 0.0115714 0.00153846 -0.00159574
internal_weight=1402 1338 987 865 812 773 568 511 482 424 358 301 79 205 66 57 351 326 222 53 122 65 170 124 75 49 185 69 116 93
internal_count=1402 1338 987 865 812 773 568 511 482 424 358 301 79 205 66 57 351 326 222 53 122 65 170 124 75 49 185 69 116 93
is_linear=0
shrinkage=0.03


Tree=96
num_leaves=31
num_cat=0
split_feature=9 10 23 5 5 10 0 4 21 21 19 15 16 24 2 27 21 18 24 21 11 6 24 15 15 2 25 0 5 13
split_gain=26.4199 18.5749 13.6649 8.75544 10.3728 10.8043 8.59174 6.97211 6.22896 12.8336 6.22881 7.32415 6.53145 6.07843 5.99702 5.9159 5.90989 11.8185 9.89718 5.37513 6.04007 4.91999 5.25811 6.24234 4.86248 4.43577 4.98715 4.3856 4.27949 4.1142
threshold=31.085000000000004 503.14000000000004 11.850000000000003 368.50000000000006 339.00000000000006 316.80000000000001 90.500000000000014 387.50000000000006 18.550000000000004 20.650000000000002 -0.82409480842201666 37.500000000000007 105.50000000000001 -0.7933231318270072 194.50000000000003 7.9500000000000011 35.650000000000013 17.850000000000005 0.97625883275952063 31.750000000000004 2.5000000000000004 347.50000000000006 -0.64942331933852315 99.500000000000014 149.50000000000003 442.50000000000006 10.350000000000003 161.50000000000003 312.50000000000006 1148.5000000000002
decision_type=2 10 2 10 8 10 2 10 2 2 2 10 10 2 10 2 2 2 2 2 2 10 2 10 10 10 2 2 10 10
left_child=-1 2 3 4 15 -6 -4 -5 -8 -10 14 13 -13 -12 27 -2 29 28 24 -15 -21 22 23 -16 -19 26 -9 -11 -18 -14
right_child=1 -3 6 7 5 -7 8 25 9 10 11 12 16 19 21 -17 17 18 -20 20 -22 -23 -24 -25 -26 -27 -28 -29 -30 -31
leaf_value=-0.64611991788923895 0.070964696668298188 2.5208212771856657 -0.58914283292346392 0.62510291509059301 -0.27539596953402623 0.14460605989486622 0.37222542641996936 0.31764700292949155 -0.13608160780351083 -0.42733803251262803 -0.18474150468028652 -0.20359426219799331 -0.11410864227104582 0.34788578267012438 -0.3452317447972133 -0.36848388746862554 0.087463200396880714 0.033819351609201645 0.21140560885501927 0.12450160763677544 -0.0032548021950793782 -0.45712412092234866 0.086615389220140449 0.010690587212948514 -0.30769051784485896 0.77892327814761353 -0.097139261612264813 -0.6580780223882865 0.38317343207943905 0.015900945638352936
leaf_weight=56 229 31 27 50 33 21 23 21 44 20 33 34 231 29 20 28 74 20 22 33 39 24 22 46 51 25 22 20 31 25
leaf_count=56 229 31 27 50 33 21 23 21 44 20 33 34 231 29 20 28 74 20 22 33 39 24 22 46 51 25 22 20 31 25
internal_value=0 0.000857788 0.000300462 0.00467442 0.00201923 -0.00981818 -0.00186421 0.0115966 -0.00131829 -0.00175824 -0.000851613 0.000481541 -0.00122699 0.00666667 -0.00627451 0.00453488 -0.000263736 0.00361809 -0.00414894 0.0102941 0.00575342 -0.00265487 0.000674157 -0.00358209 -0.00958333 0.00521739 -0.000681818 -0.0160976 0.0104717 -0.00326848
internal_weight=1384 1328 1297 429 311 54 868 118 841 818 774 622 488 134 152 257 454 198 93 101 72 112 88 66 71 68 43 40 105 256
internal_count=1384 1328 1297 429 311 54 868 118 841 818 774 622 488 134 152 257 454 198 93 101 72 112 88 66 71 68 43 40 105 256
is_linear=0
shrinkage=0.03


Tree=97
num_leaves=31
num_cat=0
split_feature=0 22 24 7 4 1 26 20 21 15 0 21 11 16 20 20 26 20 29 15 24 26 19 10 9 0 26 3 12 7
split_gain=29.627 13.0065 10.1878 10.8864 7.06105 6.89513 7.9737 11.3645 10.5279 7.74071 13.818 8.76842 6.63013 7.47504 9.28272 6.46709 6.36862 9.45138 6.32293 6.23225 7.88578 8.57864 6.05882 6.01506 6.00684 7.30521 7.60529 6.00738 6.23171 5.98194
threshold=87.500000000000014 1.9500000000000002 -0.96811077628253217 450.83333333333343 473.00000000000006 98.40000000000002 30.850000000000005 22.150000000000002 29.450000000000003 37.500000000000007 277.50000000000006 42.050000000000004 45.500000000000007 6782.5000000000009 12.550000000000002 13.050000000000002 22.150000000000002 7.5500000000000007 -0.38243420677835349 2.5000000000000004 0.85260769842926931 32.050000000000004 0.84335933205092506 309.86500000000007 53.025000000000006 161.50000000000003 40.750000000000007 181.50000000000003 31.500000000000004 350.83333333333343
decision_type=2 2 2 8 10 10 2 2 2 10 2 2 2 10 2 2 2 2 2 8 2 2 2 10 2 2 2 10 10 10
left_child=-1 2 15 4 5 -4 8 -8 12 -9 24 18 16 14 29 -2 17 -7 -12 -3 21 -21 -19 -18 -11 -26 27 -27 -29 -14
right_child=1 19 3 -5 -6 6 7 9 -10 10 11 -13 13 -15 -16 -17 23 22 -20 20 -22 -23 -24 -25 25 26 -28 28 -30 -31
leaf_value=-0.99896567346021281 0.24361908239254859 0.062537977261428915 -0.15095246782314817 1.1532311745436556 -0.17050080767313489 0.33580109188085627 0.26101737963660354 0.13088551910019816 -0.18215774062959753 -0.44787239171471921 0.34401361548353493 -0.046992096926592238 0.079188097544408434 0.17444406662268191 -0.44123485724340411 -0.20954507992155186 0.019387820488219062 0.25171733748536096 0.0019873819625979647 -0.38634618181551345 0.096356361162502319 -0.19039048451594354 -0.095414412417591729 0.3918992598741633 0.14538763404601368 -0.49741059676051347 0.039642416016691301 0.086857201926282518 -0.19972403608449724 -0.083669004618489279
leaf_weight=56 22 29 20 59 23 38 157 69 47 23 62 22 68 45 31 53 63 21 24 69 34 81 45 28 22 21 30 24 54 52
leaf_count=56 22 29 20 59 23 38 157 69 47 23 62 22 68 45 31 53 63 21 24 69 34 81 45 28 22 21 30 24 54 52
internal_value=0.000129218 0.00103216 0.00232206 0.00308866 0.00233333 0.00273009 0.00310454 0.00565815 0.000136674 0.00264205 0.000424028 0.00880734 0.0017602 -0.00213198 -0.00532895 -0.00828947 0.00566327 0.000571429 0.0131034 -0.00574766 -0.00778378 -0.0107285 -0.00626866 0.011413 -0.0048 -0.00256579 -0.00530769 -0.0093 -0.00531646 -0.0014876
internal_weight=1392 1336 1123 1048 989 966 946 508 438 351 282 108 391 196 151 75 195 104 86 213 184 150 66 91 174 151 129 99 78 120
internal_count=1392 1336 1123 1048 989 966 946 508 438 351 282 108 391 196 151 75 195 104 86 213 184 150 66 91 174 151 129 99 78 120
is_linear=0
shrinkage=0.03


Tree=98
num_leaves=31
num_cat=0
split_feature=10 10 18 26 13 16 19 26 28 8 23 2 19 5 12 4 19 3 28 23 12 23 2 24 23 17 26 5 2 20
split_gain=31.4771 17.8722 12.1788 10.4843 10.0321 9.79783 8.46303 9.82109 8.61797 11.5312 7.56198 6.77538 6.72619 6.92901 8.09936 7.02985 9.20714 6.59354 6.4718 8.36431 7.66273 5.834 5.75567 4.96358 4.89877 6.72152 6.70627 4.7071 4.88533 4.38772
threshold=41.475000000000009 503.14000000000004 12.950000000000001 35.750000000000007 1510.5000000000002 7.5000000000000009 0.26722820045975987 41.150000000000013 0.74443451080969758 283.4285714285715 14.950000000000001 236.50000000000003 0.99140711019144623 159.50000000000003 12.500000000000002 215.50000000000003 0.84335933205092506 202.50000000000003 -0.8041866928211282 13.950000000000001 35.500000000000007 13.550000000000002 283.50000000000006 0.9426055981926128 17.550000000000004 774.26500000000181 36.850000000000001 322.50000000000006 284.50000000000006 8.9500000000000011
decision_type=10 10 2 2 10 10 2 2 2 10 2 10 2 10 10 10 2 10 2 2 10 2 10 2 2 10 2 10 10 2
left_child=-1 2 3 21 5 -4 8 12 24 11 -5 -10 13 14 -8 17 -17 -15 -18 -20 -21 23 -22 -2 25 -7 -26 28 -14 -25
right_child=1 -3 4 10 -6 6 7 -9 9 -11 -12 -13 27 15 -16 16 18 -19 19 20 22 -23 -24 29 26 -27 -28 -29 -30 -31
leaf_value=-0.99404667579058592 0.034796604374592165 2.3664927858158058 0.19231800699624385 0.5228599133196008 0.21727586122266074 -0.07498338100699499 0.00054684640245490353 0.19718579568844574 0.053402393014314951 0.3583593733803343 0.10506746856427185 -0.57172810587298872 -0.17395284422811103 0.0022700208347185935 -0.41136295014388391 -0.25724551377549543 0.34906416734169227 0.14133476635220973 0.072945851651127214 0.010224404396654875 -0.00058085616277764979 -0.039598438315159683 -0.26890813485089265 0.48224391804151251 -0.80960313643317328 -0.26299079378691315 -0.17890431746889432 -0.2450182588081023 0.37797264098572225 0.27318824271066489
leaf_weight=53 240 33 25 23 31 85 28 44 24 31 27 25 38 37 23 42 20 21 65 36 25 140 37 23 34 24 30 20 20 71
leaf_count=53 240 33 25 23 31 85 28 44 24 31 27 25 38 37 23 42 20 21 65 36 25 140 37 23 34 24 30 20 20 71
internal_value=-0.000327035 0.000589569 2.32558e-05 0.00354286 -0.00238903 -0.00310204 -0.00376056 -0.00131291 -0.00814961 0 0.0164706 -0.009 -0.00276029 -0.000895522 -0.0109615 0.000950704 -0.00146018 0.0101695 0.00146739 -0.00054878 -0.00606061 0.00214737 -0.012381 0.00429851 -0.0118966 -0.00790909 -0.0184615 -0.0106329 -0.00610169 0.0101053
internal_weight=1375 1322 1289 524 765 734 709 456 253 80 50 49 412 334 51 283 225 58 183 163 98 474 62 334 173 109 64 78 58 94
internal_count=1375 1322 1289 524 765 734 709 456 253 80 50 49 412 334 51 283 225 58 183 163 98 474 62 334 173 109 64 78 58 94
is_linear=0
shrinkage=0.03


Tree=99
num_leaves=31
num_cat=0
split_feature=9 9 10 27 18 26 4 26 10 8 7 26 20 19 6 29 0 2 5 26 23 5 2 14 15 23 28 24 27 23
split_gain=29.5745 14.2006 8.65156 8.12773 6.84459 7.94143 14.0765 7.32081 7.70714 5.73707 5.51146 5.33377 6.15964 5.17574 5.51479 4.95794 5.40271 11.5148 7.30242 4.58296 8.69611 6.24883 5.46171 5.23561 7.24999 6.96547 6.42156 5.72492 5.60696 8.65426
threshold=37.290000000000006 293.61000000000007 47.550000000000004 2.7500000000000004 12.850000000000003 32.150000000000013 225.50000000000003 29.250000000000004 152.74000000000004 442.50000000000006 124.16666666666667 22.550000000000004 10.550000000000002 0.8869770585236475 349.50000000000006 0.93158198870884079 376.50000000000006 314.50000000000006 254.50000000000003 38.95000000000001 15.350000000000003 223.50000000000003 298.50000000000006 48.500000000000007 2043.0000000000002 10.250000000000002 -0.94139628442229062 0.8869770585236475 0.15000000000000005 19.850000000000005
decision_type=2 2 10 2 2 2 10 2 10 8 10 2 2 2 10 2 2 10 10 2 2 10 10 10 10 2 2 2 2 2
left_child=2 4 -1 -4 5 7 10 11 -9 -3 -7 12 13 -2 -15 16 17 18 -13 23 -21 -22 -23 25 -25 -6 -27 -26 29 -28
right_child=1 9 3 -5 19 6 -8 8 -10 -11 -12 15 -14 14 -16 -17 -18 -19 -20 20 21 22 -24 24 27 26 28 -29 -30 -31
leaf_value=-1.0263951325601661 0.26888196926867125 0.75021623135907811 0.067975623235618621 -0.28965805121303728 0.059416868145776076 0.15521006669701576 0.49881613730889451 0.041167625102503748 -0.47932540503300741 2.0592638243957633 -0.037028607858956661 0.13286644834206485 -0.48141894173881039 0.092732219792653725 -0.19520381390013483 0.69976138404914701 -0.014003843161069653 0.37236146137635728 -0.19876871661995352 -0.055579473070285983 -0.0047347924485876547 0.26326446933603437 0.021290556217341532 -0.14564667713979873 -0.33025578113318432 -0.48705103775470177 0.034605685378954261 0.30725893107601848 -0.14108670056491632 -0.12329568185675582
leaf_weight=41 29 27 29 33 34 23 63 34 49 28 77 20 20 21 29 23 56 33 22 36 43 38 34 161 23 21 159 34 123 51
leaf_count=41 29 27 29 33 34 23 63 34 49 28 77 20 20 21 29 23 56 33 22 36 43 38 34 161 23 21 159 34 123 51
internal_value=-0.000466431 0.000754573 -0.0158654 -0.00857143 9.54654e-05 0.00282 0.00823171 0.000178042 -0.0075 0.0155357 0.00118812 0.00271654 -0.0027 0.001125 -0.00470588 0.00619355 0.00386364 0.00907895 -0.00139535 -0.00170185 0.00296053 0.00698276 0.0123288 -0.00286656 -0.00657534 -0.000771208 -0.00202817 0.00258621 -0.000988024 0.00199052
internal_weight=1414 1311 103 62 1256 499 163 336 83 55 100 253 99 79 50 154 131 75 42 757 151 115 72 606 218 388 354 57 333 210
internal_count=1414 1311 103 62 1256 499 163 336 83 55 100 253 99 79 50 154 131 75 42 757 151 115 72 606 218 388 354 57 333 210
is_linear=0
shrinkage=0.03


Tree=100
num_leaves=31
num_cat=0
split_feature=9 4 17 9 6 29 5 23 10 9 18 6 21 1 4 13 10 19 1 10 27 23 9 18 23 20 6 24 16 13
split_gain=31.4776 13.2284 11.8013 10.9197 9.11462 7.3131 9.831 9.22673 10.0843 8.95819 7.14779 7.20808 6.96413 6.95056 8.78449 6.96452 6.76185 9.00275 10.6087 6.26737 5.65758 5.25022 5.04008 6.10505 4.68743 6.66633 7.79561 6.05341 4.72095 7.04057
threshold=61.155000000000008 87.500000000000014 226.90500000000236 293.61000000000007 123.50000000000001 0.36447543099728863 232.50000000000003 10.750000000000002 292.72000000000008 75.375000000000014 15.15 292.50000000000006 41.850000000000001 307.50000000000006 365.50000000000006 26.500000000000004 70.040000000000006 -0.6360540003681886 199.50000000000003 105.79500000000002 0.35000000000000003 12.350000000000003 89.435000000000016 18.350000000000005 11.450000000000001 10.65 367.50000000000006 0.78257835753184646 161.50000000000003 71.500000000000014
decision_type=2 10 10 2 8 2 8 2 10 2 2 10 2 10 8 10 8 2 10 10 2 2 2 2 2 2 10 2 10 10
left_child=1 -1 16 4 -2 7 -7 -6 9 -9 11 -11 -10 14 15 -8 -3 -18 19 -19 -4 -5 -12 -24 25 -15 27 -27 -26 -30
right_child=3 2 20 21 5 6 13 8 12 10 22 -13 -14 24 -16 -17 17 18 -20 -21 -22 -23 23 -25 28 26 -28 -29 29 -31
leaf_value=-0.79673622993421844 -0.50174308501172071 0.06896295779773759 -0.2000643777103687 1.4292111246409747 0.2946362609382322 -0.24667313783892408 -0.10231213509317512 0.071510111241987029 0.38526901207242586 -0.02535251757049508 -0.58640849339037371 0.26939188182803719 -0.031908325473103218 0.26847570917595814 0.35791127688122998 0.41862261497292447 -0.44483673113898503 -0.04855444652989753 -0.85381409894647642 0.1999691963319985 -0.72695489914378619 0.55796006734306103 -0.23258830698100269 0.024182905641080197 0.087209984942370505 -0.0028168192108381615 0.12073536831530816 -0.20668824601685684 -0.16891440876879044 -3.7765043034312383e-05
leaf_weight=50 41 40 39 34 71 32 31 86 102 80 50 29 20 74 26 40 71 40 21 44 32 20 31 35 26 27 41 24 76 68
leaf_count=50 41 40 39 34 71 32 31 86 102 80 50 29 20 74 26 40 71 40 21 44 32 20 31 35 26 27 41 24 76 68
internal_value=-0.000278174 -0.00825444 -0.00572917 0.00225352 0.00154303 0.00213402 -0.000579399 0.00463366 0.00297235 9.61538e-05 -0.0030531 0.00245455 0.0102439 0.00062212 0.00765306 0.00208333 -0.00221198 -0.00474576 0.000849057 0.00564706 -0.01625 0.0152727 -0.00820513 -0.00268657 -0.00142433 0.00215569 -0.00322581 -0.0109615 -0.00491228 -0.00703448
internal_weight=1401 337 287 1064 1010 969 465 504 433 311 225 109 122 433 97 71 216 176 105 84 71 54 116 66 336 166 92 51 170 144
internal_count=1401 337 287 1064 1010 969 465 504 433 311 225 109 122 433 97 71 216 176 105 84 71 54 116 66 336 166 92 51 170 144
is_linear=0
shrinkage=0.03


Tree=101
num_leaves=31
num_cat=0
split_feature=0 10 23 10 16 0 23 6 9 14 28 0 3 23 10 25 4 4 4 27 0 8 24 19 2 3 9 23 10 27
split_gain=28.9172 15.3345 8.78133 7.61897 7.74133 6.4359 6.16227 7.69377 11.3381 6.3962 6.36197 7.58329 11.1205 11.5251 10.4425 8.28211 6.83726 7.6724 6.25541 6.07693 6.01785 7.29547 5.82006 5.20051 5.4685 5.61866 4.9237 4.9021 4.67287 6.4538
threshold=87.500000000000014 462.97000000000008 11.850000000000003 245.69000000000003 5.5000000000000009 437.50000000000006 12.850000000000003 356.50000000000006 61.155000000000008 8.5000000000000018 0.99700008544936913 161.50000000000003 306.50000000000006 17.550000000000004 80.135000000000005 26.050000000000004 240.50000000000003 262.50000000000006 327.50000000000006 2.1500000000000008 404.50000000000006 407.64285714285717 -0.16504132135358054 -0.26722820045975981 218.50000000000003 308.50000000000006 55.585000000000001 17.150000000000002 354.26000000000005 0.65000000000000002
decision_type=2 10 2 10 8 2 2 10 2 10 2 2 10 2 10 2 10 10 8 2 2 10 2 2 10 10 2 2 10 2
left_child=-1 3 -3 4 -2 19 7 8 -6 -10 11 14 16 -14 -8 26 22 -18 -15 20 21 28 -13 -11 -25 -26 -16 -19 29 -5
right_child=1 2 -4 5 6 -7 10 -9 9 23 -12 12 13 18 15 -17 17 27 -20 -21 -22 -23 -24 24 25 -27 -28 -29 -30 -31
leaf_value=-0.85239997180744498 0.24238040965581786 1.55752134631636 0.46199308116273641 0.030938895038080998 -0.095387926533651066 -0.12437538604835367 -0.25906521281725503 -0.16044932852162616 0.28572884006948329 0.19636186029051572 0.089868710271254593 -0.78489503638492819 -0.05977603065074362 0.3811425776088575 -0.39385710567077592 0.12483494971742573 0.35557121281101389 -0.0087086525015647002 -0.0029067266036665275 -0.18443616510379512 0.50688598141286523 -0.054541784421283525 -0.27232471095665972 -0.22751606484213396 0.39430447018498199 -0.0096560964233816538 0.095082067235666298 -0.54155050768631052 -0.016788306616045929 0.27388108423229224
leaf_weight=59 24 33 29 291 85 55 31 29 29 27 20 34 54 21 34 37 23 33 20 25 56 29 75 27 24 21 21 34 74 26
leaf_count=59 24 33 29 291 85 55 31 29 29 27 20 34 54 21 34 37 23 33 20 25 56 29 75 27 24 21 21 34 74 26
internal_value=-0.00013034 0.000794251 0.0152381 7.14286e-05 -0.00200284 0.002693 -0.00260294 0.00123457 0.0032243 0.00883721 -0.00472603 -0.00552632 -0.00813559 0.0003125 0.000725806 0.00580645 -0.01215 -0.00593407 0.0121429 0.00376494 0.0045283 0.00327791 -0.0171818 0.0051 0.000821918 0.00717391 -0.00160714 -0.0110294 0.00436224 0.0059434
internal_weight=1380 1321 62 1259 703 556 679 242 213 128 437 417 294 95 123 92 199 90 41 501 476 420 109 99 72 45 55 67 391 317
internal_count=1380 1321 62 1259 703 556 679 242 213 128 437 417 294 95 123 92 199 90 41 501 476 420 109 99 72 45 55 67 391 317
is_linear=0
shrinkage=0.03


Tree=102
num_leaves=31
num_cat=0
split_feature=0 9 16 21 6 6 9 21 10 8 13 11 23 18 23 4 2 5 6 0 23 3 0 6 6 1 21 1 22 6
split_gain=29.3547 14.1367 6.99857 7.60134 7.14898 7.86104 7.51541 11.2814 8.83968 7.20952 9.43467 8.2219 7.11749 7.108 6.875 6.72589 7.95868 7.24828 6.48024 6.78127 6.86289 6.39333 6.28728 8.08213 11.809 6.20997 5.70543 5.38838 8.77497 5.32966
threshold=87.500000000000014 293.61000000000007 5.5000000000000009 18.550000000000004 434.00000000000006 145.00000000000003 61.155000000000008 30.950000000000003 111.41500000000002 375.28571428571439 326.50000000000006 615.00000000000011 17.050000000000004 19.550000000000004 15.450000000000001 197.50000000000003 326.50000000000006 289.50000000000006 397.50000000000006 181.50000000000003 15.65 411.50000000000006 314.50000000000006 254.50000000000003 286.50000000000006 208.50000000000003 30.950000000000003 126.50000000000001 5.3500000000000005 342.50000000000006
decision_type=2 2 10 2 10 10 2 2 10 10 10 2 2 2 2 10 10 10 10 2 2 8 2 10 10 10 2 10 2 10
left_child=-1 2 -2 -4 5 27 8 13 26 10 12 -12 22 18 -13 -14 17 -17 19 -8 29 -3 23 -9 -25 -10 -7 28 -5 -21
right_child=1 21 3 4 -6 6 7 9 25 -11 11 14 15 -15 -16 16 -18 -19 -20 20 -22 -23 -24 24 -26 -27 -28 -29 -30 -31
leaf_value=-0.85890936295363363 0.33205710236362335 0.44622208953794712 0.31770160320405322 0.042040070699200099 -0.053529874981719558 0.28367617917168714 0.088813573836568474 0.1685644534777424 -0.095443320993406078 0.96566351046278831 -0.3396824392329631 -0.19401029267709191 0.10034322065219044 -0.31676881039312249 0.34001877552397614 -0.17914993361881074 0.18918873836130018 0.15302801276198208 0.1042609611280443 0.022859460386067381 -0.20996076716583673 1.3840296916887302 0.63895777139279597 -0.23908279144581768 0.11212225480368346 -0.56598410388327269 -0.28943135085213711 -0.20643928202582357 -0.16800503486444923 -0.091429664169124292
leaf_weight=58 25 24 38 51 78 32 20 83 38 26 35 23 22 36 26 52 29 27 38 128 74 35 40 22 42 34 40 86 25 91
leaf_count=58 25 24 38 51 78 32 20 83 38 26 35 23 22 36 26 52 29 27 38 128 74 35 40 22 42 34 40 86 25 91
internal_value=-0.000652647 0.000272521 -0.00040412 -0.000727567 -0.00115096 -0.000535236 0.000500521 0.00161963 -0.0057931 0.00497664 0.00395522 -0.00494118 0.00632075 -0.00208763 0.003 0.000916031 -0.00220183 -0.007125 -0.000767045 -0.00219745 -0.00336735 0.0145 0.0100532 0.00709459 -0.000923077 -0.0131507 0.00164384 -0.00662577 -0.000779221 -0.000681818
internal_weight=1378 1320 1261 1236 1198 1120 958 814 144 427 401 84 317 387 49 130 108 79 351 313 293 59 187 147 64 72 72 162 76 219
internal_count=1378 1320 1261 1236 1198 1120 958 814 144 427 401 84 317 387 49 130 108 79 351 313 293 59 187 147 64 72 72 162 76 219
is_linear=0
shrinkage=0.03


Tree=103
num_leaves=31
num_cat=0
split_feature=10 18 8 26 26 23 17 13 9 18 23 24 9 19 20 14 12 24 24 16 8 24 13 20 11 26 17 12 20 6
split_gain=23.0302 13.3874 9.70528 9.52565 9.3237 10.1532 7.49529 6.25586 11.2196 6.75913 5.65694 9.49219 9.01309 5.25022 5.20821 5.00005 5.19808 8.68258 8.278 7.60371 9.86675 6.80309 5.51464 5.26758 6.23608 5.98222 4.71423 6.95893 5.50466 4.57106
threshold=41.475000000000009 12.450000000000001 447.64285714285717 40.850000000000001 34.750000000000007 10.250000000000002 18.280000000002776 7.5000000000000009 54.750000000000007 24.300000000000001 12.950000000000001 -0.7933231318270072 75.780000000000015 -0.33379414889141251 25.350000000000005 7.5000000000000009 829.00000000000011 0.77159520228797451 0.18222858652173771 829.50000000000011 242.78571428571431 0.87878364999916148 31.500000000000004 25.350000000000005 14.500000000000002 37.050000000000004 470.19000000000187 80.500000000000014 24.450000000000003 109.50000000000001
decision_type=10 2 10 2 2 2 10 10 2 2 2 2 2 2 2 10 10 2 2 10 10 2 10 2 2 2 8 10 2 10
left_child=-1 2 4 7 5 26 -7 10 14 15 -3 -12 29 -6 -9 -10 17 18 19 20 -17 -18 -22 24 -19 -26 28 -28 -2 -13
right_child=1 3 -4 -5 13 6 -8 8 9 -11 11 12 -14 -15 -16 16 21 23 -20 -21 22 -23 -24 -25 25 -27 27 -29 -30 -31
leaf_value=-0.80106069176461248 0.58395371825956655 -0.16373548171856861 1.244655501743174 0.10749167677305592 0.052970582236273739 -0.24400488410891652 0.0033528708547231642 -0.23197852411812078 0.069391435930076559 0.13026503558415525 -0.30819977609155641 0.0049632864825895238 -0.093776170473665696 0.33012103816966004 -0.6912036755112777 -0.27576479132880166 -0.19052716531212865 0.11877683380777342 0.21413380594035031 -0.35930141980165331 -0.061102932090244054 0.50671754822065618 0.30575935190963294 -0.32949196605597475 -0.13910894667127252 0.011094470565954567 -0.047001278189839298 0.21536219261482414 0.034266592487745981 0.13338928715781903
leaf_weight=43 41 46 33 74 20 30 220 32 37 34 33 21 26 34 29 36 21 31 28 31 26 39 35 21 157 27 40 53 27 49
leaf_count=43 41 46 33 74 20 30 220 32 37 34 33 21 26 34 29 36 21 31 28 31 26 39 35 21 157 27 40 53 27 49
internal_value=0.000218182 0.000923423 0.00480962 -0.00140288 0.00366953 0.00211165 -0.00167331 -0.00240789 -0.00389744 -0.00246183 0.00255682 0.00576923 0.0105155 0.0152727 -0.0159677 -0.00336735 -0.00423841 -0.00549618 0 -0.00325581 0.000918367 0.00393443 0.00822581 -0.00911392 -0.00763889 -0.00972973 0.00796296 0.00351064 0.013913 0.0160563
internal_weight=1374 1331 498 833 465 411 250 759 584 523 175 129 96 54 61 489 452 392 156 128 97 60 61 236 215 184 161 93 68 70
internal_count=1374 1331 498 833 465 411 250 759 584 523 175 129 96 54 61 489 452 392 156 128 97 60 61 236 215 184 161 93 68 70
is_linear=0
shrinkage=0.03


Tree=104
num_leaves=31
num_cat=0
split_feature=0 8 26 21 0 23 23 11 20 1 10 7 17 27 18 12 0 4 9 28 11 13 4 8 12 24 23 3 13 20
split_gain=22.6793 12.78 10.982 16.3612 9.74671 8.88818 8.78443 8.35524 8.11573 7.34626 7.05693 10.1846 9.9725 8.45434 6.49704 6.44099 6.38363 9.46942 7.34087 7.16194 6.08016 6.01417 5.42576 6.82684 5.33508 5.32929 8.83565 6.25448 8.78717 9.17134
threshold=85.200000000000017 447.64285714285717 31.050000000000004 29.350000000000005 354.50000000000006 9.7500000000000018 14.350000000000003 816.50000000000011 23.850000000000005 333.50000000000006 191.01000000000002 106.83333333333336 123.28999999999999 5.6500000000000012 11.550000000000002 24.500000000000004 161.50000000000003 173.50000000000003 54.750000000000007 -0.61237985104942771 50.500000000000007 19.500000000000004 199.50000000000003 202.50000000000003 8.5000000000000018 0.91702515554752073 10.250000000000002 297.50000000000006 26.500000000000004 10.65
decision_type=2 10 2 2 2 2 2 2 2 8 10 10 10 2 2 10 2 10 2 2 2 10 10 10 8 2 2 8 10 2
left_child=-1 2 3 6 5 8 25 -3 -4 10 11 -7 -12 16 -10 21 19 -18 -19 -13 24 -14 23 -17 -8 26 -2 -27 -29 -30
right_child=1 7 4 -5 -6 9 20 -9 14 -11 12 13 15 -15 -16 22 17 18 -20 -21 -22 -23 -24 -25 -26 27 -28 28 29 -31
leaf_value=-0.85620451422268284 0.079122343353603242 0.042567206500381191 0.53300760807259617 -0.17967935126238388 0.53557158671650373 0.073803156072346207 -0.28013964953752646 1.7693458587492892 0.28557928858592529 -0.28329510552328513 0.14691494703697883 -0.26671860595205882 0.0095482574071202465 -0.58119208651229104 -0.18733298723423075 0.11057095676199452 -0.74549902511127752 -0.48294523656261812 0.03149218282842213 0.092046344372479896 -0.27825705212381818 -0.92917645791359171 0.038396746443348208 -0.53550763048859151 0.0098444064878611924 0.34440331485070658 -0.19540642361709556 -0.05128938342979552 0.58581160866187865 -0.0090048809318471965
leaf_weight=54 86 29 21 88 87 43 30 25 21 42 34 28 24 28 22 21 31 21 71 47 54 23 123 20 79 47 75 35 36 38
leaf_count=54 86 29 21 88 87 43 30 25 21 42 34 28 24 28 22 21 31 21 71 47 54 23 123 20 79 47 75 35 36 38
internal_value=-0.000758671 2.25564e-05 -0.000587774 -0.00369069 0.00190678 0.00057971 -0.00149688 0.0141818 0.0110769 -0.00064632 0.000349515 -0.003 0.00402439 -0.00555066 0.00340909 0.0015566 -0.00331658 -0.0075 -0.00258065 0.00355263 -0.00713415 -0.008125 0.00436364 -0.005 -0.003 0.00141509 -0.00240741 0.00535032 0.00136364 0.0072
internal_weight=1383 1329 1275 568 707 620 480 54 64 556 514 269 245 226 43 211 198 123 92 75 163 47 164 41 109 317 161 156 109 74
internal_count=1383 1329 1275 568 707 620 480 54 64 556 514 269 245 226 43 211 198 123 92 75 163 47 164 41 109 317 161 156 109 74
is_linear=0
shrinkage=0.03


Tree=105
num_leaves=31
num_cat=0
split_feature=10 26 9 0 17 28 12 21 23 21 15 22 15 26 20 21 3 28 28 5 15 26 13 2 18 17 28 20 9 24
split_gain=29.1734 10.6973 11.3316 9.2759 9.63116 7.54911 8.06354 7.48076 9.17295 8.1938 6.99925 7.92964 12.8084 8.58841 8.17161 11.849 8.45843 11.3949 9.14558 7.74634 6.52287 6.20648 6.05924 6.40468 5.36246 6.07048 5.23827 5.17695 5.09091 5.02318
threshold=41.475000000000009 37.550000000000004 293.61000000000007 179.50000000000003 593.34000000000356 0.43733377705052551 116.00000000000001 18.550000000000004 10.250000000000002 20.050000000000004 2.5000000000000004 1.9500000000000002 37.500000000000007 32.550000000000004 12.550000000000002 26.450000000000003 339.00000000000006 -0.88622299073327826 0.70290292807158605 159.50000000000003 602.50000000000011 29.050000000000004 486.00000000000006 309.50000000000006 16.750000000000004 32.785000000001823 0.80926549319045582 7.5500000000000007 34.795000000000009 -0.5806808443217597
decision_type=10 2 2 2 10 2 10 2 2 2 10 2 10 2 2 2 10 2 2 10 10 2 10 10 2 10 2 2 2 2
left_child=28 2 7 -3 -5 -6 -7 27 26 -10 -11 12 24 21 -14 -16 -17 -18 -19 -15 -8 -13 -22 -24 25 -12 29 -2 -1 -9
right_child=1 3 -4 4 5 6 20 8 9 10 11 13 14 19 15 16 17 18 -20 -21 22 -23 23 -25 -26 -27 -28 -29 -30 -31
leaf_value=-1.0837002822463326 0.39153524225355824 -0.027006185537535143 0.77969102194398177 0.29553020983198963 -0.29691209163923532 0.27907402010766874 -0.26906900150687718 0.19943501421438001 -0.098234821733943239 0.082626385391437504 -0.18350910594102779 -0.39211719330225858 0.010844154487755872 0.10734216619193908 -0.24734036558185662 -0.16760398034536764 0.57163069283951418 -0.30325144417953565 0.099800585748678824 -0.36862709977715835 0.34087026248488028 -0.48008947492109655 0.087388797663170967 -0.092279084436136138 0.25890268554906637 0.028779080737091647 0.49957713151542976 0.031442821927477237 -0.57618737712466905 -0.0039995799692832176
leaf_weight=32 22 27 56 36 28 45 22 66 43 30 20 33 151 28 35 217 26 22 31 32 28 42 26 22 46 49 21 20 21 131
leaf_count=32 22 27 56 36 28 45 22 66 43 30 20 33 151 28 35 217 26 22 31 32 28 42 26 22 46 49 21 20 21 131
internal_value=-4.25834e-05 0.000818584 -0.00040107 0.0066383 0.00879808 0.00575581 0.00854167 -0.00109756 -0.00161133 -0.00308933 -0.00235911 -0.00294679 -0.00145485 -0.00948529 -0.00360248 -0.00623494 -0.00424242 0.004125 -0.00388889 -0.000983607 0.00363636 -0.0161842 0.00779221 0.00122449 0.0075 0.00214286 0.00383562 0.0111628 -0.0216667 0.00227273
internal_weight=1408 1355 1121 234 207 171 143 1065 1023 805 762 732 597 135 482 331 296 79 53 60 98 75 76 48 115 69 218 42 53 197
internal_count=1408 1355 1121 234 207 171 143 1065 1023 805 762 732 597 135 482 331 296 79 53 60 98 75 76 48 115 69 218 42 53 197
is_linear=0
shrinkage=0.03


Tree=106
num_leaves=31
num_cat=0
split_feature=0 27 23 28 28 18 26 3 29 20 26 15 14 29 3 19 15 1 23 21 2 11 15 2 22 11 12 12 22 27
split_gain=25.5465 10.6999 8.40798 7.92815 7.22052 7.78475 10.5248 7.53485 6.91004 6.63676 8.65539 7.55419 9.33879 6.56772 6.50505 6.50057 6.35961 6.736 5.50891 5.17695 4.82951 4.70547 4.6423 4.54143 4.52749 8.89725 5.61404 8.30991 8.55012 5.93575
threshold=61.000000000000007 5.6500000000000012 18.150000000000002 -0.70291267844185523 -0.99866806308218525 14.450000000000001 36.45000000000001 474.50000000000006 -0.94703994556331683 6.1500000000000012 22.150000000000002 4409.5000000000009 44.500000000000007 -0.8142754349318998 273.50000000000006 -0.74892720285008296 127.50000000000001 225.50000000000003 17.350000000000005 36.350000000000001 208.50000000000003 2217.0000000000005 164.50000000000003 183.50000000000003 2.0500000000000003 24.500000000000004 43.500000000000007 65.500000000000014 0.25000000000000006 1.0000000180025095e-35
decision_type=2 2 2 2 2 2 2 10 2 2 2 10 10 2 10 2 10 10 2 2 10 2 10 10 2 2 10 10 2 2
left_child=-1 2 4 -3 -2 6 7 9 19 -6 14 12 16 20 -11 23 17 -12 -15 -7 -10 -13 -14 -5 25 -4 -27 -28 29 -29
right_child=1 3 24 15 5 8 -8 -9 13 10 11 21 22 18 -16 -17 -18 -19 -20 -21 -22 -23 -24 -25 -26 26 27 28 -30 -31
leaf_value=-1.0240699491719196 -0.68869406863680838 -0.39704600235123394 0.031463852464929547 -0.42979440668145524 0.58872177929101499 0.0063015872714573358 0.31857378302004463 0.7447852665345891 0.2999332284054621 0.33611048388479559 -0.0086250655423575039 -0.078482335192502709 0.44925045104512701 -0.0074974427131752463 -0.15358301372847732 0.057421793672961241 -0.17508372458870269 0.18379701559924655 0.17255380952576871 -0.71107389833496304 0.029262027404334815 0.20827941910924436 0.25825268397351575 -0.0082018195127625398 -0.56876159912843138 -0.20743499937293819 0.072042480067899525 -0.036244267631378474 0.10961065332158114 -0.31159933157103609
leaf_weight=29 20 29 68 27 20 20 53 29 20 21 92 20 32 264 80 38 29 50 28 22 22 22 123 22 30 56 33 54 20 25
leaf_count=29 20 29 68 27 20 20 53 29 20 21 92 20 32 264 80 38 29 50 28 22 22 22 123 22 30 56 33 54 20 25
internal_value=0.00038599 0.000985401 0.00179426 -0.00769231 0.00313017 0.00351266 0.00571678 0.00439306 0.000159151 0.0034898 0.00274468 0.00487805 0.00642202 0.00161194 -0.005 -0.00306818 0.00156977 0.0041958 0 -0.0111628 0.0125581 -0.00697674 0.0117308 -0.0102 -0.00271777 -0.00140078 -0.0047619 -0.00135338 -0.0057 -0.010125
internal_weight=1398 1369 1253 116 967 947 571 518 376 489 469 368 326 334 101 87 171 142 292 42 42 42 155 49 286 256 188 132 99 79
internal_count=1398 1369 1253 116 967 947 571 518 376 489 469 368 326 334 101 87 171 142 292 42 42 42 155 49 286 256 188 132 99 79
is_linear=0
shrinkage=0.03


Tree=107
num_leaves=31
num_cat=0
split_feature=0 8 4 26 21 18 0 23 20 18 4 11 20 7 7 4 22 4 26 18 23 7 7 28 9 25 3 15 5 5
split_gain=27.2408 8.06174 7.39319 5.51481 6.11461 5.65487 5.22853 8.56822 6.50159 5.47308 5.55769 5.0756 7.7269 7.49333 7.22004 7.13725 9.48522 6.21058 5.83451 5.71692 12.737 7.36019 4.98109 5.72457 4.97304 4.87767 4.81893 4.71196 4.69944 7.66133
threshold=85.200000000000017 447.64285714285717 434.00000000000006 37.750000000000007 42.20000000000001 13.15 254.50000000000003 18.350000000000005 26.950000000000003 16.950000000000003 266.50000000000006 24.500000000000004 23.550000000000004 249.83333333333334 316.83333333333343 208.50000000000003 2.4500000000000006 244.50000000000003 32.45000000000001 22.650000000000002 19.950000000000003 347.50000000000006 231.83333333333334 0.78857998149907527 31.085000000000004 11.65 384.50000000000006 77.500000000000014 368.50000000000006 356.50000000000006
decision_type=2 10 8 2 2 2 2 2 2 2 10 2 2 10 10 10 2 10 2 2 2 10 10 2 2 2 10 10 10 10
left_child=24 2 3 5 6 28 7 -5 -9 -8 -11 14 19 -14 15 16 -7 -17 -18 20 21 27 -19 -24 -1 -4 -23 -13 29 -2
right_child=1 -3 25 4 -6 11 9 8 -10 10 -12 12 13 -15 -16 17 18 22 -20 -21 -22 26 23 -25 -26 -27 -28 -29 -30 -31
leaf_value=-0.96514104640867837 0.0143095438992664 1.1392960394169762 -0.0025742358269434363 -0.3452991282390741 -0.11059129858037124 0.07487929884364064 0.54020050309580137 0.042456814955882147 0.030442000624426552 0.48575589917411971 -0.03070644206467989 -0.15665098693157276 -0.52479071626285467 -0.065056152573393145 0.085305217226684812 -0.79122647317080941 -0.28984890929981988 0.10479338036141911 0.022662511531867151 0.19676964799987529 -0.51860211441834048 -0.45176950241932329 -0.34123560499466121 0.017425363818033331 -0.46895436682202529 -0.33029589253467123 -0.0020350125195147937 0.076851881840280634 0.10720192796721534 -0.12347472545513341
leaf_weight=33 350 55 37 37 27 79 54 20 24 22 28 20 29 24 34 25 24 29 27 21 27 21 23 20 23 36 25 80 98 22
leaf_count=33 350 55 37 37 27 79 54 20 24 22 28 20 29 24 34 25 24 29 27 21 27 21 23 20 23 36 25 80 98 22
internal_value=0.000305455 0.00118271 0.000688291 0.00125945 0.0056338 0.000306435 0.00758065 0.00182927 0.0106667 0.012 0.00470588 -0.00188605 -0.00495968 -0.015 0.00103053 -0.000921053 0.00366412 -0.00704082 -0.00634615 -0.00215385 -0.00396552 -0.000408163 -0.00246575 -0.00886364 -0.02 -0.00851351 -0.0102128 0.00415842 0.00267516 0.00112601
internal_weight=1374 1318 1263 1190 212 978 185 81 44 104 50 508 247 53 261 227 130 97 51 194 173 146 72 43 56 73 46 100 470 372
internal_count=1374 1318 1263 1190 212 978 185 81 44 104 50 508 247 53 261 227 130 97 51 194 173 146 72 43 56 73 46 100 470 372
is_linear=0
shrinkage=0.03


Tree=108
num_leaves=31
num_cat=0
split_feature=10 20 10 26 21 20 21 16 3 1 22 13 20 26 0 19 26 26 19 4 2 19 24 24 14 22 20 2 24 7
split_gain=27.6929 10.9571 9.28164 8.06487 10.9322 9.28353 8.75812 8.32701 8.20207 7.55191 7.08068 6.98036 6.98458 8.93225 8.24305 6.84037 6.65117 6.14305 5.82753 5.86295 5.41855 5.81795 5.31489 11.6197 4.71133 4.54799 8.20667 8.41445 7.87407 5.27648
threshold=41.475000000000009 6.8500000000000005 515.56500000000017 31.050000000000004 30.950000000000003 22.150000000000002 37.250000000000007 56.500000000000007 339.00000000000006 314.50000000000006 6.1000000000000005 7.5000000000000009 12.550000000000002 22.150000000000002 312.50000000000006 0.84335933205092506 40.850000000000001 42.050000000000004 0.95368063612909459 274.50000000000006 219.50000000000003 -0.78257835753184624 -0.91702515554752051 -0.55191596924288666 30.500000000000004 0.45000000000000007 28.650000000000002 349.50000000000006 0.49240481012316878 280.83333333333343
decision_type=10 2 10 2 2 2 2 10 10 10 2 8 2 2 2 2 2 2 2 10 10 2 2 2 10 2 2 10 2 10
left_child=-1 -2 3 4 11 6 8 10 9 24 20 18 13 14 -13 -15 25 -18 19 -3 21 -7 -14 -24 -5 26 27 29 -27 -9
right_child=1 2 -4 5 -6 7 -8 16 -10 -11 -12 12 22 15 -16 -17 17 -19 -20 -21 -22 -23 23 -25 -26 28 -28 -29 -30 -31
leaf_value=-0.85181800980806399 0.37944913113532719 0.01553609434877508 2.0223831512152382 -0.010952577714233485 -0.33569018181787424 0.038508188150819078 0.73420421243761436 -0.11003246336233104 0.74999451694927521 -0.11028779938839363 -0.088184638459533601 0.03710955423620959 -0.24142743663478766 -0.12879786851352945 -0.082240560237848107 0.13781417064696541 0.12036800267549211 -0.010345052172885545 -0.10823555226579572 0.60628164077193514 -0.12784765996836242 0.10451979406063572 0.29649764002683948 -0.1413614731053626 0.17409450671083676 -0.11069671778618356 -0.5527309179731118 0.37130279762821972 0.067948410152857547 -0.21105690041675587
leaf_weight=48 51 20 26 49 43 23 21 134 36 25 36 33 25 35 70 105 41 36 27 20 22 57 28 150 40 67 22 26 35 28
leaf_count=48 51 20 26 49 43 23 21 134 36 25 36 33 25 35 70 105 41 36 27 20 22 57 28 150 40 67 22 26 35 28
internal_value=0.000108696 0.000923423 0.000374707 0 -0.002693 0.00214592 0.00819767 0.000170455 0.00556291 0.00156522 0.00647482 -0.00145914 -0.00281879 0.000614754 -0.00605769 0.00553191 -0.00207692 0.00576923 0.0075 0.0146341 0.0104854 0.0140741 -0.00691176 -0.00502793 0.00566667 -0.00402556 -0.00654028 -0.00444444 0.00116505 -0.00699387
internal_weight=1379 1331 1280 1254 556 698 171 527 150 114 138 513 446 243 103 140 389 77 67 40 102 80 203 178 89 312 210 188 102 162
internal_count=1379 1331 1280 1254 556 698 171 527 150 114 138 513 446 243 103 140 389 77 67 40 102 80 203 178 89 312 210 188 102 162
is_linear=0
shrinkage=0.03


Tree=109
num_leaves=31
num_cat=0
split_feature=0 25 18 26 16 0 26 1 8 24 6 26 1 20 26 21 10 26 29 17 24 24 10 13 11 26 14 26 25 5
split_gain=22.1707 9.85746 7.78106 8.92141 10.317 9.832 7.81787 7.40397 9.7396 10.0994 7.02852 6.823 6.50277 8.35614 8.39787 7.51378 5.90957 5.83003 9.18107 5.75604 6.67429 5.68355 5.48425 5.36585 5.98999 5.36094 5.28701 4.12576 4.09239 4.03467
threshold=85.200000000000017 5.9500000000000011 11.65 32.050000000000004 11.500000000000002 354.50000000000006 19.350000000000005 390.50000000000006 242.78571428571431 -0.6360540003681886 136.50000000000003 35.95000000000001 300.50000000000006 28.750000000000004 39.350000000000001 38.150000000000013 498.50500000000005 21.350000000000005 0.73136292505298039 1200.325000000005 0.90992662233962551 0.93038214053199464 180.75500000000002 15.500000000000002 2.5000000000000004 37.050000000000004 65.500000000000014 32.550000000000004 16.250000000000004 239.50000000000003
decision_type=2 2 2 2 10 2 2 10 8 2 10 2 10 2 2 2 10 2 2 10 2 2 10 10 2 2 10 2 2 10
left_child=-1 -2 6 7 -5 12 -3 8 23 -10 27 16 13 14 15 25 -12 -11 22 -7 -21 -14 -19 24 -4 -6 -20 -8 -25 -27
right_child=1 2 3 4 5 19 10 -9 9 17 11 -13 21 -15 -16 -17 -18 18 26 20 -22 -23 -24 28 -26 29 -28 -29 -30 -31
leaf_value=-0.66792900522935783 0.53224796923245377 -0.10002974226608045 -0.30983490589241974 0.1376175759676532 -0.010624000382806855 1.0543224426930879 -0.26021897407824474 -0.31457601658396467 0.41843573519681315 -0.030938691602764832 0.047908480631077735 0.3277537317878651 -0.0047531613981593064 -0.48632909915816125 0.076754648260569519 -0.47284129345832793 2.2090900766276098 0.16688584831335929 0.15480806974973232 -0.09552820223671972 0.67910234187599028 -0.30600702372820648 -0.19258544860851201 -0.15518424218812371 0.010815109488505356 0.040712746770265082 0.0043037715599018606 0.071867743250412064 -0.77403447433056838 0.032737802982895373
leaf_weight=52 21 20 40 22 183 25 22 59 32 47 306 30 37 39 60 26 20 22 29 20 24 27 37 22 46 20 29 20 23 26
leaf_count=52 21 20 40 22 183 25 22 59 32 47 306 30 37 39 60 26 20 22 29 20 24 27 37 22 46 20 29 20 23 26
internal_value=-0.000216294 0.000539326 0.000205479 -0.00137277 0.00123529 0.000307377 0.00357995 -0.0048062 -0.00301829 0.00121827 0.00451128 0.00588235 -0.00143198 0.000169014 0.0018038 -0.000585937 0.00458716 -0.00181818 0.00177966 0.0107143 0.004 -0.0101538 -0.0065 -0.00931818 -0.00482759 0.00117391 0.0101695 -0.00697674 -0.0176087 0.0102128
internal_weight=1386 1334 1313 895 509 487 418 386 327 196 398 356 418 354 315 255 326 164 117 69 44 64 59 131 86 229 58 42 45 46
internal_count=1386 1334 1313 895 509 487 418 386 327 196 398 356 418 354 315 255 326 164 117 69 44 64 59 131 86 229 58 42 45 46
is_linear=0
shrinkage=0.03


Tree=110
num_leaves=31
num_cat=0
split_feature=0 23 16 26 18 26 21 20 21 26 10 19 0 21 26 23 20 25 27 20 25 28 20 2 23 18 23 14 0 12
split_gain=27.213 8.48716 10.0996 9.47992 7.34796 9.7118 7.46336 7.27821 9.23221 7.15803 8.11648 7.0683 6.78206 6.24924 6.46874 5.88138 5.60095 8.60171 7.16428 5.5247 6.22854 6.92163 5.62185 5.34189 5.15695 4.9887 6.00311 4.42661 4.84544 4.35053
threshold=88.500000000000014 13.350000000000003 7.5000000000000009 38.850000000000001 17.150000000000002 36.45000000000001 34.050000000000004 14.350000000000003 34.850000000000001 32.550000000000004 361.04000000000002 0.18222858652173771 357.50000000000006 40.350000000000001 41.45000000000001 13.750000000000002 25.950000000000003 26.050000000000004 0.75000000000000011 7.7500000000000009 9.9500000000000011 -0.71504373327588355 24.150000000000002 375.50000000000006 13.65 9.3500000000000032 10.350000000000003 40.500000000000007 174.50000000000003 53.500000000000007
decision_type=2 2 10 2 2 2 2 2 2 2 10 2 2 2 2 2 2 2 2 2 2 2 2 10 2 2 2 10 2 10
left_child=24 4 -3 15 5 6 9 -6 -9 10 12 -5 19 -13 -15 -4 -17 -18 -19 -2 -21 22 -22 -14 -1 -12 -27 28 -11 -28
right_child=1 2 3 11 7 -7 -8 8 -10 27 25 13 23 14 -16 16 17 18 -20 20 21 -23 -24 -25 -26 26 29 -29 -30 -31
leaf_value=-0.080021019916439895 0.39271459177198748 0.23004473313568069 -0.24671082099456512 -0.0055771578060209489 0.068939492057431828 0.36238321339766671 -0.12294395460939085 -0.49251139869726895 0.0020125007870166198 0.18057351075774739 -0.00039999917708371412 0.27299239657733693 -0.1572872136549904 -0.21160673917202302 0.083581139985720365 -0.0082868549537735703 -0.7476374822331564 -0.43583440525726985 0.088035882507408583 -0.085752893466984975 0.041540638022196388 0.1144422495087538 -0.60787525661291786 0.0014214154112892174 -0.75433462534899598 0.66365468884680467 -0.14513447406919994 0.88874021207453036 -0.0061919289038701204 0.74179619264865893
leaf_weight=20 20 22 40 42 20 26 31 22 21 28 33 50 33 20 38 450 25 33 31 32 33 90 20 27 46 49 20 23 27 25
leaf_count=20 20 22 40 42 20 26 31 22 21 28 33 50 33 20 38 450 25 33 31 32 33 90 20 27 46 49 20 23 27 25
internal_value=-0.000150215 0.000788288 -0.00131649 -0.00193151 0.00351119 0.00469112 0.00371951 -0.00609375 -0.0129545 0.00468547 0.0029765 0.00476821 -0.000117187 0.00880734 0.0020339 -0.00367241 -0.00283333 -0.00966667 -0.00369231 0.00260204 0.000852273 0.00354167 -0.005 -0.00885246 -0.018806 0.00914062 0.0126316 0.0129114 0.00803571 0.00456522
internal_weight=1397 1331 751 729 580 517 491 63 43 460 382 150 255 108 58 579 539 89 64 195 175 143 53 60 66 127 94 78 55 45
internal_count=1397 1331 751 729 580 517 491 63 43 460 382 150 255 108 58 579 539 89 64 195 175 143 53 60 66 127 94 78 55 45
is_linear=0
shrinkage=0.03


Tree=111
num_leaves=31
num_cat=0
split_feature=0 23 26 0 13 24 8 26 0 9 0 20 19 24 26 21 6 18 18 15 5 20 26 13 4 21 0 4 21 8
split_gain=19.1291 6.8617 8.38907 7.15301 8.14234 7.67145 6.61905 6.0179 13.1823 8.98832 9.39701 8.71246 9.07608 9.77603 8.29686 8.73607 8.40038 10.367 8.21659 6.99777 6.74976 6.60056 6.5776 6.17141 5.73501 6.94967 5.59119 5.47348 5.35938 5.35606
threshold=68.500000000000014 18.150000000000002 39.95000000000001 210.50000000000003 9.5000000000000018 0.54463903501502697 199.85714285714289 32.050000000000004 349.50000000000006 293.61000000000007 434.00000000000006 12.550000000000002 0.90255091666790854 0.8869770585236475 22.350000000000005 18.550000000000004 379.50000000000006 11.350000000000003 13.450000000000001 1606.0000000000002 279.50000000000006 23.250000000000004 19.350000000000005 445.50000000000006 225.50000000000003 35.45000000000001 206.50000000000003 244.50000000000003 37.850000000000001 447.64285714285717
decision_type=2 2 2 2 10 2 10 2 2 2 2 2 2 2 2 2 10 2 2 10 10 2 2 10 10 2 2 10 2 10
left_child=-1 7 3 5 -5 -3 -7 9 18 10 11 14 13 -13 15 -2 17 -16 24 -14 21 27 -17 -10 26 -26 -9 -20 -22 -11
right_child=1 2 -4 4 -6 6 -8 8 23 29 -12 12 19 -15 16 22 -18 -19 20 -21 28 -23 -24 -25 25 -27 -28 -29 -30 -31
leaf_value=-0.84567593676127373 0.32292274184122477 -0.4958944663320437 0.073024896689345545 0.073212680908582115 -0.056001336943942444 0.12455281825672529 -0.50696424125795747 0.090173098690270875 0.64386049934642753 0.060376660969344867 -0.38468162662539979 -0.029727937486015321 -0.28014211407560707 0.40541900414574339 -0.18313161110003875 -0.21676543033157827 0.55294077321926804 0.14307438356273622 0.16532300493050514 0.09342019939286586 -0.33592963479350313 -0.0063045229740198751 -0.0023337648940253072 0.61797630105824342 0.27271078313897534 0.024344258920789057 -0.10681044743140689 0.022245551073394976 -0.011825454517839375 1.708689823286156
leaf_weight=37 32 45 67 23 138 20 21 61 37 22 36 147 63 41 29 23 26 45 23 20 35 122 98 24 25 20 41 20 28 30
leaf_count=37 32 45 67 23 138 20 21 61 37 22 36 147 63 41 29 23 26 45 23 20 35 122 98 24 25 20 41 20 28 30
internal_value=-0.000321429 0.000264123 -0.00361905 -0.00616935 -0.00240741 -0.0131034 -0.00357143 0.00142993 0.00411899 -0.000489396 -0.00160428 -0.000571429 -0.00430147 -0.000634921 0.0034252 -0.000974026 0.010099 0.0048 0.00199468 -0.0125 -0.00157205 0.00162651 -0.00467213 0.0169355 0.0075 0.0163043 0.00349515 0.0115909 -0.00984375 0.0113208
internal_weight=1399 1362 314 247 161 86 41 1048 436 612 560 524 271 188 253 153 100 74 375 83 228 165 121 61 147 45 102 43 63 52
internal_count=1399 1362 314 247 161 86 41 1048 436 612 560 524 271 188 253 153 100 74 375 83 228 165 121 61 147 45 102 43 63 52
is_linear=0
shrinkage=0.03


Tree=112
num_leaves=31
num_cat=0
split_feature=10 10 26 20 13 10 25 21 21 25 24 11 1 20 26 8 21 6 12 24 24 2 0 1 14 20 4 11 3 19
split_gain=19.1544 10.4638 7.61044 17.6573 8.22626 7.42163 8.98886 7.82433 9.4928 7.35684 10.5533 8.2 6.87642 6.74642 10.7788 7.9291 6.23342 7.25753 6.16999 12.5252 7.65027 6.08587 10.8435 9.26538 7.40123 10.2711 5.53373 5.29167 5.1413 5.1087
threshold=41.475000000000009 503.14000000000004 31.050000000000004 16.950000000000003 1.5000000000000002 288.96500000000009 26.750000000000004 32.550000000000004 30.350000000000005 26.250000000000004 -0.87878364999916125 2.5000000000000004 173.50000000000003 10.65 22.350000000000005 309.35714285714295 23.150000000000002 216.50000000000003 12.500000000000002 0.92384435400961407 -0.30896992958994679 292.50000000000006 280.50000000000006 333.50000000000006 30.500000000000004 22.350000000000005 245.50000000000003 13.500000000000002 349.50000000000006 -0.26722820045975981
decision_type=10 10 2 2 10 10 2 2 2 2 2 2 10 2 2 10 2 10 8 2 2 10 2 10 10 2 10 2 10 2
left_child=-1 2 3 13 -5 7 -7 8 -4 21 -11 -12 -10 14 15 -2 -15 -18 -17 20 -20 22 24 -23 -9 -26 -27 -14 -16 -19
right_child=1 -3 5 4 -6 6 -8 9 12 10 11 -13 27 16 28 18 17 29 19 -21 -22 23 -24 -25 25 26 -28 -29 -30 -31
leaf_value=-0.76705991819243358 0.29295940985476077 1.9480836725904673 -0.24621633255428321 0.013890503993365257 -0.24372147607931879 0.34666127625610443 -0.020276989846492909 -0.17019732917126459 0.18775944026084801 -0.3086425148788518 0.20181766544789467 0.01328382419926342 -0.25406043344833162 -0.23142916648655301 0.15815222157307401 -0.11821795903122889 -0.33960472108633039 0.20690988785169395 0.26596325088250777 0.1044799988522314 -0.1360154211886089 0.20156616164337976 -0.23803477317754412 -0.25751513944497217 0.18444580918187994 -0.39134459522022835 0.18768042349011124 0.26650435931308947 0.77151888976563354 -0.0030664092744945035
leaf_weight=46 35 33 24 26 96 104 32 104 47 39 23 100 29 62 35 24 23 43 22 46 41 43 30 21 21 35 20 26 22 149
leaf_count=46 35 33 24 26 96 104 32 104 47 39 23 100 29 62 35 24 23 43 22 46 41 43 30 21 21 35 20 26 22 149
internal_value=-0.00032097 0.000331858 -9.07029e-05 -0.002496 -0.0126829 0.00206009 0.00832117 0.00053286 0.00708661 -0.001373 0.00368098 0.00798387 0.011068 0 0.00384956 0 -0.0031295 -0.000694444 -0.00335821 -0.000272727 -0.00890625 -0.00436364 -0.00682464 0.00369231 -0.0039779 0.00311688 -0.00375 0.00375 0.015 0.00124352
internal_weight=1401 1355 1322 624 122 698 136 562 126 436 162 123 102 502 225 168 277 215 133 109 63 274 210 64 180 76 55 55 57 192
internal_count=1401 1355 1322 624 122 698 136 562 126 436 162 123 102 502 225 168 277 215 133 109 63 274 210 64 180 76 55 55 57 192
is_linear=0
shrinkage=0.03


Tree=113
num_leaves=31
num_cat=0
split_feature=0 23 24 16 26 3 3 1 28 28 11 19 0 14 14 0 11 13 18 29 20 19 20 19 10 19 19 4 16 4
split_gain=22.5937 9.90447 11.0647 11.3476 11.4952 9.48201 7.39108 7.78932 7.70233 8.9364 6.28709 6.06391 10.8922 6.01581 8.16675 5.86566 6.5201 8.17697 9.47065 6.30442 5.13041 5.01262 5.1109 6.13629 6.98536 5.73391 9.65318 8.50066 4.9827 5.31044
threshold=61.000000000000007 11.850000000000003 -0.87878364999916125 6.5000000000000009 36.550000000000004 221.50000000000003 398.50000000000006 106.50000000000001 -0.24372957273992746 -0.72696319516528884 145.00000000000003 -0.44618082326431219 268.50000000000006 18.500000000000004 960.50000000000011 468.50000000000006 48.500000000000007 39.500000000000007 10.950000000000001 0.78724360164103002 19.750000000000004 -0.95368063612909437 26.250000000000004 0.9482875459472353 359.34500000000008 0.81408451933196979 -0.22491679320871374 121.50000000000001 209.50000000000003 300.50000000000006
decision_type=2 2 2 10 2 10 10 8 2 2 2 2 2 10 10 2 2 10 2 2 2 2 2 2 8 2 2 10 8 10
left_child=-1 6 5 -4 15 -3 7 -2 9 -8 11 12 -7 -6 -15 16 21 -18 -19 20 -20 -5 23 24 25 26 -23 -28 29 -25
right_child=1 2 3 4 13 10 8 -9 -10 -11 -12 -13 -14 14 -16 -17 17 18 19 -21 -22 22 -24 28 -26 -27 27 -29 -30 -31
leaf_value=-0.82991164338755052 0.1884572469149397 -0.46816470045157954 0.21819157268056016 -0.26229206356385193 -0.0223780720726009 0.050175399729592125 0.63577415370299828 0.0083904963760249984 0.7926466991322596 -0.14244261712144832 -0.11166637004873792 0.43116508570655238 -0.2530705880803214 0.11479537905400321 -0.10554624333399915 1.1046099618690186 -0.48099109828164827 0.46220534292344895 0.080493544354714563 -0.20418495302060988 -0.15540728171144905 0.2015560766708836 -0.059389221881731513 -0.0069883294579449282 -0.17249282708499519 0.18011874647115206 0.030648253235382724 -0.25094513718329436 0.019935473909390138 -0.28380388154752778
leaf_weight=27 23 48 22 21 37 31 22 357 42 20 24 27 25 154 21 21 39 24 39 31 34 44 35 51 20 47 21 35 38 25
leaf_count=27 23 48 22 21 37 31 22 357 42 20 24 27 25 154 21 21 39 24 39 31 34 44 35 51 20 47 21 35 38 25
internal_value=-0.000106686 0.000435098 -0.00137705 0.000118421 -0.000528455 -0.00865385 0.004 0.00220472 0.012 0.0027907 -0.00361111 0.000357143 -0.00526316 0.00535211 0.00767045 -0.00290875 -0.00356436 -0.00839286 -0.00465116 -0.00857143 -0.00364865 -0.00115385 -0.000189274 0.00117021 0.00482143 0.00709459 0.0029703 -0.00526316 -0.00417391 -0.00857143
internal_weight=1405 1378 914 759 737 155 464 380 84 42 107 83 56 212 175 525 504 167 128 104 73 337 316 281 167 147 100 56 114 76
internal_count=1405 1378 914 759 737 155 464 380 84 42 107 83 56 212 175 525 504 167 128 104 73 337 316 281 167 147 100 56 114 76
is_linear=0
shrinkage=0.03


Tree=114
num_leaves=31
num_cat=0
split_feature=0 9 17 22 29 2 13 15 3 26 17 2 28 19 19 13 0 20 19 4 11 0 17 6 5 14 3 3 23 23
split_gain=22.5879 7.82878 6.77935 6.8163 7.58222 5.52381 5.44799 13.8907 9.34205 6.82406 11.4053 6.60049 12.6278 9.92789 5.60315 6.28456 6.22792 5.43008 7.83937 7.30434 7.70932 8.53425 6.17212 5.43833 4.64581 4.60351 4.61153 4.82501 4.38064 5.18635
threshold=85.200000000000017 360.44500000000011 3.2850000000008692 1.9500000000000002 -0.90892157495189674 189.50000000000003 326.50000000000006 635.00000000000011 269.50000000000006 41.050000000000004 2198.9800000000023 136.50000000000003 -0.94139628442229062 0.81408451933196979 0.9426055981926128 850.50000000000011 347.50000000000006 28.650000000000002 0.9426055981926128 252.50000000000003 16.500000000000004 220.50000000000003 950.54500000000019 397.50000000000006 366.50000000000006 62.500000000000007 333.50000000000006 280.50000000000006 17.550000000000004 14.550000000000002
decision_type=2 2 8 2 2 10 8 10 10 2 10 10 2 2 2 10 2 2 2 10 2 2 10 8 8 10 10 10 2 2
left_child=-1 2 -2 6 5 -5 7 9 -8 10 11 13 -13 -4 15 -10 -17 18 22 -20 -21 -22 -14 25 -18 26 27 -23 29 -6
right_child=1 -3 3 4 28 -7 8 -9 14 -11 -12 12 17 -15 -16 16 24 -19 19 20 21 23 -24 -25 -26 -27 -28 -29 -30 -31
leaf_value=-0.61025517967108378 0.055197606940212647 3.1807920399414846 -0.0035021752942939344 -0.036349441985584714 -0.16224733737550423 0.25864496154570077 -0.14425429912694171 0.19814057022549006 -0.36340412900615404 0.22006249379978954 -0.23190208448021052 -0.46656136533319881 0.035507933595998506 0.19741468551326319 0.40493230760619892 0.29101016411644737 -0.12644039317124167 -0.42793649694747854 0.025562102885533875 -0.25667992850895516 -0.47589675558372929 -0.04252954288716012 -0.16531017488925898 0.20695137566015945 0.0066913406775512387 -0.21170448236107403 -0.23106528677933255 0.34115534957395766 -0.5318384211697591 0.029728805638321205
leaf_weight=54 30 21 42 41 72 21 50 50 22 41 31 49 302 37 49 24 20 30 86 30 21 24 37 29 33 27 34 32 41 21
leaf_count=54 30 21 42 41 72 21 50 50 22 41 31 49 302 37 49 24 20 30 86 30 21 24 37 29 33 27 34 32 41 21
internal_value=-0.000791726 -2.22552e-05 -0.000316503 -0.000647648 -0.0057868 0.00285714 0.00027248 0.00126246 -0.00422111 0.0003517 -0.000258621 0.000460948 -0.000470085 0.008625 -0.000402685 -0.0045 -0.000384615 0.000643185 0.00125201 -0.00242958 -0.00560606 -0.00303571 0.00432353 -0.000408163 -0.00611111 -0.00330508 0 0.00526316 -0.00977778 -0.00606383
internal_weight=1401 1347 1326 1296 196 62 1100 902 198 852 811 780 701 79 148 99 77 652 622 283 197 167 339 146 53 117 90 56 134 93
internal_count=1401 1347 1326 1296 196 62 1100 902 198 852 811 780 701 79 148 99 77 652 622 283 197 167 339 146 53 117 90 56 134 93
is_linear=0
shrinkage=0.03


Tree=115
num_leaves=31
num_cat=0
split_feature=0 16 23 21 26 20 26 21 21 0 19 2 4 22 5 3 18 6 5 11 23 9 9 4 8 28 5 11 11 27
split_gain=16.688 6.27968 6.24032 10.8247 9.57925 7.81943 7.13729 7.6414 8.54697 7.65317 7.48031 6.32872 6.86341 7.63323 6.65156 6.87197 5.824 5.64815 7.7822 8.09442 7.5512 7.02545 10.3733 5.53141 5.46623 5.14789 4.73485 4.62101 8.16982 5.17913
threshold=85.200000000000017 5.5000000000000009 10.250000000000002 18.550000000000004 20.350000000000005 8.2000000000000011 38.150000000000013 42.20000000000001 41.550000000000004 265.50000000000006 -0.50751903745502724 425.50000000000006 259.50000000000006 0.65000000000000002 373.50000000000006 319.50000000000006 16.950000000000003 471.50000000000006 345.50000000000006 49.500000000000007 13.350000000000003 121.67500000000003 161.25000000000003 397.50000000000006 396.64285714285717 -0.96235977360714686 417.50000000000006 38.500000000000007 30.500000000000004 0.75000000000000011
decision_type=2 8 2 2 2 2 2 2 2 2 2 10 8 2 10 8 2 10 8 2 2 2 2 8 8 2 10 2 2 2
left_child=-1 -2 11 -4 23 -6 17 8 9 10 -8 12 13 25 15 -14 -11 18 19 27 26 -22 -23 -5 -16 -3 -20 28 29 -7
right_child=1 2 3 4 5 6 7 -9 -10 16 -12 -13 14 -15 24 -17 -18 -19 20 -21 21 22 -24 -25 -26 -27 -28 -29 -30 -31
leaf_value=-0.57670663869579153 0.24371908780141949 0.1245015638284525 0.40146652163747659 -0.01702883822766239 0.21847112113740308 0.0055332233320572041 0.081289969446411869 -0.090949787197998261 0.32269068047657867 0.61781146657813479 -0.059178851441391199 0.73734662468072509 0.048360277732649309 -0.013644949952570755 0.59448314605126595 -0.11716580074681615 0.0041067008092358038 -0.22476248044273689 0.39278433837801285 -0.11077587060986246 -0.099060963410107936 0.33553334937331697 -0.049539273078363519 -0.3814825610379492 -0.095999412840990034 0.15898554593864986 0.021696878197367368 0.053398244509172341 -0.15607679849384454 -0.11738404988935464
leaf_weight=55 22 21 23 37 33 200 20 26 25 34 51 32 30 31 31 50 36 21 43 157 37 24 29 24 20 31 22 32 27 150
leaf_count=55 22 21 23 37 33 200 20 26 25 34 51 32 30 31 31 50 36 21 43 157 37 24 29 24 20 31 22 32 27 150
internal_value=-0.000567273 0.000113636 -0.000161787 -0.0011692 -0.00163265 -0.00089876 -0.00141176 0.00373057 0.00610778 0.00316901 -0.00375 0.00412955 0.00223256 0.00892857 -0.00204545 -0.00740741 0.0101408 -0.00274563 -0.00228532 -0.00391534 0.00365385 -0.00197802 0.005 -0.0130645 0.00634615 0.0158491 0.0113636 -0.00168293 -0.00261905 -0.00136752
internal_weight=1374 1319 1297 1051 1028 967 934 192 166 141 71 246 214 83 131 80 70 742 721 566 155 90 53 61 51 52 65 409 377 350
internal_count=1374 1319 1297 1051 1028 967 934 192 166 141 71 246 214 83 131 80 70 742 721 566 155 90 53 61 51 52 65 409 377 350
is_linear=0
shrinkage=0.03


Tree=116
num_leaves=31
num_cat=0
split_feature=0 8 4 16 8 29 18 24 0 23 7 14 21 7 24 0 18 23 5 14 18 29 14 21 6 8 0 0 5 8
split_gain=14.0246 7.40175 8.58804 7.19343 5.38542 10.4687 12.2439 9.64835 8.84042 8.85363 13.1414 9.97204 15.976 9.78641 8.05043 10.5606 6.67934 6.49191 9.21679 5.83614 5.59022 5.37863 5.07302 5.05293 5.78341 5.03849 4.93341 10.8034 6.57119 7.16444
threshold=68.500000000000014 442.50000000000006 473.00000000000006 5.5000000000000009 273.64285714285717 0.33222858587828868 14.250000000000002 0.91702515554752073 329.50000000000006 10.250000000000002 234.16666666666671 66.500000000000014 31.350000000000005 224.16666666666671 -0.55191596924288666 356.50000000000006 17.150000000000002 12.65 305.50000000000006 57.500000000000007 13.550000000000002 -0.26867065956352881 45.500000000000007 23.450000000000003 360.50000000000006 230.35714285714286 167.50000000000003 150.50000000000003 213.50000000000003 146.78571428571431
decision_type=2 10 8 10 10 2 2 2 2 2 10 10 2 10 2 2 2 2 10 10 2 2 10 2 10 10 2 2 10 10
left_child=-1 2 3 -2 8 6 -6 14 9 20 13 12 -12 26 15 -7 23 18 -9 -17 25 -14 -19 -16 -25 -5 27 28 29 -11
right_child=1 -3 -4 4 5 7 -8 17 -10 10 11 -13 21 -15 16 19 -18 22 -20 -21 -22 -23 -24 24 -26 -27 -28 -29 -30 -31
leaf_value=-0.7126953567659523 0.20297366975805758 0.80525772462942424 -0.20142135522415686 0.043105613998137213 0.77391936559246655 0.56514768387736181 0.013101552702944587 -0.079463749437089462 0.260745120109936 -0.012338399407873481 -0.66379029338735052 -0.3088903314427961 0.099393841069626482 0.10876455597504672 -0.12033923956882403 0.24939877708104943 -0.44433630508482991 0.012086779150541247 0.36648336202419785 -0.47158464727908861 -0.14466797197123468 -0.18654299236852864 -0.054370541846073761 -0.03434166210679223 0.46276096645114162 0.27704134994742263 -0.090559629482626039 0.096805917131253236 -0.42554699381533051 0.23632055357024967
leaf_weight=34 26 57 22 43 54 35 142 20 20 106 29 39 31 39 41 28 20 49 79 22 21 36 52 41 20 20 174 29 32 22
leaf_count=34 26 57 22 43 54 35 142 20 20 106 29 39 31 39 41 28 20 49 79 22 21 36 52 41 20 20 174 29 32 22
internal_value=-0.000108382 0.000377778 -9.28074e-05 0.000236035 -9.63855e-05 0.00193709 0.00761421 -0.000808824 -0.00200935 -0.00265273 -0.00407063 -0.0121324 -0.00680412 -0.00133995 -0.00533654 0.00174419 -0.0102439 0.0038806 0.0093 -0.00705882 0.00635294 0.00132353 -0.00147059 -0.00699029 -0.00145161 0.0107812 -0.00288462 0.000473684 -0.0026087 0.000465116
internal_weight=1383 1349 1292 1270 1244 603 196 407 641 621 537 135 96 402 207 85 122 200 99 50 84 67 101 102 61 63 363 189 160 128
internal_count=1383 1349 1292 1270 1244 603 196 407 641 621 537 135 96 402 207 85 122 200 99 50 84 67 101 102 61 63 363 189 160 128
is_linear=0
shrinkage=0.03


Tree=117
num_leaves=31
num_cat=0
split_feature=2 7 26 21 10 26 20 18 7 28 20 2 7 8 24 5 13 24 5 1 1 0 26 23 8 18 23 6 8 25
split_gain=18.7089 6.75147 7.88223 8.50289 7.58304 7.47471 7.43555 7.46646 7.11851 6.72845 7.99079 7.67655 7.25077 11.1697 7.51405 10.5958 6.49704 6.25747 6.19215 8.20112 7.86915 7.44436 6.11922 5.8419 5.18716 5.78695 5.32852 5.1058 7.85353 5.07171
threshold=80.500000000000014 461.66666666666669 31.050000000000004 30.850000000000005 105.79500000000002 28.450000000000003 12.550000000000002 9.9500000000000011 157.50000000000003 -0.99866806308218525 23.250000000000004 225.50000000000003 206.16666666666671 202.50000000000003 0.49240481012316878 117.25000000000001 1403.0000000000002 0.90255091666790854 377.50000000000006 315.50000000000006 286.50000000000006 367.50000000000006 22.550000000000004 15.450000000000001 226.50000000000003 11.65 19.450000000000003 379.50000000000006 280.50000000000006 26.550000000000004
decision_type=10 10 2 2 8 2 2 2 10 2 2 10 10 10 2 10 10 2 10 10 10 2 2 2 10 2 2 10 10 2
left_child=23 2 3 4 8 -3 22 16 -2 -4 18 12 13 14 15 -12 -8 -16 19 20 -11 -21 -6 -1 -13 -26 -27 28 -24 -17
right_child=1 5 9 -5 6 -7 7 -9 -10 10 11 24 -14 -15 17 29 -18 -19 -20 21 -22 -23 27 -25 25 26 -28 -29 -30 -31
leaf_value=-0.18210494169546626 -0.049672219378576445 0.013538249574405369 -0.54045752829971039 -0.21236804052815955 -0.02813917916324641 1.4721725895328432 0.47245619986656151 -0.13968980665030969 0.49072525602394534 0.066224219666157755 -0.30283244099056161 -0.55853733800283889 0.099795276065203206 -0.41435436240080048 0.096080536245131035 -0.03147176395397551 -0.026724202965042704 -0.00088429147056558579 0.86671795018270725 -0.24693375535460205 0.56147551451895417 0.24781999923968015 0.13930827007145297 -0.84187881451924851 0.17272126394774887 -0.16552742168573445 0.0066918604850289398 0.53769204936044845 -0.032991841835681442 0.1342679395354105
leaf_weight=20 20 26 23 51 190 22 21 144 23 111 31 27 52 30 57 33 22 29 20 26 21 24 25 29 21 100 58 41 68 28
leaf_count=20 20 26 23 51 190 22 21 144 23 111 31 27 52 30 57 33 22 29 20 26 21 24 25 29 21 100 58 41 68 28
internal_value=-0.000581062 8.92193e-05 -0.000323824 -0.00282178 -0.00172973 0.0110204 -0.00275391 -0.0075 0.0102273 0.00186416 0.00242152 0.000256959 0.00367816 0.00114833 0.00402235 -0.00193548 0.00340909 0.0103448 0.00738916 0.00557377 0.00947368 -0.00470588 0 -0.0186 -0.00405797 -0.00216667 -0.00415094 0.00488889 0.000957447 0.00532258
internal_weight=1393 1344 1296 605 554 48 511 187 43 691 668 466 260 208 178 92 43 86 202 182 132 50 324 49 206 179 158 134 93 61
internal_count=1393 1344 1296 605 554 48 511 187 43 691 668 466 260 208 178 92 43 86 202 182 132 50 324 49 206 179 158 134 93 61
is_linear=0
shrinkage=0.03


Tree=118
num_leaves=31
num_cat=0
split_feature=0 10 18 19 29 20 24 23 19 6 24 10 12 28 0 13 10 7 13 13 7 23 19 18 2 25 23 24 28 15
split_gain=20.7103 9.64297 5.64318 9.84011 8.12298 12.4774 7.89089 7.1091 6.4166 10.1587 6.24677 5.96431 7.09061 5.87328 7.7242 12.2038 7.02315 5.4516 8.0828 9.51516 6.10052 5.40528 5.38615 4.72421 4.46608 6.14043 6.0429 5.74393 9.31495 9.14753
threshold=85.200000000000017 503.14000000000004 13.15 0.99809679250719918 0.39629089145655322 10.550000000000002 -0.96811077628253217 16.650000000000002 0.99353402350479769 275.50000000000006 0.99140711019144623 394.35500000000008 29.500000000000004 -0.065535378769913874 223.50000000000003 60.500000000000007 126.16000000000001 401.50000000000006 816.50000000000011 445.50000000000006 363.16666666666669 9.3500000000000032 0.87878364999916148 9.9500000000000011 371.50000000000006 11.850000000000003 13.550000000000002 -0.88697705852364728 0.61237135649459018 21.500000000000004
decision_type=2 10 2 2 2 2 2 2 2 8 2 10 10 2 2 10 8 10 10 10 10 2 2 2 10 2 2 2 2 10
left_child=-1 2 3 4 6 11 -2 10 17 -10 13 12 -6 14 16 -16 -8 18 19 20 24 -7 -19 -14 25 -4 -27 28 -28 -29
right_child=1 -3 8 -5 5 21 7 -9 9 -11 -12 -13 23 -15 15 -17 -18 22 -20 -21 -22 -23 -24 -25 -26 26 27 29 -30 -31
leaf_value=-0.55470866327668278 -0.20599699931231555 1.7374568546948825 0.21303254193494495 0.44010573562943023 0.24632070496866076 0.033278129563286712 0.01692661707310833 -0.037952467412590209 0.0021773787272509537 -0.21184153154091914 0.46197692826162606 0.62508623625797011 -0.21661318218147244 0.15441756520449332 -0.8623267005879437 0.29897667061814504 0.20277487739247391 -0.49263592140747503 0.19702235525646614 -0.21785660604185805 0.24443424855582094 -0.1018261838592923 -0.067996115902523677 0.010637913615359479 -0.22391736949351723 -0.13124295958238108 -0.40249924016901417 0.094107626273884498 0.018367858861618059 -0.00036929321246304881
leaf_weight=59 23 35 58 38 38 36 38 42 42 33 23 28 20 45 20 29 29 22 32 32 32 106 27 35 25 95 50 58 29 211
leaf_count=59 23 35 58 38 38 36 38 42 42 33 23 28 20 45 20 29 29 22 32 32 32 106 27 35 25 95 50 58 29 211
internal_value=-0.000258807 0.000518018 9.25212e-05 0.00239564 0.00128655 -0.00238636 0.00516 0.00687225 -0.00160643 -0.00986842 0.00940541 0.00467213 0.000957447 0.00722222 0.00358974 -0.0054 0.0101471 -0.000669643 9.63082e-05 -0.00071066 0.000214669 -0.00839161 -0.0102 -0.00589286 -0.00056926 5.9761e-05 -0.00114865 0.000687679 -0.006375 0.00277778
internal_weight=1390 1331 1296 550 512 263 249 226 746 75 184 121 93 161 116 49 67 671 622 590 558 142 49 55 526 501 443 348 79 269
internal_count=1390 1331 1296 550 512 263 249 226 746 75 184 121 93 161 116 49 67 671 622 590 558 142 49 55 526 501 443 348 79 269
is_linear=0
shrinkage=0.03


Tree=119
num_leaves=31
num_cat=0
split_feature=10 23 21 26 7 26 25 3 3 10 1 13 17 8 27 17 23 9 18 27 0 10 8 12 9 18 10 3 5 8
split_gain=17.9278 6.78636 8.43232 11.4639 8.39353 6.92658 7.22848 6.30974 6.76132 6.05949 9.20483 5.8964 8.1466 10.3171 7.8254 7.80712 6.74985 10.9629 8.46024 8.90751 8.14879 8.90162 6.74367 6.33671 7.41442 7.67014 7.18095 5.55456 9.59094 5.51363
threshold=41.475000000000009 10.350000000000003 18.350000000000005 20.350000000000005 450.83333333333343 37.650000000000013 7.9500000000000011 365.50000000000006 291.50000000000006 290.41500000000008 210.50000000000003 7.5000000000000009 32.785000000001823 177.00000000000003 5.0500000000000007 9.1550000000019214 16.350000000000005 94.285000000000011 15.65 0.25000000000000006 173.50000000000003 408.73000000000008 141.78571428571431 14.500000000000002 137.59 13.950000000000001 240.87000000000003 302.50000000000006 298.50000000000006 301.00000000000006
decision_type=10 2 2 2 10 2 2 10 10 10 10 10 10 10 2 10 2 2 2 2 2 10 10 10 2 2 10 8 10 10
left_child=-1 4 -3 -4 27 6 -5 8 9 10 -7 12 13 14 15 -8 20 -18 19 -19 22 23 -13 -22 26 -26 -25 -2 -29 -10
right_child=1 2 3 5 -6 7 11 -9 29 -11 -12 16 -14 -15 -16 -17 17 18 -20 -21 21 -23 -24 24 25 -27 -28 28 -30 -31
leaf_value=-0.53806740337838221 0.083097177592566143 0.29184147052362247 -0.13033771254146728 0.29171279230626224 0.92516325220255846 0.064408779487316395 0.18724382116237648 -0.082807956996447274 0.0088088386417541631 0.40783917808394676 -0.19959721859248872 -0.057716569549669354 0.066915636495386926 -0.64425391577898661 -0.10779462391481914 -0.0069410090482230659 -0.46141892852183075 -0.17515067630578188 0.060350714481194098 0.033080266719396151 -0.31479985874860178 0.45134864462044444 0.30491260133191034 -0.051429932114874503 -0.012158571148631836 -0.18615891654891525 0.31829114361105465 -0.18507434258494584 0.017434382311436705 0.28643251930186719
leaf_weight=51 117 26 66 21 23 44 25 39 24 41 45 20 79 41 29 27 97 38 58 22 31 37 26 80 71 24 40 23 108 27
leaf_count=51 117 26 66 21 23 44 25 39 24 41 45 20 79 41 29 27 97 38 58 22 31 37 26 80 71 24 40 23 108 27
internal_value=-0.000599572 6.66667e-05 -0.00100093 -0.0014245 0.00430147 -0.000607903 -0.00195567 0.0040724 0.00642857 0.00274809 -0.00166667 -0.00245308 0.00193069 -0.00292683 0.00329268 0.0101887 -0.00407339 -0.00819444 -0.00201681 -0.00983607 -0.00136364 -0.00327465 0.0102128 -0.00534413 -0.00347222 -0.0096875 0.0014876 0.0026506 -0.00159091 0.0155769
internal_weight=1400 1349 1078 1052 271 986 766 220 181 130 89 745 201 122 81 52 544 215 118 60 329 283 46 246 215 95 120 248 131 51
internal_count=1400 1349 1078 1052 271 986 766 220 181 130 89 745 201 122 81 52 544 215 118 60 329 283 46 246 215 95 120 248 131 51
is_linear=0
shrinkage=0.03


Tree=120
num_leaves=31
num_cat=0
split_feature=7 10 19 4 18 8 5 8 24 13 25 5 10 20 11 26 9 9 2 4 6 8 18 12 11 13 9 11 20 26
split_gain=20.3133 9.06699 7.48398 9.3132 9.24233 7.52487 8.82175 7.37702 8.88158 6.0956 5.8135 6.52538 7.96942 9.51856 7.24351 9.14953 6.97442 6.90084 6.28993 7.04717 5.9965 5.95429 5.9013 5.82771 9.19287 7.26038 5.68935 5.48083 5.18319 10.0295
threshold=61.833333333333343 503.14000000000004 -0.82409480842201666 392.50000000000006 19.550000000000004 131.21428571428575 188.50000000000003 242.78571428571431 -0.90992662233962529 80.500000000000014 26.150000000000002 383.50000000000006 109.89000000000001 24.950000000000003 1831.5000000000002 38.45000000000001 66.210000000000022 78.675000000000011 227.50000000000003 240.50000000000003 191.50000000000003 358.21428571428578 17.250000000000004 15.500000000000002 67.500000000000014 148.00000000000003 146.03500000000003 30.500000000000004 26.150000000000002 31.250000000000004
decision_type=10 10 2 10 2 10 10 10 2 10 2 8 10 2 2 2 2 2 10 10 10 10 2 10 2 10 2 2 2 2
left_child=-1 2 3 5 10 -2 -7 -8 -9 -10 11 12 -4 14 15 17 -15 22 -12 -20 27 -13 -14 -22 -25 -26 -27 -19 29 -6
right_child=1 -3 4 -5 28 6 7 8 9 -11 18 21 13 16 -16 -17 -18 20 19 -21 23 -23 -24 24 25 26 -28 -29 -30 -31
leaf_value=-0.65736715012182212 -0.38078548086213065 1.7259091028852185 0.07223022064500427 -0.46581090372926209 -0.25774192371471172 0.095229940817778524 -0.44888410907818904 -0.057716507638929784 0.31227811613787138 -0.092481762857523783 0.090855776030155364 0.41574293309319837 0.18706958389890169 -0.64496590674123877 -0.10669329687483355 0.65620022034274317 -0.0038798554348721836 -0.0027017690498377079 -0.16431588044016948 0.14163820032271729 -0.19037309357048798 0.059761763823741487 -0.41227240434199403 0.14768775295450892 -0.17916911792884546 0.44966051837722487 -0.0073086139271094901 -0.40464018548686426 -0.47212443121627129 0.02120009894363676
leaf_weight=29 32 28 69 25 44 51 52 37 48 27 86 31 54 39 23 20 34 23 20 26 53 133 20 145 51 25 37 24 44 63
leaf_count=29 32 28 69 25 44 51 52 37 48 27 86 31 54 39 23 20 34 23 20 26 53 133 20 145 51 25 37 24 44 63
internal_value=-0.000581062 -4.3956e-05 -0.000403889 -0.00483516 0.000732394 -0.00302419 -0.000972222 -0.00436364 0 0.00592105 0.0018709 0.000882353 -0.000533981 -0.00174863 -0.000189076 0.000662252 -0.0117568 -0.000277136 0.00766917 -0.0012766 -0.00200557 0.00618182 0.008 -0.000480769 0.00138996 -0.005 0.00190476 -0.011875 -0.00611842 -0.0025
internal_weight=1393 1364 1336 272 1064 247 215 164 112 75 913 781 617 548 475 452 73 432 132 46 358 164 74 311 258 113 62 47 151 107
internal_count=1393 1364 1336 272 1064 247 215 164 112 75 913 781 617 548 475 452 73 432 132 46 358 164 74 311 258 113 62 47 151 107
is_linear=0
shrinkage=0.03


Tree=121
num_leaves=31
num_cat=0
split_feature=0 16 23 10 24 0 4 3 29 0 0 8 7 1 13 25 11 9 20 25 7 21 8 7 3 18 10 11 23 0
split_gain=22.6316 9.54115 8.95133 7.77053 6.30197 9.90766 7.94769 6.75344 6.16948 14.1435 7.32381 8.07469 7.63847 7.04063 7.53377 9.044 6.52945 6.29394 9.02933 10.6102 6.87704 5.82485 5.79023 5.26851 5.14049 5.11447 6.77531 6.24832 5.16884 4.74909
threshold=80.500000000000014 5.5000000000000009 12.65 341.26500000000004 0.9482875459472353 347.50000000000006 204.50000000000003 292.50000000000006 0.68274389090025245 300.50000000000006 351.50000000000006 329.71428571428572 210.16666666666671 216.50000000000003 7.5000000000000009 18.550000000000004 39.500000000000007 75.780000000000015 24.950000000000003 26.050000000000004 137.16666666666671 20.950000000000003 190.1428571428572 344.83333333333343 156.50000000000003 17.050000000000004 181.81500000000003 20.500000000000004 9.7500000000000018 351.50000000000006
decision_type=2 8 2 8 2 2 10 10 2 2 2 10 10 10 10 2 2 2 2 2 10 2 10 10 10 2 10 2 2 2
left_child=-1 -2 3 4 5 25 -6 -8 10 -10 11 12 17 -14 -15 -16 21 18 22 20 -20 -11 -4 -9 -21 26 28 -28 -3 -18
right_child=1 2 8 -5 6 -7 7 23 9 16 -12 -13 13 14 15 -17 29 -19 19 24 -22 -23 -24 -25 -26 -27 27 -29 -30 -31
leaf_value=-0.60001886806981841 0.33798169162509506 0.1486639917491783 0.084739552989941555 0.23814298595881039 -0.23303813400544326 -0.15729182113012824 0.37604633199499915 -0.010622000551673522 0.030526507611039051 -0.026503333645715086 0.17814603425222969 -0.12233868474839113 0.090844916353370872 0.10871323071873121 -0.43525288747099422 0.0011562355659386014 -0.032442849114727605 -0.44812145329691644 -0.065532409631742186 -0.016762836656452576 -0.7887961063878749 0.27797566961159642 -0.29783766824794722 0.10503446118247552 0.091106383829928736 -0.31351351293364699 -0.24033252340997449 0.046625104743883553 0.0049624683676194083 -0.25993650060873819
leaf_weight=48 20 36 38 169 21 34 31 25 33 28 93 41 38 33 40 172 30 54 29 41 24 22 22 23 30 39 24 62 67 48
leaf_count=48 20 36 38 169 21 34 31 25 33 28 93 41 38 33 40 172 30 54 29 41 24 22 22 23 30 39 24 62 67 48
internal_value=-0.000783898 -6.57895e-05 -0.000378338 0.00265038 0.000165289 -0.00228137 0.00653465 0.010875 -0.00235006 -0.00759259 -0.00105183 -0.00234458 -0.00132184 0.00200704 0.000121951 -0.00197183 -0.012093 -0.00527197 -0.00259459 -0.0072 -0.0172222 -0.00352941 0.00688525 0.00367347 0.000416667 0 0.00205263 -0.00413793 0.00721154 -0.0174684
internal_weight=1415 1367 1347 531 362 262 100 79 816 161 655 562 521 283 245 212 128 238 184 124 53 50 60 48 71 228 189 86 103 78
internal_count=1415 1367 1347 531 362 262 100 79 816 161 655 562 521 283 245 212 128 238 184 124 53 50 60 48 71 228 189 86 103 78
is_linear=0
shrinkage=0.03


Tree=122
num_leaves=31
num_cat=0
split_feature=0 26 23 20 0 3 14 15 6 5 10 12 27 1 9 9 14 15 10 2 21 9 23 23 10 20 25 24 9 28
split_gain=19.5527 7.44545 9.72217 8.0974 9.10477 9.38745 8.27673 9.82964 8.11948 12.2883 7.04962 11.723 7.82503 6.83712 6.66634 7.81874 6.38827 6.34107 6.28002 6.19978 6.091 5.99658 8.94928 6.37404 11.684 5.98085 5.95875 9.56134 5.94864 5.62071
threshold=61.000000000000007 31.050000000000004 15.550000000000002 16.950000000000003 293.50000000000006 179.50000000000003 615.00000000000011 284.50000000000006 354.50000000000006 244.50000000000003 288.96500000000009 36.500000000000007 0.15000000000000005 377.50000000000006 52.555000000000007 78.675000000000011 32.500000000000007 192.50000000000003 201.90000000000001 194.50000000000003 40.95000000000001 45.645000000000003 14.250000000000002 12.450000000000001 191.01000000000002 25.250000000000004 23.850000000000005 -0.608738249238853 85.730000000000018 -0.98523971305672675
decision_type=2 2 2 2 2 10 10 8 10 10 10 10 2 8 2 2 10 10 10 10 2 2 2 2 10 2 2 2 2 2
left_child=-1 2 3 6 5 -5 7 8 9 -2 11 16 -12 -9 -13 18 21 -11 19 -16 29 22 -3 -23 26 -18 -25 -28 -26 -17
right_child=1 10 -4 4 -6 -7 -8 13 -10 17 12 14 -14 -15 15 20 25 -19 -20 -21 -22 23 -24 24 28 -27 27 -29 -30 -31
leaf_value=-0.74403828847878695 -0.046026302816515707 -0.051338913192161467 -0.11975300603740237 -0.041767418978311141 -0.17706737590015051 0.35266745709065844 0.27636597826957993 0.010685940501009555 -0.012726735202952567 0.34038373485347023 0.40366922590829912 -0.26026960495495516 -0.008301947665999591 -0.3682818854230504 -0.20557257731517067 0.083123138830085569 0.11711861927413025 -0.016771474187128772 -0.035086146095115962 0.22420056500908089 0.013156650603331172 0.047005680921259056 0.15706794996154336 -0.088860013405411276 0.11733779429744942 0.019597531932443672 -0.11603347039685771 -0.44796124130863696 -0.021199406816250529 -0.18233939157346299
leaf_weight=28 38 31 186 32 33 23 48 20 138 94 113 24 37 23 22 22 21 22 27 35 21 71 46 26 32 26 22 28 28 78
leaf_count=28 38 31 186 32 33 23 48 20 138 94 113 24 37 23 22 22 21 22 27 35 21 71 46 26 32 26 22 28 28 78
internal_value=-0.000451289 6.57895e-05 -0.00223404 6.35593e-05 -0.00808989 -0.000535714 0.00195312 0.000267857 0.00225256 0.00696774 0.00219409 0.000641711 0.00794702 -0.0129545 -0.00456522 -0.00276699 0.00424699 0.0117949 0.00423529 0.00982759 -0.00762295 0.00252632 0.00961538 -0.000144231 -0.00394161 0.014375 -0.0116883 -0.0176471 0.00590164 -0.0106931
internal_weight=1395 1367 657 471 88 55 383 335 292 154 710 560 150 43 229 205 331 116 84 57 121 284 77 207 136 47 76 50 60 100
internal_count=1395 1367 657 471 88 55 383 335 292 154 710 560 150 43 229 205 331 116 84 57 121 284 77 207 136 47 76 50 60 100
is_linear=0
shrinkage=0.03


Tree=123
num_leaves=31
num_cat=0
split_feature=0 24 17 10 19 11 0 7 3 25 26 18 29 13 11 13 0 9 9 20 25 0 14 13 12 5 10 0 9 7
split_gain=17.6531 7.75047 8.35096 7.87362 7.52011 11.9062 7.72057 8.18554 8.05899 5.97556 6.49561 7.39533 7.26831 9.99261 13.8529 9.60577 6.62881 13.2491 6.32944 5.86706 9.3341 5.19608 5.1864 5.05993 11.2473 8.0877 5.86425 4.99563 4.96358 4.7824
threshold=80.500000000000014 -0.8949002852437673 3.2850000000008692 522.61000000000013 0.39873388578253705 32.500000000000007 233.50000000000003 218.16666666666671 339.00000000000006 5.9500000000000011 32.050000000000004 19.750000000000004 0.26659387353423869 326.50000000000006 247.00000000000003 816.50000000000011 298.50000000000006 115.94500000000001 230.12000000000003 29.150000000000002 28.250000000000004 163.50000000000003 54.500000000000007 10.500000000000002 7.5000000000000009 233.50000000000003 83.125000000000014 423.50000000000006 293.61000000000007 350.16666666666669
decision_type=2 2 8 10 2 2 2 10 10 2 2 2 2 10 2 10 2 2 2 2 2 2 8 10 10 10 10 2 2 8
left_child=-1 4 -3 9 6 -6 7 21 -8 -4 11 16 13 14 19 -15 17 22 29 20 -12 -2 23 24 26 -25 -11 -20 -29 -18
right_child=1 2 3 -5 5 -7 8 -9 -10 10 12 -13 -14 15 -16 -17 18 -19 27 -21 -22 -23 -24 25 -26 -27 -28 28 -30 -31
leaf_value=-0.54398848095258123 -0.23717344906977159 0.068460872806402409 0.46505346276591525 2.6677974851115147 0.85281884260932694 -0.057160415790753656 -0.2690551725900448 0.095304159078514195 -0.0019744790099485952 0.010419402149573499 0.0074303725283354537 -0.24012835685124911 0.74543119318784534 -0.25480984285027558 0.20560466782075876 0.0075158273311026844 -0.0073769489439038695 0.26717969933873575 0.55202665627771696 -0.46040117389707547 0.28720111056066966 -0.40873514964214219 0.25865820661422306 -0.5936218002939343 0.31691151980703125 0.021379238299583676 -0.10590272064069153 -0.098510501419558513 0.22198085289685024 -0.087522924570622537
leaf_weight=50 33 26 22 22 22 32 46 22 23 23 328 50 23 46 33 33 112 39 29 24 26 20 24 31 21 30 30 37 23 105
leaf_count=50 33 26 22 22 22 32 46 22 23 23 328 50 23 46 33 33 112 39 29 24 26 20 24 31 21 30 30 37 23 105
internal_value=-0.000324675 0.000336826 0.00129174 0.000890288 -0.00512563 0.00436364 -0.00868966 -0.00197368 -0.0158571 0.000522936 0.000196629 -0.00205405 0.00262646 0.00183299 0.00371359 -0.007875 -0.000950495 0.00331658 -0.00371336 0.00205805 0.00304225 -0.00833333 -0.0005625 -0.00286765 0.0024 -0.00919355 -0.005 0.003 -0.00196721 -0.00646789
internal_weight=1385 1335 1137 1111 198 54 144 75 69 1089 1067 554 513 490 411 79 504 198 306 378 354 53 159 135 74 61 53 89 60 217
internal_count=1385 1335 1137 1111 198 54 144 75 69 1089 1067 554 513 490 411 79 504 198 306 378 354 53 159 135 74 61 53 89 60 217
is_linear=0
shrinkage=0.03


Tree=124
num_leaves=31
num_cat=0
split_feature=0 10 26 20 15 8 26 20 0 21 28 12 20 10 21 4 17 0 6 28 17 25 25 12 11 13 13 19 9 2
split_gain=14.5837 7.55957 6.69919 8.97584 8.95995 8.16266 7.96104 8.85363 7.62093 9.39248 8.30057 7.22447 6.93751 7.18011 10.1248 9.72224 11.3665 6.87103 6.87008 6.22621 6.15065 5.93363 5.73471 5.83199 5.67376 7.04419 5.5077 6.98715 8.32098 8.17305
threshold=80.500000000000014 503.14000000000004 31.050000000000004 11.450000000000001 34.500000000000007 276.07142857142861 25.250000000000004 13.750000000000002 398.50000000000006 22.250000000000004 0.17646842360078763 32.500000000000007 29.650000000000002 288.96500000000009 41.550000000000004 259.50000000000006 886.28000000000009 121.50000000000001 257.50000000000006 0.52766072109828632 198.20000000000456 15.050000000000002 26.550000000000004 28.500000000000004 124.50000000000001 374.00000000000006 40.500000000000007 -0.37460659341591213 46.070000000000007 213.50000000000003
decision_type=2 10 2 2 8 10 2 2 2 2 2 10 2 10 2 10 10 2 10 2 10 2 2 10 2 10 10 2 2 10
left_child=-1 2 3 5 17 -2 -6 -8 9 10 -7 20 13 14 15 16 26 -5 -9 -11 -12 -20 23 -15 -18 -26 27 29 -29 -4
right_child=1 -3 12 4 6 8 7 18 -10 19 11 -13 -14 22 -16 -17 24 -19 21 -21 -22 -23 -24 -25 25 -27 -28 28 -30 -31
leaf_value=-0.54183307464821406 0.1629955652318506 1.5589591355848327 -0.14253895797229901 -0.051167505372387435 -0.21518849260952991 -0.17292509876874362 0.031235736348646126 -0.55597175241935759 0.40817323344830153 0.2149333792078903 -0.005807737325184234 -0.075603889905483473 -0.62103149022266169 -0.01613209146158482 0.23680251251976869 -0.034768031072952961 -0.30034169485067536 0.032877691161583442 0.022241283759650798 -0.026237034002110988 0.37589442600925821 -0.1150056209234296 -0.0082758004118704768 0.53659188292331628 0.07935309006163152 -0.34021703483217236 0.079429136698846312 0.12674322647385067 0.0093048570649987995 0.17585416891658298
leaf_weight=47 25 34 72 25 62 43 43 31 60 33 34 33 21 20 24 150 22 58 26 24 20 88 33 85 25 21 35 33 132 26
leaf_count=47 25 34 72 25 62 43 43 31 60 33 34 33 21 20 24 150 22 58 26 24 20 88 33 85 25 21 35 33 132 26
internal_value=-0.000627706 -4.48096e-05 -0.000413793 -0.00272277 -0.00601796 0.00131868 -0.00884462 -0.00571429 -0.000362903 -0.00335106 -0.00778626 -0.00238636 0.00158571 0.00212077 0.000554529 -0.000348162 0.00228883 0.0025 -0.00924658 0.00672414 0.00436364 -0.00573913 0.00820144 0.0116038 -0.00869565 -0.00255319 0.00481605 0.00329545 0.00704819 -0.0030303
internal_weight=1385 1338 1304 605 333 272 250 188 247 187 130 87 699 678 540 516 366 83 145 57 54 114 138 105 68 46 298 263 165 98
internal_count=1385 1338 1304 605 333 272 250 188 247 187 130 87 699 678 540 516 366 83 145 57 54 114 138 105 68 46 298 263 165 98
is_linear=0
shrinkage=0.03


Tree=125
num_leaves=31
num_cat=0
split_feature=0 19 10 1 9 17 20 6 8 5 20 8 24 11 5 1 10 18 18 13 4 9 0 7 10 0 5 3 1 1
split_gain=20.272 8.77947 9.22236 8.00106 6.69127 5.95614 5.51361 5.36095 7.80924 6.54484 6.93329 8.68026 5.74159 7.87417 9.45345 8.51902 5.60608 5.16002 4.68693 4.62247 4.3482 5.09206 6.71343 9.19055 4.77011 4.18528 4.04329 3.83624 8.93551 10.3316
threshold=80.500000000000014 -0.95368063612909437 503.14000000000004 340.50000000000006 89.435000000000016 3.2850000000008692 29.450000000000003 85.200000000000017 108.78571428571429 119.50000000000001 26.650000000000002 207.6428571428572 0.99353402350479769 162.50000000000003 302.50000000000006 268.50000000000006 131.66000000000003 8.0500000000000025 24.050000000000004 5.5000000000000009 134.50000000000003 47.090000000000011 189.50000000000003 206.16666666666671 175.19000000000003 261.50000000000006 183.50000000000003 280.50000000000006 297.50000000000006 268.50000000000006
decision_type=2 2 10 10 2 8 2 8 10 10 2 10 2 2 10 10 10 2 2 10 10 2 2 10 10 2 10 10 10 10
left_child=-1 3 5 4 26 -3 7 -7 19 16 12 -12 17 14 15 -14 -10 -11 20 -9 -19 -22 24 -24 -23 -13 -2 28 29 -25
right_child=1 2 -4 -5 -6 6 -8 8 9 10 11 25 13 -15 -16 -17 -18 18 -20 -21 21 22 23 27 -26 -27 -28 -29 -30 -31
leaf_value=-0.52712250670533634 0.016114071683966811 0.05168487720064064 1.5634188245115814 -0.30001158692279656 0.078454862787698962 -0.59022896361418897 -0.45366991506474275 0.0023726008871551582 -0.3584965259732994 -0.16773734580568089 0.11754350715357659 -0.024833952255845445 0.0054989446458549194 0.36244674405258848 0.3772186133436341 -0.25856683327087465 -0.0033231712053000705 0.10333620757458277 0.3454770814093962 0.17834891262476502 -0.23037080189205766 0.023142974108772307 -0.30193112781422998 -0.0080275263995144997 0.18691672331034495 0.083973656723281068 -0.23714239134939702 0.0049804689696566129 -0.12456875729898968 0.26749122856702112
leaf_weight=50 27 25 27 35 23 25 23 23 22 21 34 36 21 30 46 27 29 26 27 21 37 56 33 97 20 38 32 408 52 27
leaf_count=50 27 25 27 35 23 25 23 23 22 21 34 36 21 30 46 27 29 26 27 21 37 56 33 97 20 38 32 408 52 27
internal_value=-0.000257327 0.000444774 0.00119318 -0.00737288 -0.00216867 0.00079668 0.000483051 0.000777874 0.00108657 0.000579044 0.00109932 0.00825688 0.000258342 0.00624 0.00189474 -0.00734694 -0.00980769 -0.000670807 -0.000267857 0.0133333 -0.000713342 -0.00114911 -0.00056196 -0.00160194 0.00779221 0.0024 -0.0075 -0.000717949 -0.00440678 0
internal_weight=1398 1348 1231 117 82 1204 1179 1156 1131 1087 1036 108 928 124 94 48 51 804 783 44 756 730 693 617 76 74 59 584 176 124
internal_count=1398 1348 1231 117 82 1204 1179 1156 1131 1087 1036 108 928 124 94 48 51 804 783 44 756 730 693 617 76 74 59 584 176 124
is_linear=0
shrinkage=0.03


Tree=126
num_leaves=31
num_cat=0
split_feature=0 23 7 13 26 9 10 18 26 1 20 13 1 24 19 26 23 18 18 25 10 3 13 13 13 26 3 21 29 6
split_gain=17.1236 7.76308 10.7887 6.97397 9.57139 7.18841 7.27851 7.58901 6.71654 6.33696 9.88232 7.1696 6.12132 8.3977 10.5497 7.24883 9.39316 6.26603 11.9964 5.20019 5.06239 4.80066 4.7109 4.47068 8.6535 8.25018 7.09925 7.6871 5.97604 5.58245
threshold=87.500000000000014 11.850000000000003 461.66666666666669 15.500000000000002 38.850000000000001 138.91500000000005 233.55500000000004 16.950000000000003 37.250000000000007 110.50000000000001 24.050000000000004 1975.5000000000002 92.500000000000014 -0.8949002852437673 0.9426055981926128 29.350000000000005 14.250000000000002 13.950000000000001 17.150000000000002 25.150000000000002 265.47500000000008 266.50000000000006 23.500000000000004 24.500000000000004 33.500000000000007 32.150000000000013 308.50000000000006 19.550000000000004 0.92843842216862604 360.50000000000006
decision_type=2 2 10 10 2 2 10 2 2 8 2 8 10 2 2 2 2 2 2 2 8 10 10 10 10 2 10 2 2 10
left_child=20 2 8 12 22 6 -6 -8 9 -2 11 23 -3 -14 15 -15 -17 -16 -19 -12 -1 -9 -5 26 -25 28 -11 -28 29 -26
right_child=1 3 -4 4 5 -7 7 21 -10 10 19 -13 13 14 17 16 -18 18 -20 -21 -22 -23 -24 24 25 -27 27 -29 -30 -31
leaf_value=-0.052877316723081831 0.11759046230089211 -0.20007417785310805 1.0607432694416434 -0.15216979023556376 0.033486437545829514 0.62159137096883144 0.042379959577490918 -0.0031613810877450985 0.20427827263721668 0.22856576356889605 -0.69755501407018516 -0.11040840812992542 -0.25907751377288746 0.26311119197465871 0.15295414646858063 -0.026792640380765887 0.075395635242927375 -0.3531406706777187 0.039020608342272708 -0.011652016908011121 -0.57187417034183385 -0.23410423679447773 -0.0303037217205042 0.2286590911316807 -0.05232842159305278 0.42577077048372985 0.015658043871157473 -0.29278618668335493 0.45812055454854883 0.18573366032157507
leaf_weight=20 25 22 31 57 38 22 35 27 21 35 24 23 41 29 23 34 94 25 26 42 31 24 395 25 55 27 22 24 53 36
leaf_count=20 25 22 31 57 38 22 35 27 21 35 24 23 41 29 23 34 94 25 26 42 31 24 395 25 55 27 22 24 53 36
internal_value=-0.000994953 -0.000336826 0.00290541 -0.00194849 -0.00380634 0.00285714 0 -0.00482759 0.00159806 0.000688776 -0.000326975 0.00199336 0.00183051 0.00307692 0.00530172 0.00968354 0.00651163 -0.004 -0.00980769 -0.0107463 -0.0178846 -0.0121154 -0.00596026 0.00334532 0.0057868 0.00331395 -0.00256098 -0.0102128 0.000413793 -0.00423913
internal_weight=1386 1335 443 892 598 146 124 86 412 391 366 300 294 272 231 157 128 74 51 66 51 51 452 277 196 171 81 46 144 91
internal_count=1386 1335 443 892 598 146 124 86 412 391 366 300 294 272 231 157 128 74 51 66 51 51 452 277 196 171 81 46 144 91
is_linear=0
shrinkage=0.03


Tree=127
num_leaves=31
num_cat=0
split_feature=0 25 26 10 29 2 3 18 3 0 18 20 20 19 4 23 4 4 20 26 23 11 23 23 23 19 12 18 24 0
split_gain=17.3618 5.63054 7.61203 7.12856 6.88053 6.10339 5.66396 5.62336 10.209 7.33145 6.4531 8.10258 8.81301 8.22463 6.26909 6.05555 5.98633 9.70395 6.51864 7.42643 7.11311 9.20549 8.28938 6.22095 5.86605 6.30182 5.40579 4.98882 7.7961 4.57894
threshold=85.200000000000017 5.9500000000000011 18.850000000000005 515.56500000000017 0.98899263613956456 470.50000000000006 376.50000000000006 19.550000000000004 317.50000000000006 210.50000000000003 19.150000000000002 28.750000000000004 26.650000000000002 0.33379414889141285 171.50000000000003 19.850000000000005 123.50000000000001 106.50000000000001 25.350000000000005 38.050000000000004 15.950000000000001 37.500000000000007 19.950000000000003 18.250000000000004 15.250000000000002 0.99535829673000953 4.5000000000000009 14.250000000000002 0.11319890333640036 354.50000000000006
decision_type=2 2 2 10 2 10 8 2 10 2 2 2 2 2 10 2 10 10 2 2 2 2 2 2 2 2 10 2 2 2
left_child=26 -2 6 4 5 7 -3 10 9 15 11 12 16 14 -14 -9 17 -4 19 20 24 22 23 -22 25 -18 -1 28 -20 -21
right_child=1 2 3 -5 -6 -7 -8 8 -10 -11 -12 -13 13 -15 -16 -17 18 -19 27 29 21 -23 -24 -25 -26 -27 -28 -29 -30 -31
leaf_value=-0.31058211403435504 0.38613761007003489 -0.019214623854533101 0.0080856327396921293 1.7056907088637825 0.33738957272497627 -0.09310224262764108 -0.33320108715306757 -0.0033298719588563583 -0.24681138194894003 0.020576337782044332 0.32837447879875187 -0.49710333362378445 -0.18454413953760593 0.15746063503544283 0.095953130289362462 -0.41836395324574965 -0.0013501227460326957 0.17624238432998751 0.072431972642875445 0.0036351491630810528 0.011598150704388103 -0.178231971795379 0.070171342696175421 -0.44740162789023924 0.34370227140756243 0.22841407215820339 -0.51550880208107841 -0.2110986273885605 -0.1923273680856856 0.73595040845597359
leaf_weight=31 22 23 57 27 42 34 20 39 53 91 21 20 27 40 28 21 378 24 28 28 41 62 25 24 26 46 20 57 22 20
leaf_count=31 22 23 57 27 42 34 20 39 53 91 21 20 27 40 28 21 378 24 28 28 41 62 25 24 26 46 20 57 22 20
internal_value=0.00027897 0.000935412 0.000679245 0.00109984 0.00076494 0.000346249 -0.0115909 0.000712468 -0.00380488 0.000197368 0.00166154 0.00128931 0.00170236 0.0103125 0.00267857 -0.00786885 0.000715137 0.00841463 -0.000118734 0.00101382 9.95025e-05 -0.0054902 0.000659341 -0.005 0.00199557 0.00112941 -0.0167308 -0.00694444 0 0.0122449
internal_weight=1397 1346 1324 1281 1254 1212 43 1178 204 151 974 953 933 95 55 60 838 81 757 650 602 152 90 65 450 424 51 107 50 48
internal_count=1397 1346 1324 1281 1254 1212 43 1178 204 151 974 953 933 95 55 60 838 81 757 650 602 152 90 65 450 424 51 107 50 48
is_linear=0
shrinkage=0.03


Tree=128
num_leaves=31
num_cat=0
split_feature=0 10 16 22 26 24 14 0 10 23 29 9 28 28 24 10 2 8 10 9 18 23 0 4 20 2 0 18 10 28
split_gain=19.3904 7.6237 6.83151 6.82497 6.39552 6.08131 5.85529 10.1146 7.1579 6.82283 5.62831 5.395 5.14486 6.11679 6.07492 5.57034 4.91574 7.63296 7.56217 8.53757 9.88885 8.89515 7.65046 8.4057 5.01733 6.12996 4.88089 5.72871 5.80053 7.30138
threshold=61.000000000000007 522.61000000000013 62.500000000000007 17.350000000000005 37.050000000000004 -0.93663652364155492 515.50000000000011 302.50000000000006 208.405 18.750000000000004 0.99855310097228334 94.285000000000011 -0.861146256326485 -0.71504373327588355 -0.382668860952593 85.785000000000011 114.50000000000001 146.78571428571431 91.535000000000011 95.65000000000002 21.550000000000004 15.250000000000002 173.50000000000003 189.50000000000003 24.550000000000004 257.50000000000006 248.50000000000003 19.550000000000004 234.66000000000003 0.74443451080969758
decision_type=2 10 8 2 2 2 10 2 10 2 2 2 2 2 2 10 10 8 8 2 2 2 2 10 2 10 2 2 10 2
left_child=-1 2 3 12 10 -6 7 8 -7 -9 16 -8 -2 14 -14 -15 -4 -18 -19 21 26 22 -20 -24 25 -23 -21 28 29 -28
right_child=1 -3 4 -5 5 6 11 9 -10 -11 -12 -13 13 15 -16 -17 17 18 19 20 -22 24 23 -25 -26 -27 27 -29 -30 -31
leaf_value=-0.62660577399268635 0.18003203032815598 2.3711087933041131 0.11097617875714703 -0.3340927623646282 -0.17900781535147814 0.098706737598866001 0.014231023643007176 0.73986118373086751 -0.0088206332302945608 0.19815935722510686 0.3661009127214393 -0.089064972877784782 -0.13159706085809125 0.082850598720544608 0.030244888753236977 0.0093720201214293301 -0.32162274803103191 0.28951987907128485 0.14306408607500584 0.041232676048577159 0.15289162820174113 -0.032282797016721078 -0.67229274935930361 -0.0010182985128096788 -0.65052313018525953 -0.27003284920826698 -0.1751042040876723 -0.3040252154735984 -0.00067346765782474451 0.015980349386774149
leaf_weight=27 40 27 25 20 25 42 23 35 83 21 24 26 20 47 24 79 24 21 22 41 30 31 20 55 25 31 52 24 376 27
leaf_count=27 40 27 25 20 25 42 23 35 83 21 24 26 20 47 24 79 24 21 22 41 30 31 20 55 25 31 52 24 376 27
internal_value=6.57895e-05 0.000581655 0.000251142 0.00493506 -0.000747232 0.00339844 0.00493506 0.00741758 0.00261905 0.0178947 -0.00202654 -0.0042 0.00654028 0.00421053 -0.00533333 0.00755906 -0.00245963 -0.00288462 -0.00234127 -0.00285714 -0.000980036 -0.00843243 -0.00214286 -0.00671053 -0.0153409 -0.0104762 -0.00195777 -0.0028125 -0.00203947 -0.009375
internal_weight=1367 1340 1313 230 1083 255 230 181 125 56 828 49 210 170 44 126 804 779 755 734 550 184 97 75 87 62 520 479 455 79
internal_count=1367 1340 1313 230 1083 255 230 181 125 56 828 49 210 170 44 126 804 779 755 734 550 184 97 75 87 62 520 479 455 79
is_linear=0
shrinkage=0.03


Tree=129
num_leaves=31
num_cat=0
split_feature=0 10 2 20 26 25 20 29 10 24 2 4 9 24 18 26 4 16 0 20 27 4 21 1 26 6 24 13 24 21
split_gain=18.4456 7.61919 6.54135 6.00407 6.51845 7.15747 6.54848 5.84674 5.04937 5.48483 4.51006 4.66434 4.48718 4.25079 4.12161 9.38671 10.2853 7.32674 8.60213 6.63678 8.99318 7.57687 5.91688 8.1586 6.74998 7.03837 5.72544 10.7945 6.06858 6.57828
threshold=61.000000000000007 498.50500000000005 473.00000000000006 29.450000000000003 38.95000000000001 25.450000000000003 27.050000000000004 0.99748108949426018 70.040000000000006 -0.96811077628253217 268.50000000000006 332.50000000000006 35.555000000000007 0.64942331933852337 13.15 32.150000000000013 217.50000000000003 62.500000000000007 111.50000000000001 24.950000000000003 0.35000000000000003 140.50000000000003 28.750000000000004 301.50000000000006 20.850000000000005 367.50000000000006 0.68832836526074803 1073.5000000000002 0.90992662233962551 24.950000000000003
decision_type=2 10 8 2 2 2 2 2 8 2 10 10 2 2 2 2 10 10 2 2 2 10 2 10 2 10 2 10 2 2
left_child=-1 2 3 4 7 -6 13 8 12 10 -10 -12 -2 -7 15 22 -17 18 -16 21 -21 -19 23 -11 -25 -26 -23 28 -28 -30
right_child=1 -3 -4 -5 5 6 -8 -9 9 14 11 -13 -14 -15 17 16 -18 19 -20 20 -22 26 -24 24 25 -27 27 -29 29 -31
leaf_value=-0.54101395105303529 -0.0026851481014984555 1.4552716227802927 -0.15118719066071831 -0.44269541132313051 0.56563374752319018 -0.052252316663068538 0.11457413891831152 0.36081565769170482 -0.45305211145845703 0.1982093056622091 0.072752013170239702 -0.14991878401382477 0.10841921853982996 0.005076146602559106 -0.14850337317689821 0.015055063032062889 0.27867145057861703 0.1715329928514896 0.039390730580336139 -0.53975875376329696 -0.13031450795639785 0.0060060626108098345 -0.029119482244349796 -0.074548334145699183 -0.023500756549341303 0.43071126396217863 -0.34998994617355889 0.45553878916463475 0.0073360086356603913 -0.18201110616989638
leaf_weight=30 28 37 38 24 36 23 45 21 39 62 20 20 25 39 28 81 59 21 65 32 47 94 87 49 63 40 44 23 73 117
leaf_count=30 28 37 38 24 36 23 45 21 39 62 20 20 25 39 28 81 59 21 65 32 47 94 87 49 63 40 44 23 73 117
internal_value=-0.000340184 0.000173787 -0.000200893 0.000160796 0.000444618 0.00645833 0.0025 -0.000316067 -0.000617174 -0.00107042 -0.008625 -0.00146341 0.00833333 -0.00380952 -0.000456389 0.00169683 0.00808511 -0.00220183 0.00542553 -0.00378319 -0.011625 -0.00209115 -0.00129139 0.00139535 -0.00235294 0.00201923 -0.00315341 -0.00546512 -0.00740426 -0.00502618
internal_weight=1410 1380 1343 1305 1281 143 107 1138 1117 1064 79 40 53 62 985 441 140 544 93 451 79 372 301 214 152 103 351 257 234 190
internal_count=1410 1380 1343 1305 1281 143 107 1138 1117 1064 79 40 53 62 985 441 140 544 93 451 79 372 301 214 152 103 351 257 234 190
is_linear=0
shrinkage=0.03


Tree=130
num_leaves=31
num_cat=0
split_feature=0 4 14 11 13 13 23 2 26 16 21 20 9 16 13 0 16 28 3 4 28 19 19 1 23 3 28 19 9 23
split_gain=16.8862 5.97993 7.18637 6.26584 7.95609 7.81683 11.5136 8.13127 8.51339 7.04766 9.3214 8.79694 6.91483 6.84643 6.38553 6.74075 6.13338 6.31452 6.07361 7.65217 5.78687 5.86295 5.79614 7.75111 5.7418 11.2866 5.68636 6.44107 6.8253 8.16944
threshold=61.000000000000007 531.50000000000011 1671.0000000000002 384.50000000000006 257.50000000000006 7.5000000000000009 12.950000000000001 136.50000000000003 37.650000000000013 798.50000000000011 34.45000000000001 24.050000000000004 53.025000000000006 335.50000000000006 69.500000000000014 171.50000000000003 294.50000000000006 -0.24372957273992746 332.50000000000006 376.50000000000006 -0.022576249993022688 0.80382625221112025 0.8869770585236475 378.50000000000006 11.050000000000002 308.50000000000006 0.42179998225932674 -0.74892720285008296 47.505000000000003 15.450000000000001
decision_type=2 10 10 2 10 8 2 8 2 10 2 2 2 10 10 2 10 2 10 10 2 2 2 10 2 10 2 2 2 2
left_child=-1 2 3 5 -5 26 7 -7 13 10 11 14 -12 16 15 -8 17 -9 -6 -20 22 -22 -15 -24 25 -19 27 -2 29 -29
right_child=1 -3 -4 4 18 6 9 8 -10 -11 12 -13 -14 20 -16 -17 -18 24 19 -21 21 -23 23 -25 -26 -27 -28 28 -30 -31
leaf_value=-0.50972224781341946 -0.1649717804550771 0.65778218510171538 -0.0473850784978498 0.20217645194940814 -0.0066486285139507112 0.19822672553525136 0.052161023409137496 -0.15318318334285463 0.62597742577383486 -0.17033403353178356 -0.39328794371851683 -0.50325691866302891 0.03015825502729285 0.20240968398662176 0.016789491358102281 -0.11498664698962585 -0.13143691787819647 0.39643848266167053 0.52198025893570932 0.1453929751972167 0.021330126400896744 0.60735491617258441 0.12463456258540347 -0.2017668106320491 -0.018835853397774258 -0.065550582279442438 0.17687288010003613 0.01250216679373615 0.00020909970543783629 0.09109809063075687
leaf_weight=31 85 22 60 21 57 21 27 22 20 85 24 23 147 45 22 178 25 26 32 36 20 20 24 20 46 38 56 30 96 32
leaf_count=31 85 22 60 21 57 21 27 22 20 85 24 23 147 45 22 178 25 26 32 36 20 20 24 20 46 38 56 30 96 32
internal_value=-2.15517e-05 0.000484938 0.000224048 0.000703675 0.00653061 -5.29568e-05 -0.00154676 0.00283537 0.00156352 -0.0043787 -0.00277251 -0.00645418 0.00261628 0.000209059 -0.00460526 -0.00626214 -0.00398734 -0.00135338 0.00357143 0.00956522 0.00530769 0.0146341 0.001 -0.00666667 0.00162162 0.00738462 0.0041 0.00209016 0.00566038 0.0133333
internal_weight=1391 1360 1338 1278 146 1132 833 327 306 506 421 250 171 286 227 205 157 132 125 68 129 40 89 44 110 64 299 243 158 62
internal_count=1391 1360 1338 1278 146 1132 833 327 306 506 421 250 171 286 227 205 157 132 125 68 129 40 89 44 110 64 299 243 158 62
is_linear=0
shrinkage=0.03


Tree=131
num_leaves=31
num_cat=0
split_feature=0 8 1 7 23 2 0 10 28 9 27 8 3 10 16 5 4 16 0 1 5 3 26 4 4 6 3 10 10 6
split_gain=18.7916 7.79765 6.97579 6.13986 6.16287 6.64293 5.53633 8.21449 6.20158 6.14664 16.5011 15.8982 6.50159 6.09957 5.92309 7.35014 8.25282 7.33593 5.88215 6.66739 5.50772 6.48855 5.42186 4.76226 5.94348 5.30618 4.49549 8.74645 14.7222 7.74158
threshold=61.000000000000007 442.50000000000006 449.50000000000006 106.83333333333336 12.15 88.500000000000014 110.50000000000001 103.82000000000001 -0.18492532721306487 62.230000000000011 0.8500000000000002 204.35714285714286 257.50000000000006 136.50500000000002 10558.000000000002 368.50000000000006 376.50000000000006 62.500000000000007 413.50000000000006 291.50000000000006 140.50000000000003 171.50000000000003 22.350000000000005 177.50000000000003 216.50000000000003 191.50000000000003 324.50000000000006 269.06500000000005 284.11500000000007 293.50000000000006
decision_type=2 8 10 10 2 10 2 8 2 2 2 10 10 10 10 10 10 10 2 10 10 10 2 10 10 10 10 8 10 10
left_child=-1 2 3 4 -2 -6 -5 8 -8 10 11 13 -13 -9 15 17 -17 -11 19 -18 -19 -22 -3 -23 -25 -26 27 -27 -29 -28
right_child=1 22 -4 6 5 -7 7 9 -10 14 -12 12 -14 -15 -16 16 18 20 -20 -21 21 23 -24 24 25 26 29 28 -30 -31
leaf_value=-0.54835078927555181 0.18197075574738078 -0.017634222191581443 -0.31955340575007479 -0.25183700796596697 -0.15957187957272195 0.049527468302144793 0.0022142192201570765 0.013412486715318436 0.333886803604868 0.12957196258706402 -0.59584344949856749 -0.60161024874157787 0.0035877049475986664 0.36662925882297231 -0.055338606440822669 0.16368529188104802 0.13985876500011243 -0.29443481075976291 0.65116141189959764 -0.038788209606009046 0.061557379495178845 -0.24313792606203719 1.0039802562088989 0.022760219017098959 -0.335990006350529 0.033778185410874358 -0.22860243340060604 -0.34068699355381138 0.0030761361400675467 -0.0022645525776893295
leaf_weight=30 29 23 41 39 24 32 42 20 37 40 53 20 24 21 41 72 21 38 21 72 48 37 42 58 41 141 56 22 81 132
leaf_count=30 29 23 41 39 24 32 42 20 37 40 53 20 24 21 41 72 21 38 21 72 48 37 42 58 41 141 56 22 81 132
internal_value=-0.000128663 0.000394449 -0.000115031 0.000285036 0.00802326 0.00210526 -0.000280136 0.000105356 0.009375 -0.00059434 -0.00647482 0.00174419 -0.0106667 0.015 0.000292842 0.000817253 0.00609626 -0.000604317 0.00104348 -0.00223404 -0.00137405 -0.000680713 0.0104545 -0.00158172 -0.000845865 -0.00196203 -0.000969977 0.00171429 -0.00490385 -0.00444444
internal_weight=1398 1368 1303 1262 85 56 1177 1138 79 1059 138 85 44 41 921 880 186 694 114 93 654 616 65 568 531 473 432 244 103 188
internal_count=1398 1368 1303 1262 85 56 1177 1138 79 1059 138 85 44 41 921 880 186 694 114 93 654 616 65 568 531 473 432 244 103 188
is_linear=0
shrinkage=0.03


Tree=132
num_leaves=31
num_cat=0
split_feature=10 0 26 20 29 10 8 9 3 17 9 0 3 3 21 23 20 26 17 25 21 21 7 18 9 10 25 20 4 3
split_gain=13.0254 10.1693 6.36198 11.4041 8.37245 7.94452 6.73092 11.2041 5.71443 4.65763 4.53736 5.12355 9.21567 11.4999 11.9266 4.92654 4.52211 6.8321 6.5423 6.87028 6.89363 5.72457 5.53786 4.28125 4.04657 6.44813 4.83865 7.44112 6.47377 4.49075
threshold=522.61000000000013 61.000000000000007 32.050000000000004 10.750000000000002 0.2332836900311728 62.435000000000009 277.21428571428578 126.09500000000001 389.50000000000006 220.66000000000233 290.38000000000005 362.50000000000006 339.00000000000006 360.50000000000006 26.450000000000003 10.050000000000002 29.450000000000003 38.45000000000001 579.60000000000241 25.450000000000003 41.150000000000013 42.20000000000001 106.83333333333336 10.050000000000002 55.585000000000001 123.99500000000002 24.750000000000004 21.750000000000004 259.50000000000006 252.50000000000003
decision_type=10 2 2 2 2 10 10 2 10 10 2 2 8 10 2 2 2 2 10 2 2 2 10 2 2 8 2 2 10 10
left_child=1 -1 3 6 8 -5 -3 -8 16 -9 11 12 15 -14 -15 -7 17 22 -19 -20 -21 -22 -4 -11 25 -24 27 28 -26 -29
right_child=-2 2 4 5 -6 10 7 9 -10 23 -12 -13 13 14 -16 -17 -18 18 19 20 21 -23 24 -25 26 -27 -28 29 -30 -31
leaf_value=-0.49304134140877526 2.3957154230215187 0.1623808760670431 0.072201414209045536 0.036813141676818116 0.61697353051046544 0.0055993754447398198 -0.15395728974606357 -0.016665917846502225 -0.057666414571612562 -0.10330596487928176 0.23064915677958084 -0.06930683469959717 0.35781694397843439 -0.19794951725226198 0.71007674587212111 -0.1199667198265422 -0.40175155655055733 0.20189311103197666 0.31464547672113696 -0.055363982110131854 0.15050512926019394 -0.0082117170490059264 0.0053680062959881522 0.17742787177127411 0.10635280984626931 -0.42282799838998086 0.049533125434408021 -0.23396800555777644 -0.022884165921878433 -0.0023637986601592331
leaf_weight=28 23 25 45 36 29 40 25 35 35 37 27 100 20 30 22 196 23 24 32 46 23 20 47 100 50 39 95 45 29 42
leaf_count=28 23 25 45 36 29 40 25 35 35 37 27 100 20 30 22 196 23 24 32 46 23 20 47 100 50 39 95 45 29 42
internal_value=-0.000657414 -0.00104755 -0.000660091 -0.00263689 0.001536 -0.00527542 0.00295964 0.00106061 0.000755034 0.00381503 -0.00639908 -0.00718826 -0.00524272 0.00410959 -0.00339623 -0.00810127 0.00149733 0.0020632 0.00760274 0.00467213 0.000333333 0.00886364 0 0.00630435 -0.0012931 -0.00689655 0.000572519 -0.00251497 0.004125 -0.00852273
internal_weight=1368 1345 1317 693 624 471 222 197 595 172 435 408 308 72 52 236 560 537 145 121 89 43 392 137 347 86 261 166 79 87
internal_count=1368 1345 1317 693 624 471 222 197 595 172 435 408 308 72 52 236 560 537 145 121 89 43 392 137 347 86 261 166 79 87
is_linear=0
shrinkage=0.03


Tree=133
num_leaves=31
num_cat=0
split_feature=0 10 20 22 16 24 24 16 25 13 10 18 3 5 29 0 21 24 1 27 5 1 10 0 20 21 14 20 21 29
split_gain=12.8466 10.2168 5.74238 5.77912 8.88387 7.10468 6.46239 8.44311 5.18075 6.93718 6.26145 7.13104 8.23109 9.00936 7.89088 8.07129 7.11629 7.90721 8.40882 6.87121 6.44444 7.05832 7.01152 6.22215 5.94124 7.64985 9.021 7.47125 5.98179 5.46374
threshold=61.000000000000007 522.61000000000013 29.450000000000003 6.1000000000000005 72.500000000000014 0.43830438074012318 -0.96811077628253217 774.00000000000011 28.250000000000004 2.5000000000000004 105.79500000000002 13.15 442.50000000000006 357.50000000000006 0.33222858587828868 354.50000000000006 37.850000000000001 0.90255091666790854 340.50000000000006 3.4500000000000006 274.50000000000006 302.50000000000006 462.97000000000008 177.50000000000003 25.450000000000003 37.650000000000013 50.500000000000007 20.050000000000004 35.850000000000001 0.96633974041180493
decision_type=2 10 2 2 8 2 2 10 2 10 8 2 10 10 2 2 2 2 10 2 8 10 10 2 2 2 10 2 2 2
left_child=-1 2 3 4 -2 -5 7 -6 9 -8 -11 14 13 19 15 23 17 -15 -19 24 -16 -22 29 -12 25 26 28 -28 -13 -23
right_child=1 -3 -4 5 6 -7 8 -9 -10 10 11 12 -14 16 20 -17 -18 18 -20 -21 21 22 -24 -25 -26 -27 27 -29 -30 -31
leaf_value=-0.48959997556921958 0.035100631742270703 2.323843960330874 -0.40231873950455704 -0.17106466752466515 -0.011717653720656642 0.020065180473873453 -0.30709136068666137 -0.32796584394728751 0.12833699079043084 0.21291917464811944 0.18465475867050088 0.002629995167008303 -0.12789054702094177 -0.052731139172310572 -0.18443301079617469 0.72716255901278937 0.32272799777475825 -0.016112222880207128 0.6597985435312318 0.28422056504209026 0.24018091027512184 -0.018937896710927191 0.72844900445131033 0.013532646752683489 -0.25527709996481956 0.048645650218804799 -0.21246342365468052 -0.0091931594742526105 -0.12716918891720155 0.12316793318310203
leaf_weight=30 168 21 24 80 48 32 20 26 36 30 23 116 36 35 27 24 25 25 27 21 34 126 21 93 62 38 44 30 21 43
leaf_count=30 168 21 24 80 48 32 20 26 36 30 23 116 36 35 27 24 25 25 27 21 34 126 21 93 62 38 44 30 21 43
internal_value=-0.000259553 0.000176861 -0.000157186 0.000114329 0.000725 -0.00637168 -0.000319767 -0.0088 0.000344468 -9.76139e-05 0.000299335 -0.000172018 -0.00261954 -0.00148315 0.00283163 0.00851064 0.00584071 0.00170455 0.0090566 -0.00396396 -0.000357143 0.00133333 -0.000942408 0.00512821 -0.00509615 -0.003 -0.00523585 -0.0136 -0.000652174 -0.003
internal_weight=1386 1356 1335 1311 1199 112 1031 74 957 921 901 871 480 444 391 140 112 87 52 332 251 224 190 116 311 249 211 74 137 169
internal_count=1386 1356 1335 1311 1199 112 1031 74 957 921 901 871 480 444 391 140 112 87 52 332 251 224 190 116 311 249 211 74 137 169
is_linear=0
shrinkage=0.03


Tree=134
num_leaves=31
num_cat=0
split_feature=0 26 10 20 20 16 24 6 8 25 18 12 10 24 19 27 7 24 9 9 18 5 0 19 18 10 23 14 9 20
split_gain=13.9263 6.93599 8.7881 6.78614 5.89715 5.32882 4.94378 9.24552 5.41438 6.25992 5.01612 4.87159 6.36302 6.97205 7.7037 4.67091 4.77679 8.03973 11.185 7.02569 6.09622 5.0111 5.73113 4.47084 5.59577 4.1047 5.01289 3.98941 5.79226 3.83921
threshold=61.000000000000007 32.050000000000004 503.14000000000004 6.2500000000000009 29.450000000000003 160.50000000000003 -0.83385407025023273 236.50000000000003 375.28571428571439 26.750000000000004 11.050000000000002 7.5000000000000009 84.375000000000014 -0.078456108245891901 0.90255091666790854 1.8500000000000003 350.16666666666669 -0.608738249238853 181.70500000000001 212.76500000000001 9.0500000000000025 379.50000000000006 188.50000000000003 0.77159520228797451 15.750000000000002 385.35500000000008 10.050000000000002 704.00000000000011 125.40000000000002 11.65
decision_type=2 2 8 2 2 10 2 10 10 2 2 10 10 2 2 2 10 2 2 2 2 10 2 2 2 10 2 10 2 2
left_child=-1 2 3 -2 6 11 7 10 9 27 -3 12 -5 -14 -15 16 17 -7 21 -18 -21 22 -19 24 -11 -22 -27 28 -8 -13
right_child=1 4 -4 5 -6 15 8 -9 -10 23 -12 29 13 14 -16 -17 19 18 -20 20 25 -23 -24 -25 -26 26 -28 -29 -30 -31
leaf_value=-0.5024210260879457 0.3093536585927717 0.25856143355365302 0.91711233345977516 0.019681664112460806 -0.36041640427131227 0.35731220954798459 0.0027549860762900377 -0.14033812722204714 0.66730587346414461 0.057587249136798274 0.0019576280113096801 0.2064712887330529 -0.20298160688746336 0.19442619532023456 -0.1641204393943837 -0.40928122837900777 -0.093949215517841647 0.107602823803213 0.19052734733567944 -0.35202521510602197 -0.10941899000705575 0.02007657773097378 -0.089977479683730044 0.15718853236169592 -0.0056764874991981169 0.54313109184589248 -0.01160922572668511 -0.028053194890259193 0.22040113284178744 0.0080659449742846324
leaf_weight=34 32 21 33 50 26 32 271 68 26 31 51 32 38 26 24 34 94 22 25 22 23 29 113 38 30 26 34 24 43 48
leaf_count=34 32 21 33 50 26 32 271 68 26 31 51 32 38 26 24 34 94 22 25 22 23 29 113 38 30 26 34 24 43 48
internal_value=-0.000171306 0.000307242 -0.00166667 -0.00238298 0.00261905 -0.0030312 0.00322848 -0.00170213 0.00471983 0.00390411 0.00575342 0.000821918 -0.00258993 -0.00741573 0 -0.00487912 -0.0039905 -0.000945946 -0.00331579 -0.00735 -0.00198113 -0.00618182 -0.00860294 0.0105 0.00532258 0.00178571 0.00590164 0.0019469 0.00285714 0.00666667
internal_weight=1400 1366 737 704 629 672 603 140 463 437 72 218 138 88 50 454 420 221 189 199 105 164 135 99 61 83 60 338 314 80
internal_count=1400 1366 737 704 629 672 603 140 463 437 72 218 138 88 50 454 420 221 189 199 105 164 135 99 61 83 60 338 314 80
is_linear=0
shrinkage=0.03


Tree=135
num_leaves=31
num_cat=0
split_feature=10 26 10 21 26 18 23 28 23 26 4 20 10 7 17 4 6 5 4 9 9 2 24 14 23 11 1 13 14 9
split_gain=13.5537 7.6725 12.1636 9.29017 12.8783 7.75799 10.6489 9.05288 7.69201 7.10749 9.16706 6.96268 6.90559 8.21823 6.79065 8.68985 6.70237 6.57212 6.51138 6.03326 5.76074 5.72457 5.50998 6.31389 5.28842 7.33381 5.53172 6.29674 5.24671 5.21619
threshold=1.0000000180025095e-35 22.150000000000002 503.14000000000004 24.950000000000003 31.050000000000004 15.850000000000003 14.750000000000002 -0.99866806308218525 24.050000000000004 21.450000000000003 417.50000000000006 19.250000000000004 342.56 321.83333333333343 22.954999999999945 312.50000000000006 301.50000000000006 145.00000000000003 328.50000000000006 177.93000000000004 28.035000000000004 375.50000000000006 0.9681107762825325 19.500000000000004 10.050000000000002 42.500000000000007 111.50000000000001 9.5000000000000018 131.00000000000003 48.015000000000008
decision_type=10 2 10 2 2 2 2 2 2 2 8 2 10 10 10 10 10 10 10 2 2 10 2 10 2 2 10 10 10 2
left_child=20 9 3 18 24 7 -7 -6 12 10 22 -9 13 14 -8 16 17 -16 -3 -20 -1 -21 23 -2 -5 26 -26 -28 -19 -13
right_child=1 2 -4 4 5 6 8 11 -10 -11 -12 29 -14 -15 15 -17 -18 28 19 21 -22 -23 -24 -25 25 -27 27 -29 -30 -31
leaf_value=-0.66297661844646627 0.054184041594106135 0.17793016244951701 1.6091880967909442 0.002261320888818261 -0.48394846579287559 -0.14300395967390606 0.26840197068201732 0.40041683877019807 -0.2032403217482539 -0.24115010148697477 -0.13158179403165632 0.087101048975379167 0.92537762828510095 -0.15724839557701556 -0.18936415916798571 0.10079768727401699 -0.33637017281870268 0.066402930861951578 -0.027769174380476897 -0.10572051583052797 -0.24387670538642781 0.50574357535103953 0.043079720529182734 -0.054462710731179413 -0.09617756987431135 -0.16129253324431345 0.026637145917957666 -0.077785581450306715 -0.12507936298045422 0.011175515580973822
leaf_weight=20 27 50 24 75 20 82 20 37 31 44 32 56 23 24 24 28 20 56 24 20 20 23 47 44 23 96 36 69 23 238
leaf_count=20 27 50 24 75 20 82 20 37 31 44 32 56 23 24 24 28 20 56 24 20 20 23 47 44 23 96 36 69 23 238
internal_value=-0.000574797 -4.55581e-05 0.000908281 0.000436761 -0.000519348 0.00175695 -0.00153614 0.00485795 0.00156 -0.00553846 -0.00238411 0.00605422 0.00356164 0.00168367 0.00401163 0.00177632 -0.00169355 0.00144231 0.00838983 0.00220588 -0.017561 0.00886364 0.00151261 -0.00375 -0.0057 -0.008 -0.00325581 -0.000283019 0.005625 0.00447458
internal_weight=1356 1316 1122 1098 981 682 331 351 249 194 150 331 218 195 171 151 123 103 117 67 40 43 118 71 299 224 128 105 79 294
internal_count=1356 1316 1122 1098 981 682 331 351 249 194 150 331 218 195 171 151 123 103 117 67 40 43 118 71 299 224 128 105 79 294
is_linear=0
shrinkage=0.03


Tree=136
num_leaves=31
num_cat=0
split_feature=0 10 26 20 14 5 10 10 7 20 0 23 23 26 20 16 18 12 19 26 28 20 4 0 0 11 18 10 4 5
split_gain=13.7087 8.60444 7.75201 8.01189 7.20686 6.88714 6.71673 6.80274 7.69925 6.392 6.26251 5.21852 5.18948 6.96985 5.51785 8.06484 4.75063 6.93022 5.53459 4.86821 5.41287 4.65129 4.58592 5.64997 6.62963 5.55672 4.74771 4.51536 4.42434 6.3136
threshold=55.165000000000006 522.61000000000013 32.050000000000004 29.450000000000003 59.500000000000007 332.50000000000006 292.72000000000008 264.01000000000005 260.33333333333343 25.850000000000005 310.50000000000006 13.15 10.350000000000003 22.850000000000005 25.650000000000002 21.500000000000004 9.8500000000000032 1.5000000000000002 -0.6755644832106783 39.350000000000001 0.9962888416657264 27.050000000000004 445.00000000000006 230.50000000000003 188.50000000000003 52.500000000000007 11.750000000000002 116.75500000000001 247.50000000000003 367.50000000000006
decision_type=2 10 2 2 10 10 10 10 10 2 2 2 2 2 2 10 2 10 2 2 2 2 10 2 2 2 2 8 10 10
left_child=-1 2 4 6 12 -6 7 10 -9 28 16 -7 13 -2 15 -14 -4 18 -18 20 27 -21 23 24 -17 -25 -27 -19 -8 -30
right_child=1 -3 3 -5 5 11 9 8 -10 -11 -12 -13 14 -15 -16 22 17 19 -20 21 -22 -23 -24 25 -26 26 -28 -29 29 -31
leaf_value=-0.55739108721397668 -0.0041053059243267853 2.1072057965377233 0.12450660493822936 -0.36674154335740977 -0.098954254880623579 0.0072972262601405189 0.36366998209684337 -0.33616380813406949 0.0013848611167151148 -0.013315041297533411 -0.027546864510980526 -0.03330965304567883 0.17693595363004716 0.091089032556271834 -0.20541152826319858 0.00089041610562134109 -0.0029232926445422434 0.036613966799634454 0.14819920896379252 0.00078535278421213654 0.064410842936092935 0.37439971333013489 -0.14716082261658128 0.027552669827159662 -0.31735731258620548 0.039504548998943394 -0.11239888488017896 -0.048755901065024143 0.0057394558663091287 0.6292381798209089
leaf_weight=25 39 22 40 29 79 103 20 20 36 34 24 48 23 56 46 53 20 56 32 26 22 26 21 151 45 21 28 192 38 27
leaf_count=25 39 22 40 29 79 103 20 20 36 34 24 48 23 56 46 53 20 56 32 26 22 26 21 151 45 21 28 192 38 27
internal_value=-0.000342124 6.5312e-05 -0.000243363 0.00214619 -0.00239496 -0.00675325 0.00288274 0.00133333 -0.00842105 0.00925 0.00259681 -0.00296053 -0.000309917 0.0059375 -0.0018509 -0.000524781 0.00346988 0.0024 0.0124528 0.000743034 -0.000885609 0.0090566 -0.00178125 -0.000802676 -0.00666667 0.00208955 -0.0066 -0.00216867 0.0136047 0.00954545
internal_weight=1402 1377 1355 642 713 230 613 494 56 119 438 151 483 95 388 342 414 374 52 322 270 52 319 298 98 200 49 248 85 65
internal_count=1402 1377 1355 642 713 230 613 494 56 119 438 151 483 95 388 342 414 374 52 322 270 52 319 298 98 200 49 248 85 65
is_linear=0
shrinkage=0.03


Tree=137
num_leaves=31
num_cat=0
split_feature=0 16 10 9 18 26 13 11 16 7 10 24 25 20 22 13 18 26 13 13 21 12 20 8 6 19 4 9 20 18
split_gain=16.5227 6.87287 8.21695 10.1574 7.66212 9.55861 9.26913 8.60681 7.2434 7.03444 8.0168 7.7452 6.72559 8.66113 6.52624 8.41644 6.39087 6.16167 5.01509 6.7234 4.84605 4.74578 6.9034 7.54767 5.86133 6.8997 5.21723 4.80376 4.60477 4.5288
threshold=85.200000000000017 159.50000000000003 100.63000000000001 54.750000000000007 12.250000000000002 38.850000000000001 90.500000000000014 40.500000000000007 325.00000000000006 301.16666666666669 484.40500000000003 0.95368063612909459 25.450000000000003 26.250000000000004 6.1000000000000005 1.5000000000000002 15.550000000000002 28.150000000000002 46.500000000000007 25.500000000000004 42.20000000000001 14.500000000000002 24.350000000000005 353.78571428571433 314.50000000000006 0.92384435400961407 390.50000000000006 147.56500000000003 27.550000000000004 18.150000000000002
decision_type=2 8 8 2 2 2 10 2 10 10 10 2 2 2 2 10 2 2 10 10 2 10 2 10 8 2 10 2 2 2
left_child=16 14 -3 -4 6 21 7 8 -5 -8 11 17 -7 -14 28 -16 -1 -11 19 -9 -15 -6 23 24 29 -26 -25 -28 -2 -23
right_child=1 2 3 4 5 12 9 18 -10 10 -12 -13 13 20 15 -17 -18 -19 -20 -21 -22 22 -24 26 25 -27 27 -29 -30 -31
leaf_value=-0.026069916234059035 0.021483748879942935 0.16719247999966164 -0.32923586322123866 -0.0165949232441082 -0.25715186002580054 0.35563605579703961 0.67710599904127033 -0.12196936033730935 0.38227876225303814 -0.065855920165769244 1.2846768735146721 0.31271838725202511 -0.1432500724051792 0.062418360679543525 0.050332897036961269 -0.20886375691442871 -0.44362780270242919 0.18303954718235388 -0.39678875390941043 0.19095177003694289 -0.080112021847389192 -0.055936122391590001 -0.32278684348751824 -0.16493229689888891 0.18122980053484467 -0.0025486566378209829 0.62700415245553076 -0.036566048919730462 -0.37096352786959558 0.010193571575584173
leaf_weight=20 315 20 32 58 42 30 25 27 26 29 22 40 35 57 40 46 35 40 40 39 23 79 52 31 36 44 21 46 20 38
leaf_count=20 315 20 32 58 42 30 25 27 26 29 22 40 35 57 40 46 35 40 40 39 23 79 52 31 36 44 21 46 20 38
internal_value=-0.000638751 2.21566e-05 -0.00141479 -0.00184009 -0.00122588 -0.00347664 0.00224784 -0.00219895 0.00494118 0.00764331 0.00477273 0.00136364 0.00308219 -0.000258621 0.00319905 -0.00413793 -0.0166071 -0.00471429 -0.00785047 -0.00268657 0.00518519 -0.00592308 -0.00474138 -0.00293919 0.000454545 0.00666667 -0.00969697 -0.00485294 0.00508929 -0.00381356
internal_weight=1408 1353 932 912 880 534 346 190 84 156 131 109 145 115 421 86 55 69 106 66 80 389 347 295 197 80 98 67 335 117
internal_count=1408 1353 932 912 880 534 346 190 84 156 131 109 145 115 421 86 55 69 106 66 80 389 347 295 197 80 98 67 335 117
is_linear=0
shrinkage=0.03


Tree=138
num_leaves=31
num_cat=0
split_feature=0 26 24 20 26 9 10 25 24 10 18 18 20 16 6 29 2 25 24 20 25 25 21 20 3 8 13 9 26 0
split_gain=11.6527 6.77622 8.00755 6.4989 9.23367 11.5954 8.65858 8.25786 7.49975 6.82783 7.0242 5.88228 5.73172 6.23259 6.59089 5.25987 5.23633 7.84682 6.57902 6.3542 6.1505 5.60306 9.06293 6.12507 6.26824 7.9141 5.45035 5.37341 5.23353 9.91538
threshold=61.000000000000007 32.050000000000004 -0.87032255546191706 10.65 22.350000000000005 130.66000000000003 283.03500000000003 9.8500000000000032 0.92384435400961407 515.56500000000017 13.550000000000002 12.65 12.550000000000002 159.50000000000003 236.50000000000003 -0.12545862287572049 328.50000000000006 26.350000000000005 0.67556448321067852 22.550000000000004 24.750000000000004 26.250000000000004 40.050000000000004 22.350000000000005 121.50000000000001 241.85714285714289 83.500000000000014 145.28000000000003 29.550000000000004 365.50000000000006
decision_type=2 2 2 2 2 2 10 2 2 8 2 2 2 10 10 2 10 2 2 2 2 2 2 2 10 10 10 2 2 2
left_child=-1 3 -3 4 5 -2 -7 -5 -8 10 11 28 -12 15 -15 -14 18 27 19 -4 -21 23 -23 26 -25 -26 -20 -18 29 -9
right_child=1 2 16 7 -6 6 8 9 -10 -11 12 -13 13 14 -16 -17 17 -19 21 20 -22 22 -24 24 25 -27 -28 -29 -30 -31
leaf_value=-0.48062231117025028 -0.20035804939601973 -0.11350356901428085 0.2851242673438642 -0.13646578933042292 0.24372614500904971 0.14229613891024315 -0.10397126892940775 0.062938673490850194 0.04423208280773281 0.82291377043356928 0.039663132833377968 -0.1920184540775729 -0.0010964433642265447 -0.43031896862135649 -0.026619728762121892 0.11358614236817573 0.37620437172477095 -0.098346433701135536 -0.0086691382205901849 -0.17311885742549918 0.0348796039233207 0.12898061240674877 -0.029730209285132786 0.021008416599576519 -0.2070073492905587 -0.019937554512975453 0.14617320574723408 0.18791939245402006 -0.063313820574179253 -0.058874570409878396
leaf_weight=31 30 121 24 22 60 47 47 69 35 20 36 26 60 31 76 31 52 20 57 21 119 38 31 27 37 49 25 22 75 73
leaf_count=31 30 121 24 22 60 47 47 69 35 20 36 26 60 31 76 31 52 20 57 21 119 38 31 27 37 49 25 22 75 73
internal_value=8.49257e-05 0.000499276 0.00274845 -0.00146143 0.00286364 -0.0009375 0.003 -0.00328846 -0.00289157 -0.00246988 -0.00320084 -0.0067623 0.000510638 -0.00150754 -0.00638889 0.00423913 0.00435946 0.0107368 0.00293706 0.00763636 0.00510638 0 0.00728571 -0.00260204 -0.00710526 -0.0110345 0.00361446 0.0152 -0.00509174 -0.00167832
internal_weight=1412 1381 643 738 219 159 129 519 82 497 477 243 234 198 107 91 522 94 428 164 140 264 69 195 113 86 82 74 217 142
internal_count=1412 1381 643 738 219 159 129 519 82 497 477 243 234 198 107 91 522 94 428 164 140 264 69 195 113 86 82 74 217 142
is_linear=0
shrinkage=0.03


Tree=139
num_leaves=31
num_cat=0
split_feature=0 8 8 16 11 15 14 23 5 4 23 23 17 4 4 23 5 4 3 19 18 26 25 22 19 6 20 23 3 17
split_gain=10.9082 6.94768 10.9246 6.40238 6.37956 4.25342 4.97259 4.15266 9.52807 8.75403 7.54751 6.61996 6.55391 7.30674 7.20333 6.53594 6.07089 7.40488 5.83986 7.89329 6.78354 7.48701 7.07437 6.54866 5.15464 5.33552 6.951 8.51418 4.93653 4.84785
threshold=61.000000000000007 447.64285714285717 404.9285714285715 11201.500000000002 1794.0000000000002 2663.5000000000005 925.50000000000011 13.350000000000003 383.50000000000006 397.50000000000006 13.750000000000002 8.2500000000000018 6.4500000000017366 329.50000000000006 317.50000000000006 20.650000000000002 90.500000000000014 118.50000000000001 131.50000000000003 -0.93038214053199442 18.550000000000004 36.250000000000007 22.050000000000004 1.4500000000000002 0.008726203218641598 345.50000000000006 10.65 9.9500000000000011 362.50000000000006 11164.430000000006
decision_type=2 8 10 8 2 8 10 2 10 10 2 2 10 10 10 2 10 10 10 2 2 2 2 2 2 10 2 2 10 10
left_child=-1 2 4 -3 5 7 -7 8 11 10 -9 -2 -12 14 16 28 -14 -18 23 -20 21 22 24 -13 -21 26 -26 -28 -15 -19
right_child=1 3 -4 -5 -6 6 -8 9 -10 -11 12 18 13 15 -16 -17 17 29 19 20 -22 -23 -24 -25 25 -27 27 -29 -30 -31
leaf_value=-0.50195931911673419 -0.14720773304309545 0.26883185583768038 -0.071243299740563648 1.0418547975882899 -0.11510362651285704 0.31398867505559508 0.076301681396601567 -0.19944520178403294 0.54153682454984731 -0.21091968544075826 0.20005691484403143 0.091044527908937162 -0.23066842688217348 0.17073188428364289 -0.2583127791538874 -0.035454816562241261 0.033939471743757325 0.00033962492949370923 0.11762589776453751 0.45041322921721827 -0.20710585865606959 0.30748497191532337 -0.17629794305293672 0.0046452628833627326 0.24924096606656859 -0.11009152675511671 0.15261952225157016 -0.097765004831888963 0.00076463123056626616 -0.037201001198586707
leaf_weight=27 23 32 73 25 36 21 37 31 50 31 23 29 27 49 27 25 34 372 35 24 20 26 58 34 45 48 20 60 30 23
leaf_count=27 23 32 73 25 36 21 37 31 50 31 23 29 27 49 27 25 34 372 35 24 20 26 58 34 45 48 20 60 30 23
internal_value=0.00032235 0.000701242 0.000251524 0.0108621 0.000920097 0.00129676 0.00915254 0.00089083 0.0030444 -0.000624071 0.000140187 0.00156028 0.000883797 0.000255102 -0.00130165 0.00742857 -0.000393873 0.000488372 0.002475 0.000890208 -0.000695364 0.000531915 -0.00105469 0.0107812 0.00166667 -0.000172414 0.00309524 -0.00222222 0.011625 -0.000681818
internal_weight=1395 1368 1311 57 1238 1202 58 1144 472 672 641 422 610 587 483 104 456 429 399 336 301 281 255 63 197 173 125 80 79 395
internal_count=1395 1368 1311 57 1238 1202 58 1144 472 672 641 422 610 587 483 104 456 429 399 336 301 281 255 63 197 173 125 80 79 395
is_linear=0
shrinkage=0.03


Tree=140
num_leaves=31
num_cat=0
split_feature=0 23 8 25 16 11 16 16 2 8 5 1 7 22 11 15 23 23 0 1 26 3 26 16 6 6 21 21 26 20
split_gain=15.7416 5.73471 7.04173 5.99737 6.30418 4.99649 7.39732 5.99928 4.59413 5.03003 5.93346 5.06393 10.1894 5.59895 5.94643 6.34188 5.32321 7.77239 10.3127 10.058 6.54817 6.21307 5.10638 11.0655 4.54446 5.11502 4.41368 7.94473 6.31463 10.9073
threshold=61.000000000000007 13.350000000000003 342.21428571428578 26.350000000000005 32.500000000000007 1073.5000000000002 528.50000000000011 223.50000000000003 88.500000000000014 108.78571428571429 119.50000000000001 305.50000000000006 279.83333333333343 1.0000000180025095e-35 234.00000000000003 82.500000000000014 13.750000000000002 16.850000000000005 206.50000000000003 173.50000000000003 39.150000000000013 177.50000000000003 38.45000000000001 152.50000000000003 202.50000000000003 279.50000000000006 34.050000000000004 36.850000000000001 32.050000000000004 24.350000000000005
decision_type=2 2 10 2 10 2 10 10 10 10 10 10 10 2 2 10 2 2 2 10 2 10 2 10 10 10 2 2 2 2
left_child=-1 3 8 26 -5 6 7 -4 -3 -10 -11 12 16 14 15 -13 -12 20 19 21 24 -19 23 -20 -18 -26 28 -28 -2 -30
right_child=1 2 5 4 -6 -7 -8 -9 9 10 11 13 -14 -15 -16 -17 17 18 22 -21 -22 -23 -24 -25 25 -27 27 -29 29 -31
leaf_value=-0.4771541904619524 0.00352020486104891 -0.1901894106370296 -0.074655642496213093 -0.013456432645964824 0.1390414693942901 0.38175485190586184 -0.12944513018142231 0.0054475723261975867 0.019359979949276462 -0.1105120607444583 -0.47502042139954764 -0.0028522695912442941 0.1311713416855389 0.01944028215100559 0.12639260106335598 -0.34764766947560244 0.033823027057736398 -0.1316263197183494 0.084170526690448916 -0.32144086946104139 -0.011358184388224116 0.036225031268139106 0.18622514508307461 -0.35650195274520369 0.3406146521234899 0.044215947460775167 -0.16763094930616063 0.44496379561913357 0.25478365982708451 -0.017519180029328254
leaf_weight=30 425 22 36 20 26 32 49 47 31 34 25 21 57 32 21 34 41 31 23 46 29 21 29 41 25 27 36 20 53 41
leaf_count=30 425 22 36 20 26 32 49 47 31 34 25 21 57 32 21 34 41 31 23 46 29 21 29 41 25 27 36 20 53 41
internal_value=-0.00014936 0.000327035 -0.00143046 0.00245981 0.012766 -0.00690909 -0.00947368 -0.00392857 0.000101523 0.000632689 -5.57621e-05 0.00077381 0.00234848 -0.00495413 -0.00935065 -0.0144643 0.000353982 0.00143312 -0.00234375 -0.00909091 0.00731707 0 0.00478723 0 0.0111702 0.0169811 0.00161458 -0.00631579 0.00248077 0.00947368
internal_weight=1405 1375 754 621 46 164 132 83 590 568 537 503 395 108 76 55 338 313 191 98 122 52 93 64 93 52 575 56 519 94
internal_count=1405 1375 754 621 46 164 132 83 590 568 537 503 395 108 76 55 338 313 191 98 122 52 93 64 93 52 575 56 519 94
is_linear=0
shrinkage=0.03


Tree=141
num_leaves=31
num_cat=0
split_feature=0 22 7 22 23 3 20 12 14 0 23 16 11 3 24 9 24 7 10 28 10 7 26 21 21 21 7 1 14 14
split_gain=14.7278 7.52378 7.19583 6.9738 6.02565 7.24514 7.22929 7.36542 6.1589 5.53622 4.52891 4.50491 10.0503 5.20807 4.4917 13.0123 10.1222 7.1341 8.52907 6.87853 8.11098 7.1425 7.10495 7.7002 10.1273 6.51343 6.25 6.49038 6.1671 10.0276
threshold=61.000000000000007 6.1000000000000005 106.83333333333336 2.0500000000000003 8.9500000000000011 437.50000000000006 10.550000000000002 341.50000000000006 1671.0000000000002 110.50000000000001 8.2500000000000018 5369.5000000000009 1794.0000000000002 327.50000000000006 0.99140711019144623 83.38000000000001 0.98321746822993605 323.50000000000006 317.74500000000006 -0.76141707087277943 262.92000000000002 287.83333333333343 29.150000000000002 30.750000000000004 32.850000000000001 36.45000000000001 248.50000000000003 284.50000000000006 17.500000000000004 4.5000000000000009
decision_type=2 2 8 2 2 8 2 10 10 2 2 8 2 10 2 2 2 10 10 2 8 10 2 2 2 2 10 10 10 10
left_child=-1 2 3 -2 10 8 -7 -8 9 -6 -4 14 13 -13 16 -16 17 18 19 28 21 22 -21 -24 -25 -26 -22 -28 29 -11
right_child=1 -3 4 -5 5 6 7 -9 -10 11 -12 12 -14 -15 15 -17 -18 -19 -20 20 26 -23 23 24 25 -27 27 -29 -30 -31
leaf_value=-0.36983881595146767 0.0031399918489178444 -0.16066539412392472 -0.001983700654662357 0.18055774936121152 -0.39924791625648809 0.061048667091634451 -0.15271148564615031 -0.022296728114858694 -0.053760830648027419 -0.57999073949583047 0.21847545969052432 0.0012725341224252417 -0.3233523530128451 0.58059157116107196 -0.063679336203667988 0.16275233819801485 -0.23123983807217199 -0.040703846509615858 0.062335306483283261 -0.09086215730637405 -0.29936881364068879 0.15598334364680738 0.20791420265751043 -0.28542391472395268 0.1221723971965929 0.0023308049795161879 0.17295344133446947 -0.023448587350697492 -0.23726409751978336 0.22703063916821917
leaf_weight=33 37 104 33 22 23 26 33 32 37 23 48 26 21 29 30 97 41 186 41 54 23 44 20 26 61 81 25 23 51 20
leaf_count=33 37 104 33 22 23 26 33 32 37 23 48 26 21 29 30 97 41 186 41 54 23 44 20 26 61 81 25 23 51 20
internal_value=-0.000799408 -0.000295903 0.000370675 0.0105 -0.000155844 -0.00075419 -0.00880435 -0.0140909 0 0.000475687 0.00768293 0.00084507 0.00779221 0.0144643 0.000212515 0.00539062 -0.000708333 0.00017673 0.00206897 0.000862832 0.00276536 0.00501742 0.00296296 0.00571429 0.0035503 0.00671329 -0.00625 0 -0.00631579 0.00204545
internal_weight=1350 1317 1213 59 1154 1073 91 65 982 945 81 922 76 55 846 127 719 678 492 451 357 286 242 188 168 142 71 48 94 43
internal_count=1350 1317 1213 59 1154 1073 91 65 982 945 81 922 76 55 846 127 719 678 492 451 357 286 242 188 168 142 71 48 94 43
is_linear=0
shrinkage=0.03


Tree=142
num_leaves=31
num_cat=0
split_feature=1 10 18 21 26 21 27 3 9 26 29 8 18 3 8 26 20 13 26 29 16 12 28 8 17 16 23 22 15 20
split_gain=13.1494 6.52323 7.00804 8.90572 7.82643 10.2592 7.25041 8.67129 8.05014 7.04709 11.3284 7.74336 6.4488 6.17613 9.77296 6.05226 9.42907 8.18644 7.92261 6.35202 8.52144 6.32665 11.2713 6.22602 7.03977 5.99727 6.19908 5.98385 5.98228 6.58534
threshold=49.335000000000008 120.13000000000001 11.750000000000002 18.550000000000004 28.550000000000004 25.250000000000004 1.7500000000000002 443.50000000000006 95.65000000000002 29.550000000000004 0.33222858587828868 237.00000000000003 10.250000000000002 286.50000000000006 327.00000000000006 22.550000000000004 11.750000000000002 1.5000000000000002 37.650000000000013 -0.6652727025667432 68.500000000000014 28.500000000000004 0.87397152483179585 362.9285714285715 453.16500000000173 254.50000000000003 17.950000000000003 12.450000000000001 2663.5000000000005 19.650000000000002
decision_type=10 8 2 2 2 2 2 10 2 2 2 10 2 8 10 2 2 10 2 2 10 10 2 10 10 10 2 2 10 2
left_child=-1 27 4 -4 5 13 7 15 -8 -6 11 12 -11 -3 -15 23 -17 -18 19 -19 -21 22 -22 24 -5 -23 28 -2 29 -27
right_child=1 2 3 6 9 -7 8 -9 -10 10 -12 -13 -14 14 -16 16 17 18 -20 20 21 25 -24 -25 -26 26 -28 -29 -30 -31
leaf_value=-0.50247328141547221 0.03247922590247114 0.23312936377891333 0.21436044192952464 -0.27662731569860882 0.90586990513688193 -0.084528583855279171 -0.65475893915235706 -0.08033064723155689 0.0063024249843471125 0.079967183782702442 -0.13459429758779265 0.4300702963157903 -0.064583806493490381 -0.20698555945034341 0.044831844359017624 0.20244549956528032 0.18068871215915322 -0.37915276312230017 0.0064536109129656434 0.44740202142663549 0.011968261375751722 0.078385796771430732 -0.2704231527341564 -0.13656673324404636 0.0093133223862849942 -0.22022886391026361 0.059261456660088072 -0.077512689262375006 0.2398126153397456 -0.013463489641956129
leaf_weight=21 162 24 25 26 25 64 61 49 30 38 21 55 27 21 105 39 23 39 182 21 27 36 64 20 21 42 28 41 28 29
leaf_count=21 162 24 25 26 25 64 61 49 30 38 21 55 27 21 105 39 23 39 182 21 27 36 64 20 21 42 28 41 28 29
internal_value=-0.000172043 0.000196507 -0.000666097 -0.0022756 0.00267717 -0.00111628 -0.00285901 -0.00177778 -0.0107609 0.00754491 0.00485915 0.00842975 0.00136364 0.00317881 0.000472441 -0.000814696 0.000214669 -0.000865385 -0.00169014 -0.00457143 -0.00293478 -0.00447059 -0.0107609 -0.00926471 -0.003125 -0.000914634 -0.00398438 0.00514706 -0.0075 -0.0120833
internal_weight=1394 1373 1170 790 380 214 765 674 91 166 141 120 65 150 126 625 558 519 496 314 275 254 91 67 47 163 127 203 99 71
internal_count=1394 1373 1170 790 380 214 765 674 91 166 141 120 65 150 126 625 558 519 496 314 275 254 91 67 47 163 127 203 99 71
is_linear=0
shrinkage=0.03


Tree=143
num_leaves=31
num_cat=0
split_feature=0 10 16 21 8 4 0 1 24 7 26 26 10 0 17 7 18 29 17 19 4 20 23 25 17 21 16 14 10 26
split_gain=9.55524 6.28507 5.93909 5.76178 10.8483 9.73686 5.29165 6.45829 9.14878 6.10768 5.21645 10.0187 8.61975 11.5969 6.36034 4.93512 7.18155 4.702 4.66136 5.02907 6.90094 8.53869 8.36297 5.16914 5.54105 6.50927 5.85292 6.06824 5.51032 12.8285
threshold=55.165000000000006 522.61000000000013 798.50000000000011 29.250000000000004 377.4285714285715 371.50000000000006 262.50000000000006 314.50000000000006 0.9482875459472353 234.16666666666671 36.350000000000001 35.350000000000001 150.28500000000003 206.50000000000003 366.36000000000234 373.50000000000006 12.15 -0.71502926860092908 3.2850000000008692 -0.80382625221112003 297.50000000000006 13.65 17.550000000000004 25.850000000000005 9.1550000000019214 18.350000000000005 517.50000000000011 65.500000000000014 228.95500000000001 20.650000000000002
decision_type=2 10 10 2 10 10 2 10 2 10 2 2 10 2 10 10 2 2 8 2 10 2 2 2 10 2 8 10 8 2
left_child=-1 2 10 15 5 6 9 -8 -9 17 11 18 -12 -14 -15 16 -4 -5 -2 20 22 -22 -20 24 -21 -26 27 28 -27 -30
right_child=1 -3 3 4 -6 -7 7 8 -10 -11 12 -13 13 14 -16 -17 -18 -19 19 23 21 -23 -24 -25 25 26 -28 -29 29 -31
leaf_value=-0.39275871710335919 0.039420347670336038 1.835990300657188 0.17600401219299727 -0.11181998569001195 0.59504747447468043 -0.31384539074984785 0.05684512938592462 -0.10748706403650117 0.22931742743492803 -0.39784615680385627 0.076711496594307954 -0.1204375143833873 -0.20323209387558122 0.1491347571695934 0.011372932319568747 -0.14023809709171872 -0.03324137682924061 0.164291392466028 -0.076533746588252072 -0.56099020488939288 -0.023364929429836249 0.41891272504945504 -0.37303510678451829 0.036368739290449807 0.25803917724601205 -0.0093477767151316019 0.31807012503643478 -0.12021658756604267 -0.047550790158655327 0.14281399641187648
leaf_weight=20 31 25 20 27 33 23 51 38 23 24 25 34 34 30 86 57 27 25 92 20 27 20 30 63 29 231 27 44 54 138
leaf_count=20 31 25 20 27 33 23 51 38 23 24 25 34 34 30 86 57 27 25 92 20 27 20 30 63 29 231 27 44 54 138
internal_value=8.51668e-05 0.000388769 0.000109971 -0.00326648 -0.000734694 -0.00325472 -0.000952381 0.00318584 -0.0033871 -0.00701299 0.00126969 0.000285375 0.00596591 0.00317881 0.00769231 -0.00914286 -0.001875 -0.00113208 0.000966543 0.000502577 -0.00405882 0.005625 -0.00780488 0.00177924 0.000827206 0.0014313 0.000606061 -0.000192308 0.000919811 0.00466321
internal_weight=1408 1388 1363 348 244 211 188 112 61 76 1015 840 175 150 116 104 47 52 806 775 169 47 122 606 543 523 494 467 423 192
internal_count=1408 1388 1363 348 244 211 188 112 61 76 1015 840 175 150 116 104 47 52 806 775 169 47 122 606 543 523 494 467 423 192
is_linear=0
shrinkage=0.03


Tree=144
num_leaves=31
num_cat=0
split_feature=0 26 10 20 10 1 21 26 17 19 20 8 9 17 3 25 21 9 20 25 23 12 13 12 5 10 23 20 12 11
split_gain=11.5491 7.82611 7.50155 7.12657 6.70658 9.05411 6.76445 7.11866 8.51359 10.2926 6.9851 6.37359 6.83666 9.342 6.11201 6.82269 5.39697 9.98855 9.08978 7.29037 6.61856 5.91953 5.80635 10.2208 6.26188 7.24026 6.03698 5.57681 7.80712 4.81321
threshold=61.000000000000007 32.050000000000004 62.435000000000009 6.0500000000000007 503.14000000000004 463.50000000000006 25.250000000000004 22.350000000000005 485.62000000000359 0.96359376111369366 26.150000000000002 378.4285714285715 112.69000000000001 721.52500000000305 313.50000000000006 8.4500000000000011 33.350000000000001 53.025000000000006 24.250000000000004 25.450000000000003 16.150000000000002 1.5000000000000002 445.50000000000006 234.00000000000003 131.50000000000003 163.75000000000003 12.050000000000002 26.150000000000002 933.50000000000011 9.5000000000000018
decision_type=2 2 8 2 10 10 2 2 10 2 2 10 2 10 10 2 2 2 2 2 2 10 10 10 10 8 2 2 10 2
left_child=-1 2 -2 -4 5 6 7 11 -9 -10 -8 12 -5 14 -14 -16 18 20 -3 -20 -18 -21 23 24 -19 -26 -27 28 -24 -28
right_child=1 16 3 4 -6 -7 10 8 9 -11 -12 -13 13 -15 15 -17 17 22 19 21 -22 -23 27 -25 25 26 29 -29 -30 -31
leaf_value=-0.32731812178525205 0.044272837460719354 0.21066249347896929 0.2578518606070071 -0.21721520443340919 1.1941431157999742 -0.40539021252127327 -0.048056842973217613 0.33084990808021331 -0.084579796793957482 0.29480390489401542 0.067536108199323333 -0.098550422013307173 0.50265595366762172 -0.20317102474811746 -0.055408055840887295 0.045144658079268818 0.00062344086036006277 -0.043931295505695966 -0.26379731464136641 0.11239141435945171 -0.42196230807483975 -0.0023534119269218931 -0.26579842867085746 0.27052585856783651 0.082916544752486915 -0.052831176297655415 0.61402750624710112 0.012957043404138488 0.014759406193323343 0.0026024824104271716
leaf_weight=31 29 63 23 29 22 33 292 48 38 31 24 38 25 23 36 34 21 35 22 31 28 38 25 39 45 24 23 28 27 173
leaf_count=31 29 63 23 29 22 33 292 48 38 31 24 38 25 23 36 34 21 35 22 31 28 38 25 39 45 24 23 28 27 173
internal_value=0 0.000422849 -0.00169421 -0.00232425 -0.00289318 -0.00345092 -0.00261712 0.000594059 0.00635593 -0.000428571 -0.00567823 -0.00306452 -0.000202703 0.00302521 0.0071875 0.00253521 0.00288925 0.00127932 0.00774194 0.00163043 -0.0114 0.00642857 0.00278571 0.0045 0.00259136 0.00417293 0.00190045 -0.00444444 -0.0101887 0.00365482
internal_weight=1378 1347 725 696 673 651 618 302 117 69 316 185 147 118 95 70 622 468 154 91 49 69 419 339 300 265 220 80 52 196
internal_count=1378 1347 725 696 673 651 618 302 117 69 316 185 147 118 95 70 622 468 154 91 49 69 419 339 300 265 220 80 52 196
is_linear=0
shrinkage=0.03


Tree=145
num_leaves=31
num_cat=0
split_feature=1 10 1 24 24 5 12 4 24 5 17 27 7 6 24 25 6 25 9 5 16 22 17 7 19 27 19 18 8 19
split_gain=12.355 6.69865 7.51084 7.39691 7.53593 6.71157 6.33161 10.8314 7.18054 5.86633 6.6807 7.24545 6.55574 6.51109 7.08555 7.93881 6.77534 7.16431 7.87648 10.7824 5.77527 5.06241 5.09034 6.10234 4.64847 4.84216 4.48088 4.46285 4.96606 4.21704
threshold=49.335000000000008 522.61000000000013 305.50000000000006 -0.97233289553061575 -0.98321746822993583 368.50000000000006 291.50000000000006 397.50000000000006 0.67556448321067852 383.50000000000006 6.4500000000017366 1.4500000000000002 106.83333333333336 88.500000000000014 0.87032255546191728 26.350000000000005 349.50000000000006 23.950000000000003 78.675000000000011 204.50000000000003 398.50000000000006 2.0500000000000003 570.38500000000238 213.83333333333334 0.72534675097891099 14.500000000000002 0.9482875459472353 10.550000000000002 395.14285714285717 0.73724926354828246
decision_type=10 10 10 2 2 8 10 10 2 10 10 2 10 10 2 2 10 2 2 10 8 2 10 10 2 2 2 2 10 2
left_child=-1 2 3 4 -2 -4 7 20 -8 10 -5 13 -13 -12 21 16 17 18 -16 -20 -7 22 29 -24 25 -14 -21 -9 -29 -15
right_child=1 -3 5 9 -6 6 8 27 -10 -11 11 12 24 14 15 -17 -18 -19 19 26 -22 -23 23 -25 -26 -27 -28 28 -30 -31
leaf_value=-0.45079677780634964 -0.015294114980196411 2.022457695025444 -0.030895178643511371 0.036724548919568174 -0.40403391704484271 0.37651205755157319 -0.057828521155525718 0.23871618513409429 0.57675326805464122 0.15595444237105993 -0.18802275211898964 0.014013292739002807 -0.46608034568996204 0.058509438838427741 0.13415477644592649 0.13746909376880467 -0.043133562967758221 -0.15258232635950264 -0.10375916264767682 0.18112911540970458 -0.024742423841998117 -0.030254643504354559 -0.18165563128151149 0.031769720162685644 0.0044004487634198598 0.0039193790488423015 -0.11825931083834235 -0.0057852330963891058 -0.22164110569811499 0.30984715191002321
leaf_weight=20 34 20 318 49 20 41 24 25 49 41 24 40 69 61 56 31 21 37 27 21 22 32 35 65 23 21 52 22 35 46
leaf_count=20 34 20 318 49 20 41 24 25 49 41 24 40 69 61 56 31 21 37 27 21 22 32 35 65 23 21 52 22 35 46
internal_value=-2.17077e-05 0.000330396 6.70641e-05 0.00189826 -0.00872727 -0.00268156 0.00136986 -0.00226027 0.00851351 0.00267287 0.00202532 0.00122356 -0.00448052 0.00294695 0.00371134 0.000121951 -0.00195349 -0.000154639 0.00267516 -0.00237624 0.00703125 0.007375 0.00908654 0.00415842 -0.00815789 -0.0112088 0.00364865 -0.00939759 -0.0139655 0.0136111
internal_weight=1381 1361 1341 805 54 536 218 145 73 751 710 661 153 508 484 245 214 193 156 100 63 239 207 100 113 90 73 82 57 107
internal_count=1381 1361 1341 805 54 536 218 145 73 751 710 661 153 508 484 245 214 193 156 100 63 239 207 100 113 90 73 82 57 107
is_linear=0
shrinkage=0.03


Tree=146
num_leaves=31
num_cat=0
split_feature=10 9 10 0 0 5 23 19 0 0 10 28 18 17 29 4 19 19 4 13 17 28 10 7 4 28 0 28 3 3
split_gain=11.2453 7.62045 5.36229 4.47466 7.60821 5.17632 4.89421 5.69641 8.57459 10.0366 9.31764 9.29219 8.26331 7.95578 7.35684 7.22542 6.04398 8.40113 6.00907 7.21296 6.78134 6.22621 5.72329 5.51012 8.96069 6.80082 8.02142 6.27788 5.47168 7.48797
threshold=1.0000000180025095e-35 31.085000000000004 536.59500000000014 439.50000000000006 454.50000000000006 411.50000000000006 10.250000000000002 -0.86159635224327535 167.50000000000003 217.50000000000003 186.05000000000004 0.7210268013660811 19.050000000000004 366.36000000000234 -0.79382744783423187 194.50000000000003 0.87032255546191728 0.79332313182700742 315.50000000000006 19.500000000000004 542.7900000000019 0.26037272046371446 301.00000000000006 315.16666666666669 199.50000000000003 0.878110924644389 411.50000000000006 0.82414472752956958 387.50000000000006 304.50000000000006
decision_type=10 2 10 2 2 10 2 2 2 2 10 2 2 10 2 10 2 2 10 10 10 2 10 10 10 2 2 2 10 10
left_child=1 -1 3 6 -5 -6 28 -8 12 10 11 -10 15 -12 -11 -9 17 18 19 -16 -21 -20 -19 24 -18 26 -25 -26 29 -2
right_child=2 -3 -4 4 5 -7 7 8 9 14 13 -13 -14 -15 16 -17 23 22 21 20 -22 -23 -24 25 27 -27 -28 -29 -30 -31
leaf_value=-0.45227287447215908 0.063895067496456334 -0.077948065986668313 2.0732629083300189 -0.37284862044835332 -0.2253628618132282 0.64230551152668791 -0.040267053943487098 0.061680920583981017 -0.32374256297025739 0.055547978444942886 0.14394324528627295 -0.040176233528129046 -0.055017385067986875 -0.023268419108796647 0.25110164459972695 -0.11600368476800199 -0.022059415992769685 0.079706874015803911 -0.046498098158705543 -0.77726638744032539 -0.032929395633846351 0.39910160888284563 0.45767511749485035 -0.080514060163095563 0.14953386077518813 0.31464929922938861 0.34637821864715018 -0.0046183989149864149 0.47116060115411301 -0.019118017284348525
leaf_weight=21 112 23 20 24 26 29 191 95 49 67 21 39 34 31 28 24 33 26 24 20 32 33 20 123 65 22 23 56 35 79
leaf_count=21 112 23 20 24 26 29 191 95 49 67 21 39 34 31 28 24 33 26 24 20 32 33 20 123 65 22 23 56 35 79
internal_value=-0.00124123 -0.016 -0.000759768 -0.000991189 -0.007875 -0.00160714 -0.000561185 -0.00141911 -0.000381062 -0.00176718 -0.00893617 -0.0148315 0.00603896 0.00113208 0 0.00975 -0.00124506 0.00309783 -0.000652174 -0.00592593 -0.0124528 0.00672414 0.0140426 -0.00371517 0.000387097 -0.00745562 -0.00979592 0.00418033 0.00343612 0.00140625
internal_weight=1425 44 1381 1361 79 55 1282 1056 865 712 140 88 153 52 572 119 505 183 137 80 52 57 46 322 154 168 146 121 226 191
internal_count=1425 44 1381 1361 79 55 1282 1056 865 712 140 88 153 52 572 119 505 183 137 80 52 57 46 322 154 168 146 121 226 191
is_linear=0
shrinkage=0.03


Tree=147
num_leaves=31
num_cat=0
split_feature=0 1 10 23 9 0 22 10 24 19 5 0 0 26 20 25 28 28 26 10 8 8 19 23 9 4 18 25 1 18
split_gain=11.5166 9.71579 11.6088 7.04849 5.9343 7.31868 6.6773 7.08858 6.91057 7.65621 6.68526 6.5171 8.50153 5.61569 5.41151 5.12293 4.56515 5.58683 8.91966 5.90354 5.36221 6.84815 5.06384 9.55079 8.08414 11.0038 8.48361 8.34447 7.44077 6.53391
threshold=61.000000000000007 329.50000000000006 462.97000000000008 10.750000000000002 136.92500000000004 360.50000000000006 1.1500000000000001 317.74500000000006 0.86159635224327558 0.92384435400961407 302.50000000000006 434.00000000000006 398.50000000000006 22.550000000000004 28.750000000000004 28.250000000000004 -0.99866806308218525 -0.98523971305672675 32.550000000000004 70.040000000000006 241.85714285714289 238.21428571428575 -0.80382625221112003 16.350000000000005 47.505000000000003 191.50000000000003 12.250000000000002 25.750000000000004 150.50000000000003 16.750000000000004
decision_type=2 8 10 2 2 2 2 10 2 2 10 2 2 2 2 2 2 2 2 8 8 10 2 2 2 10 2 2 10 2
left_child=-1 14 4 -4 5 -3 7 8 -6 -10 -9 12 13 -12 15 16 -2 18 -18 -19 21 22 23 28 27 -26 -27 -24 -21 -28
right_child=1 2 3 -5 6 -7 -8 10 9 -11 11 -13 -14 -15 -16 -17 17 19 -20 20 -22 -23 24 -25 25 26 29 -29 -30 -31
leaf_value=-0.30093561761422238 -0.44908451304817276 -0.017977932420240136 0.70549854680226076 -0.078255588392131578 -0.1243897555720315 0.38712856061635986 0.13865264476747199 -0.097492170574617204 0.044744663343144281 -0.07865703162134309 -0.19387390513578509 -0.18606213680655287 0.45052221426278377 0.0084199194332580871 -0.26154653113892107 0.14640230589423617 -0.012769650278837617 0.063223384236918312 0.41067324431016 -0.11185933121122893 0.0085261118411116849 -0.12911897157262586 0.0028530616359861939 -0.51490355097649543 -0.027641123338439967 0.22260244133768481 -0.10593159637499823 0.057459104643193794 0.12937025644930386 0.058294676503147111
leaf_weight=26 23 84 26 31 41 29 20 38 20 20 21 45 38 47 45 28 21 44 21 30 351 24 36 22 112 23 44 34 34 32
leaf_count=26 23 84 26 31 41 29 20 38 20 20 21 45 38 47 45 28 21 44 21 30 351 24 36 22 112 23 44 34 34 32
internal_value=-0.000595322 -0.000216606 -0.0037744 0.0087931 -0.00556931 0.000263158 -0.00783505 -0.00907749 -0.0164634 -0.00731707 -0.00584211 -0.00296053 0.0011215 -0.00521739 0.00155676 0.00207955 0.00165493 0.00202654 0.0125581 0.00144854 0.000807537 -0.00160714 -0.000570652 -0.00689655 0.00138298 -0.0015566 0.0057 0.0101408 -0.000923077 0.000779221
internal_weight=1410 1384 460 57 403 113 290 270 81 40 189 151 106 68 924 879 851 828 42 786 742 391 367 86 281 211 99 70 64 76
internal_count=1410 1384 460 57 403 113 290 270 81 40 189 151 106 68 924 879 851 828 42 786 742 391 367 86 281 211 99 70 64 76
is_linear=0
shrinkage=0.03


Tree=148
num_leaves=31
num_cat=0
split_feature=0 1 23 2 10 0 16 11 11 1 5 11 14 24 6 9 3 18 18 22 1 7 5 23 10 13 10 10 16 24
split_gain=6.76661 7.99643 7.81846 6.71688 7.04033 8.58885 6.33333 7.27133 10.8099 7.59731 5.76365 4.68244 6.84515 5.03046 4.88948 4.92934 5.25108 4.78186 5.64786 4.86403 4.53986 5.24328 10.3088 5.72899 5.31927 5.08564 5.00864 6.85038 9.51554 5.64341
threshold=80.500000000000014 301.50000000000006 12.65 277.50000000000006 462.97000000000008 431.50000000000006 161.50000000000003 48.500000000000007 163.50000000000003 367.50000000000006 389.50000000000006 470.50000000000006 28.500000000000004 0.87878364999916148 238.50000000000003 103.85000000000001 376.50000000000006 14.050000000000002 11.15 0.35000000000000003 286.50000000000006 106.83333333333336 111.50000000000001 12.450000000000001 70.040000000000006 3.5000000000000004 237.54500000000004 264.01000000000005 209.50000000000003 -0.8949002852437673
decision_type=2 8 2 10 10 2 10 2 2 10 10 2 10 2 10 2 10 2 2 2 10 10 10 2 10 10 10 10 10 2
left_child=-1 20 3 -3 5 6 -5 10 -9 -10 -8 12 14 -13 -4 -16 -17 18 -14 -19 21 23 25 -2 -24 -23 29 28 -28 -26
right_child=1 2 11 4 -6 -7 7 8 9 -11 -12 13 17 -15 15 16 -18 19 -20 -21 -22 22 24 -25 26 -27 27 -29 -30 -31
leaf_value=-0.23153360628035613 0.15684523833295039 -0.12660228854960279 0.24329949485827909 0.57407472826732941 0.76728137048302758 -0.29724697835788899 -0.11068576445475471 0.42311651412964663 -0.056707775142073445 0.29163107225014245 0.2371531976620801 -0.084917575749594215 -0.27006664332425939 0.23930952855251064 -0.27707851479913159 0.063136732034398624 -0.075497314130992657 -0.20120940142305244 -0.1357533871220471 0.014829534896152409 0.14744070350756458 -0.22114396893931221 0.090595240445215663 0.0048295312513543815 -0.26693832542919638 -0.03800956558115956 0.0027943531711053992 0.0023242774285193945 0.21898594990399659 0.0019344978132110667
leaf_weight=46 26 21 20 24 33 31 44 48 30 34 22 20 26 48 20 20 21 58 40 20 70 24 25 41 72 37 24 106 30 331
leaf_count=46 26 21 20 24 33 31 44 48 30 34 22 20 26 48 20 20 21 58 40 20 70 24 25 41 72 37 24 106 30 331
internal_value=-0.00029724 8.77835e-05 -0.00258176 0.0009375 0.00224719 0.000384615 0.0026601 0.000670391 0.00530973 -0.00276923 -0.00716418 -0.00602041 -0.00809735 0.000869565 -0.00109756 -0.00532258 0.000714286 -0.012 -0.0179104 -0.00683544 0.00205845 0.00133891 0.000507692 0.00926471 0.00173175 -0.011129 0.00111702 0.00559006 0.0141818 -0.000668317
internal_weight=1412 1366 580 287 266 233 202 178 112 64 66 293 225 68 81 61 41 144 66 78 786 716 649 67 588 61 563 160 54 403
internal_count=1412 1366 580 287 266 233 202 178 112 64 66 293 225 68 81 61 41 144 66 78 786 716 649 67 588 61 563 160 54 403
is_linear=0
shrinkage=0.03


Tree=149
num_leaves=31
num_cat=0
split_feature=1 10 4 4 16 12 3 10 9 2 8 20 17 3 29 6 27 27 3 19 18 10 24 28 12 23 16 2 1 24
split_gain=11.5441 7.56324 6.35991 5.71047 5.3959 6.81841 7.4154 5.40536 5.5741 9.50214 10.6232 5.30229 5.20844 7.28859 6.66305 6.20304 5.28089 7.56989 6.49826 5.56522 5.31856 7.14311 6.92074 9.00903 7.71943 5.72756 6.6344 4.87013 4.34938 5.25108
threshold=49.335000000000008 522.61000000000013 437.50000000000006 466.00000000000006 10558.000000000002 933.50000000000011 356.50000000000006 70.040000000000006 31.085000000000004 136.50000000000003 149.71428571428575 14.450000000000001 293.98000000000411 187.50000000000003 -0.85225707553516283 183.50000000000003 0.55000000000000016 1.7500000000000002 227.50000000000003 -0.53727914962411594 19.550000000000004 180.75500000000002 0.9482875459472353 0.68432406471780916 30.500000000000004 10.750000000000002 356.50000000000006 387.50000000000006 307.50000000000006 0.90992662233962551
decision_type=10 10 8 10 10 10 10 8 2 10 10 2 10 10 2 10 2 2 10 2 2 10 2 2 10 2 10 10 10 2
left_child=-1 2 4 -4 5 7 -7 -2 -9 -10 -11 -5 14 -14 -12 -15 18 -18 -17 -19 21 -20 24 25 -23 -24 -27 -6 29 -22
right_child=1 -3 3 11 27 6 -8 8 9 10 12 -13 13 15 -16 16 17 19 20 -21 28 22 23 -25 -26 26 -28 -29 -30 -31
leaf_value=-0.44608300432378623 0.047715622422481938 1.8353416876701123 -0.10907218644475961 0.210052688032589 -0.11895682965060814 0.0078496330532911423 0.55593782074393061 -0.20333814127396393 0.024311476762869828 -0.38892848483899711 0.041166722773089359 -0.10214722625863032 0.066719353689078109 -0.31530293762007883 -0.031399849856214385 -0.078524833380898537 0.1680752635163428 -0.27741093366081926 0.22534431529324761 0.16492618953695626 -0.15264125331735329 0.60192479602772919 -0.0043606095969508374 -0.14134320507501613 -0.01349760318649146 0.0041452711994293167 0.48636954785163028 -0.014565723368127691 -0.34835395100048372 0.14723543779683437
leaf_weight=20 45 23 41 31 21 36 22 27 136 26 58 29 57 47 254 38 30 22 25 22 20 22 30 24 141 22 39 20 27 21
leaf_count=20 45 23 41 31 21 36 22 27 136 26 58 29 57 47 254 38 30 22 25 22 20 22 30 24 141 22 39 20 27 21
internal_value=-0.000784314 -0.000442152 -0.000742129 -0.00794118 -0.000145985 0.00022651 0.0101695 -0.000291005 -0.000716253 -0.000367232 -0.00145788 -0.00196721 -0.0009 0.000765306 -0.00402556 -0.000338983 0.000681818 0.008 -0.000658537 0 0.000564516 0.00226974 0.000860215 0.00646552 -0.00310976 0.0107609 0.0159677 -0.0107143 -0.00695652 -0.000714286
internal_weight=1376 1356 1333 101 1232 1191 58 1133 1088 1061 925 60 899 587 312 530 483 74 409 44 371 303 278 115 163 91 61 41 68 41
internal_count=1376 1356 1333 101 1232 1191 58 1133 1088 1061 925 60 899 587 312 530 483 74 409 44 371 303 278 115 163 91 61 41 68 41
is_linear=0
shrinkage=0.03


Tree=150
num_leaves=31
num_cat=0
split_feature=0 10 22 0 10 19 20 18 25 23 25 21 29 0 7 14 14 22 16 20 29 10 10 7 20 13 24 28 13 16
split_gain=8.44075 7.12389 6.45473 10.2751 9.6508 9.90867 7.57895 5.41524 6.82934 6.03437 6.73145 8.28125 6.44125 11.0623 10.8393 6.61037 11.194 7.57087 10.0803 9.38654 6.85756 6.32213 6.24884 9.10246 6.8129 6.38493 5.82157 5.33199 7.3358 5.11364
threshold=61.000000000000007 522.61000000000013 12.450000000000001 167.50000000000003 201.90000000000001 -0.87878364999916125 29.450000000000003 23.450000000000003 28.250000000000004 8.9500000000000011 10.550000000000002 22.350000000000005 0.3484035575467645 362.50000000000006 335.50000000000006 44.500000000000007 73.500000000000014 2.1500000000000008 65.500000000000014 19.650000000000002 -0.42958798411962301 191.01000000000002 225.26500000000001 347.50000000000006 7.9500000000000011 23.500000000000004 0.9482875459472353 0.70290292807158605 326.50000000000006 166.50000000000003
decision_type=2 10 2 2 8 2 2 2 2 2 2 2 2 2 10 10 10 2 10 2 2 10 10 10 2 10 2 2 10 10
left_child=-1 2 3 4 5 -2 7 8 9 -5 11 22 13 14 15 17 -17 18 -12 21 -21 -20 29 24 -24 -25 -15 28 -18 -11
right_child=1 -3 -4 6 -6 -7 -8 -9 -10 10 12 -13 -14 26 -16 16 27 -19 19 20 -22 -23 23 25 -26 -27 -28 -29 -30 -31
leaf_value=-0.27886139665916609 -0.057890448932995393 1.4280586027342166 -0.11736478778111469 0.080206669089832011 -0.18691199260489091 0.068070559897751792 -0.50506614615127399 0.063381069924148076 0.23249617687437676 0.0036866889990419338 0.10357643030532102 0.20963875728636025 -0.035105020282211963 0.0063320984992640203 -0.25192450648504033 0.045271576438217949 0.0088246718552937864 -0.62487704308896708 -0.017535389619671517 0.025605888426974983 -0.4516021175555967 0.14189869236409847 0.25763698217518483 -0.11976019368797096 -0.0074411916148380891 0.0080841919087708894 0.29912953628533556 0.053980455602706597 -0.22430168784436091 -0.10580002085141757
leaf_weight=28 42 20 58 74 32 143 22 44 36 22 33 37 267 31 22 29 39 30 28 20 70 24 30 21 24 45 30 46 33 21
leaf_count=28 42 20 58 74 32 143 22 44 36 22 33 37 267 31 22 29 39 30 28 20 70 24 30 21 24 45 30 46 33 21
internal_value=-0.00053495 -0.000196507 -0.000465288 -2.31481e-05 0.00591743 0.00854839 -0.00122335 -0.000851466 -0.00130306 -0.00178096 -0.00245847 0.00238806 -0.00384068 -0.00158257 -0.00352 -0.00220963 0.00263514 -0.00567961 -0.00323864 -0.00671329 -0.0125275 0.00339623 -0.00054878 0.00297521 0.012 -0.00447761 0.0101613 -0.00151261 -0.00657534 -0.0102273
internal_weight=1401 1373 1353 1295 217 185 1078 1056 1012 976 902 200 702 435 374 352 147 205 175 142 90 52 163 120 54 66 61 118 72 43
internal_count=1401 1373 1353 1295 217 185 1078 1056 1012 976 902 200 702 435 374 352 147 205 175 142 90 52 163 120 54 66 61 118 72 43
is_linear=0
shrinkage=0.03


Tree=151
num_leaves=31
num_cat=0
split_feature=6 26 10 21 10 20 24 26 24 9 26 3 1 5 9 12 10 28 24 24 19 9 4 12 11 23 8 5 9 3
split_gain=9.2857 9.01298 8.88878 7.70909 9.16648 7.48546 8.54315 13.5452 10.7238 7.37765 7.13227 5.91957 5.89338 8.62403 6.19652 6.18201 6.13864 8.83541 5.60612 5.44251 5.61936 5.51476 6.01994 5.40017 15.2152 6.93264 5.16152 8.26036 5.1563 5.11149
threshold=61.000000000000007 32.050000000000004 84.375000000000014 33.350000000000001 77.140000000000001 10.65 0.97625883275952063 22.550000000000004 -0.30896992958994679 293.61000000000007 41.45000000000001 434.00000000000006 314.50000000000006 140.50000000000003 53.025000000000006 21.500000000000004 171.98000000000002 0.039769539193789977 -0.97988739209073461 -0.55191596924288666 0.53727914962411594 52.555000000000007 243.50000000000003 218.50000000000003 59.500000000000007 13.550000000000002 417.71428571428578 389.50000000000006 111.51000000000001 259.50000000000006
decision_type=8 2 8 2 10 2 2 2 2 2 2 10 10 10 2 10 10 2 2 2 2 2 8 10 2 2 10 10 2 10
left_child=-1 2 -2 4 -3 6 7 8 -4 18 12 -10 13 15 -15 -5 17 -16 -7 20 -20 -21 -23 24 25 -18 27 -24 -25 -12
right_child=1 3 5 10 -6 9 -8 -9 11 -11 29 -13 -14 14 16 -17 23 -19 19 21 -22 22 26 28 -26 -27 -28 -29 -30 -31
leaf_value=-0.27391072782486831 0.032738320801017837 -0.041104848907718365 0.31128691949379772 -0.0025151482369417974 0.092439166780216048 -0.47904468945973644 0.13414860707264437 0.20143105914082099 -0.12457800495368246 0.41294928481210602 0.0023901379235303465 0.016034620539182923 -0.055569826379929167 -0.18910167814810136 -0.00052049405564076774 -0.34172756970638091 -0.066378629771846248 0.16733326415520294 -0.042868865083545697 0.049981417152965973 0.27543646509540337 -0.32803492792664174 -0.017490982275322153 0.003196893205758897 -0.17248498541148136 0.050071485526102036 -0.20130929179817911 0.25674052001077513 0.30788502251914451 0.22023344522050209
leaf_weight=29 55 29 28 31 133 26 62 50 73 37 30 21 91 32 20 23 22 38 70 21 20 65 153 35 50 65 24 34 22 26
leaf_count=29 55 29 28 31 133 26 62 50 73 37 30 21 91 32 20 23 22 38 70 21 20 65 153 35 50 65 24 34 22 26
internal_value=-0.000487288 -0.000129776 -0.00239189 0.0024537 0.00809816 -0.00332847 0.00102128 -0.00242775 -0.00780488 -0.00558758 0.000555556 -0.0126316 -0.000767442 0.00106195 0.00315789 -0.00981818 0.00474308 0.0132203 -0.00673913 -0.00579897 0.000659341 -0.00775168 -0.00888087 0.00215385 -0.00108696 0.00647727 -0.00636792 -0.00462766 0.00982759 0.0105263
internal_weight=1415 1386 739 647 162 684 234 172 122 450 485 94 429 338 284 54 252 58 413 387 90 297 276 194 137 87 211 187 57 56
internal_count=1415 1386 739 647 162 684 234 172 122 450 485 94 429 338 284 54 252 58 413 387 90 297 276 194 137 87 211 187 57 56
is_linear=0
shrinkage=0.03


Tree=152
num_leaves=31
num_cat=0
split_feature=26 18 18 24 10 10 29 0 10 15 14 6 16 10 21 1 23 2 21 4 16 27 26 26 5 20 5 24 23 9
split_gain=10.8161 8.86733 8.49849 8.48656 9.32871 8.239 7.40855 6.7748 8.38273 7.69282 8.4466 12.2239 6.55178 6.42031 6.28735 6.29465 12.9724 8.19196 9.5743 7.41752 6.11269 5.9836 5.85041 5.8414 5.93881 5.87802 9.50451 4.83813 4.8006 4.50926
threshold=32.050000000000004 13.450000000000001 12.250000000000002 -0.71322329076259927 323.50500000000005 138.98000000000005 -0.57077231802681661 80.500000000000014 83.125000000000014 6.5000000000000009 21.500000000000004 219.50000000000003 21.500000000000004 503.14000000000004 29.550000000000004 370.50000000000006 10.050000000000002 362.50000000000006 26.750000000000004 406.50000000000006 246.50000000000003 2.4500000000000006 37.95000000000001 40.150000000000013 228.50000000000003 25.450000000000003 259.50000000000006 0.84335933205092506 15.450000000000001 133.32500000000002
decision_type=2 2 2 2 10 8 2 2 10 10 10 10 10 10 2 10 2 10 2 10 10 2 2 2 10 2 10 2 2 2
left_child=7 2 5 6 12 -2 21 -1 -9 -10 20 -12 -5 14 15 17 19 18 -13 -17 -11 22 -3 25 -25 26 -14 -18 -29 -16
right_child=1 3 -4 4 -6 -7 -8 8 9 10 11 13 23 -15 29 16 27 -19 -20 -21 -22 -23 -24 24 -26 -27 -28 28 -30 -31
leaf_value=-0.24672878549397723 -0.010482941297444768 -0.32133719964967938 0.11763097818425933 0.091667638318096323 0.3497102316758679 0.13003298019599355 0.0097646154761045524 0.033686849208390227 -0.35518008487711172 0.04597329002487633 -0.39824650633326869 -0.016966252807062574 0.042812639041078883 0.55797689674937712 -0.10887206619148386 0.34535352824285553 -0.42190643006767059 0.028585467531654273 0.036999789651171962 -0.043673499475046354 -0.07239109667245941 -0.0015561782401928069 -0.074789300835167577 -0.0061813703057987364 0.14858313847141147 -0.27724716066456079 -0.091663320767612785 -0.012515973668391779 -0.33406990431030464 -0.23630134583327986
leaf_weight=23 44 30 45 22 56 102 33 54 37 154 40 101 68 28 20 33 31 42 26 25 23 44 34 25 31 66 59 45 21 30
leaf_count=23 44 30 45 22 56 102 33 54 37 154 40 101 68 28 20 33 31 42 26 25 23 44 34 25 31 66 59 45 21 30
internal_value=-0.000559943 0.00222727 0.00765625 0 0.00265244 0.00408163 -0.00612676 -0.0030654 -0.00253165 -0.00347032 -0.00266129 -0.00487585 0.000330882 -0.00327543 -0.00432 -0.00276923 -0.00711538 0.00123529 -0.00257812 0.0040678 0.00286517 -0.00990826 -0.0156923 -0.00108 0.00736842 -0.0035567 0.000234375 -0.0137755 -0.00895522 -0.0141176
internal_weight=1392 659 191 468 327 146 141 733 710 656 619 442 271 402 374 324 155 169 127 58 177 108 64 249 56 193 127 97 66 50
internal_count=1392 659 191 468 327 146 141 733 710 656 619 442 271 402 374 324 155 169 127 58 177 108 64 249 56 193 127 97 66 50
is_linear=0
shrinkage=0.03


Tree=153
num_leaves=31
num_cat=0
split_feature=1 10 16 24 15 17 17 18 0 13 10 26 11 2 1 26 10 0 9 29 22 29 29 5 8 24 9 23 26 12
split_gain=9.27294 7.90276 8.73126 6.79503 6.74851 5.9179 6.85763 4.9994 7.66587 9.99766 7.29786 7.27407 6.91073 6.50904 7.45885 6.27068 5.96261 7.14529 6.96765 5.87067 7.61277 9.25066 7.09282 6.8813 8.51516 6.36017 5.85748 6.20536 5.68979 9.23521
threshold=49.335000000000008 522.61000000000013 17224.000000000004 -0.99535829673000931 1.5000000000000002 31615.735000000004 26482.995000000006 12.850000000000003 163.50000000000003 6.5000000000000009 234.66000000000003 32.650000000000013 43.500000000000007 177.50000000000003 289.50000000000006 20.850000000000005 265.47500000000008 265.50000000000006 153.67000000000004 0.16587474750015932 0.95000000000000007 -0.9575230291762723 -0.97111920233974802 236.50000000000003 280.50000000000006 0.87032255546191728 74.115000000000023 12.350000000000003 37.650000000000013 75.500000000000014
decision_type=10 10 10 2 8 10 8 2 2 10 10 2 2 10 10 2 8 2 2 2 2 2 2 8 10 2 2 2 2 10
left_child=-1 2 3 -2 -5 6 7 8 9 -6 13 12 15 -10 26 -12 18 -18 19 20 22 -22 -9 -21 -25 -24 -15 -28 -19 -30
right_child=1 -3 -4 4 5 -7 -8 16 10 -11 11 -13 -14 14 -16 -17 17 28 -20 23 21 -23 25 24 -26 -27 27 -29 29 -31
leaf_value=-0.41346141083757559 -0.23518186808045072 1.5796566909482055 -0.14822421372374406 0.059701116187711706 0.036419984866456687 0.26207884588105274 -0.28756483366246582 -0.022372498173410804 -0.47813955400814689 0.42626153673924932 -0.007054114929914021 0.43752558543556802 -0.011466936075968874 -0.010168453058521152 -0.13515819930284464 0.47041415441298906 -0.19649471501625326 -0.040343810721197429 0.43715664919273534 -0.26885610971907281 0.05865208495589385 -0.088945928370036995 0.036161833371929221 0.071912367376511091 -0.038049733943229282 0.0047819423012438736 0.012542431504681416 0.22946962935099519 0.94996736991702102 -0.0030107937798567264
leaf_weight=20 25 24 36 23 42 32 20 35 26 25 37 39 131 22 42 47 47 129 23 34 40 82 94 34 61 107 27 20 21 41
leaf_count=20 25 24 36 23 42 32 20 35 26 25 37 39 131 22 42 47 47 129 23 34 40 82 94 34 61 107 27 20 21 41
internal_value=-0.000216294 8.77835e-05 -0.00022338 0.000183627 0.00049142 0.000190627 -0.000146699 0.00014913 0.00261438 0.0119118 0.000994898 0.004 0.00180556 -0.00456522 -0.00133929 0.00847059 -0.00136182 -0.00527197 0.000469667 -0.000307377 0.00167131 -0.00439024 0.00481013 -0.00576923 -0.0015625 0.0069802 0.00471429 0.010625 -0.00265625 0.0047619
internal_weight=1386 1366 1342 1306 1281 1258 1226 1206 458 67 391 254 215 137 111 84 748 238 510 487 358 122 236 129 95 201 69 47 191 62
internal_count=1386 1366 1342 1306 1281 1258 1226 1206 458 67 391 254 215 137 111 84 748 238 510 487 358 122 236 129 95 201 69 47 191 62
is_linear=0
shrinkage=0.03


Tree=154
num_leaves=31
num_cat=0
split_feature=9 21 26 21 23 7 20 26 29 14 8 19 24 18 9 16 5 14 3 8 28 20 8 6 4 4 7 29 4 3
split_gain=10.0325 7.64608 8.37455 7.52153 6.1877 6.40237 5.84181 7.45446 9.25847 9.24438 7.2593 6.74789 7.49677 6.66403 6.36752 7.17086 5.14848 5.0794 9.96538 5.48691 4.97282 4.85831 4.39653 12.1065 5.21202 5.17557 5.5794 6.70544 5.95985 6.61824
threshold=23.765000000000004 42.20000000000001 39.250000000000007 38.850000000000001 15.350000000000003 321.83333333333343 6.8500000000000005 22.550000000000004 0.94636490295939868 60.500000000000007 373.78571428571433 0.99140711019144623 0.90992662233962551 11.550000000000002 339.83500000000009 14752.000000000002 322.50000000000006 737.00000000000011 365.50000000000006 402.28571428571433 0.99700008544936913 27.150000000000002 108.78571428571429 61.000000000000007 95.500000000000014 370.50000000000006 242.33333333333334 0.33222858587828868 320.50000000000006 309.50000000000006
decision_type=2 2 2 2 2 10 2 2 2 8 10 2 2 2 2 10 10 10 10 10 2 2 10 10 10 10 10 2 10 10
left_child=-1 2 3 6 -4 21 13 9 14 10 11 12 -8 -2 15 17 -14 19 -19 20 22 -6 23 -9 -25 26 27 -24 29 -28
right_child=1 -3 4 -5 5 -7 7 8 -10 -11 -12 -13 16 -15 -16 -17 -18 18 -20 -21 -22 -23 25 24 -26 -27 28 -29 -30 -31
leaf_value=-0.45343704547833952 0.0014300239007292248 -0.1016686634448223 -0.0032841785509552324 -0.23552504430823645 0.11340437898680988 -0.077027969982214589 -0.08640255040129162 -0.19485346298707121 0.40175940130664001 -0.11647965892717536 -0.090223318428142241 -0.13058907357478319 0.46136561344457361 0.25120492441534681 1.4328747397088872 -0.049672053859667359 0.010164379566115258 -0.0055078860512378465 0.56097935837854096 -0.11757841590473163 0.084639649752361379 0.17169531000784247 -0.0014064599589528369 0.042221663045774384 0.16842448153147713 0.26231689456373258 -0.058616158219928133 0.10062472406501627 -0.15403097907493518 0.068820768103970517
leaf_weight=24 31 29 28 32 30 20 32 24 29 39 40 24 22 20 22 39 28 35 29 29 40 37 321 40 23 47 137 25 68 43
leaf_count=24 31 29 28 32 30 20 32 24 29 39 40 24 22 20 22 39 28 35 29 29 40 37 321 40 23 47 137 25 68 43
internal_value=-0.000367435 -2.19941e-05 0.000314607 -0.000418033 0.00801724 0.0119318 -2.52525e-05 -0.000474934 0.000598739 -0.00596774 -0.00244898 0.00168224 0.00578313 0.00980769 6.50054e-05 -0.000332963 0.0129412 0.000243619 0.00830769 -0.000413534 7.80234e-05 0.0163235 -0.000493827 0.00579545 0.0126562 -0.00135514 -0.00211765 0.000345821 -0.00554217 -0.00265193
internal_weight=1387 1363 1334 1219 115 87 1187 1136 951 185 146 106 82 51 922 900 50 861 64 797 768 67 728 87 63 641 594 346 248 180
internal_count=1387 1363 1334 1219 115 87 1187 1136 951 185 146 106 82 51 922 900 50 861 64 797 768 67 728 87 63 641 594 346 248 180
is_linear=0
shrinkage=0.03


Tree=155
num_leaves=31
num_cat=0
split_feature=10 9 10 1 9 22 12 9 29 18 9 9 28 23 6 13 18 27 8 4 23 21 26 23 21 4 12 13 15 13
split_gain=10.6093 11.5996 6.52358 7.6423 8.8144 5.58539 9.0935 7.52871 5.39322 6.79814 6.71953 5.67687 5.35346 5.35128 5.30913 5.18026 5.43798 8.07362 9.62839 7.6221 5.39611 5.51269 8.6256 5.90918 5.83781 5.59754 5.50034 7.06475 4.58192 4.37749
threshold=70.040000000000006 30.025000000000002 522.61000000000013 332.50000000000006 154.92000000000002 6.1000000000000005 1.5000000000000002 45.645000000000003 0.41202506375868281 13.950000000000001 215.29500000000002 204.16500000000005 0.79383249484937135 10.050000000000002 397.50000000000006 1.0000000180025095e-35 16.850000000000005 0.15000000000000005 230.35714285714286 177.50000000000003 19.150000000000002 36.550000000000004 36.250000000000007 16.650000000000002 34.750000000000007 204.50000000000003 7.5000000000000009 9.5000000000000018 57.500000000000007 21.500000000000004
decision_type=8 2 10 10 2 2 10 2 2 2 2 2 2 2 10 10 2 2 10 10 2 2 2 2 2 10 10 10 10 10
left_child=-1 -2 3 4 5 6 7 -3 9 -5 11 28 -11 14 -12 -8 20 18 19 -18 21 22 23 24 26 -23 -17 -28 -10 -29
right_child=1 2 -4 8 -6 -7 15 -9 10 12 13 -13 -14 -15 -16 16 17 -19 -20 -21 -22 25 -24 -25 -26 -27 27 29 -30 -31
leaf_value=0.065401446536750424 -0.32809225396627645 0.14392851600400355 1.4892807480284931 0.37866738083715912 0.18044244695455119 -0.13040194572417135 -0.59858141446381108 0.012501622091528332 0.0078576691857068677 -0.17507213071430328 0.49888737711964093 -0.11405106342758926 0.032312835939940214 -0.040808037536145321 -0.018343867403708032 -0.068488863037121636 -0.022081409181018186 -0.34535692552093167 -0.0046054163511547582 0.26770046464700326 0.031250111011813429 -0.25892711027054033 0.097525885135781601 -0.20523991496821564 -0.08190228687250993 -0.0035497382957295539 0.093145198836505183 -0.089616674007749281 -0.021943439711727988 0.074950326088781188
leaf_weight=47 33 24 24 32 81 77 21 40 27 41 21 23 32 75 26 36 32 61 114 33 56 20 21 25 21 46 33 33 134 99
leaf_count=47 33 24 24 32 81 77 21 40 27 41 21 23 32 75 26 36 32 61 114 33 56 20 21 25 21 46 33 33 134 99
internal_value=-0.000734341 -0.00122951 -0.000779221 -0.00107393 0.000514874 -0.000453972 0.000377095 0.0110769 -0.00444175 0.00141509 -0.00644951 -0.0100541 -0.00364865 -0.00097561 0.006875 -0.000690184 -0.000190174 -0.00373444 -0.0005 0.00863636 0.00199488 0.000537313 0.00245353 0.000846774 0.00242152 -0.00716418 0.0040099 0.0063253 -0.00796296 0.00315789
internal_weight=1388 1341 1308 1284 873 792 715 64 411 105 306 184 73 122 47 651 630 240 179 65 390 334 268 247 222 66 201 165 161 132
internal_count=1388 1341 1308 1284 873 792 715 64 411 105 306 184 73 122 47 651 630 240 179 65 390 334 268 247 222 66 201 165 161 132
is_linear=0
shrinkage=0.03


Tree=156
num_leaves=31
num_cat=0
split_feature=0 10 10 26 20 20 23 5 10 17 10 17 11 18 7 16 26 24 20 7 22 1 15 15 17 13 24 13 20 4
split_gain=11.0501 9.22836 8.51343 8.87369 7.81106 6.84478 6.66852 6.90242 5.90993 5.65201 5.12992 9.10315 9.84369 5.11252 4.11827 7.24968 9.96561 6.74698 4.80503 3.84566 5.37086 8.21737 8.14844 5.53809 6.66403 5.50879 7.97867 9.58119 7.19856 6.43125
threshold=80.500000000000014 70.040000000000006 522.61000000000013 31.050000000000004 10.65 29.650000000000002 14.350000000000003 322.50000000000006 225.26500000000001 28.664999999999864 271.18500000000006 392.23500000000416 69.500000000000014 9.3500000000000032 166.83333333333334 161.50000000000003 23.050000000000004 0.86159635224327558 16.150000000000002 106.83333333333336 2.4500000000000006 140.50000000000003 21.500000000000004 2754.0000000000005 24549.395000000008 326.50000000000006 0.98321746822993605 199.50000000000003 21.350000000000005 245.50000000000003
decision_type=2 10 10 2 2 2 2 10 10 10 10 10 2 2 10 10 2 2 2 10 2 10 10 10 10 10 2 10 2 10
left_child=9 -2 3 4 6 13 8 -8 -3 -1 -10 -12 -13 -5 -6 17 -17 -16 -18 -15 22 -22 -21 25 -25 26 27 28 29 -24
right_child=1 2 -4 5 14 -7 7 -9 10 -11 11 12 -14 19 15 16 18 -19 -20 20 21 -23 23 24 -26 -27 -28 -29 -30 -31
leaf_value=-0.12063902427704683 0.075321698035157564 -0.036717843988522389 1.5020733102548784 0.15120530631842996 -0.19699681997100496 -0.3827769913607264 0.048825491071392543 -0.051847313475576015 0.55584871464638497 -0.34182051815672665 -0.054897168049361365 0.53804011350330649 -0.020620372109140136 0.087871516048732154 -0.16575740121572494 -0.44036130390592121 -0.0099482360277045236 0.073145820903780814 -0.095892033110942798 0.21507146885330514 -0.20704241399745846 0.0072993937456885755 0.15500791250632601 0.32591598197494076 0.065851818603084658 -0.044494394732253112 -0.018830029555980586 0.32616358711116444 -0.0048497262365836489 0.0081008623444063232
leaf_weight=20 49 32 24 41 29 21 21 45 24 25 34 49 21 35 36 38 165 28 64 48 26 49 31 20 31 67 60 23 195 28
leaf_count=20 49 32 24 41 29 21 21 45 24 25 34 49 21 35 36 38 165 28 64 48 26 49 31 20 31 67 60 23 195 28
internal_value=-0.000543478 -4.49438e-05 -0.000536547 -0.000879556 -0.00357751 0.0014645 0.000792952 -0.00716418 0.00409938 -0.015 0.00697674 0.004 0.0101408 0.00201527 -0.00631579 -0.00533133 -0.0075 0.00369231 -0.00508696 0.00131922 0.000725389 -0.00671053 0.00184524 0.000592105 0.00980769 -0.000592593 0.000976331 0.0031295 0.00141176 0.0105
internal_weight=1379 1334 1285 1261 586 675 226 66 160 45 128 104 70 654 360 331 267 64 229 613 578 75 503 455 51 404 337 277 254 59
internal_count=1379 1334 1285 1261 586 675 226 66 160 45 128 104 70 654 360 331 267 64 229 613 578 75 503 455 51 404 337 277 254 59
is_linear=0
shrinkage=0.03


Tree=157
num_leaves=31
num_cat=0
split_feature=10 6 10 27 1 11 13 9 3 3 17 8 25 19 29 5 18 18 6 10 29 13 10 10 12 12 27 8 9 3
split_gain=7.64743 8.36455 6.63361 6.60706 6.40447 6.29054 11.0134 7.32465 7.65141 8.19361 7.19029 8.72861 7.47213 8.67889 7.12513 6.74234 6.454 9.03722 5.45962 5.23417 5.18058 5.39123 5.09902 5.01875 6.39652 4.66434 4.5303 4.37441 5.09024 5.02193
threshold=70.040000000000006 61.000000000000007 522.61000000000013 4.3500000000000005 313.50000000000006 362.50000000000006 374.00000000000006 163.94500000000002 273.50000000000006 254.50000000000003 886.28000000000009 232.92857142857147 25.850000000000005 0.82409480842201688 -0.97507822412530132 131.50000000000003 20.550000000000004 18.750000000000004 236.50000000000003 154.79000000000002 0.99138911339924218 51.500000000000007 120.13000000000001 136.50500000000002 1.5000000000000002 28.500000000000004 2.4500000000000006 266.57142857142861 135.26000000000002 408.50000000000006
decision_type=8 8 10 2 10 2 10 2 10 10 10 10 2 2 2 10 2 2 10 10 2 10 10 8 10 10 2 10 2 10
left_child=3 -2 4 -1 5 7 -7 8 9 10 11 12 13 22 26 -15 17 -10 -12 -17 27 -22 -3 24 -16 -21 -14 -6 29 -29
right_child=1 2 -4 -5 20 6 -8 -9 16 -11 18 -13 14 15 23 19 -18 -19 -20 25 21 -23 -24 -25 -26 -27 -28 28 -30 -31
leaf_value=0.24911297873990107 -0.30984484113984267 -0.0039323779294164751 1.3995401262799918 0.0028346331604815586 -0.28578654227640499 0.3473745064524138 0.0042686985878577837 0.34025455628529983 -0.059258392410162911 0.059380002439219905 -0.020969252294989929 0.098412285934564345 -0.09637620484684134 -0.29524375444912848 0.12339593484601835 0.41214438234111228 -0.20798696005367587 0.18886314016173059 -0.23036953772330718 -0.0051234757268093746 -0.037675491601930844 0.29504118887932151 -0.55009306529433666 0.17114778471124537 -0.00910913858734844 0.069666289388199229 0.13575028520047439 0.010514198319748118 -0.0194723815971156 -0.16335804645989582
leaf_weight=24 26 47 24 26 21 22 52 33 123 46 36 57 32 25 21 20 26 20 29 20 23 20 55 37 24 20 23 115 328 21
leaf_count=24 26 47 24 26 21 22 52 33 123 46 36 57 32 25 21 20 26 20 29 20 23 20 55 37 24 20 23 115 328 21
internal_value=-0.000816034 -0.00124722 -0.000908403 0.0105882 -0.00120278 0.000546164 0.0088 -0.000345324 -0.0010423 0.000851927 -0.000402685 0.00117801 -0.000738462 -0.00462766 0.00456522 0.00244186 -0.00652941 -0.00395833 -0.00954545 0.00786885 -0.00374291 0.00613636 -0.0104854 0.0101205 0.00326087 0.00146341 -0.00375 -0.00462963 -0.004 0.000875912
internal_weight=1396 1346 1320 50 1296 768 74 694 661 492 446 381 324 187 137 85 169 143 65 60 528 43 102 82 45 40 55 485 464 136
internal_count=1396 1346 1320 50 1296 768 74 694 661 492 446 381 324 187 137 85 169 143 65 60 528 43 102 82 45 40 55 485 464 136
is_linear=0
shrinkage=0.03


Tree=158
num_leaves=31
num_cat=0
split_feature=0 11 13 22 10 3 24 2 7 28 4 10 15 1 19 5 24 2 3 0 26 19 24 25 16 13 17 15 13 26
split_gain=5.72755 5.15319 10.5529 6.32228 6.01364 6.01238 5.6517 5.14227 8.98253 8.81944 8.76013 8.51224 7.83402 6.85326 5.51565 8.06427 6.77775 6.16125 10.5525 7.62611 5.31987 4.81514 7.14209 7.9119 5.32391 11.7621 5.35154 5.27999 7.20059 7.65389
threshold=55.165000000000006 54.500000000000007 27.500000000000004 5.8500000000000005 94.64500000000001 114.50000000000001 0.83385407025023295 220.50000000000003 216.83333333333334 -0.20180236284700911 177.50000000000003 203.00000000000003 28.500000000000004 167.50000000000003 -0.73724926354828224 442.50000000000006 -0.83385407025023273 240.50000000000003 317.50000000000006 277.50000000000006 32.45000000000001 0.97988739209073494 0.97625883275952063 20.750000000000004 14752.000000000002 850.50000000000011 26482.995000000006 1767.0000000000002 190.00000000000003 37.750000000000007
decision_type=2 2 10 2 10 10 2 8 10 2 10 8 10 10 2 10 2 10 10 2 2 2 2 2 10 10 10 10 10 2
left_child=-1 3 6 7 5 -5 -3 8 9 13 -9 12 -11 -2 16 17 -12 -16 -19 -20 -10 24 23 -23 25 27 -27 28 -4 -30
right_child=1 2 21 4 -6 -7 -8 10 20 11 14 -13 -14 -15 15 -17 -18 18 19 -21 -22 22 -24 -25 -26 26 -28 -29 29 -31
leaf_value=-0.20534953106277043 0.095857517395821143 -0.098695532502730998 -0.021264397543058634 -0.031118985780600423 -0.30351217916130591 0.05163954624031504 -0.18940482208238221 -0.49732508988239271 0.012174187722833948 -0.12159984225338043 -0.0026924767654881521 -0.42556599020129199 0.02898876501813575 -0.024407518168536341 -0.250597989230467 0.3493838819639859 0.26751658735680195 0.029441387029662279 0.01914398433935844 -0.072155852076260199 0.23340463098732697 0.091288406685872306 0.1832225971860923 -0.19294571446729319 -0.13776628309325076 0.35997413696856423 0.00045102004890338774 -0.063431396641140059 -0.0059295059702645855 0.1936731480225336
leaf_weight=22 96 23 163 28 43 38 31 30 21 28 37 37 52 23 24 30 54 101 27 109 32 34 44 25 40 40 34 37 41 31
leaf_count=22 96 23 163 28 43 38 31 30 21 28 37 37 52 23 24 30 54 101 27 109 32 34 44 25 40 40 34 37 41 31
internal_value=-0.000806686 -0.000553914 -0.0028125 0.000961776 -0.00572727 0 -0.0152727 0.00200855 0.00506897 0.00253165 -0.000145278 -0.00330508 0.00222222 0.00825 0.00109661 -0.000924658 0.0075 -0.00263359 -0.00113445 -0.00656934 0.0161111 -0.00140816 0.00432692 -0.0025 -0.00294574 -0.00172911 0.0088 -0.00461538 -0.00292373 0.00493151
internal_weight=1375 1353 543 810 109 66 54 701 289 236 412 117 80 119 382 291 91 261 237 136 53 489 103 59 386 346 74 272 235 72
internal_count=1375 1353 543 810 109 66 54 701 289 236 412 117 80 119 382 291 91 261 237 136 53 489 103 59 386 346 74 272 235 72
is_linear=0
shrinkage=0.03


Tree=159
num_leaves=31
num_cat=0
split_feature=0 7 9 28 7 5 9 28 4 5 20 20 25 13 5 17 12 15 17 21 17 19 9 4 14 4 18 25 11 11
split_gain=7.59023 9.55507 7.79618 8.53578 7.65635 7.75473 7.15696 6.99027 6.86422 10.1725 6.72551 8.58715 7.26621 6.58778 8.17627 7.3088 7.46592 7.21086 6.5373 6.49151 5.90625 5.88915 5.66002 5.38684 7.58478 7.43067 6.59824 5.21939 5.09524 4.45931
threshold=85.200000000000017 329.83333333333343 360.44500000000011 -0.91597725483594616 345.83333333333343 317.50000000000006 179.63500000000002 -0.03977009085991149 126.50000000000001 126.50000000000001 26.650000000000002 28.650000000000002 25.650000000000002 1.0000000180025095e-35 383.50000000000006 110.9500000000041 18.500000000000004 94.500000000000014 78.620000000002207 23.050000000000004 28.664999999999864 -0.92384435400961373 64.220000000000013 398.50000000000006 13.500000000000002 343.50000000000006 16.050000000000004 26.550000000000004 50.500000000000007 20.500000000000004
decision_type=2 8 2 2 10 10 2 2 10 8 2 2 2 10 8 10 10 10 10 2 10 2 2 10 10 10 2 2 2 2
left_child=20 6 3 -3 5 -5 8 -6 9 -2 12 21 13 -10 15 18 -17 29 -15 -19 -1 -12 -23 24 -9 -26 -25 -14 -13 -18
right_child=1 2 -4 4 7 -7 -8 23 10 -11 11 28 27 14 -16 16 17 19 -20 -21 -22 22 -24 26 25 -27 -28 -29 -30 -31
leaf_value=0.0043497157271277587 0.0023947304858467078 0.40614139106637026 1.5406188318610248 -0.2922231028983765 -0.065786200501264033 -0.024662107854120447 0.35001084205640609 0.50134931750134315 -0.12596839433547444 0.071853243585800891 -0.01710059873276748 -0.36147907049190336 -0.065601632447860964 0.0012652794859852889 0.12859632739799109 -0.17910179763490403 0.0057838080336610172 -0.06690371602848387 0.32545461917892338 -0.0010969974096008172 -0.31600502986579826 0.012465089642304292 0.24191571544696189 0.0095629880117223814 -0.028207120368946334 0.23638294649093267 -0.42009220090360483 0.00079068553489435088 0.099640616544094771 0.097359304578141917
leaf_weight=24 95 29 20 23 147 36 25 20 27 39 20 21 58 62 36 74 30 24 29 202 31 22 49 40 69 38 21 31 20 38
leaf_count=24 95 29 20 23 147 36 25 20 27 39 20 21 58 62 36 74 30 24 29 202 31 22 49 40 69 38 21 31 20 38
internal_value=-0.000428266 2.22883e-05 -0.00358108 -0.00445755 -0.00562025 -0.0155 0.00179402 -0.00383929 0.00133257 0.00755556 0.000201613 0.00631579 -0.00112745 0.000229446 0.00102823 -6.52174e-05 -0.00195122 0.00020339 0.0075 -0.00237885 -0.01125 0.011413 0.0154167 0 0.00351562 0.000277778 -0.00725806 -0.009 -0.005 0.00869565
internal_weight=1400 1345 443 423 394 59 902 335 877 134 743 132 611 522 495 459 368 294 91 226 55 91 71 188 127 107 61 89 41 68
internal_count=1400 1345 443 423 394 59 902 335 877 134 743 132 611 522 495 459 368 294 91 226 55 91 71 188 127 107 61 89 41 68
is_linear=0
shrinkage=0.03


Tree=160
num_leaves=31
num_cat=0
split_feature=1 8 18 10 3 3 27 18 1 1 1 0 3 0 10 24 21 21 1 3 4 29 1 1 15 26 9 0 3 25
split_gain=8.03358 6.85727 6.66695 6.34903 5.82746 7.18127 7.89372 6.88911 6.75439 7.35368 6.3424 5.39559 6.17533 6.55994 7.02757 4.83278 4.79239 4.68897 4.71947 4.58639 4.52348 4.50596 5.06929 4.24814 4.14591 3.98157 7.99693 5.87271 5.82248 5.09968
threshold=313.50000000000006 460.07142857142861 10.950000000000001 199.04500000000004 450.50000000000006 397.50000000000006 1.0000000180025095e-35 19.150000000000002 392.50000000000006 443.50000000000006 389.50000000000006 61.000000000000007 105.50000000000001 114.50000000000001 85.785000000000011 0.50751903745502724 38.250000000000007 32.250000000000007 370.50000000000006 339.00000000000006 496.50000000000006 0.96633974041180493 340.50000000000006 423.50000000000006 6.5000000000000009 29.250000000000004 112.69000000000001 189.50000000000003 322.50000000000006 12.250000000000002
decision_type=8 8 2 8 10 10 2 2 10 10 10 2 10 2 8 2 2 2 10 10 10 2 10 10 10 2 2 2 10 2
left_child=2 4 3 -1 5 6 8 19 16 -10 -7 -4 -13 15 -15 -14 17 18 21 -8 -3 22 -2 -12 -16 26 27 -26 -28 -29
right_child=1 20 11 -5 -6 10 7 -9 9 -11 23 12 13 14 24 -17 -18 -19 -20 -21 -22 -23 -24 -25 25 -27 28 29 -30 -31
leaf_value=0.0049571531571183415 -0.12218934250541025 -0.0037780347761201937 -0.29818345459838708 0.11231015802186363 -0.1012601379324468 0.3222029206585722 -0.042464958245869863 0.027022324813664227 0.15417313604352245 -0.42431116302742139 -0.18770144060890687 0.010161278842602855 -0.27972822996828012 0.1203757609952656 -0.19903555161915618 0.0038613834876687746 0.0046420870032090984 -0.5056600609675459 -0.13334620475680253 0.084912197587592289 0.254083608765867 0.016232617919441451 -0.013979026349048808 0.32778702621666239 0.00059866203577257687 0.0056646101431095984 0.13945569517560216 -0.014908568923744099 -0.058570849899786025 -0.45190412002226549
leaf_weight=87 53 23 28 68 38 35 28 21 46 22 21 72 25 34 29 20 31 24 32 24 21 20 56 27 23 375 27 20 23 24
leaf_count=87 53 23 28 68 38 35 28 21 46 22 21 72 25 34 29 20 31 24 32 24 21 20 56 27 23 375 27 20 23 24
internal_value=-0.000283019 -0.00321224 0.00150701 0.00711538 -0.00425887 -0.00326531 -0.00511173 0.00364865 -0.00736842 0.000869565 0.00464286 0.000256776 0.000802377 -0.000199667 0.000701439 -0.011087 -0.00995392 -0.0117742 -0.00981481 -0.00226415 0.008 -0.00715385 -0.00954545 -0.00244898 -0.000172414 0.000486815 -0.00432203 -0.0110294 0.00470588 -0.0173333
internal_weight=1377 522 855 155 478 440 357 73 284 68 83 700 672 600 555 45 216 185 161 52 44 129 109 48 521 492 117 67 50 44
internal_count=1377 522 855 155 478 440 357 73 284 68 83 700 672 600 555 45 216 185 161 52 44 129 109 48 521 492 117 67 50 44
is_linear=0
shrinkage=0.03


Tree=161
num_leaves=31
num_cat=0
split_feature=0 4 5 17 22 21 1 9 7 23 8 19 11 23 10 24 11 3 8 0 2 23 3 21 17 21 14 6 9 8
split_gain=6.46702 9.99503 7.46298 5.98591 5.27696 4.65396 4.6746 8.25425 5.85663 5.64975 5.21254 5.08677 8.72813 9.87681 4.96749 6.70013 5.73575 7.55888 6.93182 5.04599 5.78153 6.68488 5.97298 6.1021 5.81924 6.5188 6.57468 5.37704 9.50881 6.41191
threshold=61.000000000000007 118.50000000000001 129.00000000000003 188.09500000000324 7.3500000000000005 42.20000000000001 301.50000000000006 179.63500000000002 299.16666666666669 24.050000000000004 323.50000000000006 0.76037701167087512 842.50000000000011 12.350000000000003 235.24500000000003 -0.0087262032186418287 76.500000000000014 292.50000000000006 240.92857142857147 280.50000000000006 179.50000000000003 15.750000000000002 148.50000000000003 32.050000000000004 152.50000000000233 34.550000000000004 73.500000000000014 183.50000000000003 65.715000000000018 280.50000000000006
decision_type=2 10 8 10 2 2 10 2 10 2 10 2 2 2 10 2 2 10 10 2 10 2 10 2 10 2 10 10 2 10
left_child=-1 2 3 4 -2 6 7 9 -8 14 -10 -12 13 -13 19 -16 17 18 -17 20 22 27 23 -3 -23 -26 -27 -22 -29 -30
right_child=1 5 -4 -5 -6 -7 8 -9 10 -11 11 12 -14 -15 15 16 -18 -19 -20 -21 21 24 -24 -25 25 26 -28 28 29 -31
leaf_value=-0.20862352388161298 0.017550299151906257 0.14855087580441675 0.1078318705421627 -0.31665775451060013 -0.037778338263345292 -0.076964734169847865 -0.22460291970903384 0.87575384828919645 0.0097903105536326501 -0.040063159360875886 -0.045887884576823974 0.016385834768798874 0.45294959856264655 -0.096314975920988671 0.049179631814740214 0.0048228364855600605 -0.0066211506739887226 -0.21532396349152549 0.1997251881295648 -0.21580844568492522 -0.11232791773286976 0.06331025292724192 -0.07307858032606851 -0.019411182735198904 -0.45601550340467384 0.12553881117988963 -0.19836934849132062 -0.0013862897888290604 0.28688384712674619 0.0053707289858965623
leaf_weight=30 60 22 26 21 25 28 40 20 102 30 153 111 55 97 41 25 31 22 28 35 40 40 88 37 27 21 27 37 46 21
leaf_count=30 60 22 26 21 25 28 40 20 102 30 153 111 55 97 41 25 31 22 28 35 40 40 88 37 27 21 27 37 46 21
internal_value=0 0.000309506 0.0081203 0.00448598 0.00802326 -0.000538776 -0.000250627 0.00150235 -0.00225403 0.000872375 -0.00138728 -0.0028777 -0.000340909 -0.00315789 0.00152801 0.00628378 0.00224299 0.00671053 0.0127778 -6.78733e-05 0.000884521 0.00357692 -0.00385135 0.0035 -0.00181034 -0.00671053 0 0.00786207 0.0114286 0.0180882
internal_weight=1386 1356 132 106 85 1224 1196 638 558 618 518 416 263 208 588 147 106 75 53 441 406 259 147 59 115 75 48 144 104 67
internal_count=1386 1356 132 106 85 1224 1196 638 558 618 518 416 263 208 588 147 106 75 53 441 406 259 147 59 115 75 48 144 104 67
is_linear=0
shrinkage=0.03


Tree=162
num_leaves=31
num_cat=0
split_feature=2 4 5 20 19 7 21 21 18 20 27 24 14 9 3 3 4 1 1 12 21 16 21 21 9 21 21 4 24 1
split_gain=7.35364 9.26368 7.11571 9.94678 7.2707 5.48698 4.66197 4.89906 7.04742 5.39146 8.0344 4.96525 5.49276 5.02095 4.66471 5.58718 5.30796 5.52184 8.49235 6.71592 8.72675 6.54607 6.53206 9.04498 7.31412 8.41861 7.60421 5.72846 6.06238 5.13144
threshold=80.500000000000014 136.50000000000003 111.50000000000001 26.250000000000004 -0.72534675097891077 124.16666666666667 18.000000000000004 35.95000000000001 13.15 29.650000000000002 0.8500000000000002 0.98624804680367306 43.500000000000007 102.09500000000001 161.50000000000003 131.50000000000003 183.50000000000003 301.50000000000006 284.50000000000006 7.5000000000000009 34.750000000000007 159.50000000000003 34.650000000000013 32.050000000000004 293.61000000000007 23.950000000000003 29.450000000000003 266.50000000000006 0.84335933205092506 223.50000000000003
decision_type=10 10 8 2 2 10 2 2 2 2 2 2 10 2 10 10 10 10 10 10 2 10 2 2 2 2 2 10 2 10
left_child=-1 2 4 -4 -2 -6 -3 14 -9 10 11 12 -10 -14 15 -8 -16 18 19 -18 21 -21 23 24 26 -26 -19 29 -29 -23
right_child=1 6 3 -5 5 -7 7 8 9 -11 -12 -13 13 -15 16 -17 17 22 -20 20 -22 27 -24 -25 25 -27 -28 28 -30 -31
leaf_value=-0.15833059440105718 -0.42222275713048163 0.10406862036748578 0.13394545215153983 -0.098038820126089873 0.010422855263165047 -0.16360816225900243 -0.0036497625870904925 0.091998155196398271 -0.032012060442418715 -0.28597419897042214 0.046197001497029364 0.12177264684449368 0.010444910910883037 -0.019884007453118784 -0.08400952966847483 0.14880129461751634 -0.21045198028400933 -0.017352863757897692 0.34831805677956851 0.13225808943544889 -0.023518644650209808 0.054746167560851544 -0.20286280968848103 0.36449826343646291 -0.087373799690216733 0.461961300708009 -0.16764836367495944 0.15049806410850464 0.0062281809385656573 -0.48122307155272864
leaf_weight=46 22 22 51 22 40 22 23 42 39 22 52 35 66 41 65 27 74 313 42 36 21 22 20 36 20 31 31 21 46 30
leaf_count=46 22 22 51 22 40 22 23 42 39 22 52 35 66 41 65 27 74 313 42 36 21 22 20 36 20 31 31 21 46 30
internal_value=0.000173787 0.00058427 0.00740506 0.0141892 0.00141176 0.00666667 -0.00033107 -0.000596886 0.00271812 0.000820312 0.00217949 -0.000824176 -0.00326531 0.000277778 -0.00174622 0.00705882 -0.00229913 -0.00157258 0.00163823 -0.000478088 0.00271186 0.00519231 -0.00365044 -0.00284722 -0.00416667 0.00634615 -0.00573913 0.00175 0.0075 -0.00566038
internal_weight=1380 1334 157 73 84 62 1177 1155 297 255 233 181 146 107 858 50 808 743 292 250 176 155 451 431 395 51 344 119 67 52
internal_count=1380 1334 157 73 84 62 1177 1155 297 255 233 181 146 107 858 50 808 743 292 250 176 155 451 431 395 51 344 119 67 52
is_linear=0
shrinkage=0.03


Tree=163
num_leaves=31
num_cat=0
split_feature=18 25 8 5 5 10 10 17 15 29 15 7 25 3 18 3 12 20 24 15 9 28 1 4 8 9 0 0 0 14
split_gain=7.10496 8.66276 7.33337 6.89427 7.79092 6.93893 6.02456 5.25254 8.99266 7.56187 7.18503 6.72407 7.03119 7.16691 6.34912 8.96788 5.05145 4.9131 5.64719 4.77482 4.74019 4.76582 4.69223 7.48245 8.51857 7.13368 4.7577 5.30394 6.10326 6.09666
threshold=17.850000000000005 26.350000000000005 103.35714285714288 307.50000000000006 288.50000000000006 189.29500000000004 94.64500000000001 27477.845000000005 2663.5000000000005 0.39629089145655322 7494.5000000000009 359.50000000000006 6.8500000000000005 384.50000000000006 11.550000000000002 365.50000000000006 57.500000000000007 26.350000000000005 -0.83385407025023273 96.500000000000014 149.24500000000003 0.82414472752956958 95.500000000000014 140.50000000000003 146.78571428571431 47.090000000000011 131.50000000000003 192.50000000000003 207.50000000000003 15.500000000000002
decision_type=2 2 8 10 8 10 8 8 10 2 10 10 2 8 2 10 10 2 2 10 2 2 10 10 10 2 2 2 2 10
left_child=1 7 -2 4 5 6 -4 8 11 -10 -9 12 -1 22 15 -13 -16 -3 -19 -20 21 -5 -14 24 25 -24 -25 -28 -29 -30
right_child=2 17 3 20 -6 -7 -8 10 9 -11 -12 14 13 -15 16 -17 -18 18 19 -21 -22 -23 23 26 -26 -27 27 28 29 -31
leaf_value=0.21410914456329122 -0.2860563536866263 -0.00029358251797447112 0.0091438486501178307 -0.26395398261642411 0.11036825152606695 0.012834171083298714 -0.23025249636138481 -0.11207905196920705 0.35715526646028251 0.0096987869383195861 0.011854239193422416 -0.16935642356202776 -0.15773903617228568 0.040594479641504505 -0.067364746649395499 0.31180025019066876 -0.18452043496084428 0.0025098903855732147 0.11567658169311962 0.025819623936505848 0.0072767812485159305 -0.033906727382292272 0.053784549903462701 -0.095209162030050865 0.11417886277725812 -0.0202741047096535 0.023594270156634421 -0.17749005438571047 0.023189415844389175 -0.0097617819725684275
leaf_weight=21 25 48 25 49 23 111 54 38 21 23 36 41 30 26 38 75 34 32 31 24 31 32 22 26 23 37 71 26 92 240
leaf_count=21 25 48 25 49 23 111 54 38 21 23 36 41 30 26 38 75 34 32 31 24 31 32 22 26 23 37 71 26 92 240
internal_value=-0.000576102 0.000653409 -0.0042735 -0.00303681 0.000140187 -0.00188482 -0.008625 -0.000390879 0.000283353 0.0133333 -0.008 -0.000448319 0.00107317 0.000454545 -0.00539683 -0.00102564 -0.0123288 0.00772059 0.0119318 0.0176786 -0.00902655 -0.0128049 -0.000264085 0.000390335 0.0086747 0.0025 -0.00111842 -0.000348837 -0.00183844 -0.000720721
internal_weight=1405 1055 350 325 213 190 79 920 846 44 74 802 614 593 188 116 72 135 87 55 112 81 567 537 82 59 455 429 358 332
internal_count=1405 1055 350 325 213 190 79 920 846 44 74 802 614 593 188 116 72 135 87 55 112 81 567 537 82 59 455 429 358 332
is_linear=0
shrinkage=0.03


Tree=164
num_leaves=31
num_cat=0
split_feature=9 7 17 18 28 27 23 3 19 18 4 0 5 28 10 17 2 2 17 17 7 4 23 4 18 3 6 6 6 19
split_gain=6.65008 10.0178 6.91584 6.38018 4.80946 5.18219 10.5168 11.9971 9.80416 7.73285 7.66402 6.82035 4.7316 4.70939 4.76241 4.0663 7.70636 7.10423 6.42433 6.67356 4.60616 4.43922 6.50788 5.37198 4.69977 4.35412 3.60395 6.95806 4.99348 6.7724
threshold=23.765000000000004 106.83333333333336 15.365000000001766 17.050000000000004 -0.99866806308218525 1.7500000000000002 16.350000000000005 126.50000000000001 -0.83385407025023273 14.15 118.50000000000001 227.50000000000003 106.50000000000001 -0.98523971305672675 522.61000000000013 27477.845000000005 468.50000000000006 437.50000000000006 18579.475000000006 11164.430000000006 330.83333333333343 181.50000000000003 15.250000000000002 163.50000000000003 17.250000000000004 165.50000000000003 179.50000000000003 163.50000000000003 220.50000000000003 0.77159520228797451
decision_type=2 8 10 2 2 2 2 10 2 2 10 2 10 2 10 10 10 10 10 10 10 10 2 10 2 10 10 10 10 2
left_child=-1 2 -2 -4 -3 10 7 -7 -8 11 12 -9 -6 -12 15 16 18 20 19 21 -17 22 23 -15 -24 -23 27 -27 29 -28
right_child=1 4 3 -5 5 6 8 9 -10 -11 13 -13 -14 14 -16 17 -18 -19 -20 -21 -22 25 24 -25 -26 26 28 -29 -30 -31
leaf_value=-0.36330426875894312 -0.026853358297726615 -0.42084563742228126 0.11111635930099695 0.012033982373551452 0.0014145028022124961 -0.27738580801944146 -0.45134790695476085 0.081731048235565137 -0.0011140274260127113 0.097403426436926274 0.088920924590589853 -0.29593834605274538 0.13683466347783535 -0.014441636980780003 1.1032416335642017 0.0061556651464366036 -0.19125920775866603 0.32972027177459695 0.3074223396073148 -0.036231312505818208 -0.27801392951800918 0.04190749378893855 0.023477321534459462 -0.16159496895207709 -0.15551393681575126 0.087691063326478649 0.0019667731820103996 -0.39186852716672771 0.0029727350638205506 0.12821726613870738
leaf_weight=22 26 20 35 23 20 22 39 32 36 42 28 23 21 22 20 20 36 22 39 37 40 21 28 22 22 20 36 22 555 37
leaf_count=22 26 20 35 23 20 22 39 32 36 42 28 23 21 22 20 20 36 22 39 37 40 21 28 22 22 20 36 22 555 37
internal_value=0.000345572 0.000614484 0.0105882 0.0162712 -4.67654e-05 0.000190024 -0.00430769 0.00125 -0.0130263 0.00581633 0.00101029 -0.00160714 0.0135714 0.000496109 0.00015 -0.000153061 0.000434298 -0.00650602 0.00100928 0.000437424 -0.0118033 0.00103053 -0.00505263 -0.0133333 0.00235294 0.00186416 0.0014307 -0.00697674 0.00200318 0.00932432
internal_weight=1388 1366 84 58 1282 1262 194 119 75 97 1068 55 41 1027 999 979 897 82 861 822 60 785 94 44 50 691 670 42 628 73
internal_count=1388 1366 84 58 1282 1262 194 119 75 97 1068 55 41 1027 999 979 897 82 861 822 60 785 94 44 50 691 670 42 628 73
is_linear=0
shrinkage=0.03


Tree=165
num_leaves=31
num_cat=0
split_feature=0 7 0 20 1 19 26 1 23 22 1 0 22 23 13 6 24 19 23 29 15 13 23 23 13 6 6 13 15 21
split_gain=9.30136 6.22384 6.28029 5.47398 5.46946 5.96659 5.59476 7.94312 5.22338 5.66081 3.93026 6.55596 4.11311 8.49867 8.09806 10.8452 6.80111 5.85379 5.84749 5.72021 5.53303 5.39847 6.11186 6.22655 5.4972 5.48283 7.86398 5.13393 5.05008 5.25284
threshold=61.000000000000007 106.83333333333336 526.00000000000011 29.650000000000002 431.50000000000006 -0.53727914962411594 22.550000000000004 466.00000000000006 12.15 1.9500000000000002 415.50000000000006 434.00000000000006 1.9500000000000002 18.350000000000005 12.500000000000002 247.50000000000003 0.71322329076259949 0.89490028524376763 15.350000000000003 -0.82413948779581736 13.500000000000002 17.500000000000004 13.350000000000003 19.250000000000004 15.500000000000002 397.50000000000006 279.50000000000006 1.5000000000000002 1606.0000000000002 36.95000000000001
decision_type=2 8 2 2 8 2 2 10 2 2 10 2 2 2 10 10 2 2 2 2 10 10 2 2 10 10 10 10 10 2
left_child=-1 8 3 4 10 -6 -7 -8 -2 -10 11 12 14 16 15 18 19 -17 20 27 -3 24 -23 25 -16 26 28 -14 29 -24
right_child=1 2 -4 -5 5 6 7 -9 9 -11 -12 -13 13 -15 21 17 -18 -19 -20 -21 -22 22 23 -25 -26 -27 -28 -29 -30 -31
leaf_value=-0.25783406793158786 0.16376514017785196 -0.010760028412472734 1.0701443845572771 -0.43780746974611784 -0.53391357185230337 -0.15600479023948793 0.50552346933993642 -0.083313122076855844 -0.035570361595829637 0.061733411571216548 0.46078432128656116 -0.41512260289813296 0.11966751356131723 -0.35701050673433116 -0.014760087829617418 0.01349315465505299 0.10540032038947991 -0.0071199288580385198 0.29080143623163007 -0.16990705140910761 0.055930770325921482 0.01631869166922115 -0.2588024117233701 0.0076571241089531837 -0.24497588363896738 -0.034925742024928749 0.0069692957591473712 -0.13626909292815553 -0.024608478385303272 0.085681619116894578
leaf_weight=28 22 26 22 21 21 24 27 26 22 33 27 27 20 36 42 30 40 61 62 49 28 271 56 116 24 28 113 27 22 33
leaf_count=28 22 26 22 21 21 24 27 26 22 33 27 27 20 36 42 30 40 61 62 49 28 271 56 116 24 28 113 27 22 33
internal_value=0.000259928 0.000619013 0.000117187 -0.000166932 9.70089e-05 -0.00666667 -0.00269231 0.00277778 0.00884615 0.00375 0.000684811 0.000404676 0.000774194 -0.00346821 0.00157722 0.00677885 0 -0.000978261 0.0128205 -0.0043299 0.00545455 4.24929e-05 0.000890625 -0.00162602 -0.0080597 -0.00426877 -0.00266667 0.003125 -0.00830357 -0.005
internal_weight=1384 1356 1279 1257 1236 98 77 53 77 55 1138 1111 1084 172 912 207 136 91 116 96 54 705 639 368 66 252 224 47 111 89
internal_count=1384 1356 1279 1257 1236 98 77 53 77 55 1138 1111 1084 172 912 207 136 91 116 96 54 705 639 368 66 252 224 47 111 89
is_linear=0
shrinkage=0.03


Tree=166
num_leaves=31
num_cat=0
split_feature=0 1 10 9 24 2 3 25 23 3 24 19 3 1 10 6 5 19 0 5 11 4 5 0 6 9 16 12 15 14
split_gain=9.54877 6.33331 8.33176 11.9725 6.89075 6.12234 8.3845 6.40033 5.32354 7.74457 6.7713 5.29031 5.24465 5.22741 4.51129 6.10902 5.93776 8.94345 7.66099 6.74853 6.09797 6.01161 5.83492 5.54168 5.44347 6.85123 5.55709 6.37581 7.84878 6.05882
threshold=61.000000000000007 204.50000000000003 95.870000000000019 62.230000000000011 0.99687937417578498 228.50000000000003 153.50000000000003 26.550000000000004 12.15 88.500000000000014 0.87032255546191728 -0.74892720285008296 247.50000000000003 191.50000000000003 515.56500000000017 514.50000000000011 379.50000000000006 -0.30896992958994679 451.50000000000006 419.50000000000006 72.500000000000014 396.50000000000006 468.50000000000006 366.50000000000006 406.50000000000006 224.32000000000002 149.50000000000003 20.500000000000004 41.500000000000007 4.5000000000000009
decision_type=2 8 8 2 2 10 10 2 2 10 2 2 10 10 10 10 8 2 2 10 2 10 10 2 10 2 10 10 10 10
left_child=-1 4 -3 12 5 6 8 13 11 -10 -11 -2 -4 -8 15 16 18 21 24 20 -19 -18 23 -21 25 26 27 28 29 -5
right_child=1 2 3 14 -6 -7 7 -9 9 10 -12 -13 -14 -15 -16 -17 17 19 -20 22 -22 -23 -24 -25 -26 -27 -28 -29 -30 -31
leaf_value=-0.25393220986317827 0.0039626392620139934 0.2434490938334366 -0.59342822363128789 -0.23023977710670321 0.078808391649332704 0.051904884338193541 -0.13284268140955702 0.015266510904122298 -0.096204837094503823 0.029600193359897845 -0.017998719955724028 0.10615889623952852 -0.0061131483904864579 0.063489501490277003 0.98989400553603446 -0.18243575380431779 0.0051074555652229486 0.0046911699980330462 -0.36117535490650737 0.33966949955901637 0.38403842398083837 -0.37139493587945765 0.23458213597803421 -0.12274682360586013 -0.032112411115701886 0.58806364971598379 -0.0077921420443422557 0.42560259286640417 -0.29729659388732288 0.14559100781095366
leaf_weight=29 26 23 37 21 20 48 92 38 23 75 29 33 25 20 31 20 20 36 20 22 35 20 28 38 25 29 442 22 28 45
leaf_count=29 26 23 37 21 20 48 92 38 23 75 29 33 25 20 31 20 20 36 20 22 35 20 28 38 25 29 442 22 28 45
internal_value=-0.000256959 0.000109329 -0.00120868 -0.00165079 0.00325926 0.00233766 0.000890208 -0.00437086 0.00513369 0.00164062 0.00514286 0.0125 -0.0142857 -0.0079646 -0.000747452 -0.00116197 -0.000757212 0.00375 -0.00218009 0.0069375 0.01375 -0.00878049 0.00134831 -0.00393443 -0.00156607 -0.000969388 -0.00171735 0.00410256 0.000631579 0.00626866
internal_weight=1400 1371 967 944 404 384 336 150 186 127 104 59 62 112 882 851 831 199 632 159 71 40 88 60 612 587 558 116 94 66
internal_count=1400 1371 967 944 404 384 336 150 186 127 104 59 62 112 882 851 831 199 632 159 71 40 88 60 612 587 558 116 94 66
is_linear=0
shrinkage=0.03


Tree=167
num_leaves=31
num_cat=0
split_feature=0 4 29 5 16 5 16 3 1 8 2 6 21 16 1 1 7 8 1 10 0 19 13 11 6 9 21 2 25 29
split_gain=9.76554 9.07839 7.45342 9.47909 6.58434 5.47348 4.92234 7.65463 10.0681 5.42614 6.25973 6.62781 8.01759 5.77098 4.7378 6.12262 5.80856 6.87486 4.72884 4.61614 7.45149 5.64693 4.13116 8.84219 4.3868 5.21502 4.72448 5.66615 5.08074 4.45887
threshold=49.335000000000008 118.50000000000001 -0.97874870457683594 111.50000000000001 14752.000000000002 431.50000000000006 6265.0000000000009 339.00000000000006 330.50000000000006 389.4285714285715 389.50000000000006 397.50000000000006 22.150000000000002 4592.0000000000009 390.50000000000006 425.50000000000006 359.83333333333343 368.78571428571433 357.50000000000006 126.16000000000001 100.50000000000001 0.64942331933852337 470.50000000000006 326.50000000000006 136.50000000000003 48.015000000000008 20.650000000000002 357.50000000000006 7.2500000000000009 0.85561368268953431
decision_type=2 8 2 10 10 10 8 10 8 10 10 10 2 10 10 10 10 10 10 8 2 2 10 2 10 2 2 10 2 2
left_child=-1 2 -2 19 6 -6 9 8 -8 13 -11 -12 -13 14 16 -16 18 -18 22 20 -4 -21 23 24 25 -3 28 29 -26 -28
right_child=1 4 3 -5 5 -7 7 -9 -10 10 11 12 -14 -15 15 -17 17 -19 -20 21 -22 -23 -24 -25 26 -27 27 -29 -30 -31
leaf_value=-0.24248107959774479 -0.23177407942678821 0.027335280126252002 0.012037362068645904 0.12596837314802414 -0.33045311780667419 0.0190816594729975 0.069282710068308689 0.34385005347132502 -0.43784640098016664 -0.26184785923199572 -0.19445104069386587 -0.036381640444597567 0.26909869070846865 -0.11692343584412214 0.29794387293034957 -0.19890114985088872 -0.16056556553364429 0.14945561324184409 0.025530151289574973 0.12422578179713901 -0.28475953353341382 0.0031259155732510633 -0.031839524622578635 0.2151809880374651 0.052151274733192282 -0.26224941912519895 0.0022343488198239923 0.19627689701643761 -0.0528282849649193 0.11902509122974719
leaf_weight=20 20 20 22 30 23 20 29 59 21 28 30 29 26 31 39 21 42 20 31 21 20 21 26 23 23 48 554 31 35 23
leaf_count=20 20 20 22 30 23 20 29 59 21 28 30 29 26 31 39 21 42 20 31 21 20 21 26 23 23 48 554 31 35 23
internal_value=0.000302812 0.000614484 0.008 0.0109565 -0.000194647 -0.0115909 0.000226891 0.00627273 -0.00235294 -0.000388529 -0.00657895 -0.00244186 0.00375 0.000340909 0.00076841 0.00885246 0.000205245 -0.00857143 0.000883436 0.00564706 -0.00139535 0.0125581 0.000420918 0.000831135 0.000244898 -0.00695652 0.000989505 0.0017734 -0.00711864 0.00108997
internal_weight=1386 1366 134 114 1232 43 1189 109 50 1080 113 85 55 967 936 60 876 62 814 84 42 42 783 757 734 68 666 608 58 577
internal_count=1386 1366 134 114 1232 43 1189 109 50 1080 113 85 55 967 936 60 876 62 814 84 42 42 783 757 734 68 666 608 58 577
is_linear=0
shrinkage=0.03


Tree=168
num_leaves=31
num_cat=0
split_feature=11 15 8 18 0 6 0 2 24 9 10 11 0 18 23 26 28 5 28 28 26 6 29 5 5 11 23 21 5 27
split_gain=6.74676 7.18828 11.0883 8.85349 7.56209 6.14982 6.11855 6.11225 7.29418 6.41568 5.50297 9.91087 5.27323 5.02147 5.2403 5.57908 5.555 4.68514 8.32932 10.3062 7.38979 7.67471 7.67866 6.51567 8.20823 6.13587 6.10768 7.3876 5.94776 6.56884
threshold=50.500000000000007 2497.5000000000005 417.71428571428578 8.9500000000000011 466.00000000000006 297.50000000000006 284.50000000000006 326.50000000000006 -0.33379414889141251 175.52500000000003 176.11000000000004 167.50000000000003 61.000000000000007 9.8500000000000032 21.550000000000004 22.150000000000002 0.68432406471780916 183.50000000000003 -0.19337636264337835 0.022575936829235418 30.150000000000002 88.500000000000014 -0.96234030595689413 231.50000000000003 244.50000000000003 3.5000000000000004 17.950000000000003 32.45000000000001 140.50000000000003 5.0500000000000007
decision_type=2 10 10 2 2 10 2 10 2 2 10 2 2 2 2 2 2 8 2 2 2 10 2 10 10 2 2 2 10 2
left_child=12 2 3 -2 7 6 10 -3 -9 -10 -5 -12 -1 -7 15 -15 -17 20 -19 -20 -14 -22 25 26 -25 -23 27 -21 29 -24
right_child=1 4 -4 5 -6 13 -8 8 9 -11 11 -13 17 14 -16 16 -18 18 19 23 21 22 28 24 -26 -27 -28 -29 -30 -31
leaf_value=-0.17431677821365327 0.3336114342844263 0.067436697414153743 -0.42792022831293874 -0.21639438437108169 1.02078294897363 -0.10434963758519841 -0.10685333219237293 -0.35873650793294753 0.32692712206267172 -0.034144400815726499 0.04812293943998696 -0.12522852370644785 -0.021591455382435641 -0.024505661308636489 -0.052942870370353036 0.093380228032744123 -0.049263093826597243 -0.11177458010544399 0.24750755531908736 -0.21119567126037167 -0.12460248456124993 0.046531553766258539 0.10435194387050473 0.039617418055145209 0.0023698676087570902 -0.10053838598217936 -0.20133938402386745 0.20563115000636542 0.11910276507385774 -0.030172358645925924
leaf_weight=29 21 36 28 42 28 20 79 26 31 29 51 29 47 30 21 74 32 106 26 31 40 22 63 27 311 23 24 21 48 22
leaf_count=29 21 36 28 42 28 20 79 26 31 29 51 29 47 30 21 74 32 106 26 31 40 22 63 27 311 23 24 21 48 22
internal_value=-0.000359661 -0.00285467 -0.00483645 -0.003525 0.00278146 -0.00459103 -0.00816832 -0.000487805 -0.00482759 0.000983607 -0.00390244 0.000740741 0.00135553 -0.000505618 0.00132911 0.00350365 0.00672897 0.00181034 0.000219378 0.00204082 0.00507519 0.00739726 0.0100559 0.00086747 0.00265487 -0.000652174 -0.00701299 -0.00113208 0.0136567 0.00872093
internal_weight=1417 577 427 399 150 378 201 122 86 60 122 80 840 177 157 136 106 811 546 440 265 218 178 414 338 45 76 52 133 85
internal_count=1417 577 427 399 150 378 201 122 86 60 122 80 840 177 157 136 106 811 546 440 265 218 178 414 338 45 76 52 133 85
is_linear=0
shrinkage=0.03


Tree=169
num_leaves=31
num_cat=0
split_feature=10 10 2 6 4 10 6 18 28 1 10 21 20 20 25 26 18 2 2 21 21 12 1 6 8 7 19 8 18 7
split_gain=8.6296 5.68967 7.5058 8.15078 8.1968 6.47461 6.39219 9.06159 6.09268 5.85253 5.17833 4.52521 4.23722 5.23417 8.30347 11.8108 11.0959 7.4029 8.48891 6.46387 5.00868 5.04752 8.47207 7.25381 6.18678 5.95647 4.4994 4.28878 4.11375 5.04792
threshold=70.040000000000006 77.140000000000001 126.50000000000001 145.00000000000003 142.50000000000003 159.60000000000002 114.50000000000001 16.050000000000004 -0.9905448150984083 102.50000000000001 522.61000000000013 32.850000000000001 29.450000000000003 27.050000000000004 25.550000000000004 38.45000000000001 15.550000000000002 175.50000000000003 223.50000000000003 36.550000000000004 18.350000000000005 15.500000000000002 298.50000000000006 317.50000000000006 256.9285714285715 305.83333333333343 -0.91702515554752051 250.07142857142858 16.050000000000004 216.83333333333334
decision_type=8 10 8 8 8 10 10 2 2 10 10 2 2 2 2 2 2 10 10 2 2 10 10 8 10 10 2 10 2 10
left_child=-1 6 5 -4 -5 9 7 -2 -6 -3 12 -11 13 14 15 17 -16 -10 28 20 -20 23 27 24 -22 -24 -15 -23 29 -19
right_child=1 2 3 4 8 -7 -8 -9 10 11 -12 -13 -14 26 16 -17 -18 18 19 -21 21 22 25 -25 -26 -27 -28 -29 -30 -31
leaf_value=0.037237190464070126 0.014542683395995936 0.0067393248307269001 -0.19898208799250439 0.063305705895422906 0.091457851594730924 -0.01175470242552052 -0.33727086560525543 -0.34075853185946225 -0.098869353457588571 0.15054432611968904 1.0252933420856039 0.006746321149216996 -0.28639898670841429 -0.015749352222587873 -0.0012700211020568019 0.27557221565391044 -0.13079119605787212 -0.096453291638169819 0.20400236764569626 -0.25774145061365261 -0.72640042171493058 -0.00077168127173024451 -0.28450715255597175 -0.073460563794834857 0.026366201463145271 -0.0059013933115284085 0.095935965601033207 0.10122577217595903 0.045248198693462881 0.12916213483877753
leaf_weight=48 24 33 74 32 21 34 20 20 36 22 27 20 23 20 64 51 49 22 31 38 20 37 21 46 42 364 59 61 29 34
leaf_count=48 24 33 74 32 21 34 20 20 36 22 27 20 23 20 64 51 49 22 31 38 20 37 21 46 42 364 59 61 29 34
internal_value=-0.000126493 -0.000567273 -0.0001373 -0.000823627 -0.00018617 0.00736364 -0.00923077 -0.00266667 -0.000629562 0.0122368 -0.000948837 0.0195349 -0.00128817 -0.000995122 -0.00161734 -0.00057623 -0.00921053 -0.00149616 -0.000844504 -0.00199697 -0.00125201 -0.001875 -0.000557851 -0.00770642 -0.000952381 -0.00256477 0.006375 0.00727273 0.00802326 0.00315789
internal_weight=1422 1374 1310 1201 1127 109 64 44 1095 75 1074 42 1047 1024 945 832 113 781 745 660 622 591 483 108 62 385 79 98 85 56
internal_count=1422 1374 1310 1201 1127 109 64 44 1095 75 1074 42 1047 1024 945 832 113 781 745 660 622 591 483 108 62 385 79 98 85 56
is_linear=0
shrinkage=0.03


Tree=170
num_leaves=31
num_cat=0
split_feature=10 9 3 19 6 9 11 21 26 7 20 11 9 0 26 23 7 28 5 15 16 10 0 0 17 25 6 10 10 13
split_gain=7.48181 13.2051 7.07752 10.2228 8.92828 6.2083 8.17482 6.56565 6.50614 9.80006 5.85218 5.68124 5.74949 14.051 8.86526 7.82871 6.24138 5.57117 7.58492 9.12836 5.11472 4.52692 12.3874 4.28514 4.77381 5.45795 4.44609 4.26547 7.90206 8.93709
threshold=95.870000000000019 30.025000000000002 163.50000000000003 -0.7933231318270072 90.500000000000014 53.025000000000006 8.5000000000000018 42.550000000000004 28.450000000000003 448.66666666666669 15.750000000000002 52.500000000000007 119.32000000000001 319.50000000000006 22.550000000000004 12.050000000000002 361.50000000000006 -0.18492532721306487 165.50000000000003 7.5000000000000009 149.50000000000003 234.66000000000003 167.50000000000003 269.50000000000006 2030.2700000000002 8.7500000000000018 362.50000000000006 313.78500000000003 208.405 12.500000000000002
decision_type=8 2 8 2 8 2 2 2 2 10 2 2 2 2 2 2 10 2 10 10 10 10 2 2 10 2 10 10 10 10
left_child=17 -2 3 -3 -5 6 -4 8 10 27 11 12 20 -14 15 -15 -17 18 19 -1 -7 22 -6 -13 25 26 -25 28 -10 -30
right_child=1 2 5 4 21 7 -8 -9 9 -11 -12 23 13 14 -16 16 -18 -19 -20 -21 -22 -23 -24 24 -26 -27 -28 -29 29 -31
leaf_value=0.033112707637853733 -0.25993800152454755 -0.2024906412509157 0.044771123917955007 -0.032920745867392326 0.13246248938383728 0.0029497195993184277 -0.38992487870098186 -0.054232663227272722 0.028322320347564298 0.89824244685398291 -0.13606013630955119 0.0050122799444517335 0.24287329460847187 -0.10230456541436068 0.12381895699470248 0.016060903043332929 -0.032079724972281835 0.16039349573459802 -0.41521576628075163 -0.0089347687218695876 -0.19827901027305911 0.16851880126204463 -0.0082419067820387673 0.025676458389493746 3.4192023357491052e-05 -0.21223896557101909 -0.040663736721301684 0.041986266489949173 0.52746372819078879 -0.021465950501312392
leaf_weight=37 21 38 24 34 44 23 29 25 187 23 40 21 44 52 53 21 28 38 23 30 32 27 29 21 45 57 21 116 25 186
leaf_count=37 21 38 24 34 44 23 29 25 187 23 40 21 44 52 53 21 28 38 23 30 32 27 29 21 45 57 21 116 25 186
internal_value=0.00055914 -0.000142068 0.000264848 0.00589595 0.00977778 -0.000642458 -0.0105556 -0.000117532 0.000271084 0.00250929 -0.00235294 -0.00128878 0.00153543 0.0039196 -0.000387097 -0.00558824 0.003 0.00744186 0.0032967 0.00838235 -0.00696429 0.0142574 0.0101351 -0.00560241 -0.00744828 -0.0111 -0.0027907 0.00163107 0.000150376 -0.00382075
internal_weight=1394 1266 1245 172 134 1073 53 1020 995 537 458 418 253 198 154 101 49 128 90 67 55 100 73 165 144 99 42 514 398 211
internal_count=1394 1266 1245 172 134 1073 53 1020 995 537 458 418 253 198 154 101 49 128 90 67 55 100 73 165 144 99 42 514 398 211
is_linear=0
shrinkage=0.03


Tree=171
num_leaves=31
num_cat=0
split_feature=4 16 2 18 13 14 3 4 16 18 22 18 26 25 0 8 14 27 27 1 22 14 25 21 6 29 18 19 11 22
split_gain=5.42832 7.17799 5.77959 6.85564 4.62605 4.57131 9.88884 9.82304 6.95369 10.0025 7.02942 5.91403 5.47421 8.31746 4.63208 7.48947 5.76898 5.91611 6.44755 5.46689 5.37665 4.50531 6.85062 5.98085 4.93381 7.4942 6.96485 8.42216 11.1941 8.00129
threshold=526.00000000000011 17224.000000000004 463.50000000000006 12.450000000000001 1767.5000000000002 65.500000000000014 397.50000000000006 349.50000000000006 517.50000000000011 14.550000000000002 1.0000000180025095e-35 15.950000000000001 40.45000000000001 23.450000000000003 85.200000000000017 116.53571428571429 32.500000000000007 1.1500000000000001 0.15000000000000005 90.500000000000014 2.1500000000000008 23.500000000000004 17.950000000000003 34.95000000000001 349.50000000000006 -0.12545862287572049 14.65 -0.7603770116708749 9.5000000000000018 8.2500000000000018
decision_type=10 10 8 2 10 10 10 10 10 2 2 2 2 2 2 8 10 2 2 10 2 10 2 2 10 2 2 2 2 2
left_child=1 2 4 -4 5 14 7 8 10 -10 -7 -8 13 -11 -1 19 21 18 -18 -16 -21 24 -23 -24 25 26 29 -28 -29 -17
right_child=-2 -3 3 -5 -6 6 11 -9 9 12 -12 -13 -14 -15 15 16 17 -19 -20 20 -22 22 23 -25 -26 -27 27 28 -30 -31
leaf_value=-0.079502784223851319 0.30241442029793913 -0.34418779843853881 0.011421322488859005 -0.25116853176556386 0.22368373510310391 -0.25190860094908429 0.40375280653426499 -0.098614557069377606 0.11120354043344263 0.043791494454866325 0.018021528931099765 -0.025588347255641394 0.011962023051028154 -0.2897420285304807 -0.010157674304420255 -0.091305514559477094 0.011270305215205667 -0.0061630966766352911 0.071469445782998381 0.074899431783498185 0.0075002881646422277 0.0012741683510944313 -0.42003935626310906 -0.0099895135362504557 -0.011921852400600983 0.041718552961977191 -0.070801971660995305 0.21091206561358433 -0.0018094693703000074 0.079045527717180444
leaf_weight=48 21 31 25 23 23 31 31 80 88 23 20 20 39 39 25 83 157 29 24 28 31 56 21 26 69 138 42 43 39 27
leaf_count=48 21 31 25 23 23 31 31 80 88 23 20 20 39 39 25 83 157 29 24 28 31 56 21 26 69 138 42 43 39 27
internal_value=0.000217234 -2.20588e-05 0.000316027 -0.00979592 0.000702576 0.0004531 -0.00233871 -0.00429907 -0.00124481 0.00142105 -0.0109615 0.00980769 -0.005 -0.0104762 0.00162345 0.00214541 0.00119205 0.00540284 0.00741758 0.0105882 0.0155 -0.000440367 -0.00605769 -0.014375 0.000882353 0.00225201 -0.00102128 0.00384 0.00939759 -0.00648649
internal_weight=1380 1359 1328 48 1280 1257 371 320 240 189 51 51 101 62 886 838 754 210 181 84 59 544 103 47 441 372 234 124 82 110
internal_count=1380 1359 1328 48 1280 1257 371 320 240 189 51 51 101 62 886 838 754 210 181 84 59 544 103 47 441 372 234 124 82 110
is_linear=0
shrinkage=0.03


Tree=172
num_leaves=31
num_cat=0
split_feature=0 4 23 5 10 11 13 24 10 17 14 12 14 3 13 5 5 24 14 14 6 3 1 26 23 11 13 3 19 10
split_gain=7.36583 9.88049 9.54685 7.95274 7.79953 5.36161 6.92309 7.91765 6.01312 11.0294 6.37397 8.19126 7.53499 5.91963 8.65086 6.25663 5.63525 6.10631 6.58525 5.71427 6.05759 6.45837 5.62039 6.7623 4.76059 5.58655 5.49253 4.74457 4.7231 4.50207
threshold=80.500000000000014 118.50000000000001 16.450000000000003 122.50000000000001 62.435000000000009 56.500000000000007 90.500000000000014 -0.96811077628253217 217.94500000000002 856.90000000000202 45.500000000000007 11.500000000000002 14.500000000000002 208.50000000000003 68.500000000000014 181.50000000000003 230.50000000000003 0.76037701167087512 29.500000000000004 56.500000000000007 390.50000000000006 314.50000000000006 314.50000000000006 33.050000000000004 11.550000000000002 78.500000000000014 57.500000000000007 357.50000000000006 0.90255091666790854 85.785000000000011
decision_type=2 8 2 10 8 2 10 2 10 8 8 10 10 10 8 10 8 2 10 10 8 10 10 2 2 2 10 10 2 8
left_child=2 3 -1 29 -3 8 24 -8 10 13 12 -12 -6 15 16 -10 -15 18 -18 20 21 -19 23 -14 26 -26 -7 -23 -27 -2
right_child=1 4 -4 -5 5 6 7 -9 9 -11 11 -13 22 14 -16 -17 17 19 -20 -21 -22 27 -24 -25 25 28 -28 -29 -30 -31
leaf_value=0.075622986343812357 -0.057636345588382196 0.15337806576045779 -0.19552976630626245 0.10359401039266103 6.4835382565036072e-05 0.047257220569885017 -0.12839424526583287 0.003267861843829962 0.010466277350419943 -0.1621033963208319 -0.010759905553463369 0.055697836768911199 -0.39597670609927094 -0.020654626708955133 0.22824944946592238 0.22990502991835854 0.038100382106841836 0.41126281885277588 0.24866654595576562 -0.077226133903485553 -0.063023825038004591 -0.066886834507817808 -0.29808804182597443 0.019019809203360296 -0.21733613965574136 0.067088459533646297 -0.1787490713710872 0.30199753484082803 -0.018367828782104991 0.011372530826584182
leaf_weight=21 29 21 27 28 202 34 29 324 20 40 20 46 47 38 20 28 22 27 35 26 29 22 21 33 59 21 21 23 27 61
leaf_count=21 29 21 27 28 202 34 29 324 20 40 20 46 47 38 20 28 22 27 35 26 29 22 21 33 59 21 21 23 27 61
internal_value=0.000406562 0.000819793 -0.0110204 0.00907563 2.42718e-05 -0.000296296 -0.00261628 -0.000254237 0.00141429 0.00435045 -0.00121622 0.00716418 -0.00305921 0.00639175 0.00444444 0.0159184 0.00269058 0.00486486 0.012931 0.00117187 0.00441176 0.0090411 -0.00970588 -0.00592593 -0.00773006 -0.0113889 -0.000535714 0.00195652 -0.00367347 0.00461538
internal_weight=1401 1353 48 118 1235 1214 515 353 699 330 369 66 303 290 242 48 222 184 57 127 101 72 101 80 162 107 55 45 48 90
internal_count=1401 1353 48 118 1235 1214 515 353 699 330 369 66 303 290 242 48 222 184 57 127 101 72 101 80 162 107 55 45 48 90
is_linear=0
shrinkage=0.03


Tree=173
num_leaves=31
num_cat=0
split_feature=10 9 10 2 8 24 12 9 25 24 27 27 21 25 26 21 26 19 9 10 5 20 3 4 12 5 24 29 19 5
split_gain=6.45351 12.4959 6.36258 5.77412 5.75576 5.73668 6.75219 8.76119 5.49624 5.38343 5.98439 5.74154 5.1829 9.76335 7.1439 5.83214 6.98503 5.48533 6.88036 7.77848 9.05399 5.18281 5.05469 6.16386 4.93983 4.46839 6.28301 7.99577 6.85528 6.66628
threshold=116.75500000000001 30.025000000000002 615.16500000000008 526.00000000000011 460.07142857142861 -0.96811077628253217 1.0000000180025095e-35 54.750000000000007 25.950000000000003 -0.80382625221112003 2.4500000000000006 7.3500000000000005 22.350000000000005 10.550000000000002 23.950000000000003 24.550000000000004 25.250000000000004 0.99353402350479769 123.2 292.72000000000008 339.00000000000006 28.750000000000004 254.50000000000003 332.50000000000006 27.500000000000004 362.50000000000006 0.86159635224327558 -0.10837475778693638 0.078456108245891568 295.50000000000006
decision_type=8 2 8 8 8 2 10 2 2 2 2 2 2 2 2 2 2 2 2 10 10 2 10 10 10 10 2 2 2 10
left_child=9 -2 3 4 5 22 -7 8 -8 10 -1 -12 17 -14 -15 -16 -17 18 -9 24 -21 25 -3 -24 -20 26 27 -18 -28 -30
right_child=1 2 -4 -5 -6 6 7 12 -10 -11 11 -13 13 14 15 16 21 -19 19 20 -22 -23 23 -25 -26 -27 28 -29 29 -31
leaf_value=-0.21275686504773331 -0.26937438675772674 -0.41374730214437078 0.26404117929366766 -0.58299516889300829 0.13846470850793252 0.059162595443784195 -0.41905313729406957 -0.12777178901307507 -0.0044122676183607724 0.020701706876016031 0.17575593202132389 -0.22739639913752327 0.19750226873276544 -0.10118764895969008 0.094132118662842004 -0.1598535083201483 -0.0022256288475188055 -0.07533622509122892 0.15277384703542821 0.2748891405832492 -0.19248747161114324 -0.19709454288477671 0.021956300537746214 -0.24122564163741173 -0.0063404983195874814 0.094214135206176761 0.15881087538200689 0.060329982626215327 -0.001698085808896934 -0.17063895961560063
leaf_weight=26 22 26 38 20 25 24 30 27 29 119 24 25 40 26 24 23 135 32 34 22 36 35 22 26 22 116 21 116 166 60
leaf_count=26 22 26 38 20 25 24 30 27 29 119 24 25 40 26 24 23 135 32 34 22 36 35 22 26 22 116 21 116 166 60
internal_value=-0.00075431 -0.00157763 -0.00114796 -0.00155536 -0.00126118 -0.00159195 -0.00100098 -0.00138693 -0.0125 0.00430769 -0.00197368 0.0042 -0.000673077 0.000393185 -0.000414938 0.000172166 -0.000356612 -0.00534483 -0.00274648 0.000521739 -0.00711864 0.000230769 -0.0096 -0.00367347 0.00842105 0.000878049 -0.000360721 0.00297619 -0.00375 -0.00528634
internal_weight=1391 1197 1175 1137 1117 1092 1018 994 59 194 75 49 935 762 722 696 672 173 141 114 58 649 74 48 56 614 498 251 247 226
internal_count=1391 1197 1175 1137 1117 1092 1018 994 59 194 75 49 935 762 722 696 672 173 141 114 58 649 74 48 56 614 498 251 247 226
is_linear=0
shrinkage=0.03


Tree=174
num_leaves=31
num_cat=0
split_feature=20 24 11 1 0 14 2 14 6 20 26 21 26 8 24 3 14 5 13 0 10 17 17 28 24 24 1 7 0 11
split_gain=9.6399 7.43814 12.9251 6.3125 5.85058 5.63421 6.48137 5.95915 5.63971 5.32381 5.24817 5.46121 6.89892 5.76 5.59513 7.79704 7.06772 6.3601 6.21673 6.70982 11.0512 5.1735 5.56607 5.1406 5.05845 4.7517 4.60008 9.43345 6.43158 13.2904
threshold=29.650000000000002 0.99687937417578498 49.500000000000007 315.50000000000006 80.500000000000014 61.500000000000007 181.50000000000003 42.500000000000007 406.50000000000006 7.8500000000000005 23.350000000000005 24.550000000000004 26.850000000000005 368.78571428571433 -0.96811077628253217 332.50000000000006 470.50000000000006 265.50000000000006 2311.0000000000005 406.50000000000006 308.78000000000003 640.73000000000025 517.54000000000235 -0.97509794945709805 0.98321746822993605 0.23343647497176631 90.500000000000014 106.83333333333336 231.50000000000003 65.500000000000014
decision_type=2 2 2 10 2 8 10 10 10 2 2 2 2 10 2 10 10 10 10 2 10 10 10 2 2 2 10 10 2 2
left_child=1 4 -3 -4 -1 7 -7 8 23 -10 -8 -12 13 -13 -14 16 17 25 19 20 -17 22 -9 -6 26 -16 -25 -28 -29 -30
right_child=-2 2 3 -5 5 6 10 21 9 -11 11 12 14 -15 15 18 -18 -19 -20 -21 -22 -23 -24 24 -26 -27 27 28 29 -31
leaf_value=-0.13999561473499356 -0.35746625625848311 0.14815567258136353 -0.092520027579000727 0.031005352864621045 -0.29746544539104058 -0.1891483560635214 -0.074034107310145314 0.020268012608925402 0.10505215789637759 -0.13304103149567453 0.48021479057023442 0.0021460352665178561 -0.17500637638600722 -0.37137708985158979 0.13880315203692903 0.27947447083924204 -0.019647420645541161 -0.10697493150215506 -0.078894234452344558 0.54915497086666076 -0.09983605661979425 -0.0078421442827504954 0.22045503873069464 -0.092388127554467445 -0.007012097247463202 0.0082071146459281857 0.053293409883900793 -0.0005581608851929331 0.075679672592331854 -0.13358747070761581
leaf_weight=49 20 53 21 26 40 33 52 59 20 29 23 20 25 24 23 43 55 35 27 32 25 41 20 26 58 31 34 234 188 26
leaf_count=49 20 53 21 26 40 33 52 59 20 29 23 20 25 24 23 43 55 35 27 32 25 41 20 26 58 31 34 234 188 26
internal_value=0.00017229 0.000480699 0.00831683 -0.003125 -0.000141398 0.000269608 -0.00240535 0.00181701 0.000685976 -0.009 -0.00137019 -8.24176e-05 -0.00105572 -0.012 0.000606061 0.001875 -0.00289655 0.00233333 0.00726562 0.0106931 0.00521739 0.00793388 0.012375 0.0014827 0.00222222 0.00872727 0.00318271 0.00385093 0.00267261 0.0064186
internal_weight=1392 1372 100 47 1272 1223 448 775 655 49 415 363 340 44 296 271 144 89 127 100 68 120 79 606 566 54 508 482 448 214
internal_count=1392 1372 100 47 1272 1223 448 775 655 49 415 363 340 44 296 271 144 89 127 100 68 120 79 606 566 54 508 482 448 214
is_linear=0
shrinkage=0.03


Tree=175
num_leaves=31
num_cat=0
split_feature=0 4 5 26 18 2 19 26 26 2 3 20 18 9 19 16 15 17 10 10 27 26 9 28 23 26 20 2 14 4
split_gain=7.13088 8.62993 5.78654 5.72988 5.55345 9.35457 6.66818 5.41805 5.44707 7.98465 7.3016 5.69838 5.44419 5.37492 5.27791 5.24356 5.50174 5.28513 8.0414 8.51902 8.48929 5.9146 10.3049 7.74287 5.17222 6.26774 4.98827 4.91276 7.76371 4.80542
threshold=61.000000000000007 118.50000000000001 129.00000000000003 18.150000000000002 13.15 468.50000000000006 0.99809679250719918 19.450000000000003 39.350000000000001 298.50000000000006 247.50000000000003 27.750000000000004 15.15 46.070000000000007 -0.6755644832106783 62.500000000000007 5.5000000000000009 75.110000000002216 207.79500000000004 301.00000000000006 1.0000000180025095e-35 36.050000000000004 95.15000000000002 0.93845596220871974 18.150000000000002 35.95000000000001 12.65 373.50000000000006 48.500000000000007 471.50000000000006
decision_type=2 8 10 2 2 10 2 2 2 10 10 2 2 2 2 8 10 10 10 10 2 2 2 2 2 2 2 10 10 10
left_child=-1 2 13 -3 6 7 24 -6 11 10 -10 12 27 14 -2 16 -14 -17 21 20 26 22 23 -19 25 29 -20 28 -9 -5
right_child=1 3 -4 4 5 -7 -8 8 9 -11 -12 -13 15 -15 -16 17 -18 18 19 -21 -22 -23 -24 -25 -26 -27 -28 -29 -30 -31
leaf_value=-0.13866888488454074 -0.00017895650795821892 -0.27168626543240065 0.09127007941807036 0.00076439805490167599 0.12765224470867309 -0.47056902988656646 0.2198234343811083 -0.053164175974299323 0.0037096466276383918 -0.010099705312206879 0.24979027662301262 -0.38496831551949667 -0.0046045813056696258 -0.0031757709345589546 0.058584213677740138 -0.19683365614728762 0.12765437036250929 -0.1372174840859654 -0.0025510178942150219 0.011435750273099074 0.015861525555154826 0.11105796559703918 0.32080107509265471 0.049029980863047627 -0.02962043649815534 0.08779971234709591 -0.26499406446962864 0.066589642796368476 -0.074938862613577434 0.46247619024550485
leaf_weight=31 21 27 26 381 22 25 33 64 50 49 23 33 20 47 35 22 26 43 20 59 22 39 22 35 38 35 53 20 40 26
leaf_count=31 21 27 26 381 22 25 33 64 50 49 23 33 20 47 35 22 26 43 20 59 22 39 22 35 38 35 53 20 40 26
internal_value=-6.48415e-05 0.000265291 0.00761538 -0.000513029 -0.000199833 -0.00196221 0.00215953 -0.00126697 -0.00177847 0.00390244 0.0101351 -0.00312139 -0.00228395 0.00432692 0.0105263 -0.000414365 0.00893617 -0.0018038 -0.000714286 -0.00541935 -0.0109375 0.0045 0.000594059 -0.00455696 0.0012474 0.00216704 -0.0158108 -0.00768 -0.0102857 0.00110294
internal_weight=1387 1356 129 1227 1200 687 513 662 640 122 73 518 485 103 56 361 46 315 293 154 95 139 100 78 480 442 73 124 104 407
internal_count=1387 1356 129 1227 1200 687 513 662 640 122 73 518 485 103 56 361 46 315 293 154 95 139 100 78 480 442 73 124 104 407
is_linear=0
shrinkage=0.03


Tree=176
num_leaves=31
num_cat=0
split_feature=7 7 0 0 9 17 19 12 18 15 10 1 0 4 26 4 8 1 14 4 18 1 1 20 3 10 10 3 2 0
split_gain=8.36278 11.993 8.60615 6.48928 6.63252 6.0148 11.1951 9.18121 10.0608 6.51515 4.82251 4.76656 6.41227 7.56187 6.603 6.0153 7.0593 7.25297 5.2177 4.98715 4.48813 4.34294 6.87279 5.24824 6.08746 10.9139 12.218 8.3253 8.08135 7.93143
threshold=350.16666666666669 353.16666666666669 61.000000000000007 327.50000000000006 360.44500000000011 9255.4500000000044 0.80382625221112025 234.00000000000003 14.65 3566.5000000000005 70.040000000000006 466.00000000000006 362.50000000000006 367.50000000000006 32.550000000000004 468.50000000000006 411.35714285714295 415.50000000000006 83.500000000000014 368.50000000000006 12.15 342.50000000000006 333.50000000000006 7.8500000000000005 271.50000000000006 200.55000000000004 152.74000000000004 215.50000000000003 150.50000000000003 167.50000000000003
decision_type=8 10 2 2 2 10 2 10 2 10 8 10 2 10 2 10 10 10 10 10 2 8 10 2 10 10 10 10 10 2
left_child=2 -2 -1 -3 11 7 9 10 -9 -7 -4 12 13 -5 15 16 17 18 19 -14 -13 22 23 -12 25 26 27 28 -25 -28
right_child=1 3 5 4 -6 6 -8 8 -10 -11 21 20 14 -15 -16 -17 -18 -19 -20 -21 -22 -23 -24 24 -26 -27 29 -29 -30 -31
leaf_value=-0.13450881833800457 -0.10692720770668301 0.30046695404323259 0.028149191751174668 -0.16059664752988509 1.1958655960272369 -0.0017229911225922479 -0.19371856361574316 0.38444206493886612 0.011568906109918089 0.21252903670424814 0.12088708203120063 -0.013729409198271014 -0.15516509378674187 -0.0032399482930946986 0.11467862711284851 0.24746436116176168 -0.10618726790483492 0.29637582964094972 -0.20101357937714281 0.007942682748312677 -0.46962634860727515 0.11637307153646873 -0.065808024063933032 0.011311332129921112 -0.011125283240584167 0.027379976414337079 0.16837962697005907 0.1265799937528834 -0.060153075813780175 -0.29796636167719381
leaf_weight=33 20 29 46 21 21 20 51 24 23 21 38 20 22 23 44 22 29 28 29 21 25 44 24 112 203 185 21 47 70 78
leaf_count=33 20 29 46 21 21 20 51 24 23 21 38 20 22 23 44 22 29 28 29 21 25 44 24 112 203 185 21 47 70 78
internal_value=0.000258065 -0.00371831 0.00161383 -0.00232836 -0.00362745 0.0021131 -0.00516129 0.00284934 0.015625 0.00642857 0.00214039 -0.00484211 -0.003125 -0.0133333 -0.000765306 -0.00375 -0.00623077 -0.00237624 -0.00739726 -0.000681818 -0.0136957 0.00160389 0.00107831 0.0015894 0.00100418 0.00274319 -0.000547112 0.00326087 0.000327869 -0.0093
internal_weight=1394 354 1040 334 305 1007 92 915 47 41 868 284 239 44 195 151 129 100 72 43 45 822 778 754 716 513 328 229 182 99
internal_count=1394 354 1040 334 305 1007 92 915 47 41 868 284 239 44 195 151 129 100 72 43 45 822 778 754 716 513 328 229 182 99
is_linear=0
shrinkage=0.03


Tree=177
num_leaves=31
num_cat=0
split_feature=10 9 2 8 29 6 12 10 20 26 28 10 24 28 10 10 21 24 18 18 11 4 16 24 1 5 5 10 26 3
split_gain=9.14618 9.0759 6.60492 13.0271 8.4745 10.8244 7.71 6.7587 8.80278 9.29697 7.90677 10.0406 10.0302 8.1711 6.92608 6.19662 5.87819 6.49218 8.98703 6.11438 6.68482 6.114 5.74186 5.7026 5.59754 5.16026 6.87186 5.14882 6.91503 6.58041
threshold=70.040000000000006 26.060000000000002 136.50000000000003 149.71428571428575 -0.12545862287572049 142.50000000000003 1.5000000000000002 522.61000000000013 29.450000000000003 32.050000000000004 0.58481550752069722 201.90000000000001 -0.382668860952593 0.75014288946266361 177.33000000000001 252.08000000000001 28.050000000000004 0.97988739209073494 11.450000000000001 12.950000000000001 65.500000000000014 302.50000000000006 101.50000000000001 0.97625883275952063 339.00000000000006 234.50000000000003 362.50000000000006 357.80000000000007 22.850000000000005 357.50000000000006
decision_type=8 2 8 8 2 10 10 10 2 2 2 10 2 2 10 10 2 2 2 2 2 10 10 2 10 10 10 10 2 10
left_child=-1 -2 4 -4 5 6 -3 8 9 16 11 14 -13 15 -11 -12 17 19 -19 20 27 -20 -15 -18 -22 -24 -27 28 -5 -29
right_child=1 2 3 7 -6 -7 -8 -9 -10 10 13 12 -14 22 -16 -17 23 18 21 -21 24 -23 25 -25 -26 26 -28 29 -30 -31
leaf_value=0.041347117997524094 -0.28935095110663078 0.13696126124777197 -0.24315274387724031 0.0023151895826327971 0.33875888424479128 -0.20896524427486632 0.0039120654581969918 1.519387724731065 -0.36077306428153033 0.013503930189735343 -0.0072464327829914049 -0.0061686365017681053 0.38432231108576614 -0.24662315263378046 -0.16084012618575882 -0.18440659407287455 -0.024463520035742193 -0.0097315238436414108 0.1668669980167243 -0.026451976936869809 -0.24387973813139666 0.0030900161321216046 0.038976810997807122 -0.25492790419560918 -0.011827307657199526 -0.011020179169386779 0.23712150531661022 -0.093965889189040572 0.22553124126305107 0.35848513425226203
leaf_weight=49 23 28 25 35 24 36 74 22 23 87 38 28 81 21 23 21 138 48 31 148 20 39 48 33 46 89 34 21 32 35
leaf_count=49 23 28 25 35 24 36 74 22 23 87 38 28 81 21 23 21 138 48 31 148 20 39 48 33 46 89 34 21 32 35
internal_value=0 -0.000465976 -0.00013544 -0.00092545 0.00552147 0.00258993 0.00757282 -0.000446585 -0.000776786 -0.000382862 0.00280255 0.00695455 0.0133636 -0.000833333 0.000540541 -0.0105 -0.00277512 -0.000986842 0.00504202 -0.00310651 0.000473684 0.011831 0.00217617 -0.0075 -0.00716418 0.00401163 0.000725806 0.00459677 0.0101471 -0.00210526
internal_weight=1400 1351 1328 1166 162 138 102 1141 1119 1096 470 219 109 251 110 59 626 455 118 337 189 70 192 171 66 171 123 123 67 56
internal_count=1400 1351 1328 1166 162 138 102 1141 1119 1096 470 219 109 251 110 59 626 455 118 337 189 70 192 171 66 171 123 123 67 56
is_linear=0
shrinkage=0.03


Tree=178
num_leaves=31
num_cat=0
split_feature=10 9 17 22 26 29 24 24 19 6 10 14 29 24 27 21 5 5 17 6 0 7 6 13 13 2 26 11 10 14
split_gain=8.39672 14.2611 7.90281 7.76882 5.73672 7.67027 6.31403 18.3187 7.88547 7.40227 6.00443 5.68249 5.50104 5.10335 5.16039 4.96995 4.95209 9.3839 8.94643 4.64576 4.57448 8.16841 6.42607 9.46875 6.84449 7.45244 7.43812 6.36719 4.98357 5.85301
threshold=118.25500000000001 30.025000000000002 4.4150000000009522 11.15 22.750000000000004 0.92843842216862604 0.91702515554752073 -0.30896992958994679 0.99353402350479769 366.50000000000006 536.59500000000014 19.500000000000004 -0.87810534180523914 -0.97233289553061575 5.8500000000000005 42.550000000000004 165.50000000000003 119.50000000000001 11.745000000001706 330.50000000000006 440.50000000000006 448.66666666666669 269.50000000000006 415.50000000000006 16.500000000000004 431.50000000000006 25.250000000000004 1794.0000000000002 317.74500000000006 565.00000000000011
decision_type=8 2 8 2 2 2 2 2 2 8 8 10 2 2 2 2 10 10 10 10 2 10 10 8 10 10 2 2 10 10
left_child=3 -2 -3 11 6 10 7 19 9 -8 13 16 -5 -6 15 20 17 -1 -18 -4 22 -22 23 -15 -24 26 -26 28 29 -28
right_child=1 2 4 12 5 -7 8 -9 -10 -11 -12 -13 -14 14 -16 -17 18 -19 -20 -21 21 -23 24 -25 25 -27 27 -29 -30 -31
leaf_value=0.0038687515136782476 -0.24021742708306987 0.29466898639739608 -0.26720919099186347 0.02985707047032882 -0.12277512405163406 0.53408862737155915 0.061991423506120212 -0.22086919718022557 -0.072741517873778888 -0.0042686355615333578 0.24532444296973535 0.12118542083350234 -0.14430899389883065 -0.00030192480500801366 -0.57255686974942022 -0.021580713099795049 -0.40825485445218107 0.1747659178342785 0.022364505090216653 0.31783295047950927 -0.3745988642994888 0.047908281701739663 -0.021741773738870904 -0.18252324978998472 -0.025882250480403286 -0.043379200537865467 0.014276930006972178 -0.060490610777982283 0.25532418151515884 0.27992327608936135
leaf_weight=46 24 20 20 20 50 31 44 60 31 50 33 34 25 301 29 23 20 22 35 20 20 26 43 42 43 27 127 21 56 33
leaf_count=46 24 20 20 20 50 31 44 60 31 50 33 34 25 301 29 23 20 22 35 20 20 26 43 42 43 27 127 21 56 33
internal_value=-0.000610022 -0.00158298 -0.0010947 0.00502463 -0.00143236 -0.000364238 -0.00570796 -0.0112871 -0.00119048 0.00315789 -0.000891429 0.00816456 -0.00586957 -0.00138955 -0.000795455 -0.000314548 0.00508065 0.0104348 -0.00160714 0.00439024 0.000121622 -0.00893617 0.00073487 -0.00218023 0.00358974 0.00516234 0.00661922 0.00869748 0.0102304 0.00745342
internal_weight=1376 1174 1150 202 1130 905 225 100 125 94 874 157 45 841 791 762 123 68 55 40 739 46 693 343 350 307 280 237 216 160
internal_count=1376 1174 1150 202 1130 905 225 100 125 94 874 157 45 841 791 762 123 68 55 40 739 46 693 343 350 307 280 237 216 160
is_linear=0
shrinkage=0.03


Tree=179
num_leaves=31
num_cat=0
split_feature=10 9 22 23 19 21 8 14 18 5 3 13 2 15 13 14 26 26 17 21 0 26 0 18 19 21 24 18 24 8
split_gain=7.17132 11.6754 4.90234 5.47245 6.43573 6.6936 6.3639 7.88063 6.2123 6.67339 6.39989 4.58246 4.54481 4.00051 5.65493 3.88009 4.7952 6.71818 5.47029 6.18854 6.62823 5.09872 4.92899 10.4779 9.60773 5.92253 5.49225 9.05985 5.78665 5.21088
threshold=70.040000000000006 25.235000000000003 16.850000000000005 8.9500000000000011 0.84335933205092506 29.250000000000004 411.35714285714295 2177.5000000000005 11.050000000000002 468.50000000000006 442.50000000000006 1728.5000000000002 131.50000000000003 2.5000000000000004 1.0000000180025095e-35 1061.0000000000002 40.850000000000001 41.850000000000001 16507.460000000003 39.050000000000004 254.50000000000003 38.45000000000001 163.50000000000003 19.250000000000004 -0.82409480842201666 25.250000000000004 0.97625883275952063 11.450000000000001 -0.82409480842201666 98.785714285714292
decision_type=8 2 2 2 2 2 8 10 2 10 10 10 10 10 10 10 2 2 10 2 2 2 2 2 2 2 2 2 2 10
left_child=12 -2 3 4 5 -3 7 11 10 -10 -8 13 -1 -5 -15 16 18 -18 19 21 -21 22 23 24 -16 26 28 -28 -24 -26
right_child=1 2 -4 6 -6 -7 8 -9 9 -11 -12 -13 -14 14 15 -17 17 -19 -20 20 -22 -23 25 -25 29 -27 27 -29 -30 -31
leaf_value=0.0040693797161296171 -0.31406300107823959 -0.098963576916424351 -0.42324896231506726 0.049837853919806177 0.39827779564971888 0.084487334583061513 -0.090892263570926557 -0.22320040862480026 -0.4007953313373957 -0.01581453897798667 0.46348357212034785 0.31244517282468703 0.07779441432411914 -0.046819074796049943 -0.13217687846067161 -0.06520774768470175 0.12931018090475077 -0.0005618234758793505 0.10844304493824494 -0.2115015993010145 -0.0047493270594759452 0.013848622106762604 0.30829796196512432 -0.1388272615337651 0.027623618981860713 -0.010622513354478542 -0.0072573325921183596 0.16187004582037332 -0.0091322302345122341 0.062242739839531963
leaf_weight=23 20 21 23 24 34 32 20 21 31 24 23 20 25 34 34 33 40 36 31 30 39 43 36 25 20 378 32 47 141 68
leaf_count=23 20 21 23 24 34 32 20 21 31 24 23 20 25 34 34 33 40 36 31 30 39 43 36 25 20 378 32 47 141 68
internal_value=-0.0002555 -0.000661278 -0.000313199 -6.82853e-05 0.00715909 0.000555556 -0.00058489 5.29568e-05 -0.00787879 -0.0144643 0.000681818 0.000404676 0.0110204 0.000137363 -0.000140449 0.000261122 0.000599401 0.00779221 0 -0.000436242 -0.009 0.000290909 -0.000268542 0.00466216 0.00829268 -0.00141732 0.00210117 0.008625 -0.000842697 0.0134831
internal_weight=1408 1360 1340 1317 87 53 1230 1132 98 55 43 1111 48 1091 1067 1033 1000 76 924 893 69 824 781 147 122 634 256 79 177 88
internal_count=1408 1360 1340 1317 87 53 1230 1132 98 55 43 1111 48 1091 1067 1033 1000 76 924 893 69 824 781 147 122 634 256 79 177 88
is_linear=0
shrinkage=0.03


Tree=180
num_leaves=31
num_cat=0
split_feature=10 9 25 19 19 10 18 28 7 28 10 20 20 29 29 17 24 26 3 22 3 28 20 17 9 25 29 3 25 9
split_gain=8.04878 14.2413 7.61358 6.99923 10.007 6.56006 9.87381 7.80149 7.48406 7.10168 5.39051 5.75114 5.44038 11.2186 6.70313 8.36833 8.82805 6.20544 6.0532 7.24259 5.52288 9.37283 6.75379 10.0242 6.51652 6.25946 5.85417 5.48905 5.42154 6.32294
threshold=152.74000000000004 30.025000000000002 26.050000000000004 -0.66259481767468253 -0.8949002852437673 70.040000000000006 19.850000000000005 -0.13398594226331254 124.16666666666667 -0.71504373327588355 536.59500000000014 29.450000000000003 27.050000000000004 -0.95242240592625282 -0.6652727025667432 9255.4500000000044 0.49240481012316878 38.550000000000004 208.50000000000003 1.0000000180025095e-35 339.00000000000006 -0.86976336936302323 12.550000000000002 453.16500000000173 114.21500000000002 9.5500000000000025 0.89691351184655443 333.50000000000006 7.2500000000000009 78.675000000000011
decision_type=8 2 2 2 2 10 2 2 10 2 10 2 2 2 2 10 2 2 8 2 10 2 2 10 2 2 2 8 2 2
left_child=2 -2 5 4 -4 -1 7 8 -7 -10 11 12 14 -14 15 16 -3 18 19 -16 27 -22 23 -23 -24 -25 -27 28 -20 -30
right_child=1 10 3 -5 -6 6 -8 -9 9 -11 -12 -13 13 -15 17 -17 -18 -19 20 -21 21 22 24 25 -26 26 -28 -29 29 -31
leaf_value=0.039088910952004882 -0.30464111104589242 -0.25863703902933022 0.093681731283172948 0.1122825927437779 -0.033397993132826112 0.0053764847087075648 -0.35342552782561082 0.035198750494878937 -0.50440419260792757 0.030042632302179583 1.6709526614285855 -0.24340654477434839 -0.09912263740398615 0.090144878467231418 0.051236561057644105 -0.35096513446531458 0.11385302489851711 0.053236053922840934 0.12109016515743007 -0.064571268682419108 0.30965337310709257 -0.014676386165973554 0.19251668184222323 0.34917234797268293 -0.067557433661999941 0.13474077982906693 -0.022870699930038541 -0.11397391755199265 0.019700507417404083 -0.025140715832744149
leaf_weight=41 20 31 33 26 27 38 26 79 32 25 20 25 36 53 92 20 41 55 28 30 36 82 22 41 102 24 23 20 53 225
leaf_count=41 20 31 33 26 27 38 26 79 32 25 20 25 36 53 92 20 41 55 28 30 36 82 22 41 102 24 23 20 53 225
internal_value=0 -0.00125 0.00411585 0.0117241 0.00590164 0.00136364 -0.000895522 0.00171429 -0.0040625 -0.0108621 -0.000764151 -0.00106731 -0.00070936 0.00633333 -0.00139309 -0.00903226 -0.00410959 -0.000539568 -0.00123235 0.00487805 -0.00237443 0.000362538 -0.00142373 0.00245614 -0.00672 0.0094382 0.001875 -0.00513761 -0.00410423 -0.00537634
internal_weight=1406 1079 327 86 60 241 200 174 95 57 1059 1039 1014 89 925 92 72 833 778 122 656 330 294 170 124 88 47 326 306 278
internal_count=1406 1079 327 86 60 241 200 174 95 57 1059 1039 1014 89 925 92 72 833 778 122 656 330 294 170 124 88 47 326 306 278
is_linear=0
shrinkage=0.03


Tree=181
num_leaves=31
num_cat=0
split_feature=26 25 1 1 28 7 0 23 4 5 23 12 4 2 1 12 0 24 12 1 17 26 2 18 12 1 18 26 15 0
split_gain=7.56669 7.29009 6.88782 12.4751 5.97065 6.19838 7.79011 6.99847 7.06568 6.64164 7.55577 6.02178 5.80435 8.24903 6.74476 5.33601 5.82899 5.17751 4.99093 7.43941 7.29811 7.68032 4.7617 4.70142 5.94658 7.13795 4.52005 4.72776 4.62027 8.24191
threshold=32.050000000000004 18.750000000000004 90.500000000000014 110.50000000000001 -0.92923668111203805 350.16666666666669 384.50000000000006 16.350000000000005 466.00000000000006 332.50000000000006 10.950000000000001 15.500000000000002 154.50000000000003 179.50000000000003 217.50000000000003 20.500000000000004 333.50000000000006 0.98624804680367306 1.5000000000000002 153.50000000000003 39.635000000000908 32.650000000000013 309.50000000000006 15.050000000000002 35.500000000000007 300.50000000000006 9.3500000000000032 38.050000000000004 145.50000000000003 261.50000000000006
decision_type=2 2 10 10 2 8 2 2 10 8 2 10 10 10 10 10 2 2 10 10 10 2 10 2 10 10 2 2 10 2
left_child=2 -2 -1 -4 -5 11 -7 8 9 -8 -11 12 -6 -14 -15 -13 17 23 19 -3 -20 -22 -18 24 -17 -26 -23 -28 29 -29
right_child=1 18 3 4 5 6 7 -9 -10 10 -12 15 13 14 -16 16 22 -19 20 -21 21 26 -24 -25 25 -27 27 28 -30 -31
leaf_value=-0.10960148076425753 0.25207523397688192 0.15862036190866388 0.019521615261617029 -0.48405973565407806 0.028115027572110023 -0.024386494357762557 0.282108174109577 -0.36407045179700614 0.40146207079606938 -0.095308548611030233 0.14705382924021848 0.088795242837189786 -0.65617965490016583 0.18871583224918309 -0.059147516226136641 -0.26704704980688804 0.17707462178217526 -0.052128271660819507 -0.10128245126478383 -0.015534113605040716 0.064173393574973966 0.23279945575083388 0.010210475658449809 0.094886395014598293 0.17480272862640817 -0.094866385811648399 -0.0090928569462852236 0.0020411312131719227 0.00096686416809461657 0.84029911311839245
leaf_weight=34 31 36 21 27 32 113 30 23 33 59 28 27 25 27 68 21 28 40 59 23 28 20 27 33 22 20 267 29 159 20
leaf_count=34 31 36 21 27 32 113 30 23 33 59 28 27 25 27 68 21 28 40 59 23 28 20 27 33 22 20 267 29 159 20
internal_value=-0.000340184 0.00196137 -0.00243572 -0.00178723 -0.0025 -0.00191781 -0.00522648 -0.0012069 0.00119205 -0.00228814 -0.00647727 0.0006469 -0.00392157 -0.00694215 -0.0028125 0.00383562 0.00203125 -0.00131387 0.00126168 0.0095 0.000411664 0.0015458 0.0101786 0.00247423 -0.00234375 0.00418605 0.000665323 6.30252e-05 0.00344498 0.0114
internal_weight=1410 672 738 704 683 656 286 173 150 117 87 370 152 120 95 218 191 136 641 59 582 523 55 96 63 42 495 475 208 49
internal_count=1410 672 738 704 683 656 286 173 150 117 87 370 152 120 95 218 191 136 641 59 582 523 55 96 63 42 495 475 208 49
is_linear=0
shrinkage=0.03


Tree=182
num_leaves=31
num_cat=0
split_feature=10 10 3 10 0 8 7 10 3 24 8 28 10 19 12 28 11 21 19 28 10 25 26 20 3 11 19 12 3 8
split_gain=5.80731 5.21355 5.30788 10.6254 9.96315 12.2725 7.01032 7.40616 7.63397 7.89862 7.39816 10.7234 7.87724 7.49842 6.6594 6.11196 5.87604 5.47508 5.29709 9.84728 7.70466 7.83415 7.05029 6.67659 5.88 5.30849 8.81799 5.14462 5.01289 4.90007
threshold=70.040000000000006 77.140000000000001 271.50000000000006 290.41500000000008 298.50000000000006 261.78571428571439 242.33333333333334 159.60000000000002 215.50000000000003 -0.92384435400961373 213.28571428571431 0.85226249403558707 186.05000000000004 -0.7933231318270072 291.50000000000006 -0.30163705152652742 13.500000000000002 32.650000000000013 0.83385407025023295 -0.78326540922535159 221.12000000000003 26.650000000000002 36.550000000000004 22.250000000000004 367.50000000000006 52.500000000000007 0.99535829673000953 17.500000000000004 216.50000000000003 417.71428571428578
decision_type=8 8 10 10 2 8 10 8 10 2 10 2 8 2 10 2 2 2 2 2 10 2 2 2 10 2 2 10 10 10
left_child=-1 -2 3 4 5 6 7 8 9 -3 12 -12 -9 -14 28 17 -17 -11 20 24 22 -22 23 -4 -20 26 -21 -15 -5 -27
right_child=1 2 18 14 -6 -7 -8 10 -10 15 11 -13 13 27 -16 16 -18 -19 19 25 21 -23 -24 -25 -26 29 -28 -29 -30 -31
leaf_value=0.02748888853570854 -0.13072180065664213 -0.21311943842890912 0.018394226862580465 0.52424121635913112 -0.13122071827255127 0.19665295184987938 -0.27033452173054995 -0.070986719717552937 0.22961719886898166 0.037732156516523931 -0.018844122993126006 0.26281507048863145 -0.27711452402187781 0.047312008560062964 0.059121045006422714 0.072644388463518228 0.015292730620906383 -0.1752599359234368 0.11385020212422631 0.035099858477341282 -0.016303661549030152 -0.1845591129913754 0.067928284654144869 -0.28939202758729693 0.38935192933841845 -0.019325322473806066 -0.07483076541329467 -0.011313532008811791 -0.008533151206044351 -0.111172067457301
leaf_weight=46 21 25 35 26 39 39 57 39 42 45 31 24 29 53 25 24 22 34 20 132 185 20 28 20 29 151 42 42 34 22
leaf_count=46 21 25 35 26 39 39 57 39 42 45 31 24 29 53 25 24 22 34 20 132 185 20 28 20 29 151 42 42 34 22
internal_value=-0.000151954 -0.000516467 -0.000273764 0.00171157 0.000164835 0.00130178 -6.41026e-05 0.00131387 0.00559585 0.00238411 -0.00246575 0.00696429 -0.00567073 -0.00192 0.0115116 0.00547619 0.0140426 0.000375 -0.00210219 0.000151134 -0.00519031 -0.00830097 0.0025 -0.00375 0.0126 -0.00163793 0.00205714 0.0021875 0.00590164 -0.00534483
internal_weight=1381 1335 1314 630 545 506 467 410 192 150 218 55 163 124 85 125 46 79 684 396 288 205 83 55 49 347 174 95 60 173
internal_count=1381 1335 1314 630 545 506 467 410 192 150 218 55 163 124 85 125 46 79 684 396 288 205 83 55 49 347 174 95 60 173
is_linear=0
shrinkage=0.03


Tree=183
num_leaves=31
num_cat=0
split_feature=10 29 7 9 24 18 3 6 11 9 9 11 23 23 21 24 26 28 7 0 7 10 3 27 18 23 25 25 26 10
split_gain=10.3825 6.33496 6.38413 8.72112 6.40945 6.92426 6.43981 5.70872 7.53698 5.93998 7.67536 5.51126 6.38345 5.71292 5.50858 8.5009 5.52942 5.50313 5.87491 8.7234 7.3597 7.10606 5.22457 6.16952 6.51754 8.66014 6.79109 6.76799 7.01232 6.09521
threshold=152.74000000000004 -0.97111920233974802 327.66666666666669 179.63500000000002 0.99353402350479769 11.750000000000002 318.50000000000006 316.50000000000006 26.500000000000004 182.77000000000001 215.29500000000002 1.5000000000000002 16.650000000000002 15.350000000000003 31.250000000000004 0.21643137258081221 33.750000000000007 -0.83377653105606597 433.00000000000006 384.50000000000006 373.50000000000006 249.86500000000004 317.50000000000006 2.1500000000000008 18.750000000000004 17.150000000000002 26.550000000000004 25.550000000000004 36.650000000000013 288.96500000000009
decision_type=8 2 8 2 2 2 10 10 2 2 2 2 2 2 2 2 2 2 10 2 10 10 10 2 2 2 2 2 2 10
left_child=11 -2 3 22 5 7 -7 -4 -9 -10 -11 -1 13 14 -13 16 -16 -8 19 20 21 -19 23 24 25 26 27 28 -3 -26
right_child=1 2 4 -5 -6 6 17 8 9 10 -12 12 -14 -15 15 -17 -18 18 -20 -21 -22 -23 -24 -25 29 -27 -28 -29 -30 -31
leaf_value=-0.0055677837390911119 -0.25275949534531034 0.0018991375434976021 0.17827413496595654 0.45560711598238041 0.1872788474288444 -0.15307602418781613 0.33867026313800291 -0.15376127567956957 0.28996550888609279 -0.053396456251749665 0.083940121011491439 0.16204160602184628 -0.0032770388840964414 0.081231224329063559 0.017804002108272526 -0.12381850080274893 0.091452650819592807 0.035272152873566824 -0.12684599099556806 0.10184596940194125 -0.24401483752999184 -0.11186042261260012 -0.016719911829554519 -0.23749254233919614 0.0060087464946654732 -0.028356383856851151 0.15891343493426802 -0.13628298727439955 0.27628275155483978 0.085567265709490803
leaf_weight=91 50 145 36 26 59 48 22 26 20 25 76 50 66 31 31 40 20 23 27 27 23 32 104 52 96 79 23 20 20 21
leaf_count=91 50 145 36 26 59 48 22 26 20 25 76 50 66 31 31 40 20 23 27 27 23 32 104 52 96 79 23 20 20 21
internal_value=-2.12766e-05 -0.00144311 -0.000931135 0.00112436 -0.00364045 -0.00505181 -0.008867 -0.000815217 -0.00344595 -0.000245902 -0.00323529 0.00463636 0.00702929 0.0100578 0.00739437 0.00293478 0.0109615 -0.00580645 -0.0081203 -0.00481132 -0.00987342 -0.00375 0.000320856 0.00170678 0.00296296 0.000520833 0.00373206 0.00177419 0.00379518 0.00889831
internal_weight=1409 1080 1030 586 444 385 202 183 147 121 101 329 238 172 141 91 51 154 132 105 78 55 560 456 404 287 208 185 165 117
internal_count=1409 1080 1030 586 444 385 202 183 147 121 101 329 238 172 141 91 51 154 132 105 78 55 560 456 404 287 208 185 165 117
is_linear=0
shrinkage=0.03


Tree=184
num_leaves=31
num_cat=0
split_feature=23 26 8 2 2 2 24 8 9 18 1 6 21 1 20 24 26 7 21 3 0 24 4 0 1 6 2 23 3 22
split_gain=8.4795 9.16147 7.004 6.99471 6.6645 6.70524 6.52752 16.3634 15.4139 9.72543 5.86803 5.81193 4.97059 15.7746 5.80709 5.72915 7.56239 7.91433 7.30131 5.06639 6.0419 5.18517 4.89541 4.39873 4.31191 13.6626 7.6026 6.47866 6.16748 9.53623
threshold=16.550000000000004 38.850000000000001 320.78571428571433 298.50000000000006 305.50000000000006 330.50000000000006 -0.6755644832106783 186.50000000000003 92.605000000000018 23.450000000000003 266.50000000000006 293.50000000000006 30.850000000000005 370.50000000000006 6.3500000000000005 -0.81408451933196946 22.150000000000002 331.83333333333343 25.250000000000004 347.50000000000006 470.50000000000006 0.97233289553061597 375.50000000000006 349.50000000000006 204.50000000000003 175.50000000000003 227.50000000000003 9.7500000000000018 208.50000000000003 1.4500000000000002
decision_type=2 2 10 10 10 10 2 10 2 2 10 10 2 10 2 2 2 10 2 10 2 2 10 2 8 10 10 2 10 2
left_child=2 6 4 10 24 -6 8 -8 -2 -9 -3 -4 14 -14 -13 -16 17 -17 22 -20 21 -21 -18 -10 26 -26 28 -27 29 -1
right_child=1 3 11 -5 5 -7 7 9 23 -11 -12 12 13 -15 15 16 18 -19 19 20 -22 -23 -24 -25 25 27 -28 -29 -30 -31
leaf_value=0.061933135009075921 -0.26047421870780768 0.005513172881792627 -0.16368976041020517 -0.061793189844041335 0.18357360858241803 0.0017019018344353752 0.041090214929282283 -0.12570036853525068 0.24499544219545227 0.26713974968236553 1.0284312163720408 0.51923340146928809 -0.020998666450149698 0.3187409314159757 0.093425611233715247 0.0003461442099568046 -0.0072927398322559607 -0.17174180483443904 0.0072704863607629018 -0.20135867806913751 0.25370832536591847 -0.012367103413154723 0.38060009917387788 -0.028820171015155154 -0.66027392283876929 0.12380541594597474 0.24520801246192547 -0.00040619839266639699 -0.15283958931932062 -0.0048388098204147668
leaf_weight=106 66 43 37 34 47 35 58 168 20 20 20 21 29 22 39 20 32 56 24 28 20 22 29 24 28 28 25 155 39 84
leaf_count=106 66 43 37 34 47 35 58 168 20 20 20 21 29 22 39 20 32 56 24 28 20 22 29 24 28 28 25 155 39 84
internal_value=-0.000804348 -0.004163 0.000841424 0.00397959 0.00301095 0.0108434 -0.00638655 -0.00364372 -0.0124324 -0.00793651 0.00984375 -0.00228947 -0.00104956 0.0075 -0.00256849 -0.00376384 -0.00556034 -0.0132468 -0.00173077 -0.00694737 -0.0109859 -0.0164706 0.00629032 0.00133333 0.00160944 -0.0015566 0.00423529 0.00146739 0.00247826 0.00471204
internal_weight=1379 453 926 97 547 82 356 246 110 188 63 379 342 51 291 270 231 76 155 94 70 50 61 44 465 211 254 183 229 190
internal_count=1379 453 926 97 547 82 356 246 110 188 63 379 342 51 291 270 231 76 155 94 70 50 61 44 465 211 254 183 229 190
is_linear=0
shrinkage=0.03


Tree=185
num_leaves=31
num_cat=0
split_feature=10 29 12 13 14 25 21 29 5 24 29 29 5 24 9 0 12 3 5 5 4 28 12 14 14 15 18 12 16 18
split_gain=9.1474 8.31576 8.22734 8.11059 11.8129 7.31333 7.29992 6.22713 6.3609 9.15968 7.42763 6.96427 7.2137 7.96478 6.62374 10.0901 5.70307 6.82761 11.918 5.82367 5.74756 5.66554 5.52304 5.23696 5.40626 7.15212 8.25922 5.79792 7.41187 5.76
threshold=125.35000000000001 -0.97111920233974802 1.0000000180025095e-35 4.5000000000000009 5.5000000000000009 27.050000000000004 33.350000000000001 -0.90161545992537195 189.50000000000003 -0.96359376111369344 0.83730377313544024 -0.80417042486635371 274.50000000000006 0.99535829673000953 127.05500000000002 298.50000000000006 52.500000000000007 248.50000000000003 174.50000000000003 98.40000000000002 175.50000000000003 0.39036257410962044 1.0000000180025095e-35 11.500000000000002 56.500000000000007 154.50000000000003 17.450000000000003 41.500000000000007 398.50000000000006 20.450000000000003
decision_type=8 2 10 10 10 2 2 2 10 2 2 2 10 2 2 2 10 10 10 10 10 2 10 10 10 10 2 10 10 2
left_child=16 5 -3 6 -5 -2 21 -6 -9 10 -10 -11 14 23 15 -13 17 18 19 -1 -20 -4 -21 -14 27 -26 -27 -25 -29 -28
right_child=1 2 3 4 7 -7 -8 8 9 11 -12 12 13 -15 -16 -17 -18 -19 20 22 -22 -23 -24 24 25 26 29 28 -30 -31
leaf_value=-0.0010271787215819471 -0.49922408026223519 0.030880554910102942 -0.18966244395745857 0.18617576152940329 -0.18970794435126975 -0.0052470716947033225 0.039836189738064146 0.016481534009280239 -0.16097871874321698 0.015083753409379454 0.17576630218306888 -0.0079538597977520456 -0.16720279568281454 0.15859184078797936 -0.071295438617468107 0.40899973241691129 -0.13944596816195853 0.26393462837508874 0.023727590940323891 -0.0017226380980058307 -0.066566523728801882 -0.0028689454947337365 0.10060612806516438 -0.0036866480006372626 -0.069079638109473082 0.010762688121119765 -0.3279455260861775 0.20928206426568294 -0.0021915028629607035 -0.0028309513423650399
leaf_weight=35 25 26 46 49 39 36 22 104 45 22 20 90 21 60 59 22 21 40 20 20 38 24 62 99 42 172 24 51 30 20
leaf_count=35 25 26 46 49 39 36 22 104 45 22 20 90 21 60 59 22 21 40 20 20 38 24 62 99 42 172 24 51 30 20
internal_value=-0.000303249 -0.00140992 -0.000799632 -0.00121469 -0.000402062 -0.0120968 -0.00967742 -0.00117264 -0.000646259 -0.00158098 -0.0122727 -0.00058906 -0.0011288 0.000634615 -0.00645349 -0.00212389 0.00506329 0.00652778 0.00392045 0.00940678 -0.00711864 -0.0143662 0.0137349 -0.000717391 0 -0.00277992 -0.000552995 0.0039779 0.00987805 -0.012
internal_weight=1384 1148 1087 1061 969 61 92 920 881 777 65 712 690 519 171 112 236 215 175 117 58 70 82 459 438 258 216 180 81 44
internal_count=1384 1148 1087 1061 969 61 92 920 881 777 65 712 690 519 171 112 236 215 175 117 58 70 82 459 438 258 216 180 81 44
is_linear=0
shrinkage=0.03


Tree=186
num_leaves=31
num_cat=0
split_feature=1 9 26 25 23 7 18 15 9 3 17 21 23 16 19 3 26 16 15 17 21 26 19 5 17 7 10 23 23 28
split_gain=6.34602 7.74171 6.57414 8.22651 7.96039 6.59882 5.038 4.94177 5.48614 4.89976 4.74647 8.79028 7.95158 7.31433 7.18458 5.93583 5.15558 4.67092 5.37801 8.45344 5.78976 8 5.43287 4.96176 7.04703 5.47684 7.6131 8.05044 9.02416 10.4066
threshold=301.50000000000006 163.94500000000002 37.750000000000007 25.450000000000003 12.65 306.83333333333343 10.850000000000003 2.5000000000000004 23.765000000000004 326.50000000000006 392.23500000000416 20.250000000000004 11.250000000000002 161.50000000000003 0.91702515554752073 368.50000000000006 25.350000000000005 6265.0000000000009 135.50000000000003 763.96000000000367 37.350000000000001 39.350000000000001 0.90255091666790854 297.50000000000006 300.81500000000176 106.83333333333336 252.08000000000001 20.750000000000004 16.650000000000002 -0.065535378769913874
decision_type=8 2 2 2 2 10 2 10 2 10 10 2 2 10 2 10 2 8 10 10 2 2 2 10 10 10 10 2 2 2
left_child=1 7 4 -4 5 -2 -6 -1 -9 -8 13 -12 14 -7 16 -16 -13 18 23 -20 22 -22 -21 25 -25 -10 27 28 29 -27
right_child=2 -3 3 -5 6 10 9 8 17 -11 11 12 -14 -15 15 -17 -18 -19 19 20 21 -23 -24 24 -26 26 -28 -29 -30 -31
leaf_value=0.021835295993329139 -0.17339282743183418 0.24050164494882947 0.24406002014042996 -0.017671722358452938 -0.0024109821217621172 0.018981825583975365 -0.23030281799205779 -0.22276174584809674 0.021546917468237153 -0.013028396956289896 0.65333780570179101 -0.14884932753271982 0.27725792350061423 -0.083262092843634145 -0.0084940153906256904 0.183420928796246 -0.0090827408291465871 0.058596860594458913 -0.14894711868828778 0.1024506682646404 -0.25690667727228 0.0002232934141716214 -0.040692431517385899 0.0039275842685003682 0.13344461064004703 -0.041569186739153566 0.093542910442441771 0.029561454037238661 -0.36080937138102681 0.011710002856442258
leaf_weight=50 20 33 32 47 48 21 64 21 81 110 21 25 38 37 21 33 59 25 41 43 26 54 27 57 30 105 47 27 67 89
leaf_count=50 20 33 32 47 48 21 64 21 81 110 21 25 38 37 21 33 59 25 41 43 26 54 27 57 30 105 47 27 67 89
internal_value=-0.000707143 0.00098301 -0.00311958 0.004875 -0.00439759 -0.000978261 -0.00860987 0.000379267 -0.000242915 -0.0109714 0.000351562 0.00257576 0.000338983 -0.00711864 -0.00302158 0.00545455 -0.00847059 0.000208333 -0.000258993 -0.00453125 -0.00119205 -0.00666667 0.00507042 0.00136905 0.00784091 0 -0.00169643 -0.00352941 -0.00515267 -0.00184615
internal_weight=1399 823 576 79 497 275 222 790 740 174 255 197 176 58 138 54 84 719 694 191 150 80 70 503 87 416 335 288 261 194
internal_count=1399 823 576 79 497 275 222 790 740 174 255 197 176 58 138 54 84 719 694 191 150 80 70 503 87 416 335 288 261 194
is_linear=0
shrinkage=0.03


Tree=187
num_leaves=31
num_cat=0
split_feature=10 23 28 9 11 26 13 13 29 12 25 1 8 6 9 2 2 2 23 23 11 0 21 26 0 14 13 11 1 26
split_gain=10.1174 7.64025 9.2471 7.58688 7.15284 6.22095 7.37354 5.60104 5.4022 5.44481 5.33597 4.88949 4.88262 10.084 8.33747 5.98063 5.03852 6.631 4.57425 8.40485 7.17721 6.75595 8.34957 6.85402 6.06618 5.8413 7.07201 7.69851 6.74937 5.74148
threshold=118.25500000000001 14.450000000000001 -0.89406062840022227 30.025000000000002 1.5000000000000002 31.350000000000005 816.50000000000011 430.50000000000006 -0.96687281075841669 18.500000000000004 24.850000000000005 126.50000000000001 203.78571428571431 145.00000000000003 56.975000000000001 202.50000000000003 221.50000000000003 245.50000000000003 15.450000000000001 17.650000000000002 15.500000000000002 293.50000000000006 29.350000000000005 28.550000000000004 354.50000000000006 1728.5000000000002 90.500000000000014 67.500000000000014 362.50000000000006 24.350000000000005
decision_type=8 2 2 2 2 2 10 10 2 10 2 10 10 10 2 10 10 10 2 2 2 2 2 2 2 8 10 2 10 2
left_child=1 4 -3 -2 11 18 7 8 9 -7 -9 -1 13 14 -10 -14 -17 -18 21 -20 -21 -5 23 25 -22 26 27 29 -28 -23
right_child=3 2 -4 5 -6 6 -8 10 12 -11 -12 -13 15 -15 -16 16 17 -19 19 20 24 22 -24 -25 -26 -27 28 -29 -30 -31
leaf_value=0.0046851292022641643 -0.16090846557419428 -0.11021625377346587 0.069124891237036787 0.012573300251264925 0.025235749355982478 0.0020066497277963433 0.17740540505364349 -0.0047396508892616398 0.15199090754943229 -0.32074422105536482 -0.18918894893844737 -0.4229252928782764 -0.12361391720683627 0.13880933789916597 -0.071760554818969521 0.29541145460482682 -0.18471673427860111 0.0046420816164985008 -0.19068878689837332 0.24557327431302156 0.0025176431265947485 -0.0092136838475425972 -0.062803626532449919 0.45015752482077742 -0.32699511660065467 -0.12662473312538622 0.13761473865415949 -0.043081209827764151 -0.0017752260403909757 0.07481103501154876
leaf_weight=23 22 20 75 92 63 37 56 24 30 28 21 22 33 50 38 27 45 199 75 29 44 121 37 23 23 24 24 37 39 26
leaf_count=23 22 20 75 92 63 37 56 24 30 28 21 22 33 50 38 27 45 199 75 29 44 121 37 23 23 24 24 37 39 26
internal_value=-0.000149148 0.00602941 0.0121875 -0.00119502 0.000550459 -0.000862215 0.00132428 0.000225141 0.00116803 -0.00681818 -0.00978261 -0.00847826 0.00241135 0.00756303 0 0.000393443 0.001875 0.000489796 -0.00302521 -0.00715116 -0.00123711 -0.00134434 -0.00334337 -0.00162712 -0.00661765 -0.00297794 -0.00157258 -0.00454054 0.00703125 -0.00141892
internal_weight=1407 203 95 1204 108 1182 588 532 487 65 45 45 422 118 68 304 271 244 594 171 96 423 331 294 67 271 247 184 63 147
internal_count=1407 203 95 1204 108 1182 588 532 487 65 45 45 422 118 68 304 271 244 594 171 96 423 331 294 67 271 247 184 63 147
is_linear=0
shrinkage=0.03


Tree=188
num_leaves=31
num_cat=0
split_feature=6 8 4 10 10 27 13 24 13 14 20 25 29 26 12 29 27 6 27 8 27 0 24 22 20 10 18 21 7 17
split_gain=6.45246 7.05649 11.0538 4.56969 4.54104 6.28054 5.40891 8.09846 6.86691 6.86133 6.63616 6.36348 6.23699 5.07966 6.45264 5.57066 4.72822 7.01048 7.92772 7.79915 5.61458 4.81145 4.71535 6.08735 5.55959 6.14202 9.60735 5.48496 7.26051 5.30209
threshold=531.50000000000011 460.07142857142861 429.00000000000006 380.02000000000004 70.040000000000006 5.0500000000000007 90.500000000000014 -0.96811077628253217 106.50000000000001 73.500000000000014 27.350000000000005 28.050000000000004 -0.96687281075841669 25.250000000000004 2019.0000000000002 -0.71502926860092908 13.000000000000002 88.500000000000014 8.2500000000000018 109.78571428571429 1.9500000000000002 110.50000000000001 0.87032255546191728 5.6500000000000012 25.850000000000005 183.41000000000005 18.550000000000004 25.350000000000005 210.16666666666671 593.34000000000356
decision_type=8 10 10 10 8 2 10 2 10 10 2 2 2 2 10 2 2 10 2 10 2 2 2 2 2 10 2 2 10 10
left_child=1 2 4 -4 5 -1 9 -8 -9 11 13 16 -13 -10 15 -15 17 20 19 -19 -6 -21 23 24 25 -23 -27 28 -24 -30
right_child=-2 -3 3 -5 6 -7 7 8 10 -11 -12 12 -14 14 -16 -17 -18 18 -20 21 -22 22 27 -25 -26 26 -28 -29 29 -31
leaf_value=0.11567567947159205 -0.060541141967591444 0.29469223390272614 -0.072079406361574172 -0.0080403156222052987 -0.12899236276530543 -0.0017437201724563778 -0.098035406731883656 0.28392769284107172 -0.0062527054258202947 -0.064362324206953189 0.36455046674459379 -0.017808723303619302 0.51551573945484808 -0.0047434476396274756 -0.1139877606175861 0.10551107544292136 0.024116968293608636 0.088780959430416279 -0.34749777733203019 -0.095253234682170673 -0.00072366138280017362 0.055631581851364867 0.39189360361311909 -0.079043037011315098 -0.016305956570901683 -0.003948479298758514 0.019656490658007043 -0.012301928583363519 -0.015926359064094127 0.012921341001786857
leaf_weight=31 22 26 52 29 31 24 27 22 27 69 20 22 20 36 27 167 43 37 27 23 22 56 21 21 48 120 25 180 98 28
leaf_count=31 22 26 52 29 31 24 27 22 27 69 20 22 20 36 27 167 43 37 27 23 22 56 21 21 48 120 25 180 98 28
internal_value=0.00010699 0.000369565 6.64697e-05 -0.0106098 0.000754124 0.00910714 0.000369458 0.00366972 0.0051 -0.000840807 0.00377698 -7.2904e-05 0.0111628 0.00244186 0.0038961 0.00573529 -0.000691421 -0.00126016 -0.000437956 0.000227964 -0.0116667 -0.00057971 -5.01672e-05 0.00287823 0.0042 0.00638614 0.00308219 -0.00246951 0.00182432 -0.000944882
internal_weight=1401 1379 1353 81 1272 55 1217 326 299 891 277 822 42 257 230 203 780 737 684 657 53 620 597 270 249 201 145 327 147 126
internal_count=1401 1379 1353 81 1272 55 1217 326 299 891 277 822 42 257 230 203 780 737 684 657 53 620 597 270 249 201 145 327 147 126
is_linear=0
shrinkage=0.03


Tree=189
num_leaves=31
num_cat=0
split_feature=1 10 9 3 6 23 19 19 9 2 2 26 24 6 11 9 5 8 9 10 24 15 2 2 6 14 14 3 25 8
split_gain=9.19451 7.47677 6.87832 7.05617 6.60484 12.7079 7.44392 7.42151 6.58009 5.74977 9.83021 6.712 9.36925 6.83405 6.41517 8.26882 7.71868 10.3352 7.22529 5.77692 5.24243 4.98182 4.91272 7.61706 6.25154 9.15027 5.82173 4.87156 7.60561 4.82998
threshold=204.50000000000003 105.79500000000002 62.230000000000011 247.50000000000003 90.500000000000014 12.550000000000002 -0.82409480842201666 0.95368063612909459 88.740000000000023 225.50000000000003 257.50000000000006 31.450000000000003 -0.90992662233962529 183.50000000000003 67.500000000000014 236.94000000000003 328.50000000000006 411.35714285714295 108.03500000000001 244.17500000000004 0.53727914962411594 79.500000000000014 288.50000000000006 305.50000000000006 370.50000000000006 630.00000000000011 39.500000000000007 174.50000000000003 26.350000000000005 234.14285714285717
decision_type=10 8 2 10 10 2 2 2 2 8 10 2 2 10 2 2 10 8 2 10 2 10 10 10 10 10 10 10 2 10
left_child=4 -2 3 -3 5 -1 27 -8 21 19 -11 14 -13 -14 18 16 -16 20 -12 29 -18 -9 -15 -24 25 26 -25 28 -6 -4
right_child=1 2 9 -5 6 -7 7 8 -10 10 11 12 13 22 15 -17 17 -19 -20 -21 -22 -23 23 24 -26 -27 -28 -29 -30 -31
leaf_value=0.089773625725075301 0.06707706838724703 -0.54757201709433467 0.034758161967339586 0.0013374869047152059 -0.32033123792805918 -0.11123898019034349 0.035416131377706675 -0.009433557548944406 -0.075728102021076035 -0.087096203725515978 -0.2359186008140064 -0.010668555909614951 -0.14720419741770299 0.16368115623492144 -0.032020641259709347 0.013089716226448899 -0.042301404432081142 -0.12577937050992716 0.0015798394865385035 0.17611020068545313 0.010734922063760734 0.06860361983551172 -0.1578997059352821 -0.011887162815610849 0.22548065549676549 -0.25551208150072741 0.14142914080260824 0.01328607720196473 0.01820034324606503 -0.056798200107826914
leaf_weight=21 34 34 24 21 30 54 183 29 20 84 28 24 22 37 34 61 20 20 241 56 50 25 25 23 36 20 44 34 26 26
leaf_count=21 34 34 24 21 30 54 183 29 20 84 28 24 22 37 34 61 20 20 241 56 50 25 25 23 36 20 44 34 26 26
internal_value=0 -0.00161658 -0.00212675 -0.0123214 0.00368794 -0.00434211 0.00543103 0.00802326 0 -0.0014726 -0.00237662 -0.00118076 0.00297414 0.00504808 -0.0032967 -0.00758065 -0.012 -0.00725275 -0.000333333 0.00504673 -0.00169014 0.00545455 0.00693548 0.00442953 0.0075 0.00306818 0.00838235 -0.00197802 -0.00736842 -0.00235294
internal_weight=1386 964 930 55 422 75 347 257 74 875 769 685 231 207 454 185 124 90 269 106 70 54 185 148 123 87 67 90 56 50
internal_count=1386 964 930 55 422 75 347 257 74 875 769 685 231 207 454 185 124 90 269 106 70 54 185 148 123 87 67 90 56 50
is_linear=0
shrinkage=0.03


Tree=190
num_leaves=31
num_cat=0
split_feature=10 19 28 13 29 29 13 1 26 12 18 5 19 14 8 2 8 19 24 6 26 19 12 23 13 20 26 24 18 19
split_gain=18.2827 6.23195 7.90903 8.44246 7.21012 5.7909 8.64648 8.04406 7.11111 9.28125 5.97993 6.22805 9.51606 9.00515 7.35736 6.49164 9.32555 6.24416 7.71045 6.20536 5.96078 5.74692 5.64471 5.63052 5.18328 5.13105 5.6595 4.86208 7.34518 7.3212
threshold=152.12000000000003 0.98897820466835418 0.056951373111866731 36.500000000000007 0.28313308994381592 -0.71502926860092908 1.5000000000000002 217.50000000000003 40.95000000000001 148.00000000000003 23.450000000000003 383.50000000000006 -0.90992662233962529 23.500000000000004 406.21428571428578 388.50000000000006 360.07142857142861 -0.71322329076259927 -0.73724926354828224 301.50000000000006 28.750000000000004 -0.26722820045975981 18.500000000000004 15.250000000000002 4.5000000000000009 7.5500000000000007 39.250000000000007 0.81408451933196979 11.750000000000002 0.93663652364155514
decision_type=8 2 2 10 2 2 10 8 2 10 2 10 2 10 10 10 10 2 2 10 2 2 10 2 10 2 2 2 2 2
left_child=1 2 3 -1 -4 6 -2 21 22 -10 11 17 -13 -14 15 16 -15 18 -9 -20 -16 -7 24 -23 -8 -19 27 -27 29 -29
right_child=5 -3 4 -5 -6 7 8 10 9 -11 -12 12 13 14 20 -17 -18 25 19 -21 -22 23 -24 -25 -26 26 -28 28 -30 -31
leaf_value=0.0075366115798414053 0.13425975945070831 -0.010182494320472699 0.073295449631868903 -0.30792750211507386 0.0043980550845144246 -0.073644798447013535 -0.31500103171403004 -0.017255638923750212 0.057300152550952249 -0.015547475232618523 0.063063677800607537 -0.058744598022494751 -0.037819904628316296 0.29803395514959136 -0.013202780436193108 0.33200856234467208 -0.017246947346114892 0.002507033560917762 0.22596675664769605 0.0006945786023675282 0.64872595820347068 0.022351967673478156 -0.26636698321501801 0.096091195192635717 0.012536246725034913 -0.0083757983993805844 0.16560097161663748 -0.048034497966961 -0.10171411440122029 0.15848321997841822
leaf_weight=179 22 23 66 20 30 28 21 44 31 21 31 23 27 20 50 23 33 41 20 27 24 54 60 49 35 106 29 31 149 41
leaf_count=179 22 23 66 20 30 28 21 44 31 21 31 23 27 20 50 23 33 41 20 27 24 54 60 49 35 106 29 31 149 41
internal_value=-0.000264901 0.00601881 0.00719595 0.00375 0.0142268 -0.0021902 -0.00691099 -0.00112808 -0.00923077 0 -0.002375 -0.00296081 0.00149254 0.0038764 0.00675497 0.0132468 0.00722222 -0.00478528 0.00228261 0.010625 0 0.00568182 -0.0133333 0.00894231 -0.00631579 -0.00640704 -0.00756303 -0.00868902 -0.0112162 -0.00328767
internal_weight=1358 318 295 199 96 1040 190 850 168 52 719 688 200 177 150 76 53 488 91 47 74 131 116 103 56 397 356 327 221 72
internal_count=1358 318 295 199 96 1040 190 850 168 52 719 688 200 177 150 76 53 488 91 47 74 131 116 103 56 397 356 327 221 72
is_linear=0
shrinkage=0.03


Tree=191
num_leaves=31
num_cat=0
split_feature=16 21 25 29 18 21 6 7 2 29 13 2 12 10 2 0 2 9 3 0 6 25 29 0 27 10 22 3 3 12
split_gain=7.12737 4.55733 5.01639 5.66828 4.60555 8.22684 7.86038 7.58519 6.24444 9.63243 8.41123 5.8855 5.71906 7.80438 5.58744 6.0364 9.69118 6.15111 8.20136 7.72311 5.92019 5.47831 6.15446 6.88834 6.39989 4.80987 6.61782 11.263 6.39182 5.60905
threshold=5.5000000000000009 42.20000000000001 28.050000000000004 -0.96687281075841669 13.15 32.050000000000004 296.50000000000006 118.83333333333336 470.50000000000006 0.98005052076767474 1510.5000000000002 174.50000000000003 1.5000000000000002 80.135000000000005 478.50000000000006 319.50000000000006 279.50000000000006 218.14000000000001 322.50000000000006 423.50000000000006 383.50000000000006 25.550000000000004 -0.9575230291762723 309.50000000000006 3.2500000000000004 103.82000000000001 0.25000000000000006 265.50000000000006 187.50000000000003 43.500000000000007
decision_type=8 2 2 2 2 2 10 10 10 2 10 10 10 10 10 2 10 2 8 2 10 2 2 2 2 8 2 10 10 10
left_child=-1 2 4 -4 5 14 7 -7 9 10 12 -9 13 -6 15 16 -2 18 -17 -19 -20 25 24 -24 -23 -14 28 -28 -27 -30
right_child=1 -3 3 -5 8 6 -8 11 -10 -11 -12 -13 21 -15 -16 17 -18 19 20 -21 -22 22 23 -25 -26 26 27 -29 29 -31
leaf_value=0.1937283610314961 -0.0039125130723816426 -0.050351015177840276 -0.00078063549521601772 0.30030428093344469 -0.042614004918025118 0.090676639028080847 0.29863607843291617 -0.16430612381865942 -0.44440026104519459 0.015136636190625552 0.12485477860595494 0.011293900774144702 0.097986322582364158 0.050669819744449569 0.56934419986596141 0.0096895798341529362 0.19118149191544945 0.20412330092960757 -0.084811920554924425 -0.12526799296140381 -0.0061853921142466101 -0.057956351615566032 -0.09834536106263847 0.038951297795589993 0.14984113932415524 0.080990169882464325 -0.97502383777115964 -0.0018203519282468505 -0.010760936058983645 0.0011845056994610559
leaf_weight=23 94 30 29 30 26 26 39 20 21 24 27 88 34 36 25 35 49 45 53 68 27 20 82 20 23 42 33 53 140 126
leaf_count=23 94 30 29 30 26 26 39 20 21 24 27 88 34 36 25 35 49 45 53 68 27 20 82 20 23 42 33 53 140 126
internal_value=4.31965e-05 -0.000241581 2.24551e-05 0.0085 -0.000375881 0.00163158 0.00706897 0.00355556 -0.00199153 -0.00148472 -0.00217195 0 -0.00287736 0.00571429 -0.000755668 -0.00169355 0.003125 -0.00471616 -0.00956897 0.000263158 -0.0148148 -0.00381533 -0.00883562 -0.0128155 0.000681818 -0.0020979 -0.00303797 -0.0103448 -0.000970874 -0.00269663
internal_weight=1388 1365 1335 59 1276 569 173 134 707 686 662 108 635 62 396 371 143 228 115 113 80 573 145 102 43 428 394 86 308 266
internal_count=1388 1365 1335 59 1276 569 173 134 707 686 662 108 635 62 396 371 143 228 115 113 80 573 145 102 43 428 394 86 308 266
is_linear=0
shrinkage=0.03


Tree=192
num_leaves=31
num_cat=0
split_feature=12 25 17 14 24 26 28 1 13 19 24 6 0 6 0 18 23 25 26 0 13 6 6 1 3 23 25 25 28 5
split_gain=8.4032 12.5099 5.42964 5.88089 6.49985 10.7919 8.78069 8.26998 6.44341 7.34124 6.21658 5.69476 6.8327 7.41437 7.0446 8.27771 4.68273 5.72762 4.25721 4.81686 4.17002 5.80705 9.37767 6.53391 8.51372 6.37047 7.16797 7.11339 6.34579 4.2627
threshold=1.5000000000000002 26.250000000000004 17.399999999999888 5.5000000000000009 0.99140711019144623 38.95000000000001 0.69676570133721638 261.50000000000006 5.5000000000000009 0.80382625221112025 0.36648727148060622 106.50000000000001 169.50000000000003 134.50000000000003 217.50000000000003 23.450000000000003 16.150000000000002 25.850000000000005 31.550000000000004 123.50000000000001 9.5000000000000018 269.50000000000006 247.50000000000003 300.50000000000006 293.50000000000006 18.350000000000005 23.250000000000004 16.650000000000002 0.77788564761185042 191.50000000000003
decision_type=8 2 10 10 2 2 2 10 10 2 2 8 2 10 2 2 2 2 2 2 10 10 10 10 10 2 2 2 2 10
left_child=1 18 -2 8 11 6 -6 -8 10 -10 -4 -5 16 -14 -15 20 -13 -18 19 -1 -16 22 28 25 -25 26 27 -23 29 -22
right_child=2 -3 3 4 5 -7 7 -9 9 -11 -12 12 13 14 15 -17 17 -19 -20 -21 21 23 -24 24 -26 -27 -28 -29 -30 -31
leaf_value=-0.020194607900966444 -0.1944154142191041 0.1514351446110915 0.087649473041605003 -0.27249715914669448 0.054241604591344271 0.19442832615605765 0.041453354948470321 -0.15141986601348534 -0.091906288385692675 0.27070510639358614 -0.010395374328930699 0.074708128755559072 0.11925996254452358 -0.16773386331883927 0.0170124030576396 0.076006654027771389 -0.14522481050464392 0.014931704268943163 -0.021041357264464367 0.019284008157706863 0.17566444940013923 -0.013977221317928184 -0.15995403242936163 -0.048910728188527909 -0.0041824838995080426 0.32055357371559723 -0.13356887940181536 0.49124039721682206 -0.032724201265608599 -0.010898105864771281
leaf_weight=22 54 42 26 33 74 21 24 32 29 43 39 37 20 97 40 31 29 20 40 32 21 33 42 42 321 22 25 23 52 50
leaf_count=22 54 42 26 33 74 21 24 32 29 43 39 37 20 97 40 31 29 20 40 32 21 33 42 42 321 22 25 23 52 50
internal_value=-0.000931546 0.00613139 -0.00168618 -0.00127139 -0.00200917 0.00375 0.000458015 -0.00842105 0.00456522 0.0106849 -0.00227273 -0.0029393 -0.00248344 -0.00332927 -0.0037875 -0.00273115 0.00551724 -0.0006 0 0.00545455 -0.0034375 -0.00403481 -0.00885542 -0.00231263 -0.0042033 0.00432692 0.000365854 0.00631579 -0.00459677 0.00125
internal_weight=1416 136 1280 1226 1089 151 130 56 137 72 65 938 905 819 799 702 86 49 94 54 671 631 165 466 363 103 81 56 123 71
internal_count=1416 136 1280 1226 1089 151 130 56 137 72 65 938 905 819 799 702 86 49 94 54 671 631 165 466 363 103 81 56 123 71
is_linear=0
shrinkage=0.03


Tree=193
num_leaves=31
num_cat=0
split_feature=3 3 19 23 6 10 3 29 25 19 14 14 11 11 13 16 8 2 11 2 12 22 27 17 3 26 2 20 8 2
split_gain=7.91439 10.692 8.48795 14.0916 10.8166 7.35806 5.39677 6.84959 7.68454 5.7926 7.68134 6.0858 5.89926 8.19907 7.0236 6.82866 5.79955 5.96919 5.54435 5.09326 5.04072 7.21123 5.73868 4.77519 4.72628 4.63283 8.33195 7.60465 6.13228 4.51253
threshold=187.50000000000003 179.50000000000003 -0.82409480842201666 11.950000000000001 88.500000000000014 138.98000000000005 192.50000000000003 -0.9575230291762723 26.950000000000003 0.9681107762825325 1671.0000000000002 1148.5000000000002 781.00000000000011 67.500000000000014 73.500000000000014 2493.0000000000005 417.71428571428578 202.50000000000003 59.500000000000007 437.50000000000006 9.5000000000000018 0.15000000000000005 2.6500000000000008 687.99000000000103 218.50000000000003 22.050000000000004 291.50000000000006 7.4500000000000011 232.92857142857147 217.50000000000003
decision_type=8 10 2 2 8 8 10 2 2 2 10 8 2 2 10 10 10 8 2 10 10 2 2 10 10 2 10 2 10 10
left_child=1 2 3 -1 -4 -5 -2 -8 9 10 11 16 13 25 -15 -16 17 24 -10 29 22 -22 -6 -18 -9 27 28 -11 -27 -19
right_child=6 -3 4 5 20 -7 7 8 18 12 -12 -13 -14 14 15 -17 23 19 -20 -21 21 -23 -24 -25 -26 26 -28 -29 -30 -31
leaf_value=0.024442163133699069 -0.2266766426167402 0.3512016444418839 -0.096491173277079692 -0.083003044570204451 0.052315650798151404 -0.37175606456218763 0.031988421661128537 0.0073683768740420413 0.00079461743795093296 0.0051579676501808079 -0.071988334624705316 0.32294285495015629 0.14656175557145701 -0.022524215568723773 0.13754714976375992 -0.11682892916504101 0.071761492831339799 0.30998093295017409 -0.011875085088968262 0.17583264195795237 0.026203580246396144 -0.35326217263124232 0.0030548072578928751 -0.19272170324062671 -0.45779193314583094 0.060222687996694613 0.077444826731755817 -0.18225418399635712 -0.029524356982715574 0.0024629035661638452
leaf_weight=33 28 25 49 34 59 25 43 21 22 25 55 23 40 31 22 25 22 24 39 20 90 23 36 20 22 20 53 36 33 422
leaf_count=33 28 25 49 34 59 25 43 21 22 25 55 23 40 31 22 25 22 24 39 20 90 23 36 20 22 20 53 36 33 422
internal_value=-0.000380014 0.00336 0.00197143 -0.00580645 0.00476744 -0.0145 -0.0017192 -0.00135427 -0.001875 -0.00118033 0.000428571 0.00146087 -0.00472028 -0.00646341 -0.0144304 -0.006875 0.000815217 0.00170588 -0.0120968 0.00269807 0.0077512 0.00342105 0.0128125 -0.00976744 -0.00886364 -0.00267857 0.0011215 -0.00919355 -0.00722222 0.00201342
internal_weight=1420 374 349 92 257 59 1046 1018 975 914 629 574 285 245 78 47 551 509 61 466 208 113 95 42 43 167 106 61 53 446
internal_count=1420 374 349 92 257 59 1046 1018 975 914 629 574 285 245 78 47 551 509 61 466 208 113 95 42 43 167 106 61 53 446
is_linear=0
shrinkage=0.03


Tree=194
num_leaves=31
num_cat=0
split_feature=24 23 19 18 2 13 5 1 10 7 29 26 0 7 2 17 17 16 19 5 27 2 3 29 1 0 19 10 0 1
split_gain=9.67162 9.56549 8.38506 10.7184 7.59077 7.44539 6.90372 6.45514 9.90249 7.50227 6.5039 6.29406 7.5458 9.71388 5.63707 5.11488 5.65361 7.7249 6.92192 6.06366 5.0972 8.1136 6.78532 6.36516 5.09395 4.78161 5.20009 5.37614 7.18266 7.58035
threshold=-0.87878364999916125 15.550000000000002 0.98897820466835418 16.050000000000004 171.50000000000003 65.500000000000014 375.50000000000006 204.50000000000003 247.60000000000005 206.16666666666671 -0.85225707553516283 32.050000000000004 368.50000000000006 231.83333333333334 213.50000000000003 80.75000000000189 145.56500000000179 159.50000000000003 -0.81408451933196946 471.50000000000006 1.0000000180025095e-35 302.50000000000006 317.50000000000006 -0.43733099657705293 307.50000000000006 263.50000000000006 0.9681107762825325 252.70000000000002 343.50000000000006 345.50000000000006
decision_type=2 2 2 2 10 10 8 10 8 10 2 2 2 10 10 10 10 10 2 10 2 10 10 2 10 2 2 10 2 10
left_child=1 5 7 6 -3 -1 -4 8 -2 -9 -10 14 13 -13 -11 -16 -17 -18 -19 25 21 23 -22 -15 -23 -20 27 -27 -29 -30
right_child=2 4 3 -5 -6 -7 -8 9 10 11 -12 12 -14 20 15 16 17 18 19 -21 22 24 -24 -25 -26 26 -28 28 29 -31
leaf_value=0.096739693962538953 0.014645409130846474 -0.24845745465770136 -0.017940534065476185 -0.11438646342819708 -0.063497944143815196 -0.026639342518559771 0.13964837605856645 -0.63058607344717754 -0.2076655226687768 -0.26329217262034604 0.0033384436372084279 0.059957394646808521 0.36388843747547867 4.6505616296599328e-07 0.11311579049012493 -0.11826996216824681 0.12697984162854795 0.030274616012713407 0.031709987811642436 0.024797521432920459 0.12879268000781224 0.023475645170154279 -0.057937828837023059 -0.25281999857393483 -0.023391381076695694 -0.10756753962426756 -0.076421161204886512 0.24428784798695802 -0.28950924017381624 -0.0015600135360725176
leaf_weight=80 247 20 100 59 92 38 33 23 27 25 32 38 49 25 27 25 20 46 20 27 25 24 20 45 22 30 40 36 22 84
leaf_count=80 247 20 100 59 92 38 33 23 27 25 32 38 49 25 27 25 20 46 20 27 25 24 20 45 22 30 40 36 22 84
internal_value=-0.000363766 -0.00597403 0.000742321 -0.00497409 -0.0122124 0 -0.000223881 0.00186735 0.00547231 0.000222552 -0.0055 0.000829493 0.00457831 0.00195 -0.00148883 -0.000555556 -0.00153846 -0.000460123 -0.00166667 -0.00357692 -0.0012963 -0.00461538 0.00717391 -0.0109859 0.00510638 -0.00515021 -0.00647887 -0.00416185 -0.00167832 -0.00560748
internal_weight=1401 230 1171 192 112 118 133 979 306 673 59 650 248 199 402 377 350 325 305 259 161 116 45 70 46 232 212 172 142 106
internal_count=1401 230 1171 192 112 118 133 979 306 673 59 650 248 199 402 377 350 325 305 259 161 116 45 70 46 232 212 172 142 106
is_linear=0
shrinkage=0.03


Tree=195
num_leaves=31
num_cat=0
split_feature=10 27 16 22 2 8 28 19 5 7 29 3 3 2 20 26 5 12 29 9 0 5 12 6 0 7 14 6 5 5
split_gain=8.23809 7.43317 7.98918 6.23463 6.26635 9.70908 7.08607 7.37396 5.83278 5.51504 6.05738 5.35183 8.38307 10.3154 6.66585 6.17613 5.33755 4.86738 5.585 4.23424 4.08565 8.51803 9.05694 9.71173 7.96059 6.52434 5.35233 5.17507 8.04849 7.57058
threshold=152.74000000000004 2.1500000000000008 28.500000000000004 1.0000000180025095e-35 389.50000000000006 240.35714285714286 0.3744682635859638 -0.061046214993534811 352.50000000000006 303.83333333333343 -0.93543596745397617 292.50000000000006 215.50000000000003 156.50000000000003 24.850000000000005 33.550000000000004 111.50000000000001 26.500000000000004 -0.80417042486635371 59.105000000000011 295.50000000000006 309.50000000000006 28.500000000000004 197.50000000000003 315.50000000000006 181.16666666666671 55.500000000000007 437.50000000000006 442.50000000000006 368.50000000000006
decision_type=8 2 8 2 8 10 2 2 10 10 2 10 8 10 2 2 10 10 2 2 2 10 10 10 2 10 10 10 10 10
left_child=8 2 -2 20 5 16 -7 -8 11 10 -3 12 13 14 -1 19 -5 18 -15 -14 21 22 25 -24 -22 -4 -25 29 -29 -26
right_child=1 9 3 4 -6 6 7 -9 -10 -11 -12 -13 15 17 -16 -17 -18 -19 -20 -21 24 -23 23 26 27 -27 -28 28 -30 -31
leaf_value=0.088208301143508402 0.052993331761116237 -0.11131047716219811 0.039704071001577149 -0.068506976571631281 -0.26509608090345038 0.11163490955959503 0.0082269969991993711 -0.099622895704387981 -0.0075747159998856258 0.0045509798868717151 -0.46857006328097683 -0.0087761251781608967 -0.0070535511958468074 0.01332300410860526 0.0039077143931094578 0.25712081306469059 -0.38023304533447122 -0.18811130157081549 -0.30552571961919911 0.29570460673790105 -0.069512264650646208 0.088848106459032003 0.11228010508767312 0.0036718822847608122 -0.0030430837396068001 -0.22299660301973886 -0.0084787755914379655 -0.1343272492395306 0.0018080580694203262 0.16708321204279172
leaf_weight=41 31 20 24 22 22 25 38 38 20 26 48 23 23 28 100 25 32 21 28 27 65 75 49 38 222 56 41 35 37 120
leaf_count=41 31 20 24 22 22 25 38 38 20 26 48 23 23 28 100 25 32 21 28 27 65 75 49 38 222 56 41 35 37 120
internal_value=-0.000171306 -0.00146479 -0.000679712 -0.00118085 -0.00623596 -0.00403846 0.00147059 -0.00311688 0.00391691 -0.00947368 -0.013913 0.00492114 0.00602041 0.0030137 0.0078169 0.0146053 -0.0141818 -0.00576923 -0.00105263 0.00823529 0 0.00285211 -0.000287081 0.00465116 -0.0016875 -0.00814815 -0.001875 -0.000144578 -0.00739726 0.00139942
internal_weight=1400 1064 970 939 177 155 101 76 336 94 68 316 293 218 141 75 54 77 56 50 762 283 208 128 479 80 79 414 72 342
internal_count=1400 1064 970 939 177 155 101 76 336 94 68 316 293 218 141 75 54 77 56 50 762 283 208 128 479 80 79 414 72 342
is_linear=0
shrinkage=0.03


Tree=196
num_leaves=31
num_cat=0
split_feature=24 14 4 8 28 8 7 4 20 2 25 10 9 9 20 29 19 18 23 10 10 23 29 13 24 23 8 5 18 16
split_gain=5.5391 12.0204 8.61133 5.96054 5.49663 8.8441 11.4902 7.12875 8.17306 5.79771 6.65031 6.0129 7.30528 6.60565 5.7611 12.5645 7.92391 6.90337 5.97416 8.90094 6.86435 6.96684 5.49913 9.0873 6.14857 8.87561 5.48956 8.75928 4.91889 4.68118
threshold=-0.96811077628253217 138.50000000000003 167.50000000000003 247.50000000000003 -0.79384350655589164 394.35714285714295 124.16666666666667 425.50000000000006 15.450000000000001 129.00000000000003 26.350000000000005 85.785000000000011 56.415000000000013 50.685000000000009 29.450000000000003 -0.80417042486635371 0.18222858652173771 23.550000000000004 15.850000000000003 357.80000000000007 284.11500000000007 23.250000000000004 -0.34234976856068178 23.500000000000004 0.9482875459472353 9.4500000000000011 460.07142857142861 429.00000000000006 13.750000000000002 159.50000000000003
decision_type=2 10 10 10 2 10 8 10 2 10 2 8 2 2 2 2 2 2 2 10 10 2 2 10 2 2 8 8 2 10
left_child=1 2 -1 -4 5 6 -2 9 26 10 28 -11 13 -13 15 16 -14 18 29 20 21 -20 -8 -24 25 -25 27 -9 -6 -17
right_child=4 -3 3 -5 7 -7 22 8 -10 11 -12 12 14 -15 -16 17 -18 -19 19 -21 -22 -23 23 24 -26 -27 -28 -29 -30 -31
leaf_value=-0.26381873644881282 0.019089148359105221 -0.21246104166809004 0.16922536639635752 -0.0066141504950979878 -0.010187278341500131 0.54032467264167194 0.07833575050850769 0.0018089444046017888 -0.18146652786719983 0.048695306479487215 0.0056780432000098097 -0.017197842002135245 0.013478468217697354 -0.31180879712518161 -0.22919922024068581 0.046400692520916775 0.05919469913656826 0.078698906842117958 -0.059372677350750677 -0.21525854459719654 0.017688397099873753 0.0096635705854542665 -0.25684663897494642 0.12265663261124586 0.063450450809342973 -0.041688776354456822 0.013941637728932504 -0.13008247271001494 -0.19910454585138096 0.00079081246864234347
leaf_weight=25 55 25 24 31 22 24 26 31 32 39 60 46 35 26 22 82 45 34 122 29 56 24 28 25 30 54 26 23 30 275
leaf_count=25 55 25 24 31 22 24 26 31 32 39 60 46 35 26 22 82 45 34 122 29 56 24 28 25 30 54 26 23 30 275
internal_value=8.52878e-05 -0.00650943 -0.000740741 0.00589286 0.00062212 0.00469136 0.00273973 -0.000311321 -0.00743363 0.000537975 -0.00584071 0.00139952 0.000828105 -0.00821918 0.00173793 0.00221906 0.0133333 0.000770465 0 -0.00375 -0.00147783 -0.00489796 -0.00128049 -0.00369565 0.000272727 -0.004125 -0.00222222 -0.00763636 -0.0135849 0.00243017
internal_weight=1406 105 80 55 1301 242 218 1059 112 947 112 835 796 72 724 702 80 622 588 231 202 146 163 137 109 79 80 54 52 357
internal_count=1406 105 80 55 1301 242 218 1059 112 947 112 835 796 72 724 702 80 622 588 231 202 146 163 137 109 79 80 54 52 357
is_linear=0
shrinkage=0.03


Tree=197
num_leaves=31
num_cat=0
split_feature=21 24 13 28 3 1 28 13 18 3 22 24 20 2 24 29 29 2 2 10 3 4 23 13 11 16 3 3 2 8
split_gain=6.28421 6.12229 7.01007 6.38059 8.2241 10.9245 5.74847 6.51806 4.99663 3.80319 14.653 6.97325 6.68116 7.12955 6.11371 6.68093 5.80244 5.6315 7.55433 9.50132 7.04697 7.95772 6.90529 6.87868 7.985 5.92146 7.07886 7.77419 5.33766 5.13794
threshold=42.050000000000004 -0.96811077628253217 65.500000000000014 -0.79384350655589164 383.50000000000006 332.50000000000006 -0.70291267844185523 1376.0000000000002 13.750000000000002 219.50000000000003 1.0500000000000003 0.86159635224327558 25.750000000000004 136.50000000000003 -0.16504132135358054 -0.91595872546125101 -0.21862536810265826 277.50000000000006 342.50000000000006 204.11000000000004 297.50000000000006 221.50000000000003 17.650000000000002 25.500000000000004 37.500000000000007 299.50000000000006 384.50000000000006 449.50000000000006 92.500000000000014 298.35714285714289
decision_type=2 2 10 2 10 10 2 10 2 8 2 2 2 10 2 2 2 10 10 10 8 10 2 10 2 8 8 10 10 10
left_child=1 2 -1 4 5 -3 8 9 -5 10 11 14 -12 28 15 -8 -13 20 19 -19 21 -11 -23 -21 -25 -20 -27 -28 -14 -26
right_child=-2 3 -4 6 -6 -7 7 -9 -10 17 12 16 13 -15 -16 -17 -18 18 25 23 -22 22 -24 24 29 26 27 -29 -30 -31
leaf_value=-0.00072811525212898684 -0.043473906569189466 0.017534826237626928 -0.11646131499308161 -0.0019593284270717957 0.40196206452311173 -0.061175512439580471 -0.043296189416690251 0.032341204081048715 -0.10223055260729295 -0.35781875631603893 -0.20549354958809271 -0.022611787760583011 0.063929298902829709 0.056487821725160002 0.14098380831826315 0.13952064810274178 0.03057455681265921 0.21353467484691635 -0.017123428585042573 -0.067195646967070102 -0.14544866286272451 0.11487970659958194 -0.014805188940985658 0.2691987883293393 -0.025510903001187159 -0.0039933408942209783 0.29607873375690785 -0.0090576466225793691 -0.10061140151849673 0.0042744389718706085
leaf_weight=69 32 173 40 32 31 34 23 20 21 37 56 35 21 26 56 26 50 58 109 30 52 54 43 27 26 82 46 34 20 55
leaf_count=69 32 173 40 32 31 34 23 20 21 37 56 35 21 26 56 26 50 58 109 30 52 54 43 27 26 82 46 34 20 55
internal_value=0.000211416 0.000519106 -0.00627273 0.00110329 0.00552301 0.00331731 8.65385e-05 0.000607903 -0.00944444 0.00024819 0.00296178 0.00816754 -0.00508065 0.00132353 0.0133019 0.0054 0.00174419 -0.00105505 0.000705128 0.00517766 -0.00545455 -0.00177778 0.0027551 0.000863309 0.00440367 -0.00253676 0.00110429 0.00740741 -0.00642857 -0.000365854
internal_weight=1418 1386 109 1277 238 207 1039 986 53 966 313 190 123 67 105 49 85 653 467 196 186 134 97 138 108 271 162 80 41 81
internal_count=1418 1386 109 1277 238 207 1039 986 53 966 313 190 123 67 105 49 85 653 467 196 186 134 97 138 108 271 162 80 41 81
is_linear=0
shrinkage=0.03


Tree=198
num_leaves=31
num_cat=0
split_feature=3 24 12 8 28 10 0 19 1 23 15 12 12 6 8 15 24 6 6 14 6 14 0 6 4 28 28 4 4 23
split_gain=7.57717 8.79032 6.7865 7.89146 6.07909 5.90324 8.75756 5.22261 5.16382 10.9377 6.68125 8.44946 5.40602 4.92367 5.65181 5.69788 5.67114 5.84467 6.91504 7.07251 6.87091 5.4081 5.02679 4.70113 5.99684 13.3113 6.06652 5.66744 5.01015 4.86809
threshold=218.50000000000003 -0.7933231318270072 44.500000000000007 225.42857142857147 0.75014288946266361 150.28500000000003 202.50000000000003 -0.061046214993534811 197.50000000000003 12.750000000000002 5.5000000000000009 14.500000000000002 6.5000000000000009 531.50000000000011 442.50000000000006 988.50000000000011 0.99353402350479769 408.50000000000006 292.50000000000006 13.500000000000002 423.50000000000006 90.500000000000014 352.50000000000006 396.50000000000006 337.50000000000006 0.55656748448714433 0.79383249484937135 358.50000000000006 283.50000000000006 11.250000000000002
decision_type=8 2 10 8 2 10 2 2 10 2 10 10 10 8 10 10 2 10 10 10 10 10 2 10 10 2 2 10 10 2
left_child=1 7 3 8 -4 -2 -7 -1 10 -10 -3 12 -12 14 16 -16 17 18 19 -8 -19 -18 -22 24 25 28 -27 29 -20 -26
right_child=5 2 4 -5 -6 6 13 -9 9 -11 11 -13 -14 -15 15 -17 21 20 23 -21 22 -23 -24 -25 27 26 -28 -29 -30 -31
leaf_value=-0.096530945088384501 0.00566128029816241 0.047293227137914895 -0.055844723672051941 0.15925736326677167 0.12090697922882838 -0.16848763432844832 0.12662575132058351 0.029680798213484252 -0.57515902559879761 0.008034108903857487 0.0017755326920251945 0.10854930376898408 -0.084649064692754766 -0.037688003752227812 -0.0054041323869103049 0.93153046296360964 -0.0012394783882177761 -0.1807236775128078 0.003077889956747697 -0.037403972129490058 0.0024756851754716533 0.17598903227722928 -0.12980745327885471 0.25580494484908539 -0.16210812540109656 -0.07918670294479227 0.025148704494095567 -0.0035416551861567314 0.25332623483315503 -0.0016810662108758833
leaf_weight=101 106 41 61 41 20 55 31 31 20 26 71 39 27 25 25 20 63 20 22 176 31 29 31 20 21 29 34 116 40 28
leaf_count=101 106 41 61 41 20 55 31 31 20 26 71 39 27 25 25 20 63 20 22 176 31 29 31 20 21 29 34 116 40 28
internal_value=-0.000556745 0.00250522 0.00501441 0.00733083 -0.00256098 -0.00214518 -0.00301102 -0.00406015 0.00506667 -0.00382979 0.0073743 0.00413043 -0.000606061 -0.00216535 -0.00170963 0.00847826 -0.00238439 -0.00345 -0.00225869 -0.00649038 -0.0108434 0.00451613 -0.00571429 0.000578778 -0.000412371 0.00452381 -0.00515625 -0.00415663 0.0142857 -0.0126
internal_weight=1400 478 346 265 81 922 816 132 224 46 178 137 98 761 736 45 691 599 517 207 82 92 62 310 290 125 63 165 62 49
internal_count=1400 478 346 265 81 922 816 132 224 46 178 137 98 761 736 45 691 599 517 207 82 92 62 310 290 125 63 165 62 49
is_linear=0
shrinkage=0.03


Tree=199
num_leaves=31
num_cat=0
split_feature=1 23 18 17 23 25 6 4 0 10 28 16 22 10 19 15 10 4 21 27 27 2 4 19 19 19 13 13 13 7
split_gain=9.91888 8.21913 9.41738 7.54104 7.75298 7.16118 11.2614 11.4246 6.68553 6.597 6.30427 5.77078 5.63927 8.87933 8.62932 9.94473 7.09934 6.42523 9.13071 6.7836 7.62346 7.90731 6.22286 5.57935 6.90831 8.53956 5.83378 5.81403 11.2351 7.42118
threshold=324.50000000000006 12.65 11.350000000000003 392.23500000000416 11.15 9.3500000000000032 373.50000000000006 327.50000000000006 403.50000000000006 283.03500000000003 0.74443451080969758 8644.5000000000018 1.0000000180025095e-35 159.60000000000002 -0.7603770116708749 21.500000000000004 209.38000000000002 126.50000000000001 35.45000000000001 1.0000000180025095e-35 2.9500000000000006 183.50000000000003 287.50000000000006 -0.95878322595067711 -0.88697705852364728 -0.7603770116708749 29.500000000000004 90.500000000000014 362.50000000000006 199.16666666666671
decision_type=10 2 2 10 2 2 10 10 2 10 2 10 2 8 2 10 10 10 2 2 2 10 10 2 2 2 10 10 10 10
left_child=12 3 -3 9 5 -5 7 -7 -8 -2 11 -4 23 17 22 -16 -17 -14 19 -19 -21 -22 -15 -1 -25 -26 -27 29 -29 -28
right_child=1 2 10 4 -6 6 8 -9 -10 -11 -12 -13 13 14 15 16 -18 18 -20 20 21 -23 -24 24 25 26 27 28 -30 -31
leaf_value=0.24979285163719339 0.0012077125684396605 0.13974998946402933 -0.11806719167075669 0.39152237802655915 0.23206296577703822 0.0042195633691250118 0.56351107026413949 -0.27313733501664555 -0.014686372214030711 -0.10124279463300383 -0.0052630410079308378 0.0037394906774682111 0.017100005174798837 -0.25935651560577594 0.059932786130850103 -0.50607712477317046 -0.0022891381031601554 0.10141069373131642 0.16332110892612006 -0.36322930279201882 -0.11385769324919252 0.046698270907177743 -0.055863501058630902 -0.22854078111409634 0.27161633710181432 0.0062875781217030637 -0.21373882481258433 0.096531580306599377 -0.019346882719609368 -0.0049932478344300079
leaf_weight=25 24 52 103 31 45 23 22 37 35 32 52 20 71 49 37 22 56 27 26 42 32 33 20 22 23 203 24 64 48 110
leaf_count=25 24 52 103 31 45 23 22 37 35 32 52 20 71 49 37 22 56 27 26 42 32 33 20 22 23 203 24 64 48 110
internal_value=-0.000127569 -0.0036478 -0.00776316 0.00012 0.00293814 -0.000402685 -0.00381356 -0.0127869 0.00568966 -0.00947368 -0.0110795 -0.0147581 0.00166845 -0.0009375 -0.00583784 -0.000775862 -0.00683544 0.00297414 -0.000372671 -0.00355556 -0.00694444 -0.000454545 -0.0141429 0.00375 0.0030303 0.0038055 0.00286667 -0.000242915 0.00477876 -0.00444444
internal_weight=1410 476 227 249 193 148 117 60 57 56 175 123 934 415 184 115 78 231 160 134 107 65 69 519 494 472 449 246 112 134
internal_count=1410 476 227 249 193 148 117 60 57 56 175 123 934 415 184 115 78 231 160 134 107 65 69 519 494 472 449 246 112 134
is_linear=0
shrinkage=0.03


Tree=200
num_leaves=31
num_cat=0
split_feature=8 23 19 23 6 15 13 21 2 7 11 17 29 10 9 6 10 1 23 23 17 13 13 5 0 6 10 11 10 11
split_gain=14.4621 7.28084 6.71441 9.8789 6.00618 5.50918 8.11418 4.96603 4.2627 6.12356 4.51716 4.48609 8.17134 4.64041 4.54417 4.16499 5.94746 4.14427 5.89292 6.56426 6.85833 4.0216 10.9661 7.62023 5.45585 5.64415 8.03538 5.4157 6.86493 10.1481
threshold=202.50000000000003 8.9500000000000011 -0.74892720285008296 17.550000000000004 90.500000000000014 127.50000000000001 91.500000000000014 26.650000000000002 463.50000000000006 470.33333333333343 1997.5000000000002 16507.460000000003 0.39629089145655322 95.870000000000019 54.955000000000005 191.50000000000003 125.35000000000001 199.50000000000003 13.15 15.050000000000002 34.810000000001772 12.500000000000002 17.500000000000004 232.50000000000003 194.50000000000003 269.50000000000006 299.36500000000007 23.500000000000004 273.91500000000002 134.50000000000003
decision_type=10 2 2 2 8 8 10 2 10 10 2 10 2 8 2 8 8 10 2 2 10 10 10 10 2 10 10 2 10 2
left_child=2 7 3 15 -4 17 -7 -2 10 -10 11 13 -13 -3 -15 16 -1 18 -6 -20 -21 23 -23 -16 -24 26 27 -26 29 -29
right_child=1 8 4 -5 5 6 -8 -9 9 -11 -12 12 -14 14 21 -17 -18 -19 19 20 -22 22 24 -25 25 -27 -28 28 -30 -31
leaf_value=0.045361430168533584 -0.0030425163654246032 0.19018684597176161 -0.035406760895920965 -0.17856055126596679 0.066160760853784945 -0.29459297972910803 0.046100859541706993 0.28955805384382471 -0.076672567918878082 -0.003842156449907179 -0.1295592426921138 0.14414324901347242 -0.0058569080563364651 -0.16362163264224647 0.034587094897008085 0.17412395525676344 -0.14704283081342454 0.0087708695503849292 -0.0059837873008927994 0.17544435899235039 0.0057491864553412594 -0.2436659332300263 0.045297322779962595 -0.0029524475428556228 -0.5314985622164784 -0.00047494795495993001 0.0020775406496343863 0.016819066280375806 -0.093275552689997876 -0.19024781704618532
leaf_weight=45 33 25 43 32 44 23 20 37 30 28 32 40 34 33 38 22 23 31 21 26 39 41 33 98 20 344 54 45 21 24
leaf_count=45 33 25 43 32 44 23 20 37 30 28 32 40 34 33 38 22 23 31 21 26 39 41 33 98 20 344 54 45 21 24
internal_value=0.000195652 -0.00166172 0.00527027 -0.000487805 0.00810484 0.0102439 0.000681818 0.00760563 -0.00235919 -0.0101695 -0.00183465 -0.00141011 0.0056 -0.00208494 -0.0025133 0.00461538 0.000869565 0.0127778 0.0151145 0.0103448 0.015 -0.00200278 -0.00308748 0.00262774 -0.00193727 -0.0027112 -0.00727273 -0.0118919 -0.00857143 -0.00385714
internal_weight=1379 1010 369 122 247 204 43 70 940 58 882 850 74 776 751 90 68 161 130 86 65 718 582 136 541 508 164 110 90 69
internal_count=1379 1010 369 122 247 204 43 70 940 58 882 850 74 776 751 90 68 161 130 86 65 718 582 136 541 508 164 110 90 69
is_linear=0
shrinkage=0.03


end of trees

feature_importances:
aqi_lag0=412
pm10_lag0=378
pm25_lag0=364
wind_speed_h=331
wind_speed_0=292
tmax_h=283
wind_nw_h=259
aqi_lag4=220
aqi_lag3=219
wind_nw_0=215
tmin_0=201
aqi_lag5=200
aqi_lag1=187
aqi_roll7=187
aqi_lag6=175
fire_lag2=175
aqi_lag2=173
aqi_roll3=161
doy_sin_h=159
tmax_0=158
fire_lag0=149
tmin_h=147
fire_7d=141
fire_lag1=129
doy_cos_h=129
precip_0=126
fire_lag3=121
frp_3d=116
fire_3d=97
precip_h=96

parameters:
[boosting: gbdt]
[objective: regression_l1]
[metric: l1]
[tree_learner: serial]
[device_type: cpu]
[data_sample_strategy: bagging]
[data: ]
[valid: ]
[num_iterations: 201]
[learning_rate: 0.03]
[num_leaves: 31]
[num_threads: 0]
[seed: 7]
[deterministic: 0]
[force_col_wise: 0]
[force_row_wise: 0]
[histogram_pool_size: -1]
[max_depth: -1]
[min_data_in_leaf: 20]
[min_sum_hessian_in_leaf: 0.001]
[bagging_fraction: 0.85]
[pos_bagging_fraction: 1]
[neg_bagging_fraction: 1]
[bagging_freq: 1]
[bagging_seed: 17422]
[bagging_by_query: 0]
[feature_fraction: 0.85]
[feature_fraction_bynode: 1]
[feature_fraction_seed: 7040]
[extra_trees: 0]
[extra_seed: 6516]
[early_stopping_round: 0]
[early_stopping_min_delta: 0]
[first_metric_only: 0]
[max_delta_step: 0]
[lambda_l1: 0]
[lambda_l2: 1]
[linear_lambda: 0]
[min_gain_to_split: 0]
[drop_rate: 0.1]
[max_drop: 50]
[skip_drop: 0.5]
[xgboost_dart_mode: 0]
[uniform_drop: 0]
[drop_seed: 15215]
[top_rate: 0.2]
[other_rate: 0.1]
[min_data_per_group: 100]
[max_cat_threshold: 32]
[cat_l2: 10]
[cat_smooth: 10]
[max_cat_to_onehot: 4]
[top_k: 20]
[monotone_constraints: ]
[monotone_constraints_method: basic]
[monotone_penalty: 0]
[feature_contri: ]
[forcedsplits_filename: ]
[refit_decay_rate: 0.9]
[cegb_tradeoff: 1]
[cegb_penalty_split: 0]
[cegb_penalty_feature_lazy: ]
[cegb_penalty_feature_coupled: ]
[path_smooth: 0]
[interaction_constraints: ]
[verbosity: -1]
[saved_feature_importance_type: 0]
[use_quantized_grad: 0]
[num_grad_quant_bins: 4]
[quant_train_renew_leaf: 0]
[stochastic_rounding: 1]
[linear_tree: 0]
[max_bin: 255]
[max_bin_by_feature: ]
[min_data_in_bin: 3]
[bin_construct_sample_cnt: 200000]
[data_random_seed: 61]
[is_enable_sparse: 1]
[enable_bundle: 1]
[use_missing: 1]
[zero_as_missing: 0]
[feature_pre_filter: 1]
[pre_partition: 0]
[two_round: 0]
[header: 0]
[label_column: ]
[weight_column: ]
[group_column: ]
[ignore_column: ]
[categorical_feature: ]
[forcedbins_filename: ]
[precise_float_parser: 0]
[parser_config_file: ]
[objective_seed: 15521]
[num_class: 1]
[is_unbalance: 0]
[scale_pos_weight: 1]
[sigmoid: 1]
[boost_from_average: 1]
[reg_sqrt: 0]
[alpha: 0.9]
[fair_c: 1]
[poisson_max_delta_step: 0.7]
[tweedie_variance_power: 1.5]
[lambdarank_truncation_level: 30]
[lambdarank_norm: 1]
[label_gain: ]
[lambdarank_position_bias_regularization: 0]
[eval_at: ]
[multi_error_top_k: 1]
[auc_mu_weights: ]
[num_machines: 1]
[local_listen_port: 12400]
[time_out: 120]
[machine_list_filename: ]
[machines: ]
[gpu_platform_id: -1]
[gpu_device_id: -1]
[gpu_device_id_list: ]
[gpu_use_dp: 0]
[num_gpu: 1]

end of parameters

pandas_categorical:[]
